topology,algo,run,phase,switch,init_assigned_controller,assigned_controller,is_migrated,init_path,final_path,init_solver_prop_ms,init_solver_total_rt_ms,init_real_queue_ms,init_switch_load,init_scaled_switch_load,solver_prop_ms,solver_queue_ms,solver_total_rt_ms,real_queue_ms,delta_rt_if_migrated,cc_transfer_ms,steiner_ms,load_scale_alpha,scaled_switch_load,alpha,beta,link_sens,k_paths,load_sens,controller_sens
CrlNetworkServices,SM,0,B1,1,1,1,0,1,,0.0,28.959909,0.0,204,204,0.0,1.280738,28.959909,1.280738,0.0,0.0,0.0,0,204.0,0.5,0.5,0.0,5,0.0,0.0
CrlNetworkServices,SM,0,B1,2,2,2,0,2,,0.0,28.940524,0.0,192,192,0.0,17.921147,45.600318,17.921147,0.0,0.0,0.0,0,192.0,0.5,0.5,0.0,5,0.0,0.0
CrlNetworkServices,SM,0,B1,3,3,3,0,3,,0.0,33.936994,0.0,221,221,0.0,40.322581,68.001752,40.322581,0.0,0.0,0.0,0,221,0.5,0.5,0.0,5,0.0,0.0
CrlNetworkServices,SM,0,B1,4,4,4,0,4,,0.0,inf,0.0,209,209,0.0,21.551724,49.230896,21.551724,0.0,0.0,0.0,0,209,0.5,0.5,0.0,5,0.0,0.0
CrlNetworkServices,SM,0,B1,5,5,5,0,5,,0.0,inf,0.0,189,189,0.0,9.363296,37.042467,9.363296,0.0,0.0,0.0,0,189,0.5,0.5,0.0,5,0.0,0.0
CrlNetworkServices,SM,0,B1,6,6,6,0,6,,0.0,inf,0.0,185,185,0.0,128.205128,155.8843,128.205128,0.0,0.0,0.0,0,185,0.5,0.5,0.0,5,0.0,0.0
CrlNetworkServices,SM,0,B1,7,7,2,1,7,,0.0,inf,0.0,213,213,9.448297,17.921147,55.048615,17.921147,0.0,0.0,0.0,0,213.0,0.5,0.5,0.0,5,0.0,0.0
CrlNetworkServices,SM,0,B1,8,7,7,0,8->7,,2.927897,inf,0.0,168,168,2.927897,1250.0,1280.607068,1250.0,0.0,0.0,0.0,0,168,0.5,0.5,0.0,5,0.0,0.0
CrlNetworkServices,SM,0,B1,9,7,7,0,9->7,,11.613081,inf,0.0,152,152,11.613081,1250.0,1289.292252,1250.0,0.0,0.0,0.0,0,152,0.5,0.5,0.0,5,0.0,0.0
CrlNetworkServices,SM,0,B1,10,7,7,0,10->9->7,,17.334046,inf,0.0,165,165,17.334046,1250.0,1295.013218,1250.0,0.0,0.0,0.0,0,165,0.5,0.5,0.0,5,0.0,0.0
CrlNetworkServices,SM,0,B1,11,7,7,0,11->14->7,,12.697715,inf,0.0,162,162,12.697715,1250.0,1290.376887,1250.0,0.0,0.0,0.0,0,162,0.5,0.5,0.0,5,0.0,0.0
CrlNetworkServices,SM,0,B1,12,7,2,1,12->11->14->7,,21.637615,inf,0.0,155,155,31.085912,17.921147,76.68623,17.921147,0.0,0.0,0.0,0,155,0.5,0.5,0.0,5,0.0,0.0
CrlNetworkServices,SM,0,B1,13,6,6,0,13->9->7->6,,21.92336,inf,0.0,217,217,21.92336,128.205128,177.80766,128.205128,0.0,0.0,0.0,0,217,0.5,0.5,0.0,5,0.0,0.0
CrlNetworkServices,SM,0,B1,14,7,2,1,14->7,,8.816157,inf,0.0,163,163,18.264454,17.921147,63.864773,17.921147,0.0,0.0,0.0,0,163,0.5,0.5,0.0,5,0.0,0.0
CrlNetworkServices,SM,0,B1,15,6,6,0,15->19->10->9->7->6,,27.763235,inf,0.0,175,175,23.768954,128.205128,179.653254,128.205128,0.0,0.0,0.0,0,175,0.5,0.5,0.0,5,0.0,0.0
CrlNetworkServices,SM,0,B1,16,6,6,0,16->17->18->19->10->9->7->6,,28.012873,inf,0.0,197,197,28.012873,128.205128,183.897173,128.205128,0.0,0.0,0.0,0,197,0.5,0.5,0.0,5,0.0,0.0
CrlNetworkServices,SM,0,B1,17,6,6,0,17->18->19->10->9->7->6,,26.715269,inf,0.0,203,203,26.715269,128.205128,182.599569,128.205128,0.0,0.0,0.0,0,203,0.5,0.5,0.0,5,0.0,0.0
CrlNetworkServices,SM,0,B1,18,6,7,1,18->19->10->9->7->6,,25.270715,inf,0.0,190,190,21.651509,1250.0,1299.330681,1250.0,0.0,0.0,0.0,0,190,0.5,0.5,0.0,5,0.0,0.0
CrlNetworkServices,SM,0,B1,19,5,5,0,19->10->9->7->8->5,,25.190308,inf,0.0,176,176,25.190308,9.363296,62.232775,9.363296,0.0,0.0,0.0,0,176,0.5,0.5,0.0,5,0.0,0.0
CrlNetworkServices,SM,0,B1,20,5,7,1,20->14->7->8->5,,17.110572,inf,0.0,147,147,12.999735,1250.0,1290.678907,1250.0,0.0,0.0,0.0,0,147.0,0.5,0.5,0.0,5,0.0,0.0
CrlNetworkServices,SM,0,B1,21,5,5,0,21->20->14->7->8->5,,20.956698,inf,0.0,170,170,20.956698,9.363296,57.999165,9.363296,0.0,0.0,0.0,0,170.0,0.5,0.5,0.0,5,0.0,0.0
CrlNetworkServices,SM,0,B1,22,5,5,0,22->21->20->14->7->8->5,,22.408833,inf,0.0,152,152,22.408833,9.363296,59.451301,9.363296,0.0,0.0,0.0,0,152,0.5,0.5,0.0,5,0.0,0.0
CrlNetworkServices,SM,0,B1,23,5,5,0,23->22->21->20->14->7->8->5,,31.27586,inf,0.0,191,191,31.27586,9.363296,68.318328,9.363296,0.0,0.0,0.0,0,191,0.5,0.5,0.0,5,0.0,0.0
CrlNetworkServices,SM,0,B1,24,5,2,1,24->33->32->28->27->26->20->14->7->8->5,,56.720916,inf,0.0,206,206,16.86474,17.921147,62.465058,17.921147,0.0,0.0,0.0,0,206,0.5,0.5,0.0,5,0.0,0.0
CrlNetworkServices,SM,0,B1,25,4,4,0,25->3->4,,1.816433,inf,0.0,162,162,1.816433,21.551724,51.047329,21.551724,0.0,0.0,0.0,0,162,0.5,0.5,0.0,5,0.0,0.0
CrlNetworkServices,SM,0,B1,26,4,3,1,26->20->14->7->2->1->4,,60.534702,inf,0.0,135,135,16.959936,40.322581,84.961689,40.322581,0.0,0.0,0.0,0,135,0.5,0.5,0.0,5,0.0,0.0
CrlNetworkServices,SM,0,B1,27,4,4,0,27->28->32->33->24->25->3->4,,16.058189,inf,0.0,133,133,16.058189,21.551724,65.289085,21.551724,0.0,0.0,0.0,0,133,0.5,0.5,0.0,5,0.0,0.0
CrlNetworkServices,SM,0,B1,28,4,4,0,28->32->33->24->25->3->4,,8.190841,inf,0.0,208,208,8.190841,21.551724,57.421736,21.551724,0.0,0.0,0.0,0,208,0.5,0.5,0.0,5,0.0,0.0
CrlNetworkServices,SM,0,B1,29,4,4,0,29->28->32->33->24->25->3->4,,9.266402,inf,0.0,228,228,9.266402,21.551724,58.497297,21.551724,0.0,0.0,0.0,0,228,0.5,0.5,0.0,5,0.0,0.0
CrlNetworkServices,SM,0,B1,30,3,3,0,30->29->28->32->33->24->25->3,,8.552987,42.48998,0.0,173,173,8.552987,40.322581,76.554739,40.322581,0.0,0.0,0.0,0,173,0.5,0.5,0.0,5,0.0,0.0
CrlNetworkServices,SM,0,B1,31,3,3,0,31->33->24->25->3,,48.866149,82.803143,0.0,159,159,48.866149,40.322581,116.867901,40.322581,0.0,0.0,0.0,0,159,0.5,0.5,0.0,5,0.0,0.0
CrlNetworkServices,SM,0,B1,32,3,3,0,32->33->24->25->3,,6.219754,40.156747,0.0,172,172,6.219754,40.322581,74.221506,40.322581,0.0,0.0,0.0,0,172,0.5,0.5,0.0,5,0.0,0.0
CrlNetworkServices,SM,0,B1,33,3,3,0,33->24->25->3,,5.978415,39.915409,0.0,184,184,5.978415,40.322581,73.980167,40.322581,0.0,0.0,0.0,0,184,0.5,0.5,0.0,5,0.0,0.0
CrlNetworkServices,SM,0,B3,1,1,1,0,1,1,0.0,28.959909,0.0,204,204,0.0,4.314064,31.993235,4.314064,0.0,0.0,0.0,0,204.0,0.5,0.5,0.0,5,0.0,0.0
CrlNetworkServices,SM,0,B3,2,2,2,0,2,2,0.0,28.940524,0.0,192,192,0.0,inf,inf,inf,0.0,0.0,0.0,0,192.0,0.5,0.5,0.0,5,0.0,0.0
CrlNetworkServices,SM,0,B3,3,3,3,0,3,3,0.0,33.936994,0.0,221,221,0.0,3.136763,30.815934,3.136763,0.0,0.0,0.0,0,221,0.5,0.5,0.0,5,0.0,0.0
CrlNetworkServices,SM,0,B3,4,4,4,0,4,4,0.0,inf,0.0,209,209,0.0,7.173601,34.852773,7.173601,0.0,0.0,0.0,0,209,0.5,0.5,0.0,5,0.0,0.0
CrlNetworkServices,SM,0,B3,5,5,5,0,5,5,0.0,inf,0.0,189,189,0.0,6.6313,34.310471,6.6313,0.0,0.0,0.0,0,189,0.5,0.5,0.0,5,0.0,0.0
CrlNetworkServices,SM,0,B3,6,6,6,0,6,6,0.0,inf,0.0,185,185,0.0,4.766444,32.445616,4.766444,0.0,0.0,0.0,0,185,0.5,0.5,0.0,5,0.0,0.0
CrlNetworkServices,SM,0,B3,7,7,7,0,7,7,0.0,inf,0.0,213,213,0.0,7.70416,35.383332,7.70416,0.0,0.0,0.0,0,213.0,0.5,0.5,0.0,5,0.0,0.0
CrlNetworkServices,SM,0,B3,8,7,1,1,8->7,8->7->2->1,2.927897,inf,0.0,168,168,17.689035,4.314064,49.682271,4.314064,0.0,0.0,0.0,0,168,0.5,0.5,0.0,5,0.0,0.0
CrlNetworkServices,SM,0,B3,9,7,7,0,9->7,9->7,11.613081,inf,0.0,152,152,11.613081,7.70416,46.996413,7.70416,0.0,0.0,0.0,0,152,0.5,0.5,0.0,5,0.0,0.0
CrlNetworkServices,SM,0,B3,10,7,7,0,10->9->7,10->9->7,17.334046,inf,0.0,165,165,17.334046,7.70416,52.717378,7.70416,0.0,0.0,0.0,0,165,0.5,0.5,0.0,5,0.0,0.0
CrlNetworkServices,SM,0,B3,11,7,7,0,11->14->7,11->14->7,12.697715,inf,0.0,162,162,12.697715,7.70416,48.081047,7.70416,0.0,0.0,0.0,0,162,0.5,0.5,0.0,5,0.0,0.0
CrlNetworkServices,SM,0,B3,12,7,2,1,12->11->14->7,12->11->14->7->2,21.637615,inf,0.0,155,155,31.085912,inf,inf,inf,0.0,0.0,0.0,0,155,0.5,0.5,0.0,5,0.0,0.0
CrlNetworkServices,SM,0,B3,13,6,2,1,13->9->7->6,13->9->7->2,21.92336,inf,0.0,217,217,27.752451,inf,inf,inf,0.0,0.0,0.0,0,217,0.5,0.5,0.0,5,0.0,0.0
CrlNetworkServices,SM,0,B3,14,7,7,0,14->7,14->7,8.816157,inf,0.0,163,163,8.816157,7.70416,44.199489,7.70416,0.0,0.0,0.0,0,163,0.5,0.5,0.0,5,0.0,0.0
CrlNetworkServices,SM,0,B3,15,6,1,1,15->19->10->9->7->6,15->22->21->20->14->7->2->1,27.763235,inf,0.0,175,175,34.910887,4.314064,66.904122,4.314064,0.0,0.0,0.0,0,175,0.5,0.5,0.0,5,0.0,0.0
CrlNetworkServices,SM,0,B3,16,6,6,0,16->17->18->19->10->9->7->6,16->17->18->19->10->9->7->6,28.012873,inf,0.0,197,197,28.012873,4.766444,60.458489,4.766444,0.0,0.0,0.0,0,197,0.5,0.5,0.0,5,0.0,0.0
CrlNetworkServices,SM,0,B3,17,6,6,0,17->18->19->10->9->7->6,17->18->19->10->9->7->6,26.715269,inf,0.0,203,203,26.715269,4.766444,59.160885,4.766444,0.0,0.0,0.0,0,203,0.5,0.5,0.0,5,0.0,0.0
CrlNetworkServices,SM,0,B3,18,6,6,0,18->19->10->9->7->6,18->19->10->9->7->6,25.270715,inf,0.0,190,190,25.270715,4.766444,57.71633,4.766444,0.0,0.0,0.0,0,190,0.5,0.5,0.0,5,0.0,0.0
CrlNetworkServices,SM,0,B3,19,5,5,0,19->10->9->7->8->5,19->10->9->7->8->5,25.190308,inf,0.0,176,176,25.190308,6.6313,59.500779,6.6313,0.0,0.0,0.0,0,176,0.5,0.5,0.0,5,0.0,0.0
CrlNetworkServices,SM,0,B3,20,5,5,0,20->14->7->8->5,20->14->7->8->5,17.110572,inf,0.0,147,147,17.110572,6.6313,51.421043,6.6313,0.0,0.0,0.0,0,147.0,0.5,0.5,0.0,5,0.0,0.0
CrlNetworkServices,SM,0,B3,21,5,5,0,21->20->14->7->8->5,21->20->14->7->8->5,20.956698,inf,0.0,170,170,20.956698,6.6313,55.267169,6.6313,0.0,0.0,0.0,0,170.0,0.5,0.5,0.0,5,0.0,0.0
CrlNetworkServices,SM,0,B3,22,5,5,0,22->21->20->14->7->8->5,22->21->20->14->7->8->5,22.408833,inf,0.0,152,152,22.408833,6.6313,56.719304,6.6313,0.0,0.0,0.0,0,152,0.5,0.5,0.0,5,0.0,0.0
CrlNetworkServices,SM,0,B3,23,5,2,1,23->22->21->20->14->7->8->5,23->22->21->20->14->7->2,31.27586,inf,0.0,191,191,36.61332,inf,inf,inf,0.0,0.0,0.0,0,191,0.5,0.5,0.0,5,0.0,0.0
CrlNetworkServices,SM,0,B3,24,5,1,1,24->33->32->28->27->26->20->14->7->8->5,24->25->3->4->1,56.720916,inf,0.0,206,206,11.551898,4.314064,43.545133,4.314064,0.0,0.0,0.0,0,206,0.5,0.5,0.0,5,0.0,0.0
CrlNetworkServices,SM,0,B3,25,4,4,0,25->3->4,25->3->4,1.816433,inf,0.0,162,162,1.816433,7.173601,36.669206,7.173601,0.0,0.0,0.0,0,162,0.5,0.5,0.0,5,0.0,0.0
CrlNetworkServices,SM,0,B3,26,4,4,0,26->20->14->7->2->1->4,26->27->28->32->33->24->25->3->4,60.534702,inf,0.0,135,135,18.388414,7.173601,53.241186,7.173601,0.0,0.0,0.0,0,135,0.5,0.5,0.0,5,0.0,0.0
CrlNetworkServices,SM,0,B3,27,4,4,0,27->28->32->33->24->25->3->4,27->28->32->33->24->25->3->4,16.058189,inf,0.0,133,133,16.058189,7.173601,50.910962,7.173601,0.0,0.0,0.0,0,133,0.5,0.5,0.0,5,0.0,0.0
CrlNetworkServices,SM,0,B3,28,4,4,0,28->32->33->24->25->3->4,28->32->33->24->25->3->4,8.190841,inf,0.0,208,208,8.190841,7.173601,43.043613,7.173601,0.0,0.0,0.0,0,208,0.5,0.5,0.0,5,0.0,0.0
CrlNetworkServices,SM,0,B3,29,4,2,1,29->28->32->33->24->25->3->4,29->28->32->33->24->25->3->4->1->2,9.266402,inf,0.0,228,228,19.393884,inf,inf,inf,0.0,0.0,0.0,0,228,0.5,0.5,0.0,5,0.0,0.0
CrlNetworkServices,SM,0,B3,30,3,3,0,30->29->28->32->33->24->25->3,30->29->28->32->33->24->25->3,8.552987,42.48998,0.0,173,173,8.552987,3.136763,39.368921,3.136763,0.0,0.0,0.0,0,173,0.5,0.5,0.0,5,0.0,0.0
CrlNetworkServices,SM,0,B3,31,3,2,1,31->33->24->25->3,31->33->24->25->3->4->1->2,48.866149,82.803143,0.0,159,159,60.422109,inf,inf,inf,inf,0.0,0.0,0,159,0.5,0.5,0.0,5,0.0,0.0
CrlNetworkServices,SM,0,B3,32,3,3,0,32->33->24->25->3,32->33->24->25->3,6.219754,40.156747,0.0,172,172,6.219754,3.136763,37.035688,3.136763,0.0,0.0,0.0,0,172,0.5,0.5,0.0,5,0.0,0.0
CrlNetworkServices,SM,0,B3,33,3,3,0,33->24->25->3,33->24->25->3,5.978415,39.915409,0.0,184,184,5.978415,3.136763,36.79435,3.136763,0.0,0.0,0.0,0,184,0.5,0.5,0.0,5,0.0,0.0
CrlNetworkServices,SM,1,B1,1,1,1,0,1,,0.0,28.857305,0.0,172,172,0.0,1.418842,29.098014,1.418842,0.0,0.0,0.0,0,172.0,0.5,0.5,0.0,5,0.0,0.0
CrlNetworkServices,SM,1,B1,2,2,2,0,2,,0.0,29.041198,0.0,221,221,0.0,4.520796,32.199967,4.520796,0.0,0.0,0.0,0,221.0,0.5,0.5,0.0,5,0.0,0.0
CrlNetworkServices,SM,1,B1,3,3,3,0,3,,0.0,32.802122,0.0,124,124,0.0,27.624309,55.303481,27.624309,0.0,0.0,0.0,0,124,0.5,0.5,0.0,5,0.0,0.0
CrlNetworkServices,SM,1,B1,4,4,4,0,4,,0.0,inf,0.0,178,178,0.0,15.673981,43.353153,15.673981,0.0,0.0,0.0,0,178,0.5,0.5,0.0,5,0.0,0.0
CrlNetworkServices,SM,1,B1,5,5,5,0,5,,0.0,inf,0.0,153,153,0.0,263.157895,290.837066,263.157895,0.0,0.0,0.0,0,153,0.5,0.5,0.0,5,0.0,0.0
CrlNetworkServices,SM,1,B1,6,6,6,0,6,,0.0,inf,0.0,232,232,0.0,81.967213,109.646385,81.967213,0.0,0.0,0.0,0,232,0.5,0.5,0.0,5,0.0,0.0
CrlNetworkServices,SM,1,B1,7,7,7,0,7,,0.0,inf,0.0,145,145,0.0,5000.0,5027.679172,5000.0,0.0,0.0,0.0,0,145.0,0.5,0.5,0.0,5,0.0,0.0
CrlNetworkServices,SM,1,B1,8,7,2,1,8->7,,2.927897,inf,0.0,176,176,12.376193,4.520796,44.576161,4.520796,0.0,0.0,0.0,0,176,0.5,0.5,0.0,5,0.0,0.0
CrlNetworkServices,SM,1,B1,9,7,7,0,9->7,,11.613081,inf,0.0,158,158,11.613081,5000.0,5039.292252,5000.0,0.0,0.0,0.0,0,158,0.5,0.5,0.0,5,0.0,0.0
CrlNetworkServices,SM,1,B1,10,7,7,0,10->9->7,,17.334046,inf,0.0,182,182,17.334046,5000.0,5045.013218,5000.0,0.0,0.0,0.0,0,182,0.5,0.5,0.0,5,0.0,0.0
CrlNetworkServices,SM,1,B1,11,7,7,0,11->14->7,,12.697715,inf,0.0,188,188,12.697715,5000.0,5040.376887,5000.0,0.0,0.0,0.0,0,188,0.5,0.5,0.0,5,0.0,0.0
CrlNetworkServices,SM,1,B1,12,7,2,1,12->11->14->7,,21.637615,inf,0.0,166,166,31.085912,4.520796,63.285879,4.520796,0.0,0.0,0.0,0,166,0.5,0.5,0.0,5,0.0,0.0
CrlNetworkServices,SM,1,B1,13,7,7,0,13->9->7,,18.304154,inf,0.0,146,146,18.304154,5000.0,5045.983326,5000.0,0.0,0.0,0.0,0,146,0.5,0.5,0.0,5,0.0,0.0
CrlNetworkServices,SM,1,B1,14,6,6,0,14->7->6,,12.435363,inf,0.0,130,130,12.435363,81.967213,122.081748,81.967213,0.0,0.0,0.0,0,130,0.5,0.5,0.0,5,0.0,0.0
CrlNetworkServices,SM,1,B1,15,6,2,1,15->19->10->9->7->6,,27.763235,inf,0.0,171,171,29.598045,4.520796,61.798012,4.520796,0.0,0.0,0.0,0,171,0.5,0.5,0.0,5,0.0,0.0
CrlNetworkServices,SM,1,B1,16,6,6,0,16->17->18->19->10->9->7->6,,28.012873,inf,0.0,179,179,28.012873,81.967213,137.659258,81.967213,0.0,0.0,0.0,0,179,0.5,0.5,0.0,5,0.0,0.0
CrlNetworkServices,SM,1,B1,17,6,6,0,17->18->19->10->9->7->6,,26.715269,inf,0.0,196,196,26.715269,81.967213,136.361654,81.967213,0.0,0.0,0.0,0,196,0.5,0.5,0.0,5,0.0,0.0
CrlNetworkServices,SM,1,B1,18,6,6,0,18->19->10->9->7->6,,25.270715,inf,0.0,206,206,25.270715,81.967213,134.917099,81.967213,0.0,0.0,0.0,0,206,0.5,0.5,0.0,5,0.0,0.0
CrlNetworkServices,SM,1,B1,19,5,7,1,19->10->9->7->8->5,,25.190308,inf,0.0,136,136,21.079471,5000.0,5048.758642,5000.0,0.0,0.0,0.0,0,136,0.5,0.5,0.0,5,0.0,0.0
CrlNetworkServices,SM,1,B1,20,5,5,0,20->14->7->8->5,,17.110572,inf,0.0,90,90,17.110572,263.157895,307.947638,263.157895,0.0,0.0,0.0,0,90.0,0.5,0.5,0.0,5,0.0,0.0
CrlNetworkServices,SM,1,B1,21,5,5,0,21->20->14->7->8->5,,20.956698,inf,0.0,198,198,20.956698,263.157895,311.793764,263.157895,0.0,0.0,0.0,0,198.0,0.5,0.5,0.0,5,0.0,0.0
CrlNetworkServices,SM,1,B1,22,5,5,0,22->21->20->14->7->8->5,,22.408833,inf,0.0,153,153,22.408833,263.157895,313.245899,263.157895,0.0,0.0,0.0,0,153,0.5,0.5,0.0,5,0.0,0.0
CrlNetworkServices,SM,1,B1,23,5,5,0,23->22->21->20->14->7->8->5,,31.27586,inf,0.0,171,171,31.27586,263.157895,322.112927,263.157895,0.0,0.0,0.0,0,171,0.5,0.5,0.0,5,0.0,0.0
CrlNetworkServices,SM,1,B1,24,5,5,0,24->25->3->4->1->2->7->8->5,,30.423873,inf,0.0,188,188,30.423873,263.157895,321.260939,263.157895,0.0,0.0,0.0,0,188,0.5,0.5,0.0,5,0.0,0.0
CrlNetworkServices,SM,1,B1,25,4,3,1,25->3->4,,1.816433,inf,0.0,159,159,0.387956,27.624309,55.691437,27.624309,0.0,0.0,0.0,0,159,0.5,0.5,0.0,5,0.0,0.0
CrlNetworkServices,SM,1,B1,26,4,4,0,26->27->28->32->33->24->25->3->4,,18.388414,inf,0.0,194,194,18.388414,15.673981,61.741566,15.673981,0.0,0.0,0.0,0,194,0.5,0.5,0.0,5,0.0,0.0
CrlNetworkServices,SM,1,B1,27,4,4,0,27->28->32->33->24->25->3->4,,16.058189,inf,0.0,224,224,16.058189,15.673981,59.411342,15.673981,0.0,0.0,0.0,0,224,0.5,0.5,0.0,5,0.0,0.0
CrlNetworkServices,SM,1,B1,28,4,4,0,28->32->33->24->25->3->4,,8.190841,inf,0.0,185,185,8.190841,15.673981,51.543994,15.673981,0.0,0.0,0.0,0,185,0.5,0.5,0.0,5,0.0,0.0
CrlNetworkServices,SM,1,B1,29,4,4,0,29->28->32->33->24->25->3->4,,9.266402,inf,0.0,176,176,9.266402,15.673981,52.619554,15.673981,0.0,0.0,0.0,0,176,0.5,0.5,0.0,5,0.0,0.0
CrlNetworkServices,SM,1,B1,30,3,3,0,30->29->28->32->33->24->25->3,,8.552987,41.355109,0.0,250,250,8.552987,27.624309,63.856468,27.624309,0.0,0.0,0.0,0,250,0.5,0.5,0.0,5,0.0,0.0
CrlNetworkServices,SM,1,B1,31,3,3,0,31->33->24->25->3,,48.866149,81.668271,0.0,207,207,48.866149,27.624309,104.16963,27.624309,0.0,0.0,0.0,0,207,0.5,0.5,0.0,5,0.0,0.0
CrlNetworkServices,SM,1,B1,32,3,3,0,32->33->24->25->3,,6.219754,39.021876,0.0,179,179,6.219754,27.624309,61.523235,27.624309,0.0,0.0,0.0,0,179,0.5,0.5,0.0,5,0.0,0.0
CrlNetworkServices,SM,1,B1,33,4,1,1,33->24->25->3->4,,7.406893,inf,0.0,144,144,12.221533,1.418842,41.319547,1.418842,0.0,0.0,0.0,0,144,0.5,0.5,0.0,5,0.0,0.0
CrlNetworkServices,SM,1,B3,1,1,1,0,1,1,0.0,28.857305,0.0,172,172,0.0,18.248175,45.927347,18.248175,0.0,0.0,0.0,0,172.0,0.5,0.5,0.0,5,0.0,0.0
CrlNetworkServices,SM,1,B3,2,2,2,0,2,2,0.0,29.041198,0.0,221,221,0.0,6.934813,34.613984,6.934813,0.0,0.0,0.0,0,221.0,0.5,0.5,0.0,5,0.0,0.0
CrlNetworkServices,SM,1,B3,3,3,3,0,3,3,0.0,32.802122,0.0,124,124,0.0,5.122951,32.802122,5.122951,0.0,0.0,0.0,0,124,0.5,0.5,0.0,5,0.0,0.0
CrlNetworkServices,SM,1,B3,4,4,4,0,4,4,0.0,inf,0.0,178,178,0.0,5.592841,33.272013,5.592841,0.0,0.0,0.0,0,178,0.5,0.5,0.0,5,0.0,0.0
CrlNetworkServices,SM,1,B3,5,5,5,0,5,5,0.0,inf,0.0,153,153,0.0,6.418485,34.097657,6.418485,0.0,0.0,0.0,0,153,0.5,0.5,0.0,5,0.0,0.0
CrlNetworkServices,SM,1,B3,6,6,6,0,6,6,0.0,inf,0.0,232,232,0.0,5.643341,33.322512,5.643341,0.0,0.0,0.0,0,232,0.5,0.5,0.0,5,0.0,0.0
CrlNetworkServices,SM,1,B3,7,7,7,0,7,7,0.0,inf,0.0,145,145,0.0,7.342144,35.021315,7.342144,0.0,0.0,0.0,0,145.0,0.5,0.5,0.0,5,0.0,0.0
CrlNetworkServices,SM,1,B3,8,7,2,1,8->7,8->7->2,2.927897,inf,0.0,176,176,12.376193,6.934813,46.990178,6.934813,0.0,0.0,0.0,0,176,0.5,0.5,0.0,5,0.0,0.0
CrlNetworkServices,SM,1,B3,9,7,7,0,9->7,9->7,11.613081,inf,0.0,158,158,11.613081,7.342144,46.634396,7.342144,0.0,0.0,0.0,0,158,0.5,0.5,0.0,5,0.0,0.0
CrlNetworkServices,SM,1,B3,10,7,7,0,10->9->7,10->9->7,17.334046,inf,0.0,182,182,17.334046,7.342144,52.355362,7.342144,0.0,0.0,0.0,0,182,0.5,0.5,0.0,5,0.0,0.0
CrlNetworkServices,SM,1,B3,11,7,7,0,11->14->7,11->14->7,12.697715,inf,0.0,188,188,12.697715,7.342144,47.719031,7.342144,0.0,0.0,0.0,0,188,0.5,0.5,0.0,5,0.0,0.0
CrlNetworkServices,SM,1,B3,12,7,1,1,12->11->14->7,12->33->24->25->3->4->1,21.637615,inf,0.0,166,166,27.507225,18.248175,73.434572,18.248175,0.0,0.0,0.0,0,166,0.5,0.5,0.0,5,0.0,0.0
CrlNetworkServices,SM,1,B3,13,7,7,0,13->9->7,13->9->7,18.304154,inf,0.0,146,146,18.304154,7.342144,53.32547,7.342144,0.0,0.0,0.0,0,146,0.5,0.5,0.0,5,0.0,0.0
CrlNetworkServices,SM,1,B3,14,6,2,1,14->7->6,14->7->2,12.435363,inf,0.0,130,130,18.264454,6.934813,52.878439,6.934813,0.0,0.0,0.0,0,130,0.5,0.5,0.0,5,0.0,0.0
CrlNetworkServices,SM,1,B3,15,6,6,0,15->19->10->9->7->6,15->22->21->20->14->7->6,27.763235,inf,0.0,171,171,23.768954,5.643341,57.091466,5.643341,0.0,0.0,0.0,0,171,0.5,0.5,0.0,5,0.0,0.0
CrlNetworkServices,SM,1,B3,16,6,6,0,16->17->18->19->10->9->7->6,16->17->18->19->10->9->7->6,28.012873,inf,0.0,179,179,28.012873,5.643341,61.335386,5.643341,0.0,0.0,0.0,0,179,0.5,0.5,0.0,5,0.0,0.0
CrlNetworkServices,SM,1,B3,17,6,6,0,17->18->19->10->9->7->6,17->18->19->10->9->7->6,26.715269,inf,0.0,196,196,26.715269,5.643341,60.037782,5.643341,0.0,0.0,0.0,0,196,0.5,0.5,0.0,5,0.0,0.0
CrlNetworkServices,SM,1,B3,18,6,1,1,18->19->10->9->7->6,18->19->10->9->7->2->1,25.270715,inf,0.0,206,206,36.412648,18.248175,82.339994,18.248175,0.0,0.0,0.0,0,206,0.5,0.5,0.0,5,0.0,0.0
CrlNetworkServices,SM,1,B3,19,5,5,0,19->10->9->7->8->5,19->10->9->7->8->5,25.190308,inf,0.0,136,136,25.190308,6.418485,59.287964,6.418485,0.0,0.0,0.0,0,136,0.5,0.5,0.0,5,0.0,0.0
CrlNetworkServices,SM,1,B3,20,5,2,1,20->14->7->8->5,20->14->7->2,17.110572,inf,0.0,90,90,22.448032,6.934813,57.062016,6.934813,0.0,0.0,0.0,0,90.0,0.5,0.5,0.0,5,0.0,0.0
CrlNetworkServices,SM,1,B3,21,5,1,1,21->20->14->7->8->5,21->20->14->7->2->1,20.956698,inf,0.0,198,198,31.607,18.248175,77.534346,18.248175,0.0,0.0,0.0,0,198.0,0.5,0.5,0.0,5,0.0,0.0
CrlNetworkServices,SM,1,B3,22,5,5,0,22->21->20->14->7->8->5,22->21->20->14->7->8->5,22.408833,inf,0.0,153,153,22.408833,6.418485,56.50649,6.418485,0.0,0.0,0.0,0,153,0.5,0.5,0.0,5,0.0,0.0
CrlNetworkServices,SM,1,B3,23,5,5,0,23->22->21->20->14->7->8->5,23->22->21->20->14->7->8->5,31.27586,inf,0.0,171,171,31.27586,6.418485,65.373517,6.418485,0.0,0.0,0.0,0,171,0.5,0.5,0.0,5,0.0,0.0
CrlNetworkServices,SM,1,B3,24,5,5,0,24->25->3->4->1->2->7->8->5,24->25->3->4->1->2->7->8->5,30.423873,inf,0.0,188,188,30.423873,6.418485,64.52153,6.418485,0.0,0.0,0.0,0,188,0.5,0.5,0.0,5,0.0,0.0
CrlNetworkServices,SM,1,B3,25,4,4,0,25->3->4,25->3->4,1.816433,inf,0.0,159,159,1.816433,5.592841,35.088446,5.592841,0.0,0.0,0.0,0,159,0.5,0.5,0.0,5,0.0,0.0
CrlNetworkServices,SM,1,B3,26,4,2,1,26->27->28->32->33->24->25->3->4,26->27->28->32->33->24->25->3->4->1->2,18.388414,inf,0.0,194,194,28.515896,6.934813,63.129881,6.934813,0.0,0.0,0.0,0,194,0.5,0.5,0.0,5,0.0,0.0
CrlNetworkServices,SM,1,B3,27,4,1,1,27->28->32->33->24->25->3->4,27->28->32->33->24->25->3->4->1,16.058189,inf,0.0,224,224,20.87283,18.248175,66.800177,18.248175,0.0,0.0,0.0,0,224,0.5,0.5,0.0,5,0.0,0.0
CrlNetworkServices,SM,1,B3,28,4,4,0,28->32->33->24->25->3->4,28->32->33->24->25->3->4,8.190841,inf,0.0,185,185,8.190841,5.592841,41.462853,5.592841,0.0,0.0,0.0,0,185,0.5,0.5,0.0,5,0.0,0.0
CrlNetworkServices,SM,1,B3,29,4,4,0,29->28->32->33->24->25->3->4,29->28->32->33->24->25->3->4,9.266402,inf,0.0,176,176,9.266402,5.592841,42.538414,5.592841,0.0,0.0,0.0,0,176,0.5,0.5,0.0,5,0.0,0.0
CrlNetworkServices,SM,1,B3,30,3,3,0,30->29->28->32->33->24->25->3,30->29->28->32->33->24->25->3,8.552987,41.355109,0.0,250,250,8.552987,5.122951,41.355109,5.122951,0.0,0.0,0.0,0,250,0.5,0.5,0.0,5,0.0,0.0
CrlNetworkServices,SM,1,B3,31,3,3,0,31->33->24->25->3,31->33->24->25->3,48.866149,81.668271,0.0,207,207,48.866149,5.122951,81.668271,5.122951,0.0,0.0,0.0,0,207,0.5,0.5,0.0,5,0.0,0.0
CrlNetworkServices,SM,1,B3,32,3,3,0,32->33->24->25->3,32->33->24->25->3,6.219754,39.021876,0.0,179,179,6.219754,5.122951,39.021876,5.122951,0.0,0.0,0.0,0,179,0.5,0.5,0.0,5,0.0,0.0
CrlNetworkServices,SM,1,B3,33,4,4,0,33->24->25->3->4,33->24->25->3->4,7.406893,inf,0.0,144,144,7.406893,5.592841,40.678905,5.592841,0.0,0.0,0.0,0,144,0.5,0.5,0.0,5,0.0,0.0
CrlNetworkServices,SM,2,B1,1,1,1,0,1,,0.0,28.743228,0.0,153,153,0.0,1.31096,28.990131,1.31096,0.0,0.0,0.0,0,153.0,0.5,0.5,0.0,5,0.0,0.0
CrlNetworkServices,SM,2,B1,2,2,2,0,2,,0.0,28.934507,0.0,205,205,0.0,4.681648,32.360819,4.681648,0.0,0.0,0.0,0,205.0,0.5,0.5,0.0,5,0.0,0.0
CrlNetworkServices,SM,2,B1,3,3,3,0,3,,0.0,34.791547,0.0,176,176,0.0,12.722646,40.401818,12.722646,0.0,0.0,0.0,0,176,0.5,0.5,0.0,5,0.0,0.0
CrlNetworkServices,SM,2,B1,4,4,4,0,4,,0.0,inf,0.0,192,192,0.0,151.515152,179.194323,151.515152,0.0,0.0,0.0,0,192,0.5,0.5,0.0,5,0.0,0.0
CrlNetworkServices,SM,2,B1,5,5,6,1,5,,0.0,inf,0.0,160,160,3.055709,625.0,655.734881,625.0,0.0,0.0,0.0,0,160,0.5,0.5,0.0,5,0.0,0.0
CrlNetworkServices,SM,2,B1,6,6,6,0,6,,0.0,inf,0.0,202,202,0.0,625.0,652.679172,625.0,0.0,0.0,0.0,0,202,0.5,0.5,0.0,5,0.0,0.0
CrlNetworkServices,SM,2,B1,7,7,7,0,7,,0.0,inf,0.0,204,204,0.0,1000.0,1027.679172,1000.0,0.0,0.0,0.0,0,204.0,0.5,0.5,0.0,5,0.0,0.0
CrlNetworkServices,SM,2,B1,8,7,2,1,8->7,,2.927897,inf,0.0,175,175,12.376193,4.681648,44.737013,4.681648,0.0,0.0,0.0,0,175,0.5,0.5,0.0,5,0.0,0.0
CrlNetworkServices,SM,2,B1,9,7,7,0,9->7,,11.613081,inf,0.0,209,209,11.613081,1000.0,1039.292252,1000.0,0.0,0.0,0.0,0,209,0.5,0.5,0.0,5,0.0,0.0
CrlNetworkServices,SM,2,B1,10,7,7,0,10->9->7,,17.334046,inf,0.0,179,179,17.334046,1000.0,1045.013218,1000.0,0.0,0.0,0.0,0,179,0.5,0.5,0.0,5,0.0,0.0
CrlNetworkServices,SM,2,B1,11,7,2,1,11->14->7,,12.697715,inf,0.0,220,220,22.146012,4.681648,54.506832,4.681648,0.0,0.0,0.0,0,220,0.5,0.5,0.0,5,0.0,0.0
CrlNetworkServices,SM,2,B1,12,7,2,1,12->11->14->7,,21.637615,inf,0.0,188,188,31.085912,4.681648,63.446731,4.681648,0.0,0.0,0.0,0,188,0.5,0.5,0.0,5,0.0,0.0
CrlNetworkServices,SM,2,B1,13,6,6,0,13->9->7->6,,21.92336,inf,0.0,181,181,21.92336,625.0,674.602531,625.0,0.0,0.0,0.0,0,181,0.5,0.5,0.0,5,0.0,0.0
CrlNetworkServices,SM,2,B1,14,6,7,1,14->7->6,,12.435363,inf,0.0,211,211,8.816157,1000.0,1036.495329,1000.0,0.0,0.0,0.0,0,211,0.5,0.5,0.0,5,0.0,0.0
CrlNetworkServices,SM,2,B1,15,6,6,0,15->19->10->9->7->6,,27.763235,inf,0.0,173,173,23.768954,625.0,676.448125,625.0,0.0,0.0,0.0,0,173,0.5,0.5,0.0,5,0.0,0.0
CrlNetworkServices,SM,2,B1,16,6,7,1,16->17->18->19->10->9->7->6,,28.012873,inf,0.0,200,200,24.393668,1000.0,1052.072839,1000.0,0.0,0.0,0.0,0,200,0.5,0.5,0.0,5,0.0,0.0
CrlNetworkServices,SM,2,B1,17,6,6,0,17->18->19->10->9->7->6,,26.715269,inf,0.0,185,185,26.715269,625.0,679.394441,625.0,0.0,0.0,0.0,0,185,0.5,0.5,0.0,5,0.0,0.0
CrlNetworkServices,SM,2,B1,18,5,5,0,18->19->10->9->7->8->5,,25.762346,inf,0.0,186,186,25.762346,24.630542,78.072059,24.630542,0.0,0.0,0.0,0,186,0.5,0.5,0.0,5,0.0,0.0
CrlNetworkServices,SM,2,B1,19,5,5,0,19->10->9->7->8->5,,25.190308,inf,0.0,207,207,25.190308,24.630542,77.500021,24.630542,0.0,0.0,0.0,0,207,0.5,0.5,0.0,5,0.0,0.0
CrlNetworkServices,SM,2,B1,20,6,6,0,20->14->7->6,,16.618941,inf,0.0,127,127,16.618941,625.0,669.298112,625.0,0.0,0.0,0.0,0,127.0,0.5,0.5,0.0,5,0.0,0.0
CrlNetworkServices,SM,2,B1,21,5,5,0,21->20->14->7->8->5,,20.956698,inf,0.0,216,216,20.956698,24.630542,73.266411,24.630542,0.0,0.0,0.0,0,216.0,0.5,0.5,0.0,5,0.0,0.0
CrlNetworkServices,SM,2,B1,22,5,5,0,22->21->20->14->7->8->5,,22.408833,inf,0.0,184,184,22.408833,24.630542,74.718547,24.630542,0.0,0.0,0.0,0,184,0.5,0.5,0.0,5,0.0,0.0
CrlNetworkServices,SM,2,B1,23,5,5,0,23->22->21->20->14->7->8->5,,31.27586,inf,0.0,168,168,31.27586,24.630542,83.585574,24.630542,0.0,0.0,0.0,0,168,0.5,0.5,0.0,5,0.0,0.0
CrlNetworkServices,SM,2,B1,24,4,4,0,24->25->3->4,,6.737257,inf,0.0,184,184,6.737257,151.515152,185.93158,151.515152,0.0,0.0,0.0,0,184,0.5,0.5,0.0,5,0.0,0.0
CrlNetworkServices,SM,2,B1,25,4,4,0,25->3->4,,1.816433,inf,0.0,171,171,1.816433,151.515152,181.010756,151.515152,0.0,0.0,0.0,0,171,0.5,0.5,0.0,5,0.0,0.0
CrlNetworkServices,SM,2,B1,26,4,1,1,26->20->14->7->2->1->4,,60.534702,inf,0.0,177,177,23.203054,1.31096,52.193186,1.31096,0.0,0.0,0.0,0,177,0.5,0.5,0.0,5,0.0,0.0
CrlNetworkServices,SM,2,B1,27,4,4,0,27->28->32->33->24->25->3->4,,16.058189,inf,0.0,196,196,16.058189,151.515152,195.252512,151.515152,0.0,0.0,0.0,0,196,0.5,0.5,0.0,5,0.0,0.0
CrlNetworkServices,SM,2,B1,28,4,4,0,28->32->33->24->25->3->4,,8.190841,inf,0.0,146,146,8.190841,151.515152,187.385164,151.515152,0.0,0.0,0.0,0,146,0.5,0.5,0.0,5,0.0,0.0
CrlNetworkServices,SM,2,B1,29,4,3,1,29->28->32->33->24->25->3->4,,9.266402,inf,0.0,196,196,7.837924,12.722646,48.239742,12.722646,0.0,0.0,0.0,0,196,0.5,0.5,0.0,5,0.0,0.0
CrlNetworkServices,SM,2,B1,30,3,4,1,30->29->28->32->33->24->25->3,,8.552987,43.344534,0.0,134,134,9.981464,151.515152,189.175787,151.515152,145.831253,0.0,0.0,0,134,0.5,0.5,0.0,5,0.0,0.0
CrlNetworkServices,SM,2,B1,31,3,3,0,31->33->24->25->3,,48.866149,83.657696,0.0,172,172,48.866149,12.722646,89.267967,12.722646,0.0,0.0,0.0,0,172,0.5,0.5,0.0,5,0.0,0.0
CrlNetworkServices,SM,2,B1,32,3,3,0,32->33->24->25->3,,6.219754,41.011301,0.0,210,210,6.219754,12.722646,46.621572,12.722646,0.0,0.0,0.0,0,210,0.5,0.5,0.0,5,0.0,0.0
CrlNetworkServices,SM,2,B1,33,3,3,0,33->24->25->3,,5.978415,40.769962,0.0,169,169,5.978415,12.722646,46.380233,12.722646,0.0,0.0,0.0,0,169,0.5,0.5,0.0,5,0.0,0.0
CrlNetworkServices,SM,2,B3,1,1,1,0,1,1,0.0,28.743228,0.0,153,153,0.0,7.763975,35.443147,7.763975,0.0,0.0,0.0,0,153.0,0.5,0.5,0.0,5,0.0,0.0
CrlNetworkServices,SM,2,B3,2,2,2,0,2,2,0.0,28.934507,0.0,205,205,0.0,17.361111,45.040283,17.361111,0.0,0.0,0.0,0,205.0,0.5,0.5,0.0,5,0.0,0.0
CrlNetworkServices,SM,2,B3,3,3,3,0,3,3,0.0,34.791547,0.0,176,176,0.0,7.112376,34.791547,7.112376,0.0,0.0,0.0,0,176,0.5,0.5,0.0,5,0.0,0.0
CrlNetworkServices,SM,2,B3,4,4,4,0,4,4,0.0,inf,0.0,192,192,0.0,6.265664,33.944836,6.265664,0.0,0.0,0.0,0,192,0.5,0.5,0.0,5,0.0,0.0
CrlNetworkServices,SM,2,B3,5,5,5,0,5,5,0.0,inf,0.0,160,160,0.0,3.779289,31.458461,3.779289,0.0,0.0,0.0,0,160,0.5,0.5,0.0,5,0.0,0.0
CrlNetworkServices,SM,2,B3,6,6,6,0,6,6,0.0,inf,0.0,202,202,0.0,6.188119,33.86729,6.188119,0.0,0.0,0.0,0,202,0.5,0.5,0.0,5,0.0,0.0
CrlNetworkServices,SM,2,B3,7,7,7,0,7,7,0.0,inf,0.0,204,204,0.0,5.208333,32.887505,5.208333,0.0,0.0,0.0,0,204.0,0.5,0.5,0.0,5,0.0,0.0
CrlNetworkServices,SM,2,B3,8,7,2,1,8->7,8->7->2,2.927897,inf,0.0,175,175,12.376193,17.361111,57.416476,17.361111,0.0,0.0,0.0,0,175,0.5,0.5,0.0,5,0.0,0.0
CrlNetworkServices,SM,2,B3,9,7,7,0,9->7,9->7,11.613081,inf,0.0,209,209,11.613081,5.208333,44.500586,5.208333,0.0,0.0,0.0,0,209,0.5,0.5,0.0,5,0.0,0.0
CrlNetworkServices,SM,2,B3,10,7,7,0,10->9->7,10->9->7,17.334046,inf,0.0,179,179,17.334046,5.208333,50.221551,5.208333,0.0,0.0,0.0,0,179,0.5,0.5,0.0,5,0.0,0.0
CrlNetworkServices,SM,2,B3,11,7,7,0,11->14->7,11->14->7,12.697715,inf,0.0,220,220,12.697715,5.208333,45.58522,5.208333,0.0,0.0,0.0,0,220,0.5,0.5,0.0,5,0.0,0.0
CrlNetworkServices,SM,2,B3,12,7,1,1,12->11->14->7,12->33->24->25->3->4->1,21.637615,inf,0.0,188,188,27.507225,7.763975,62.950372,7.763975,0.0,0.0,0.0,0,188,0.5,0.5,0.0,5,0.0,0.0
CrlNetworkServices,SM,2,B3,13,6,6,0,13->9->7->6,13->9->7->6,21.92336,inf,0.0,181,181,21.92336,6.188119,55.79065,6.188119,0.0,0.0,0.0,0,181,0.5,0.5,0.0,5,0.0,0.0
CrlNetworkServices,SM,2,B3,14,6,1,1,14->7->6,14->7->2->1,12.435363,inf,0.0,211,211,23.577296,7.763975,59.020443,7.763975,0.0,0.0,0.0,0,211,0.5,0.5,0.0,5,0.0,0.0
CrlNetworkServices,SM,2,B3,15,6,6,0,15->19->10->9->7->6,15->22->21->20->14->7->6,27.763235,inf,0.0,173,173,23.768954,6.188119,57.636244,6.188119,0.0,0.0,0.0,0,173,0.5,0.5,0.0,5,0.0,0.0
CrlNetworkServices,SM,2,B3,16,6,2,1,16->17->18->19->10->9->7->6,16->17->18->19->10->9->7->2,28.012873,inf,0.0,200,200,33.841965,17.361111,78.882247,17.361111,0.0,0.0,0.0,0,200,0.5,0.5,0.0,5,0.0,0.0
CrlNetworkServices,SM,2,B3,17,6,6,0,17->18->19->10->9->7->6,17->18->19->10->9->7->6,26.715269,inf,0.0,185,185,26.715269,6.188119,60.58256,6.188119,0.0,0.0,0.0,0,185,0.5,0.5,0.0,5,0.0,0.0
CrlNetworkServices,SM,2,B3,18,5,5,0,18->19->10->9->7->8->5,18->19->10->9->7->8->5,25.762346,inf,0.0,186,186,25.762346,3.779289,57.220807,3.779289,0.0,0.0,0.0,0,186,0.5,0.5,0.0,5,0.0,0.0
CrlNetworkServices,SM,2,B3,19,5,5,0,19->10->9->7->8->5,19->10->9->7->8->5,25.190308,inf,0.0,207,207,25.190308,3.779289,56.648769,3.779289,0.0,0.0,0.0,0,207,0.5,0.5,0.0,5,0.0,0.0
CrlNetworkServices,SM,2,B3,20,6,6,0,20->14->7->6,20->14->7->6,16.618941,inf,0.0,127,127,16.618941,6.188119,50.486231,6.188119,0.0,0.0,0.0,0,127.0,0.5,0.5,0.0,5,0.0,0.0
CrlNetworkServices,SM,2,B3,21,5,1,1,21->20->14->7->8->5,21->20->14->7->2->1,20.956698,inf,0.0,216,216,31.607,7.763975,67.050146,7.763975,0.0,0.0,0.0,0,216.0,0.5,0.5,0.0,5,0.0,0.0
CrlNetworkServices,SM,2,B3,22,5,5,0,22->21->20->14->7->8->5,22->21->20->14->7->8->5,22.408833,inf,0.0,184,184,22.408833,3.779289,53.867294,3.779289,0.0,0.0,0.0,0,184,0.5,0.5,0.0,5,0.0,0.0
CrlNetworkServices,SM,2,B3,23,5,2,1,23->22->21->20->14->7->8->5,23->22->21->20->14->7->2,31.27586,inf,0.0,168,168,36.61332,17.361111,81.653603,17.361111,0.0,0.0,0.0,0,168,0.5,0.5,0.0,5,0.0,0.0
CrlNetworkServices,SM,2,B3,24,4,4,0,24->25->3->4,24->25->3->4,6.737257,inf,0.0,184,184,6.737257,6.265664,40.682093,6.265664,0.0,0.0,0.0,0,184,0.5,0.5,0.0,5,0.0,0.0
CrlNetworkServices,SM,2,B3,25,4,4,0,25->3->4,25->3->4,1.816433,inf,0.0,171,171,1.816433,6.265664,35.761269,6.265664,0.0,0.0,0.0,0,171,0.5,0.5,0.0,5,0.0,0.0
CrlNetworkServices,SM,2,B3,26,4,4,0,26->20->14->7->2->1->4,26->27->28->32->33->24->25->3->4,60.534702,inf,0.0,177,177,18.388414,6.265664,52.333249,6.265664,0.0,0.0,0.0,0,177,0.5,0.5,0.0,5,0.0,0.0
CrlNetworkServices,SM,2,B3,27,4,1,1,27->28->32->33->24->25->3->4,27->28->32->33->24->25->3->4->1,16.058189,inf,0.0,196,196,20.87283,7.763975,56.315977,7.763975,0.0,0.0,0.0,0,196,0.5,0.5,0.0,5,0.0,0.0
CrlNetworkServices,SM,2,B3,28,4,4,0,28->32->33->24->25->3->4,28->32->33->24->25->3->4,8.190841,inf,0.0,146,146,8.190841,6.265664,42.135676,6.265664,0.0,0.0,0.0,0,146,0.5,0.5,0.0,5,0.0,0.0
CrlNetworkServices,SM,2,B3,29,4,2,1,29->28->32->33->24->25->3->4,29->28->32->33->24->25->3->4->1->2,9.266402,inf,0.0,196,196,19.393884,17.361111,64.434167,17.361111,0.0,0.0,0.0,0,196,0.5,0.5,0.0,5,0.0,0.0
CrlNetworkServices,SM,2,B3,30,3,3,0,30->29->28->32->33->24->25->3,30->29->28->32->33->24->25->3,8.552987,43.344534,0.0,134,134,8.552987,7.112376,43.344534,7.112376,0.0,0.0,0.0,0,134,0.5,0.5,0.0,5,0.0,0.0
CrlNetworkServices,SM,2,B3,31,3,3,0,31->33->24->25->3,31->33->24->25->3,48.866149,83.657696,0.0,172,172,48.866149,7.112376,83.657696,7.112376,0.0,0.0,0.0,0,172,0.5,0.5,0.0,5,0.0,0.0
CrlNetworkServices,SM,2,B3,32,3,3,0,32->33->24->25->3,32->33->24->25->3,6.219754,41.011301,0.0,210,210,6.219754,7.112376,41.011301,7.112376,0.0,0.0,0.0,0,210,0.5,0.5,0.0,5,0.0,0.0
CrlNetworkServices,SM,2,B3,33,3,3,0,33->24->25->3,33->24->25->3,5.978415,40.769962,0.0,169,169,5.978415,7.112376,40.769962,7.112376,0.0,0.0,0.0,0,169,0.5,0.5,0.0,5,0.0,0.0
CrlNetworkServices,SM,3,B1,1,1,1,0,1,,0.0,28.838189,0.0,162,162,0.0,1.159017,28.838189,1.159017,0.0,0.0,0.0,0,162.0,0.5,0.5,0.0,5,0.0,0.0
CrlNetworkServices,SM,3,B1,2,2,2,0,2,,0.0,28.960566,0.0,178,178,0.0,15.52795,43.207122,15.52795,0.0,0.0,0.0,0,178.0,0.5,0.5,0.0,5,0.0,0.0
CrlNetworkServices,SM,3,B1,3,3,3,0,3,,0.0,31.055269,0.0,199,199,0.0,121.95122,149.630391,121.95122,0.0,0.0,0.0,0,199,0.5,0.5,0.0,5,0.0,0.0
CrlNetworkServices,SM,3,B1,4,4,4,0,4,,0.0,inf,0.0,202,202,0.0,16.286645,43.965816,16.286645,0.0,0.0,0.0,0,202,0.5,0.5,0.0,5,0.0,0.0
CrlNetworkServices,SM,3,B1,5,5,5,0,5,,0.0,inf,0.0,192,192,0.0,15.10574,42.784912,15.10574,0.0,0.0,0.0,0,192,0.5,0.5,0.0,5,0.0,0.0
CrlNetworkServices,SM,3,B1,6,6,6,0,6,,0.0,inf,0.0,194,194,0.0,43.478261,71.157432,43.478261,0.0,0.0,0.0,0,194,0.5,0.5,0.0,5,0.0,0.0
CrlNetworkServices,SM,3,B1,7,7,2,1,7,,0.0,inf,0.0,183,183,9.448297,15.52795,52.655419,15.52795,0.0,0.0,0.0,0,183.0,0.5,0.5,0.0,5,0.0,0.0
CrlNetworkServices,SM,3,B1,8,7,7,0,8->7,,2.927897,inf,0.0,141,141,2.927897,625.0,655.607068,625.0,0.0,0.0,0.0,0,141,0.5,0.5,0.0,5,0.0,0.0
CrlNetworkServices,SM,3,B1,9,7,2,1,9->7,,11.613081,inf,0.0,182,182,21.061378,15.52795,64.268499,15.52795,0.0,0.0,0.0,0,182,0.5,0.5,0.0,5,0.0,0.0
CrlNetworkServices,SM,3,B1,10,7,7,0,10->9->7,,17.334046,inf,0.0,157,157,17.334046,625.0,670.013218,625.0,0.0,0.0,0.0,0,157,0.5,0.5,0.0,5,0.0,0.0
CrlNetworkServices,SM,3,B1,11,7,2,1,11->14->7,,12.697715,inf,0.0,210,210,22.146012,15.52795,65.353134,15.52795,0.0,0.0,0.0,0,210,0.5,0.5,0.0,5,0.0,0.0
CrlNetworkServices,SM,3,B1,12,7,7,0,12->11->14->7,,21.637615,inf,0.0,181,181,21.637615,625.0,674.316787,625.0,0.0,0.0,0.0,0,181,0.5,0.5,0.0,5,0.0,0.0
CrlNetworkServices,SM,3,B1,13,7,7,0,13->9->7,,18.304154,inf,0.0,162,162,18.304154,625.0,670.983326,625.0,0.0,0.0,0.0,0,162,0.5,0.5,0.0,5,0.0,0.0
CrlNetworkServices,SM,3,B1,14,6,6,0,14->7->6,,12.435363,inf,0.0,202,202,12.435363,43.478261,83.592795,43.478261,0.0,0.0,0.0,0,202,0.5,0.5,0.0,5,0.0,0.0
CrlNetworkServices,SM,3,B1,15,6,6,0,15->19->10->9->7->6,,27.763235,inf,0.0,181,181,23.768954,43.478261,94.926386,43.478261,0.0,0.0,0.0,0,181,0.5,0.5,0.0,5,0.0,0.0
CrlNetworkServices,SM,3,B1,16,6,7,1,16->17->18->19->10->9->7->6,,28.012873,inf,0.0,172,172,24.393668,625.0,677.072839,625.0,0.0,0.0,0.0,0,172,0.5,0.5,0.0,5,0.0,0.0
CrlNetworkServices,SM,3,B1,17,6,6,0,17->18->19->10->9->7->6,,26.715269,inf,0.0,180,180,26.715269,43.478261,97.872702,43.478261,0.0,0.0,0.0,0,180,0.5,0.5,0.0,5,0.0,0.0
CrlNetworkServices,SM,3,B1,18,6,6,0,18->19->10->9->7->6,,25.270715,inf,0.0,188,188,25.270715,43.478261,96.428147,43.478261,0.0,0.0,0.0,0,188,0.5,0.5,0.0,5,0.0,0.0
CrlNetworkServices,SM,3,B1,19,5,5,0,19->10->9->7->8->5,,25.190308,inf,0.0,199,199,25.190308,15.10574,67.975219,15.10574,0.0,0.0,0.0,0,199,0.5,0.5,0.0,5,0.0,0.0
CrlNetworkServices,SM,3,B1,20,5,5,0,20->14->7->8->5,,17.110572,inf,0.0,167,167,17.110572,15.10574,59.895484,15.10574,0.0,0.0,0.0,0,167.0,0.5,0.5,0.0,5,0.0,0.0
CrlNetworkServices,SM,3,B1,21,5,5,0,21->20->14->7->8->5,,20.956698,inf,0.0,185,185,20.956698,15.10574,63.741609,15.10574,0.0,0.0,0.0,0,185.0,0.5,0.5,0.0,5,0.0,0.0
CrlNetworkServices,SM,3,B1,22,5,7,1,22->21->20->14->7->8->5,,22.408833,inf,0.0,159,159,18.297997,625.0,670.977168,625.0,0.0,0.0,0.0,0,159,0.5,0.5,0.0,5,0.0,0.0
CrlNetworkServices,SM,3,B1,23,5,5,0,23->22->21->20->14->7->8->5,,31.27586,inf,0.0,162,162,31.27586,15.10574,74.060772,15.10574,0.0,0.0,0.0,0,162,0.5,0.5,0.0,5,0.0,0.0
CrlNetworkServices,SM,3,B1,24,5,2,1,24->33->32->28->27->26->20->14->7->8->5,,56.720916,inf,0.0,141,141,16.86474,15.52795,60.071862,15.52795,0.0,0.0,0.0,0,141,0.5,0.5,0.0,5,0.0,0.0
CrlNetworkServices,SM,3,B1,25,4,4,0,25->3->4,,1.816433,inf,0.0,128,128,1.816433,16.286645,45.78225,16.286645,0.0,0.0,0.0,0,128,0.5,0.5,0.0,5,0.0,0.0
CrlNetworkServices,SM,3,B1,26,4,3,1,26->20->14->7->2->1->4,,60.534702,inf,0.0,175,175,16.959936,121.95122,166.590327,121.95122,0.0,0.0,0.0,0,175,0.5,0.5,0.0,5,0.0,0.0
CrlNetworkServices,SM,3,B1,27,4,4,0,27->28->32->33->24->25->3->4,,16.058189,inf,0.0,196,196,16.058189,16.286645,60.024006,16.286645,0.0,0.0,0.0,0,196,0.5,0.5,0.0,5,0.0,0.0
CrlNetworkServices,SM,3,B1,28,4,4,0,28->32->33->24->25->3->4,,8.190841,inf,0.0,175,175,8.190841,16.286645,52.156657,16.286645,0.0,0.0,0.0,0,175,0.5,0.5,0.0,5,0.0,0.0
CrlNetworkServices,SM,3,B1,29,4,4,0,29->28->32->33->24->25->3->4,,9.266402,inf,0.0,196,196,9.266402,16.286645,53.232218,16.286645,0.0,0.0,0.0,0,196,0.5,0.5,0.0,5,0.0,0.0
CrlNetworkServices,SM,3,B1,30,4,3,1,30->31->33->24->25->3->4,,92.194166,inf,0.0,113,113,8.552987,121.95122,158.183378,121.95122,0.0,0.0,0.0,0,113,0.5,0.5,0.0,5,0.0,0.0
CrlNetworkServices,SM,3,B1,31,3,3,0,31->33->24->25->3,,48.866149,79.921418,0.0,187,187,48.866149,121.95122,198.49654,121.95122,0.0,0.0,0.0,0,187,0.5,0.5,0.0,5,0.0,0.0
CrlNetworkServices,SM,3,B1,32,3,3,0,32->33->24->25->3,,6.219754,37.275022,0.0,158,158,6.219754,121.95122,155.850145,121.95122,0.0,0.0,0.0,0,158,0.5,0.5,0.0,5,0.0,0.0
CrlNetworkServices,SM,3,B1,33,3,3,0,33->24->25->3,,5.978415,37.033684,0.0,191,191,5.978415,121.95122,155.608806,121.95122,0.0,0.0,0.0,0,191,0.5,0.5,0.0,5,0.0,0.0
CrlNetworkServices,SM,3,B3,1,1,1,0,1,1,0.0,28.838189,0.0,162,162,0.0,11.792453,39.471624,11.792453,0.0,0.0,0.0,0,162.0,0.5,0.5,0.0,5,0.0,0.0
CrlNetworkServices,SM,3,B3,2,2,2,0,2,2,0.0,28.960566,0.0,178,178,0.0,26.041667,53.720838,26.041667,0.0,0.0,0.0,0,178.0,0.5,0.5,0.0,5,0.0,0.0
CrlNetworkServices,SM,3,B3,3,3,3,0,3,3,0.0,31.055269,0.0,199,199,0.0,3.376097,31.055269,3.376097,0.0,0.0,0.0,0,199,0.5,0.5,0.0,5,0.0,0.0
CrlNetworkServices,SM,3,B3,4,4,4,0,4,4,0.0,inf,0.0,202,202,0.0,6.925208,34.604379,6.925208,0.0,0.0,0.0,0,202,0.5,0.5,0.0,5,0.0,0.0
CrlNetworkServices,SM,3,B3,5,5,5,0,5,5,0.0,inf,0.0,192,192,0.0,6.65779,34.336961,6.65779,0.0,0.0,0.0,0,192,0.5,0.5,0.0,5,0.0,0.0
CrlNetworkServices,SM,3,B3,6,6,6,0,6,6,0.0,inf,0.0,194,194,0.0,4.444444,32.123616,4.444444,0.0,0.0,0.0,0,194,0.5,0.5,0.0,5,0.0,0.0
CrlNetworkServices,SM,3,B3,7,7,7,0,7,7,0.0,inf,0.0,183,183,0.0,6.729475,34.408647,6.729475,0.0,0.0,0.0,0,183.0,0.5,0.5,0.0,5,0.0,0.0
CrlNetworkServices,SM,3,B3,8,7,7,0,8->7,8->7,2.927897,inf,0.0,141,141,2.927897,6.729475,37.336543,6.729475,0.0,0.0,0.0,0,141,0.5,0.5,0.0,5,0.0,0.0
CrlNetworkServices,SM,3,B3,9,7,7,0,9->7,9->7,11.613081,inf,0.0,182,182,11.613081,6.729475,46.021727,6.729475,0.0,0.0,0.0,0,182,0.5,0.5,0.0,5,0.0,0.0
CrlNetworkServices,SM,3,B3,10,7,7,0,10->9->7,10->9->7,17.334046,inf,0.0,157,157,17.334046,6.729475,51.742693,6.729475,0.0,0.0,0.0,0,157,0.5,0.5,0.0,5,0.0,0.0
CrlNetworkServices,SM,3,B3,11,7,2,1,11->14->7,11->14->7->2,12.697715,inf,0.0,210,210,22.146012,26.041667,75.86685,26.041667,0.0,0.0,0.0,0,210,0.5,0.5,0.0,5,0.0,0.0
CrlNetworkServices,SM,3,B3,12,7,1,1,12->11->14->7,12->33->24->25->3->4->1,21.637615,inf,0.0,181,181,27.507225,11.792453,66.978849,11.792453,0.0,0.0,0.0,0,181,0.5,0.5,0.0,5,0.0,0.0
CrlNetworkServices,SM,3,B3,13,7,7,0,13->9->7,13->9->7,18.304154,inf,0.0,162,162,18.304154,6.729475,52.712801,6.729475,0.0,0.0,0.0,0,162,0.5,0.5,0.0,5,0.0,0.0
CrlNetworkServices,SM,3,B3,14,6,1,1,14->7->6,14->7->2->1,12.435363,inf,0.0,202,202,23.577296,11.792453,63.04892,11.792453,0.0,0.0,0.0,0,202,0.5,0.5,0.0,5,0.0,0.0
CrlNetworkServices,SM,3,B3,15,6,6,0,15->19->10->9->7->6,15->22->21->20->14->7->6,27.763235,inf,0.0,181,181,23.768954,4.444444,55.89257,4.444444,0.0,0.0,0.0,0,181,0.5,0.5,0.0,5,0.0,0.0
CrlNetworkServices,SM,3,B3,16,6,2,1,16->17->18->19->10->9->7->6,16->17->18->19->10->9->7->2,28.012873,inf,0.0,172,172,33.841965,26.041667,87.562803,26.041667,0.0,0.0,0.0,0,172,0.5,0.5,0.0,5,0.0,0.0
CrlNetworkServices,SM,3,B3,17,6,6,0,17->18->19->10->9->7->6,17->18->19->10->9->7->6,26.715269,inf,0.0,180,180,26.715269,4.444444,58.838885,4.444444,0.0,0.0,0.0,0,180,0.5,0.5,0.0,5,0.0,0.0
CrlNetworkServices,SM,3,B3,18,6,6,0,18->19->10->9->7->6,18->19->10->9->7->6,25.270715,inf,0.0,188,188,25.270715,4.444444,57.394331,4.444444,0.0,0.0,0.0,0,188,0.5,0.5,0.0,5,0.0,0.0
CrlNetworkServices,SM,3,B3,19,5,1,1,19->10->9->7->8->5,19->10->9->7->2->1,25.190308,inf,0.0,199,199,35.84061,11.792453,75.312234,11.792453,0.0,0.0,0.0,0,199,0.5,0.5,0.0,5,0.0,0.0
CrlNetworkServices,SM,3,B3,20,5,5,0,20->14->7->8->5,20->14->7->8->5,17.110572,inf,0.0,167,167,17.110572,6.65779,51.447533,6.65779,0.0,0.0,0.0,0,167.0,0.5,0.5,0.0,5,0.0,0.0
CrlNetworkServices,SM,3,B3,21,5,2,1,21->20->14->7->8->5,21->20->14->7->2,20.956698,inf,0.0,185,185,26.294158,26.041667,80.014996,26.041667,0.0,0.0,0.0,0,185.0,0.5,0.5,0.0,5,0.0,0.0
CrlNetworkServices,SM,3,B3,22,5,5,0,22->21->20->14->7->8->5,22->21->20->14->7->8->5,22.408833,inf,0.0,159,159,22.408833,6.65779,56.745794,6.65779,0.0,0.0,0.0,0,159,0.5,0.5,0.0,5,0.0,0.0
CrlNetworkServices,SM,3,B3,23,5,5,0,23->22->21->20->14->7->8->5,23->22->21->20->14->7->8->5,31.27586,inf,0.0,162,162,31.27586,6.65779,65.612821,6.65779,0.0,0.0,0.0,0,162,0.5,0.5,0.0,5,0.0,0.0
CrlNetworkServices,SM,3,B3,24,5,5,0,24->33->32->28->27->26->20->14->7->8->5,24->25->3->4->1->2->7->8->5,56.720916,inf,0.0,141,141,30.423873,6.65779,64.760834,6.65779,0.0,0.0,0.0,0,141,0.5,0.5,0.0,5,0.0,0.0
CrlNetworkServices,SM,3,B3,25,4,4,0,25->3->4,25->3->4,1.816433,inf,0.0,128,128,1.816433,6.925208,36.420813,6.925208,0.0,0.0,0.0,0,128,0.5,0.5,0.0,5,0.0,0.0
CrlNetworkServices,SM,3,B3,26,4,2,1,26->20->14->7->2->1->4,26->27->28->32->33->24->25->3->4->1->2,60.534702,inf,0.0,175,175,28.515896,26.041667,82.236734,26.041667,0.0,0.0,0.0,0,175,0.5,0.5,0.0,5,0.0,0.0
CrlNetworkServices,SM,3,B3,27,4,1,1,27->28->32->33->24->25->3->4,27->28->32->33->24->25->3->4->1,16.058189,inf,0.0,196,196,20.87283,11.792453,60.344455,11.792453,0.0,0.0,0.0,0,196,0.5,0.5,0.0,5,0.0,0.0
CrlNetworkServices,SM,3,B3,28,4,4,0,28->32->33->24->25->3->4,28->32->33->24->25->3->4,8.190841,inf,0.0,175,175,8.190841,6.925208,42.79522,6.925208,0.0,0.0,0.0,0,175,0.5,0.5,0.0,5,0.0,0.0
CrlNetworkServices,SM,3,B3,29,4,4,0,29->28->32->33->24->25->3->4,29->28->32->33->24->25->3->4,9.266402,inf,0.0,196,196,9.266402,6.925208,43.870781,6.925208,0.0,0.0,0.0,0,196,0.5,0.5,0.0,5,0.0,0.0
CrlNetworkServices,SM,3,B3,30,4,4,0,30->31->33->24->25->3->4,30->29->28->32->33->24->25->3->4,92.194166,inf,0.0,113,113,9.981464,6.925208,44.585843,6.925208,0.0,0.0,0.0,0,113,0.5,0.5,0.0,5,0.0,0.0
CrlNetworkServices,SM,3,B3,31,3,3,0,31->33->24->25->3,31->33->24->25->3,48.866149,79.921418,0.0,187,187,48.866149,3.376097,79.921418,3.376097,0.0,0.0,0.0,0,187,0.5,0.5,0.0,5,0.0,0.0
CrlNetworkServices,SM,3,B3,32,3,3,0,32->33->24->25->3,32->33->24->25->3,6.219754,37.275022,0.0,158,158,6.219754,3.376097,37.275022,3.376097,0.0,0.0,0.0,0,158,0.5,0.5,0.0,5,0.0,0.0
CrlNetworkServices,SM,3,B3,33,3,3,0,33->24->25->3,33->24->25->3,5.978415,37.033684,0.0,191,191,5.978415,3.376097,37.033684,3.376097,0.0,0.0,0.0,0,191,0.5,0.5,0.0,5,0.0,0.0
CrlNetworkServices,SM,4,B1,1,1,1,0,1,,0.0,28.830184,0.0,164,164,0.0,1.570352,29.249523,1.570352,0.0,0.0,0.0,0,164.0,0.5,0.5,0.0,5,0.0,0.0
CrlNetworkServices,SM,4,B1,2,2,2,0,2,,0.0,28.82675,0.0,171,171,0.0,4.456328,32.1355,4.456328,0.0,0.0,0.0,0,171.0,0.5,0.5,0.0,5,0.0,0.0
CrlNetworkServices,SM,4,B1,3,3,3,0,3,,0.0,32.664216,0.0,151,151,0.0,4.985045,32.664216,4.985045,0.0,0.0,0.0,0,151,0.5,0.5,0.0,5,0.0,0.0
CrlNetworkServices,SM,4,B1,4,4,4,0,4,,0.0,inf,0.0,204,204,0.0,59.52381,87.202981,59.52381,0.0,0.0,0.0,0,204,0.5,0.5,0.0,5,0.0,0.0
CrlNetworkServices,SM,4,B1,5,5,6,1,5,,0.0,inf,0.0,150,150,3.055709,277.777778,308.512658,277.777778,0.0,0.0,0.0,0,150,0.5,0.5,0.0,5,0.0,0.0
CrlNetworkServices,SM,4,B1,6,6,6,0,6,,0.0,inf,0.0,151,151,0.0,277.777778,305.456949,277.777778,0.0,0.0,0.0,0,151,0.5,0.5,0.0,5,0.0,0.0
CrlNetworkServices,SM,4,B1,7,7,2,1,7,,0.0,inf,0.0,160,160,9.448297,4.456328,41.583796,4.456328,0.0,0.0,0.0,0,160.0,0.5,0.5,0.0,5,0.0,0.0
CrlNetworkServices,SM,4,B1,8,7,7,0,8->7,,2.927897,inf,0.0,196,196,2.927897,500.0,530.607068,500.0,0.0,0.0,0.0,0,196,0.5,0.5,0.0,5,0.0,0.0
CrlNetworkServices,SM,4,B1,9,7,7,0,9->7,,11.613081,inf,0.0,182,182,11.613081,500.0,539.292252,500.0,0.0,0.0,0.0,0,182,0.5,0.5,0.0,5,0.0,0.0
CrlNetworkServices,SM,4,B1,10,7,2,1,10->9->7,,17.334046,inf,0.0,215,215,26.782343,4.456328,58.917842,4.456328,0.0,0.0,0.0,0,215,0.5,0.5,0.0,5,0.0,0.0
CrlNetworkServices,SM,4,B1,11,7,7,0,11->14->7,,12.697715,inf,0.0,197,197,12.697715,500.0,540.376887,500.0,0.0,0.0,0.0,0,197,0.5,0.5,0.0,5,0.0,0.0
CrlNetworkServices,SM,4,B1,12,7,2,1,12->11->14->7,,21.637615,inf,0.0,272,272,31.085912,4.456328,63.221411,4.456328,0.0,0.0,0.0,0,272,0.5,0.5,0.0,5,0.0,0.0
CrlNetworkServices,SM,4,B1,13,6,6,0,13->9->7->6,,21.92336,inf,0.0,191,191,21.92336,277.777778,327.380309,277.777778,0.0,0.0,0.0,0,191,0.5,0.5,0.0,5,0.0,0.0
CrlNetworkServices,SM,4,B1,14,6,6,0,14->7->6,,12.435363,inf,0.0,172,172,12.435363,277.777778,317.892312,277.777778,0.0,0.0,0.0,0,172,0.5,0.5,0.0,5,0.0,0.0
CrlNetworkServices,SM,4,B1,15,6,6,0,15->19->10->9->7->6,,27.763235,inf,0.0,191,191,23.768954,277.777778,329.225903,277.777778,0.0,0.0,0.0,0,191,0.5,0.5,0.0,5,0.0,0.0
CrlNetworkServices,SM,4,B1,16,6,7,1,16->17->18->19->10->9->7->6,,28.012873,inf,0.0,243,243,24.393668,500.0,552.072839,500.0,0.0,0.0,0.0,0,243,0.5,0.5,0.0,5,0.0,0.0
CrlNetworkServices,SM,4,B1,17,6,5,1,17->18->19->10->9->7->6,,26.715269,inf,0.0,160,160,27.2069,1250.0,1304.886072,1250.0,0.0,0.0,0.0,0,160,0.5,0.5,0.0,5,0.0,0.0
CrlNetworkServices,SM,4,B1,18,5,5,0,18->19->10->9->7->8->5,,25.762346,inf,0.0,195,195,25.762346,1250.0,1303.441517,1250.0,0.0,0.0,0.0,0,195,0.5,0.5,0.0,5,0.0,0.0
CrlNetworkServices,SM,4,B1,19,6,6,0,19->10->9->7->6,,24.698677,inf,0.0,175,175,24.698677,277.777778,330.155626,277.777778,0.0,0.0,0.0,0,175,0.5,0.5,0.0,5,0.0,0.0
CrlNetworkServices,SM,4,B1,20,5,5,0,20->14->7->8->5,,17.110572,inf,0.0,187,187,17.110572,1250.0,1294.789743,1250.0,0.0,0.0,0.0,0,187.0,0.5,0.5,0.0,5,0.0,0.0
CrlNetworkServices,SM,4,B1,21,5,5,0,21->20->14->7->8->5,,20.956698,inf,0.0,160,160,20.956698,1250.0,1298.635869,1250.0,0.0,0.0,0.0,0,160.0,0.5,0.5,0.0,5,0.0,0.0
CrlNetworkServices,SM,4,B1,22,5,5,0,22->21->20->14->7->8->5,,22.408833,inf,0.0,199,199,22.408833,1250.0,1300.088005,1250.0,0.0,0.0,0.0,0,199,0.5,0.5,0.0,5,0.0,0.0
CrlNetworkServices,SM,4,B1,23,5,7,1,23->22->21->20->14->7->8->5,,31.27586,inf,0.0,224,224,27.165024,500.0,554.844195,500.0,0.0,0.0,0.0,0,224,0.5,0.5,0.0,5,0.0,0.0
CrlNetworkServices,SM,4,B1,24,4,4,0,24->25->3->4,,6.737257,inf,0.0,182,182,6.737257,59.52381,93.940238,59.52381,0.0,0.0,0.0,0,182,0.5,0.5,0.0,5,0.0,0.0
CrlNetworkServices,SM,4,B1,25,4,1,1,25->3->4,,1.816433,inf,0.0,232,232,6.631074,1.570352,35.880598,1.570352,0.0,0.0,0.0,0,232,0.5,0.5,0.0,5,0.0,0.0
CrlNetworkServices,SM,4,B1,26,4,4,0,26->27->28->32->33->24->25->3->4,,18.388414,inf,0.0,236,236,18.388414,59.52381,105.591395,59.52381,0.0,0.0,0.0,0,236,0.5,0.5,0.0,5,0.0,0.0
CrlNetworkServices,SM,4,B1,27,4,4,0,27->28->32->33->24->25->3->4,,16.058189,inf,0.0,193,193,16.058189,59.52381,103.26117,59.52381,0.0,0.0,0.0,0,193,0.5,0.5,0.0,5,0.0,0.0
CrlNetworkServices,SM,4,B1,28,4,4,0,28->32->33->24->25->3->4,,8.190841,inf,0.0,201,201,8.190841,59.52381,95.393822,59.52381,0.0,0.0,0.0,0,201,0.5,0.5,0.0,5,0.0,0.0
CrlNetworkServices,SM,4,B1,29,3,3,0,29->28->32->33->24->25->3,,7.837924,40.502141,0.0,194,194,7.837924,4.985045,40.502141,4.985045,0.0,0.0,0.0,0,194,0.5,0.5,0.0,5,0.0,0.0
CrlNetworkServices,SM,4,B1,30,3,3,0,30->29->28->32->33->24->25->3,,8.552987,41.217203,0.0,221,221,8.552987,4.985045,41.217203,4.985045,0.0,0.0,0.0,0,221,0.5,0.5,0.0,5,0.0,0.0
CrlNetworkServices,SM,4,B1,31,5,5,0,31->33->12->11->14->7->8->5,,83.921877,inf,0.0,131,131,73.981242,1250.0,1351.660414,1250.0,0.0,0.0,0.0,0,131,0.5,0.5,0.0,5,0.0,0.0
CrlNetworkServices,SM,4,B1,32,3,3,0,32->33->24->25->3,,6.219754,38.88397,0.0,170,170,6.219754,4.985045,38.88397,4.985045,0.0,0.0,0.0,0,170,0.5,0.5,0.0,5,0.0,0.0
CrlNetworkServices,SM,4,B1,33,3,3,0,33->24->25->3,,5.978415,38.642632,0.0,177,177,5.978415,4.985045,38.642632,4.985045,0.0,0.0,0.0,0,177,0.5,0.5,0.0,5,0.0,0.0
CrlNetworkServices,SM,4,B3,1,1,1,0,1,1,0.0,28.830184,0.0,164,164,0.0,5.005005,32.684177,5.005005,0.0,0.0,0.0,0,164.0,0.5,0.5,0.0,5,0.0,0.0
CrlNetworkServices,SM,4,B3,2,2,2,0,2,2,0.0,28.82675,0.0,171,171,0.0,inf,inf,inf,0.0,0.0,0.0,0,171.0,0.5,0.5,0.0,5,0.0,0.0
CrlNetworkServices,SM,4,B3,3,3,3,0,3,3,0.0,32.664216,0.0,151,151,0.0,2.698327,30.377499,2.698327,0.0,0.0,0.0,0,151,0.5,0.5,0.0,5,0.0,0.0
CrlNetworkServices,SM,4,B3,4,4,4,0,4,4,0.0,inf,0.0,204,204,0.0,4.930966,32.610138,4.930966,0.0,0.0,0.0,0,204,0.5,0.5,0.0,5,0.0,0.0
CrlNetworkServices,SM,4,B3,5,5,5,0,5,5,0.0,inf,0.0,150,150,0.0,7.052186,34.731358,7.052186,0.0,0.0,0.0,0,150,0.5,0.5,0.0,5,0.0,0.0
CrlNetworkServices,SM,4,B3,6,6,6,0,6,6,0.0,inf,0.0,151,151,0.0,6.510417,34.189588,6.510417,0.0,0.0,0.0,0,151,0.5,0.5,0.0,5,0.0,0.0
CrlNetworkServices,SM,4,B3,7,7,7,0,7,7,0.0,inf,0.0,160,160,0.0,3.448276,31.127447,3.448276,0.0,0.0,0.0,0,160.0,0.5,0.5,0.0,5,0.0,0.0
CrlNetworkServices,SM,4,B3,8,7,1,1,8->7,8->7->2->1,2.927897,inf,0.0,196,196,17.689035,5.005005,50.373212,5.005005,0.0,0.0,0.0,0,196,0.5,0.5,0.0,5,0.0,0.0
CrlNetworkServices,SM,4,B3,9,7,7,0,9->7,9->7,11.613081,inf,0.0,182,182,11.613081,3.448276,42.740528,3.448276,0.0,0.0,0.0,0,182,0.5,0.5,0.0,5,0.0,0.0
CrlNetworkServices,SM,4,B3,10,7,7,0,10->9->7,10->9->7,17.334046,inf,0.0,215,215,17.334046,3.448276,48.461493,3.448276,0.0,0.0,0.0,0,215,0.5,0.5,0.0,5,0.0,0.0
CrlNetworkServices,SM,4,B3,11,7,7,0,11->14->7,11->14->7,12.697715,inf,0.0,197,197,12.697715,3.448276,43.825163,3.448276,0.0,0.0,0.0,0,197,0.5,0.5,0.0,5,0.0,0.0
CrlNetworkServices,SM,4,B3,12,7,2,1,12->11->14->7,12->11->14->7->2,21.637615,inf,0.0,272,272,31.085912,inf,inf,inf,0.0,0.0,0.0,0,272,0.5,0.5,0.0,5,0.0,0.0
CrlNetworkServices,SM,4,B3,13,6,6,0,13->9->7->6,13->9->7->6,21.92336,inf,0.0,191,191,21.92336,6.510417,56.112948,6.510417,0.0,0.0,0.0,0,191,0.5,0.5,0.0,5,0.0,0.0
CrlNetworkServices,SM,4,B3,14,6,6,0,14->7->6,14->7->6,12.435363,inf,0.0,172,172,12.435363,6.510417,46.624951,6.510417,0.0,0.0,0.0,0,172,0.5,0.5,0.0,5,0.0,0.0
CrlNetworkServices,SM,4,B3,15,6,6,0,15->19->10->9->7->6,15->22->21->20->14->7->6,27.763235,inf,0.0,191,191,23.768954,6.510417,57.958542,6.510417,0.0,0.0,0.0,0,191,0.5,0.5,0.0,5,0.0,0.0
CrlNetworkServices,SM,4,B3,16,6,2,1,16->17->18->19->10->9->7->6,16->17->18->19->10->9->7->2,28.012873,inf,0.0,243,243,33.841965,inf,inf,inf,0.0,0.0,0.0,0,243,0.5,0.5,0.0,5,0.0,0.0
CrlNetworkServices,SM,4,B3,17,6,1,1,17->18->19->10->9->7->6,17->18->19->10->9->7->2->1,26.715269,inf,0.0,160,160,37.857202,5.005005,70.541379,5.005005,0.0,0.0,0.0,0,160,0.5,0.5,0.0,5,0.0,0.0
CrlNetworkServices,SM,4,B3,18,5,5,0,18->19->10->9->7->8->5,18->19->10->9->7->8->5,25.762346,inf,0.0,195,195,25.762346,7.052186,60.493703,7.052186,0.0,0.0,0.0,0,195,0.5,0.5,0.0,5,0.0,0.0
CrlNetworkServices,SM,4,B3,19,6,6,0,19->10->9->7->6,19->10->9->7->6,24.698677,inf,0.0,175,175,24.698677,6.510417,58.888265,6.510417,0.0,0.0,0.0,0,175,0.5,0.5,0.0,5,0.0,0.0
CrlNetworkServices,SM,4,B3,20,5,5,0,20->14->7->8->5,20->14->7->8->5,17.110572,inf,0.0,187,187,17.110572,7.052186,51.84193,7.052186,0.0,0.0,0.0,0,187.0,0.5,0.5,0.0,5,0.0,0.0
CrlNetworkServices,SM,4,B3,21,5,5,0,21->20->14->7->8->5,21->20->14->7->8->5,20.956698,inf,0.0,160,160,20.956698,7.052186,55.688055,7.052186,0.0,0.0,0.0,0,160.0,0.5,0.5,0.0,5,0.0,0.0
CrlNetworkServices,SM,4,B3,22,5,5,0,22->21->20->14->7->8->5,22->21->20->14->7->8->5,22.408833,inf,0.0,199,199,22.408833,7.052186,57.140191,7.052186,0.0,0.0,0.0,0,199,0.5,0.5,0.0,5,0.0,0.0
CrlNetworkServices,SM,4,B3,23,5,2,1,23->22->21->20->14->7->8->5,23->22->21->20->14->7->2,31.27586,inf,0.0,224,224,36.61332,inf,inf,inf,0.0,0.0,0.0,0,224,0.5,0.5,0.0,5,0.0,0.0
CrlNetworkServices,SM,4,B3,24,4,1,1,24->25->3->4,24->25->3->4->1,6.737257,inf,0.0,182,182,11.551898,5.005005,44.236074,5.005005,0.0,0.0,0.0,0,182,0.5,0.5,0.0,5,0.0,0.0
CrlNetworkServices,SM,4,B3,25,4,4,0,25->3->4,25->3->4,1.816433,inf,0.0,232,232,1.816433,4.930966,34.426571,4.930966,0.0,0.0,0.0,0,232,0.5,0.5,0.0,5,0.0,0.0
CrlNetworkServices,SM,4,B3,26,4,2,1,26->27->28->32->33->24->25->3->4,26->27->28->32->33->24->25->3->4->1->2,18.388414,inf,0.0,236,236,28.515896,inf,inf,inf,0.0,0.0,0.0,0,236,0.5,0.5,0.0,5,0.0,0.0
CrlNetworkServices,SM,4,B3,27,4,4,0,27->28->32->33->24->25->3->4,27->28->32->33->24->25->3->4,16.058189,inf,0.0,193,193,16.058189,4.930966,48.668327,4.930966,0.0,0.0,0.0,0,193,0.5,0.5,0.0,5,0.0,0.0
CrlNetworkServices,SM,4,B3,28,4,4,0,28->32->33->24->25->3->4,28->32->33->24->25->3->4,8.190841,inf,0.0,201,201,8.190841,4.930966,40.800979,4.930966,0.0,0.0,0.0,0,201,0.5,0.5,0.0,5,0.0,0.0
CrlNetworkServices,SM,4,B3,29,3,3,0,29->28->32->33->24->25->3,29->28->32->33->24->25->3,7.837924,40.502141,0.0,194,194,7.837924,2.698327,38.215423,2.698327,0.0,0.0,0.0,0,194,0.5,0.5,0.0,5,0.0,0.0
CrlNetworkServices,SM,4,B3,30,3,3,0,30->29->28->32->33->24->25->3,30->29->28->32->33->24->25->3,8.552987,41.217203,0.0,221,221,8.552987,2.698327,38.930485,2.698327,0.0,0.0,0.0,0,221,0.5,0.5,0.0,5,0.0,0.0
CrlNetworkServices,SM,4,B3,31,5,1,1,31->33->12->11->14->7->8->5,31->33->24->25->3->4->1,83.921877,inf,0.0,131,131,55.109267,5.005005,87.793444,5.005005,0.0,0.0,0.0,0,131,0.5,0.5,0.0,5,0.0,0.0
CrlNetworkServices,SM,4,B3,32,3,2,1,32->33->24->25->3,32->33->24->25->3->4->1->2,6.219754,38.88397,0.0,170,170,17.775714,inf,inf,inf,inf,0.0,0.0,0,170,0.5,0.5,0.0,5,0.0,0.0
CrlNetworkServices,SM,4,B3,33,3,3,0,33->24->25->3,33->24->25->3,5.978415,38.642632,0.0,177,177,5.978415,2.698327,36.355914,2.698327,0.0,0.0,0.0,0,177,0.5,0.5,0.0,5,0.0,0.0
Geant2010,SM,0,B1,1,1,1,0,1,,0.0,24.978352,0.0,204,204,0.0,41.322314,64.976514,41.322314,0.0,0.0,0.0,0,204,0.5,0.5,0.0,5,0.0,0.0
Geant2010,SM,0,B1,2,2,2,0,2,,0.0,24.957641,0.0,192,192,0.0,2.221235,25.875435,2.221235,0.0,0.0,0.0,0,192,0.5,0.5,0.0,5,0.0,0.0
Geant2010,SM,0,B1,3,3,3,0,3,,0.0,25.680953,0.0,221,221,0.0,2.026753,25.680953,2.026753,0.0,0.0,0.0,0,221.0,0.5,0.5,0.0,5,0.0,0.0
Geant2010,SM,0,B1,4,4,4,0,4,,0.0,inf,0.0,209,209,0.0,17.857143,41.511342,17.857143,0.0,0.0,0.0,0,209,0.5,0.5,0.0,5,0.0,0.0
Geant2010,SM,0,B1,5,5,5,0,5,,0.0,inf,0.0,189,189,0.0,312.5,336.1542,312.5,0.0,0.0,0.0,0,189.0,0.5,0.5,0.0,5,0.0,0.0
Geant2010,SM,0,B1,6,6,6,0,6,,0.0,inf,0.0,185,185,0.0,89.285714,112.939914,89.285714,0.0,0.0,0.0,0,185,0.5,0.5,0.0,5,0.0,0.0
Geant2010,SM,0,B1,7,7,7,0,7,,0.0,inf,0.0,213,213,0.0,454.545455,478.199654,454.545455,0.0,0.0,0.0,0,213.0,0.5,0.5,0.0,5,0.0,0.0
Geant2010,SM,0,B1,8,8,8,0,8,,0.0,inf,0.0,168,168,0.0,10.615711,34.269911,10.615711,0.0,0.0,0.0,0,168,0.5,0.5,0.0,5,0.0,0.0
Geant2010,SM,0,B1,9,8,8,0,9->8,,4.359944,inf,0.0,152,152,4.359944,10.615711,38.629855,10.615711,0.0,0.0,0.0,0,152,0.5,0.5,0.0,5,0.0,0.0
Geant2010,SM,0,B1,10,8,8,0,10->9->8,,6.487704,inf,0.0,165,165,6.487704,10.615711,40.757615,10.615711,0.0,0.0,0.0,0,165,0.5,0.5,0.0,5,0.0,0.0
Geant2010,SM,0,B1,11,8,2,1,11->14->10->9->8,,26.37185,inf,0.0,162,162,19.855129,2.221235,45.730563,2.221235,0.0,0.0,0.0,0,162,0.5,0.5,0.0,5,0.0,0.0
Geant2010,SM,0,B1,12,8,2,1,12->20->21->6->5->7->8,,19.882986,inf,0.0,155,155,19.992942,2.221235,45.868377,2.221235,0.0,0.0,0.0,0,155,0.5,0.5,0.0,5,0.0,0.0
Geant2010,SM,0,B1,13,8,8,0,13->12->20->21->27->10->23->8,,46.749968,inf,0.0,217,217,28.845258,10.615711,63.115169,10.615711,0.0,0.0,0.0,0,217,0.5,0.5,0.0,5,0.0,0.0
Geant2010,SM,0,B1,14,8,8,0,14->10->9->8,,21.122295,inf,0.0,163,163,21.122295,10.615711,55.392205,10.615711,0.0,0.0,0.0,0,163,0.5,0.5,0.0,5,0.0,0.0
Geant2010,SM,0,B1,15,7,7,0,15->10->9->5->7,,31.071325,inf,0.0,175,175,29.91753,454.545455,508.117184,454.545455,0.0,0.0,0.0,0,175,0.5,0.5,0.0,5,0.0,0.0
Geant2010,SM,0,B1,16,7,1,1,16->5->7,,31.814555,inf,0.0,197,197,33.544182,41.322314,98.520696,41.322314,0.0,0.0,0.0,0,197,0.5,0.5,0.0,5,0.0,0.0
Geant2010,SM,0,B1,17,7,7,0,17->10->9->8->7,,20.857726,inf,0.0,203,203,19.177378,454.545455,497.377032,454.545455,0.0,0.0,0.0,0,203,0.5,0.5,0.0,5,0.0,0.0
Geant2010,SM,0,B1,18,7,7,0,18->11->14->27->5->7,,27.728133,inf,0.0,190,190,18.129405,454.545455,496.329059,454.545455,0.0,0.0,0.0,0,190,0.5,0.5,0.0,5,0.0,0.0
Geant2010,SM,0,B1,19,7,7,0,19->25->26->27->5->7,,16.447208,inf,0.0,176,176,16.447208,454.545455,494.646862,454.545455,0.0,0.0,0.0,0,176,0.5,0.5,0.0,5,0.0,0.0
Geant2010,SM,0,B1,20,6,6,0,20->21->6,,4.53283,inf,0.0,147,147,4.53283,89.285714,117.472743,89.285714,0.0,0.0,0.0,0,147.0,0.5,0.5,0.0,5,0.0,0.0
Geant2010,SM,0,B1,21,6,6,0,21->6,,2.914876,inf,0.0,170,170,2.914876,89.285714,115.85479,89.285714,0.0,0.0,0.0,0,170.0,0.5,0.5,0.0,5,0.0,0.0
Geant2010,SM,0,B1,22,6,6,0,22->23->9->5->6,,24.310768,inf,0.0,152,152,24.310768,89.285714,137.250682,89.285714,0.0,0.0,0.0,0,152,0.5,0.5,0.0,5,0.0,0.0
Geant2010,SM,0,B1,23,6,5,1,23->9->5->6,,19.278012,inf,0.0,191,191,15.174145,312.5,351.328344,312.5,0.0,0.0,0.0,0,191,0.5,0.5,0.0,5,0.0,0.0
Geant2010,SM,0,B1,24,6,5,1,24->20->21->6,,7.723167,inf,0.0,206,206,11.351049,312.5,347.505249,312.5,0.0,0.0,0.0,0,206,0.5,0.5,0.0,5,0.0,0.0
Geant2010,SM,0,B1,25,5,5,0,25->26->27->5,,9.94978,inf,0.0,162,162,9.94978,312.5,346.103979,312.5,0.0,0.0,0.0,0,162,0.5,0.5,0.0,5,0.0,0.0
Geant2010,SM,0,B1,26,6,6,0,26->27->5->6,,12.881476,inf,0.0,135,135,6.250629,89.285714,119.190543,89.285714,0.0,0.0,0.0,0,135,0.5,0.5,0.0,5,0.0,0.0
Geant2010,SM,0,B1,27,5,1,1,27->5,,5.992306,inf,0.0,133,133,9.641609,41.322314,74.618122,41.322314,0.0,0.0,0.0,0,133.0,0.5,0.5,0.0,5,0.0,0.0
Geant2010,SM,0,B1,28,5,5,0,28->4->5,,11.666446,inf,0.0,208,208,11.666446,312.5,347.820646,312.5,0.0,0.0,0.0,0,208,0.5,0.5,0.0,5,0.0,0.0
Geant2010,SM,0,B1,29,5,1,1,29->5,,20.266678,inf,0.0,228,228,21.883069,41.322314,86.859583,41.322314,0.0,0.0,0.0,0,228,0.5,0.5,0.0,5,0.0,0.0
Geant2010,SM,0,B1,30,5,1,1,30->3->5,,27.824171,inf,0.0,173,173,23.866538,41.322314,88.843052,41.322314,0.0,0.0,0.0,0,173,0.5,0.5,0.0,5,0.0,0.0
Geant2010,SM,0,B1,31,4,6,1,31->32->8->7->5->4,,19.206306,inf,0.0,159,159,16.99271,89.285714,129.932624,89.285714,0.0,0.0,0.0,0,159,0.5,0.5,0.0,5,0.0,0.0
Geant2010,SM,0,B1,32,4,4,0,32->8->9->5->4,,17.758417,inf,0.0,172,172,14.558227,17.857143,56.06957,17.857143,0.0,0.0,0.0,0,172,0.5,0.5,0.0,5,0.0,0.0
Geant2010,SM,0,B1,33,4,4,0,33->3->5->4,,20.227605,inf,0.0,184,184,20.227605,17.857143,61.738947,17.857143,0.0,0.0,0.0,0,184,0.5,0.5,0.0,5,0.0,0.0
Geant2010,SM,0,B1,34,4,4,0,34->3->5->4,,18.266476,inf,0.0,190,190,18.266476,17.857143,59.777818,17.857143,0.0,0.0,0.0,0,190,0.5,0.5,0.0,5,0.0,0.0
Geant2010,SM,0,B1,35,4,4,0,35->34->3->5->4,,20.928919,inf,0.0,153,153,20.928919,17.857143,62.440262,17.857143,0.0,0.0,0.0,0,153,0.5,0.5,0.0,5,0.0,0.0
Geant2010,SM,0,B1,36,3,3,0,36->3,,8.394786,34.075739,0.0,153,153,8.394786,2.026753,34.075739,2.026753,0.0,0.0,0.0,0,153,0.5,0.5,0.0,5,0.0,0.0
Geant2010,SM,0,B1,37,3,3,0,37->36->3,,11.195232,36.876185,0.0,179,179,11.195232,2.026753,36.876185,2.026753,0.0,0.0,0.0,0,179,0.5,0.5,0.0,5,0.0,0.0
Geant2010,SM,0,B3,1,1,1,0,1,1,0.0,24.978352,0.0,204,204,0.0,inf,inf,inf,0.0,0.0,0.0,0,204,0.5,0.5,0.0,5,0.0,0.0
Geant2010,SM,0,B3,2,2,2,0,2,2,0.0,24.957641,0.0,192,192,0.0,inf,inf,inf,0.0,0.0,0.0,0,192,0.5,0.5,0.0,5,0.0,0.0
Geant2010,SM,0,B3,3,3,3,0,3,3,0.0,25.680953,0.0,221,221,0.0,2.026753,25.680953,2.026753,0.0,0.0,0.0,0,221.0,0.5,0.5,0.0,5,0.0,0.0
Geant2010,SM,0,B3,4,4,4,0,4,4,0.0,inf,0.0,209,209,0.0,4.166667,27.820866,4.166667,0.0,0.0,0.0,0,209,0.5,0.5,0.0,5,0.0,0.0
Geant2010,SM,0,B3,5,5,5,0,5,5,0.0,inf,0.0,189,189,0.0,4.401408,28.055608,4.401408,0.0,0.0,0.0,0,189.0,0.5,0.5,0.0,5,0.0,0.0
Geant2010,SM,0,B3,6,6,6,0,6,6,0.0,inf,0.0,185,185,0.0,7.451565,31.105764,7.451565,0.0,0.0,0.0,0,185,0.5,0.5,0.0,5,0.0,0.0
Geant2010,SM,0,B3,7,7,7,0,7,7,0.0,inf,0.0,213,213,0.0,5.458515,29.112715,5.458515,0.0,0.0,0.0,0,213.0,0.5,0.5,0.0,5,0.0,0.0
Geant2010,SM,0,B3,8,8,8,0,8,8,0.0,inf,0.0,168,168,0.0,6.702413,30.356612,6.702413,0.0,0.0,0.0,0,168,0.5,0.5,0.0,5,0.0,0.0
Geant2010,SM,0,B3,9,8,8,0,9->8,9->8,4.359944,inf,0.0,152,152,4.359944,6.702413,34.716556,6.702413,0.0,0.0,0.0,0,152,0.5,0.5,0.0,5,0.0,0.0
Geant2010,SM,0,B3,10,8,8,0,10->9->8,10->9->8,6.487704,inf,0.0,165,165,6.487704,6.702413,36.844317,6.702413,0.0,0.0,0.0,0,165,0.5,0.5,0.0,5,0.0,0.0
Geant2010,SM,0,B3,11,8,8,0,11->14->10->9->8,11->20->21->27->5->7->8,26.37185,inf,0.0,162,162,19.269187,6.702413,49.625799,6.702413,0.0,0.0,0.0,0,162,0.5,0.5,0.0,5,0.0,0.0
Geant2010,SM,0,B3,12,8,1,1,12->20->21->6->5->7->8,12->20->21->27->5->1,19.882986,inf,0.0,155,155,18.256905,inf,inf,inf,0.0,0.0,0.0,0,155,0.5,0.5,0.0,5,0.0,0.0
Geant2010,SM,0,B3,13,8,2,1,13->12->20->21->27->10->23->8,13->12->20->21->27->5->1->2,46.749968,inf,0.0,217,217,29.4312,inf,inf,inf,0.0,0.0,0.0,0,217,0.5,0.5,0.0,5,0.0,0.0
Geant2010,SM,0,B3,14,8,8,0,14->10->9->8,14->10->9->8,21.122295,inf,0.0,163,163,21.122295,6.702413,51.478907,6.702413,0.0,0.0,0.0,0,163,0.5,0.5,0.0,5,0.0,0.0
Geant2010,SM,0,B3,15,7,1,1,15->10->9->5->7,15->14->27->5->1,31.071325,inf,0.0,175,175,31.647157,inf,inf,inf,0.0,0.0,0.0,0,175,0.5,0.5,0.0,5,0.0,0.0
Geant2010,SM,0,B3,16,7,7,0,16->5->7,16->5->7,31.814555,inf,0.0,197,197,31.814555,5.458515,60.92727,5.458515,0.0,0.0,0.0,0,197,0.5,0.5,0.0,5,0.0,0.0
Geant2010,SM,0,B3,17,7,2,1,17->10->9->8->7,17->10->9->5->1->2,20.857726,inf,0.0,203,203,22.643042,inf,inf,inf,0.0,0.0,0.0,0,203,0.5,0.5,0.0,5,0.0,0.0
Geant2010,SM,0,B3,18,7,7,0,18->11->14->27->5->7,18->11->20->21->27->5->7,27.728133,inf,0.0,190,190,18.129405,5.458515,47.24212,5.458515,0.0,0.0,0.0,0,190,0.5,0.5,0.0,5,0.0,0.0
Geant2010,SM,0,B3,19,7,7,0,19->25->26->27->5->7,19->25->26->27->5->7,16.447208,inf,0.0,176,176,16.447208,5.458515,45.559923,5.458515,0.0,0.0,0.0,0,176,0.5,0.5,0.0,5,0.0,0.0
Geant2010,SM,0,B3,20,6,6,0,20->21->6,20->21->6,4.53283,inf,0.0,147,147,4.53283,7.451565,35.638594,7.451565,0.0,0.0,0.0,0,147.0,0.5,0.5,0.0,5,0.0,0.0
Geant2010,SM,0,B3,21,6,1,1,21->6,21->27->5->1,2.914876,inf,0.0,170,170,10.19206,inf,inf,inf,0.0,0.0,0.0,0,170.0,0.5,0.5,0.0,5,0.0,0.0
Geant2010,SM,0,B3,22,6,6,0,22->23->9->5->6,22->23->9->5->6,24.310768,inf,0.0,152,152,24.310768,7.451565,55.416532,7.451565,0.0,0.0,0.0,0,152,0.5,0.5,0.0,5,0.0,0.0
Geant2010,SM,0,B3,23,6,2,1,23->9->5->6,23->8->32->2,19.278012,inf,0.0,191,191,17.179385,inf,inf,inf,0.0,0.0,0.0,0,191,0.5,0.5,0.0,5,0.0,0.0
Geant2010,SM,0,B3,24,6,6,0,24->20->21->6,24->20->21->6,7.723167,inf,0.0,206,206,7.723167,7.451565,38.828932,7.451565,0.0,0.0,0.0,0,206,0.5,0.5,0.0,5,0.0,0.0
Geant2010,SM,0,B3,25,5,5,0,25->26->27->5,25->26->27->5,9.94978,inf,0.0,162,162,9.94978,4.401408,38.005388,4.401408,0.0,0.0,0.0,0,162,0.5,0.5,0.0,5,0.0,0.0
Geant2010,SM,0,B3,26,6,6,0,26->27->5->6,26->27->21->6,12.881476,inf,0.0,135,135,6.250629,7.451565,37.356393,7.451565,0.0,0.0,0.0,0,135,0.5,0.5,0.0,5,0.0,0.0
Geant2010,SM,0,B3,27,5,1,1,27->5,27->5->1,5.992306,inf,0.0,133,133,9.641609,inf,inf,inf,0.0,0.0,0.0,0,133.0,0.5,0.5,0.0,5,0.0,0.0
Geant2010,SM,0,B3,28,5,5,0,28->4->5,28->4->5,11.666446,inf,0.0,208,208,11.666446,4.401408,39.722054,4.401408,0.0,0.0,0.0,0,208,0.5,0.5,0.0,5,0.0,0.0
Geant2010,SM,0,B3,29,5,2,1,29->5,29->3->1->2,20.266678,inf,0.0,228,228,23.619106,inf,inf,inf,0.0,0.0,0.0,0,228,0.5,0.5,0.0,5,0.0,0.0
Geant2010,SM,0,B3,30,5,5,0,30->3->5,30->32->8->7->5,27.824171,inf,0.0,173,173,27.158442,4.401408,55.21405,4.401408,0.0,0.0,0.0,0,173,0.5,0.5,0.0,5,0.0,0.0
Geant2010,SM,0,B3,31,4,4,0,31->32->8->7->5->4,31->32->8->7->5->4,19.206306,inf,0.0,159,159,19.206306,4.166667,47.027172,4.166667,0.0,0.0,0.0,0,159,0.5,0.5,0.0,5,0.0,0.0
Geant2010,SM,0,B3,32,4,4,0,32->8->9->5->4,32->8->7->5->4,17.758417,inf,0.0,172,172,14.558227,4.166667,42.379094,4.166667,0.0,0.0,0.0,0,172,0.5,0.5,0.0,5,0.0,0.0
Geant2010,SM,0,B3,33,4,4,0,33->3->5->4,33->3->5->4,20.227605,inf,0.0,184,184,20.227605,4.166667,48.048471,4.166667,0.0,0.0,0.0,0,184,0.5,0.5,0.0,5,0.0,0.0
Geant2010,SM,0,B3,34,4,2,1,34->3->5->4,34->3->1->2,18.266476,inf,0.0,190,190,13.19627,inf,inf,inf,0.0,0.0,0.0,0,190,0.5,0.5,0.0,5,0.0,0.0
Geant2010,SM,0,B3,35,4,1,1,35->34->3->5->4,35->34->3->1,20.928919,inf,0.0,153,153,14.122678,inf,inf,inf,0.0,0.0,0.0,0,153,0.5,0.5,0.0,5,0.0,0.0
Geant2010,SM,0,B3,36,3,3,0,36->3,36->3,8.394786,34.075739,0.0,153,153,8.394786,2.026753,34.075739,2.026753,0.0,0.0,0.0,0,153,0.5,0.5,0.0,5,0.0,0.0
Geant2010,SM,0,B3,37,3,3,0,37->36->3,37->36->3,11.195232,36.876185,0.0,179,179,11.195232,2.026753,36.876185,2.026753,0.0,0.0,0.0,0,179,0.5,0.5,0.0,5,0.0,0.0
Geant2010,SM,0,MCF_ARC,1,1,1,0,1,1,0.0,24.978352,0.0,204,204,0.0,7.130024,30.447678,6.793478,0.0,0.0,0.0,0,204,0.5,0.5,0.0,5,0.0,0.0
Geant2010,SM,0,MCF_ARC,2,2,2,0,2,2,0.0,24.957641,0.0,192,192,0.0,4.924932,28.551359,4.89716,0.0,0.0,0.0,0,192,0.5,0.5,0.0,5,0.0,0.0
Geant2010,SM,0,MCF_ARC,3,3,3,0,3,3,0.0,25.680953,0.0,221,221,0.0,2.038649,25.680953,2.026753,0.0,0.0,0.0,0,221.0,0.5,0.5,0.0,5,0.0,0.0
Geant2010,SM,0,MCF_ARC,4,4,4,0,4,4,0.0,inf,0.0,209,209,0.0,20.446973,43.6542,20.0,0.0,0.0,0.0,0,209,0.5,0.5,0.0,5,0.0,0.0
Geant2010,SM,0,MCF_ARC,5,5,5,0,5,5,0.0,inf,0.0,189,189,0.0,20.473737,43.574518,19.920319,0.0,0.0,0.0,0,189.0,0.5,0.5,0.0,5,0.0,0.0
Geant2010,SM,0,MCF_ARC,6,6,6,0,6,6,0.0,inf,0.0,185,185,0.0,19.632281,41.770142,18.115942,0.0,0.0,0.0,0,185,0.5,0.5,0.0,5,0.0,0.0
Geant2010,SM,0,MCF_ARC,7,7,7,0,7,7,0.0,inf,0.0,213,213,0.0,20.473737,43.574518,19.920319,0.0,0.0,0.0,0,213.0,0.5,0.5,0.0,5,0.0,0.0
Geant2010,SM,0,MCF_ARC,8,8,8,0,8,8,0.0,inf,0.0,168,168,0.0,14.751839,35.530684,11.876485,0.0,0.0,0.0,0,168,0.5,0.5,0.0,5,0.0,0.0
Geant2010,SM,0,MCF_ARC,9,8,5,1,9->8,9->5,4.359944,inf,0.0,152,152,3.639643,20.473737,47.214161,19.920319,0.0,0.0,0.0,0,152,0.5,0.5,0.0,5,0.0,0.0
Geant2010,SM,0,MCF_ARC,10,8,8,0,10->9->8,10->9->8,6.487704,inf,0.0,165,165,6.487704,14.751839,42.018388,11.876485,0.0,0.0,0.0,0,165,0.5,0.5,0.0,5,0.0,0.0
Geant2010,SM,0,MCF_ARC,11,8,8,0,11->14->10->9->8,11->20->21->27->5->7->8,26.37185,inf,0.0,162,162,19.269187,14.751839,54.799871,11.876485,0.0,0.0,0.0,0,162,0.5,0.5,0.0,5,0.0,0.0
Geant2010,SM,0,MCF_ARC,12,8,7,1,12->20->21->6->5->7->8,12->20->21->27->5->7,19.882986,inf,0.0,155,155,16.527278,20.473737,60.101797,19.920319,0.0,0.0,0.0,0,155,0.5,0.5,0.0,5,0.0,0.0
Geant2010,SM,0,MCF_ARC,13,8,8,0,13->12->20->21->27->10->23->8,13->12->20->21->6->5->7->8,46.749968,inf,0.0,217,217,29.321244,14.751839,64.851928,11.876485,0.0,0.0,0.0,0,217,0.5,0.5,0.0,5,0.0,0.0
Geant2010,SM,0,MCF_ARC,14,8,8,0,14->10->9->8,14->10->9->8,21.122295,inf,0.0,163,163,21.122295,14.751839,56.652979,11.876485,0.0,0.0,0.0,0,163,0.5,0.5,0.0,5,0.0,0.0
Geant2010,SM,0,MCF_ARC,15,7,7,0,15->10->9->5->7,15->14->27->5->7,31.071325,inf,0.0,175,175,29.91753,20.473737,73.492048,19.920319,0.0,0.0,0.0,0,175,0.5,0.5,0.0,5,0.0,0.0
Geant2010,SM,0,MCF_ARC,16,7,1,1,16->5->7,16->5->1,31.814555,inf,0.0,197,197,33.544182,7.130024,63.99186,6.793478,0.0,0.0,0.0,0,197,0.5,0.5,0.0,5,0.0,0.0
Geant2010,SM,0,MCF_ARC,17,7,1,1,17->10->9->8->7,17->10->9->5->1,20.857726,inf,0.0,203,203,20.907005,7.130024,51.354683,6.793478,0.0,0.0,0.0,0,203,0.5,0.5,0.0,5,0.0,0.0
Geant2010,SM,0,MCF_ARC,18,7,7,0,18->11->14->27->5->7,18->11->20->21->27->5->7,27.728133,inf,0.0,190,190,18.129405,20.473737,61.703923,19.920319,0.0,0.0,0.0,0,190,0.5,0.5,0.0,5,0.0,0.0
Geant2010,SM,0,MCF_ARC,19,7,7,0,19->25->26->27->5->7,19->25->26->27->5->7,16.447208,inf,0.0,176,176,16.447208,20.473737,60.021726,19.920319,0.0,0.0,0.0,0,176,0.5,0.5,0.0,5,0.0,0.0
Geant2010,SM,0,MCF_ARC,20,6,5,1,20->21->6,20->21->27->5,4.53283,inf,0.0,147,147,8.160712,20.473737,51.73523,19.920319,0.0,0.0,0.0,0,147.0,0.5,0.5,0.0,5,0.0,0.0
Geant2010,SM,0,MCF_ARC,21,6,6,0,21->6,21->6,2.914876,inf,0.0,170,170,2.914876,19.632281,44.685017,18.115942,0.0,0.0,0.0,0,170.0,0.5,0.5,0.0,5,0.0,0.0
Geant2010,SM,0,MCF_ARC,22,6,6,0,22->23->9->5->6,22->23->9->5->6,24.310768,inf,0.0,152,152,24.310768,19.632281,66.080909,18.115942,0.0,0.0,0.0,0,152,0.5,0.5,0.0,5,0.0,0.0
Geant2010,SM,0,MCF_ARC,23,6,6,0,23->9->5->6,23->9->5->6,19.278012,inf,0.0,191,191,19.278012,19.632281,61.048154,18.115942,0.0,0.0,0.0,0,191,0.5,0.5,0.0,5,0.0,0.0
Geant2010,SM,0,MCF_ARC,24,6,6,0,24->20->21->6,24->20->21->6,7.723167,inf,0.0,206,206,7.723167,19.632281,49.493309,18.115942,0.0,0.0,0.0,0,206,0.5,0.5,0.0,5,0.0,0.0
Geant2010,SM,0,MCF_ARC,25,5,2,1,25->26->27->5,25->26->27->5->7->8->32->2,9.94978,inf,0.0,162,162,21.403368,4.924932,49.954727,4.89716,0.0,0.0,0.0,0,162,0.5,0.5,0.0,5,0.0,0.0
Geant2010,SM,0,MCF_ARC,26,6,5,1,26->27->5->6,26->27->5,12.881476,inf,0.0,135,135,8.777608,20.473737,52.352127,19.920319,0.0,0.0,0.0,0,135,0.5,0.5,0.0,5,0.0,0.0
Geant2010,SM,0,MCF_ARC,27,5,5,0,27->5,27->5,5.992306,inf,0.0,133,133,5.992306,20.473737,49.566825,19.920319,0.0,0.0,0.0,0,133.0,0.5,0.5,0.0,5,0.0,0.0
Geant2010,SM,0,MCF_ARC,28,5,1,1,28->4->5,28->4->5->1,11.666446,inf,0.0,208,208,15.315749,7.130024,45.763426,6.793478,0.0,0.0,0.0,0,208,0.5,0.5,0.0,5,0.0,0.0
Geant2010,SM,0,MCF_ARC,29,5,2,1,29->5,29->3->1->2,20.266678,inf,0.0,228,228,23.619106,4.924932,52.170465,4.89716,0.0,0.0,0.0,0,228,0.5,0.5,0.0,5,0.0,0.0
Geant2010,SM,0,MCF_ARC,30,5,2,1,30->3->5,30->32->2,27.824171,inf,0.0,173,173,22.130502,4.924932,50.681861,4.89716,0.0,0.0,0.0,0,173,0.5,0.5,0.0,5,0.0,0.0
Geant2010,SM,0,MCF_ARC,31,4,4,0,31->32->8->7->5->4,31->32->8->7->5->4,19.206306,inf,0.0,159,159,19.206306,20.446973,62.860505,20.0,0.0,0.0,0.0,0,159,0.5,0.5,0.0,5,0.0,0.0
Geant2010,SM,0,MCF_ARC,32,4,4,0,32->8->9->5->4,32->8->7->5->4,17.758417,inf,0.0,172,172,14.558227,20.446973,58.212427,20.0,0.0,0.0,0.0,0,172,0.5,0.5,0.0,5,0.0,0.0
Geant2010,SM,0,MCF_ARC,33,4,4,0,33->3->5->4,33->3->5->4,20.227605,inf,0.0,184,184,20.227605,20.446973,63.881804,20.0,0.0,0.0,0.0,0,184,0.5,0.5,0.0,5,0.0,0.0
Geant2010,SM,0,MCF_ARC,34,4,4,0,34->3->5->4,34->3->5->4,18.266476,inf,0.0,190,190,18.266476,20.446973,61.920675,20.0,0.0,0.0,0.0,0,190,0.5,0.5,0.0,5,0.0,0.0
Geant2010,SM,0,MCF_ARC,35,4,5,1,35->34->3->5->4,35->34->3->5,20.928919,inf,0.0,153,153,14.611456,20.473737,58.185975,19.920319,0.0,0.0,0.0,0,153,0.5,0.5,0.0,5,0.0,0.0
Geant2010,SM,0,MCF_ARC,36,3,3,0,36->3,36->3,8.394786,34.075739,0.0,153,153,8.394786,2.038649,34.075739,2.026753,0.0,0.0,0.0,0,153,0.5,0.5,0.0,5,0.0,0.0
Geant2010,SM,0,MCF_ARC,37,3,3,0,37->36->3,37->36->3,11.195232,36.876185,0.0,179,179,11.195232,2.038649,36.876185,2.026753,0.0,0.0,0.0,0,179,0.5,0.5,0.0,5,0.0,0.0
Geant2010,SM,1,B1,1,1,1,0,1,,0.0,24.835674,0.0,172,172,0.0,16.556291,40.210491,16.556291,0.0,0.0,0.0,0,172,0.5,0.5,0.0,5,0.0,0.0
Geant2010,SM,1,B1,2,2,2,0,2,,0.0,25.022189,0.0,221,221,0.0,1.841621,25.49582,1.841621,0.0,0.0,0.0,0,221,0.5,0.5,0.0,5,0.0,0.0
Geant2010,SM,1,B1,3,3,3,0,3,,0.0,25.926927,0.0,124,124,0.0,2.272727,25.926927,2.272727,0.0,0.0,0.0,0,124.0,0.5,0.5,0.0,5,0.0,0.0
Geant2010,SM,1,B1,4,4,4,0,4,,0.0,inf,0.0,178,178,0.0,9.960159,33.614359,9.960159,0.0,0.0,0.0,0,178,0.5,0.5,0.0,5,0.0,0.0
Geant2010,SM,1,B1,5,5,5,0,5,,0.0,inf,0.0,153,153,0.0,416.666667,440.320866,416.666667,0.0,0.0,0.0,0,153.0,0.5,0.5,0.0,5,0.0,0.0
Geant2010,SM,1,B1,6,6,6,0,6,,0.0,inf,0.0,232,232,0.0,250.0,273.6542,250.0,0.0,0.0,0.0,0,232,0.5,0.5,0.0,5,0.0,0.0
Geant2010,SM,1,B1,7,7,7,0,7,,0.0,inf,0.0,145,145,0.0,40.0,63.6542,40.0,0.0,0.0,0.0,0,145.0,0.5,0.5,0.0,5,0.0,0.0
Geant2010,SM,1,B1,8,8,8,0,8,,0.0,inf,0.0,176,176,0.0,92.592593,116.246792,92.592593,0.0,0.0,0.0,0,176,0.5,0.5,0.0,5,0.0,0.0
Geant2010,SM,1,B1,9,8,8,0,9->8,,4.359944,inf,0.0,158,158,4.359944,92.592593,120.606736,92.592593,0.0,0.0,0.0,0,158,0.5,0.5,0.0,5,0.0,0.0
Geant2010,SM,1,B1,10,8,8,0,10->23->8,,22.428675,inf,0.0,182,182,6.487704,92.592593,122.734496,92.592593,0.0,0.0,0.0,0,182,0.5,0.5,0.0,5,0.0,0.0
Geant2010,SM,1,B1,11,8,2,1,11->14->15->10->9->8,,44.300398,inf,0.0,188,188,19.855129,1.841621,45.350949,1.841621,0.0,0.0,0.0,0,188,0.5,0.5,0.0,5,0.0,0.0
Geant2010,SM,1,B1,12,8,8,0,12->20->21->27->5->7->8,,19.407,inf,0.0,166,166,19.407,92.592593,135.653792,92.592593,0.0,0.0,0.0,0,166,0.5,0.5,0.0,5,0.0,0.0
Geant2010,SM,1,B1,13,8,8,0,13->11->14->27->10->9->8,,41.389919,inf,0.0,146,146,28.845258,92.592593,145.09205,92.592593,0.0,0.0,0.0,0,146,0.5,0.5,0.0,5,0.0,0.0
Geant2010,SM,1,B1,14,8,8,0,14->10->9->8,,21.122295,inf,0.0,130,130,21.122295,92.592593,137.369087,92.592593,0.0,0.0,0.0,0,130,0.5,0.5,0.0,5,0.0,0.0
Geant2010,SM,1,B1,15,7,7,0,15->10->27->5->7,,37.563966,inf,0.0,171,171,29.91753,40.0,93.57173,40.0,0.0,0.0,0.0,0,171,0.5,0.5,0.0,5,0.0,0.0
Geant2010,SM,1,B1,16,7,7,0,16->5->7,,31.814555,inf,0.0,179,179,31.814555,40.0,95.468755,40.0,0.0,0.0,0.0,0,179,0.5,0.5,0.0,5,0.0,0.0
Geant2010,SM,1,B1,17,7,5,1,17->10->9->5->7,,19.177378,inf,0.0,196,196,17.257703,416.666667,457.578569,416.666667,0.0,0.0,0.0,0,196,0.5,0.5,0.0,5,0.0,0.0
Geant2010,SM,1,B1,18,7,7,0,18->11->20->21->27->5->7,,18.129405,inf,0.0,206,206,18.129405,40.0,81.783604,40.0,0.0,0.0,0.0,0,206,0.5,0.5,0.0,5,0.0,0.0
Geant2010,SM,1,B1,19,7,7,0,19->25->26->27->5->7,,16.447208,inf,0.0,136,136,16.447208,40.0,80.101407,40.0,0.0,0.0,0.0,0,136,0.5,0.5,0.0,5,0.0,0.0
Geant2010,SM,1,B1,20,7,7,0,20->21->27->5->7,,10.080387,inf,0.0,90,90,10.080387,40.0,73.734587,40.0,0.0,0.0,0.0,0,90.0,0.5,0.5,0.0,5,0.0,0.0
Geant2010,SM,1,B1,21,6,6,0,21->6,,2.914876,inf,0.0,198,198,2.914876,250.0,276.569075,250.0,0.0,0.0,0.0,0,198.0,0.5,0.5,0.0,5,0.0,0.0
Geant2010,SM,1,B1,22,6,1,1,22->23->9->5->6,,24.310768,inf,0.0,153,153,20.805896,16.556291,61.016387,16.556291,0.0,0.0,0.0,0,153,0.5,0.5,0.0,5,0.0,0.0
Geant2010,SM,1,B1,23,6,6,0,23->9->5->6,,19.278012,inf,0.0,171,171,19.278012,250.0,292.932212,250.0,0.0,0.0,0.0,0,171,0.5,0.5,0.0,5,0.0,0.0
Geant2010,SM,1,B1,24,6,6,0,24->20->21->6,,7.723167,inf,0.0,188,188,7.723167,250.0,281.377367,250.0,0.0,0.0,0.0,0,188,0.5,0.5,0.0,5,0.0,0.0
Geant2010,SM,1,B1,25,6,6,0,25->20->21->6,,7.531664,inf,0.0,159,159,7.4228,250.0,281.077,250.0,0.0,0.0,0.0,0,159,0.5,0.5,0.0,5,0.0,0.0
Geant2010,SM,1,B1,26,5,5,0,26->27->5,,8.777608,inf,0.0,194,194,8.777608,416.666667,449.098475,416.666667,0.0,0.0,0.0,0,194,0.5,0.5,0.0,5,0.0,0.0
Geant2010,SM,1,B1,27,5,5,0,27->5,,5.992306,inf,0.0,224,224,5.992306,416.666667,446.313173,416.666667,0.0,0.0,0.0,0,224.0,0.5,0.5,0.0,5,0.0,0.0
Geant2010,SM,1,B1,28,5,5,0,28->4->5,,11.666446,inf,0.0,185,185,11.666446,416.666667,451.987312,416.666667,0.0,0.0,0.0,0,185,0.5,0.5,0.0,5,0.0,0.0
Geant2010,SM,1,B1,29,5,1,1,29->5,,20.266678,inf,0.0,176,176,21.883069,16.556291,62.09356,16.556291,0.0,0.0,0.0,0,176,0.5,0.5,0.0,5,0.0,0.0
Geant2010,SM,1,B1,30,5,1,1,30->3->5,,27.824171,inf,0.0,250,250,23.866538,16.556291,64.077029,16.556291,0.0,0.0,0.0,0,250,0.5,0.5,0.0,5,0.0,0.0
Geant2010,SM,1,B1,31,4,1,1,31->32->2->1->5->4,,19.563704,inf,0.0,207,207,9.596939,16.556291,49.80743,16.556291,0.0,0.0,0.0,0,207,0.5,0.5,0.0,5,0.0,0.0
Geant2010,SM,1,B1,32,4,4,0,32->16->5->4,,72.280727,inf,0.0,179,179,14.558227,9.960159,48.172586,9.960159,0.0,0.0,0.0,0,179,0.5,0.5,0.0,5,0.0,0.0
Geant2010,SM,1,B1,33,4,4,0,33->3->5->4,,20.227605,inf,0.0,144,144,20.227605,9.960159,53.841964,9.960159,0.0,0.0,0.0,0,144,0.5,0.5,0.0,5,0.0,0.0
Geant2010,SM,1,B1,34,4,4,0,34->3->5->4,,18.266476,inf,0.0,208,208,18.266476,9.960159,51.880834,9.960159,0.0,0.0,0.0,0,208,0.5,0.5,0.0,5,0.0,0.0
Geant2010,SM,1,B1,35,4,4,0,35->34->3->5->4,,20.928919,inf,0.0,209,209,20.928919,9.960159,54.543278,9.960159,0.0,0.0,0.0,0,209,0.5,0.5,0.0,5,0.0,0.0
Geant2010,SM,1,B1,36,3,3,0,36->3,,8.394786,34.321713,0.0,197,197,8.394786,2.272727,34.321713,2.272727,0.0,0.0,0.0,0,197,0.5,0.5,0.0,5,0.0,0.0
Geant2010,SM,1,B1,37,3,3,0,37->36->3,,11.195232,37.122159,0.0,191,191,11.195232,2.272727,37.122159,2.272727,0.0,0.0,0.0,0,191,0.5,0.5,0.0,5,0.0,0.0
Geant2010,SM,1,B3,1,1,1,0,1,1,0.0,24.835674,0.0,172,172,0.0,inf,inf,inf,0.0,0.0,0.0,0,172,0.5,0.5,0.0,5,0.0,0.0
Geant2010,SM,1,B3,2,2,2,0,2,2,0.0,25.022189,0.0,221,221,0.0,inf,inf,inf,0.0,0.0,0.0,0,221,0.5,0.5,0.0,5,0.0,0.0
Geant2010,SM,1,B3,3,3,3,0,3,3,0.0,25.926927,0.0,124,124,0.0,2.272727,25.926927,2.272727,0.0,0.0,0.0,0,124.0,0.5,0.5,0.0,5,0.0,0.0
Geant2010,SM,1,B3,4,4,4,0,4,4,0.0,inf,0.0,178,178,0.0,4.058442,27.712641,4.058442,0.0,0.0,0.0,0,178,0.5,0.5,0.0,5,0.0,0.0
Geant2010,SM,1,B3,5,5,5,0,5,5,0.0,inf,0.0,153,153,0.0,7.496252,31.150451,7.496252,0.0,0.0,0.0,0,153.0,0.5,0.5,0.0,5,0.0,0.0
Geant2010,SM,1,B3,6,6,6,0,6,6,0.0,inf,0.0,232,232,0.0,5.714286,29.368485,5.714286,0.0,0.0,0.0,0,232,0.5,0.5,0.0,5,0.0,0.0
Geant2010,SM,1,B3,7,7,7,0,7,7,0.0,inf,0.0,145,145,0.0,4.854369,28.508568,4.854369,0.0,0.0,0.0,0,145.0,0.5,0.5,0.0,5,0.0,0.0
Geant2010,SM,1,B3,8,8,8,0,8,8,0.0,inf,0.0,176,176,0.0,6.377551,30.031751,6.377551,0.0,0.0,0.0,0,176,0.5,0.5,0.0,5,0.0,0.0
Geant2010,SM,1,B3,9,8,8,0,9->8,9->8,4.359944,inf,0.0,158,158,4.359944,6.377551,34.391694,6.377551,0.0,0.0,0.0,0,158,0.5,0.5,0.0,5,0.0,0.0
Geant2010,SM,1,B3,10,8,8,0,10->23->8,10->9->8,22.428675,inf,0.0,182,182,6.487704,6.377551,36.519455,6.377551,0.0,0.0,0.0,0,182,0.5,0.5,0.0,5,0.0,0.0
Geant2010,SM,1,B3,11,8,1,1,11->14->15->10->9->8,11->20->21->27->5->1,44.300398,inf,0.0,188,188,18.119092,inf,inf,inf,0.0,0.0,0.0,0,188,0.5,0.5,0.0,5,0.0,0.0
Geant2010,SM,1,B3,12,8,8,0,12->20->21->27->5->7->8,12->20->21->27->5->7->8,19.407,inf,0.0,166,166,19.407,6.377551,49.438751,6.377551,0.0,0.0,0.0,0,166,0.5,0.5,0.0,5,0.0,0.0
Geant2010,SM,1,B3,13,8,2,1,13->11->14->27->10->9->8,13->12->20->21->27->5->1->2,41.389919,inf,0.0,146,146,29.4312,inf,inf,inf,0.0,0.0,0.0,0,146,0.5,0.5,0.0,5,0.0,0.0
Geant2010,SM,1,B3,14,8,8,0,14->10->9->8,14->10->9->8,21.122295,inf,0.0,130,130,21.122295,6.377551,51.154045,6.377551,0.0,0.0,0.0,0,130,0.5,0.5,0.0,5,0.0,0.0
Geant2010,SM,1,B3,15,7,2,1,15->10->27->5->7,15->14->27->5->1->2,37.563966,inf,0.0,171,171,33.383194,inf,inf,inf,0.0,0.0,0.0,0,171,0.5,0.5,0.0,5,0.0,0.0
Geant2010,SM,1,B3,16,7,7,0,16->5->7,16->5->7,31.814555,inf,0.0,179,179,31.814555,4.854369,60.323124,4.854369,0.0,0.0,0.0,0,179,0.5,0.5,0.0,5,0.0,0.0
Geant2010,SM,1,B3,17,7,7,0,17->10->9->5->7,17->10->9->5->7,19.177378,inf,0.0,196,196,19.177378,4.854369,47.685947,4.854369,0.0,0.0,0.0,0,196,0.5,0.5,0.0,5,0.0,0.0
Geant2010,SM,1,B3,18,7,1,1,18->11->20->21->27->5->7,18->11->20->21->27->5->1,18.129405,inf,0.0,206,206,19.859032,inf,inf,inf,0.0,0.0,0.0,0,206,0.5,0.5,0.0,5,0.0,0.0
Geant2010,SM,1,B3,19,7,7,0,19->25->26->27->5->7,19->25->26->27->5->7,16.447208,inf,0.0,136,136,16.447208,4.854369,44.955776,4.854369,0.0,0.0,0.0,0,136,0.5,0.5,0.0,5,0.0,0.0
Geant2010,SM,1,B3,20,7,7,0,20->21->27->5->7,20->21->27->5->7,10.080387,inf,0.0,90,90,10.080387,4.854369,38.588955,4.854369,0.0,0.0,0.0,0,90.0,0.5,0.5,0.0,5,0.0,0.0
Geant2010,SM,1,B3,21,6,6,0,21->6,21->6,2.914876,inf,0.0,198,198,2.914876,5.714286,32.283361,5.714286,0.0,0.0,0.0,0,198.0,0.5,0.5,0.0,5,0.0,0.0
Geant2010,SM,1,B3,22,6,2,1,22->23->9->5->6,22->32->2,24.310768,inf,0.0,153,153,19.069859,inf,inf,inf,0.0,0.0,0.0,0,153,0.5,0.5,0.0,5,0.0,0.0
Geant2010,SM,1,B3,23,6,1,1,23->9->5->6,23->9->5->1,19.278012,inf,0.0,171,171,18.823447,inf,inf,inf,0.0,0.0,0.0,0,171,0.5,0.5,0.0,5,0.0,0.0
Geant2010,SM,1,B3,24,6,6,0,24->20->21->6,24->20->21->6,7.723167,inf,0.0,188,188,7.723167,5.714286,37.091653,5.714286,0.0,0.0,0.0,0,188,0.5,0.5,0.0,5,0.0,0.0
Geant2010,SM,1,B3,25,6,6,0,25->20->21->6,25->26->27->21->6,7.531664,inf,0.0,159,159,7.4228,5.714286,36.791286,5.714286,0.0,0.0,0.0,0,159,0.5,0.5,0.0,5,0.0,0.0
Geant2010,SM,1,B3,26,5,5,0,26->27->5,26->27->5,8.777608,inf,0.0,194,194,8.777608,7.496252,39.92806,7.496252,0.0,0.0,0.0,0,194,0.5,0.5,0.0,5,0.0,0.0
Geant2010,SM,1,B3,27,5,5,0,27->5,27->5,5.992306,inf,0.0,224,224,5.992306,7.496252,37.142758,7.496252,0.0,0.0,0.0,0,224.0,0.5,0.5,0.0,5,0.0,0.0
Geant2010,SM,1,B3,28,5,2,1,28->4->5,28->4->5->1->2,11.666446,inf,0.0,185,185,17.051785,inf,inf,inf,0.0,0.0,0.0,0,185,0.5,0.5,0.0,5,0.0,0.0
Geant2010,SM,1,B3,29,5,1,1,29->5,29->3->1,20.266678,inf,0.0,176,176,21.883069,inf,inf,inf,0.0,0.0,0.0,0,176,0.5,0.5,0.0,5,0.0,0.0
Geant2010,SM,1,B3,30,5,5,0,30->3->5,30->32->8->7->5,27.824171,inf,0.0,250,250,27.158442,7.496252,58.308894,7.496252,0.0,0.0,0.0,0,250,0.5,0.5,0.0,5,0.0,0.0
Geant2010,SM,1,B3,31,4,4,0,31->32->2->1->5->4,31->32->8->7->5->4,19.563704,inf,0.0,207,207,19.206306,4.058442,46.918947,4.058442,0.0,0.0,0.0,0,207,0.5,0.5,0.0,5,0.0,0.0
Geant2010,SM,1,B3,32,4,4,0,32->16->5->4,32->8->7->5->4,72.280727,inf,0.0,179,179,14.558227,4.058442,42.270869,4.058442,0.0,0.0,0.0,0,179,0.5,0.5,0.0,5,0.0,0.0
Geant2010,SM,1,B3,33,4,2,1,33->3->5->4,33->3->1->2,20.227605,inf,0.0,144,144,15.1574,inf,inf,inf,0.0,0.0,0.0,0,144,0.5,0.5,0.0,5,0.0,0.0
Geant2010,SM,1,B3,34,4,4,0,34->3->5->4,34->3->5->4,18.266476,inf,0.0,208,208,18.266476,4.058442,45.979117,4.058442,0.0,0.0,0.0,0,208,0.5,0.5,0.0,5,0.0,0.0
Geant2010,SM,1,B3,35,4,1,1,35->34->3->5->4,35->34->3->1,20.928919,inf,0.0,209,209,14.122678,inf,inf,inf,0.0,0.0,0.0,0,209,0.5,0.5,0.0,5,0.0,0.0
Geant2010,SM,1,B3,36,3,3,0,36->3,36->3,8.394786,34.321713,0.0,197,197,8.394786,2.272727,34.321713,2.272727,0.0,0.0,0.0,0,197,0.5,0.5,0.0,5,0.0,0.0
Geant2010,SM,1,B3,37,3,3,0,37->36->3,37->36->3,11.195232,37.122159,0.0,191,191,11.195232,2.272727,37.122159,2.272727,0.0,0.0,0.0,0,191,0.5,0.5,0.0,5,0.0,0.0
Geant2010,SM,1,MCF_ARC,1,1,1,0,1,1,0.0,24.835674,0.0,172,172,0.0,15.983928,36.916799,13.262599,0.0,0.0,0.0,0,172,0.5,0.5,0.0,5,0.0,0.0
Geant2010,SM,1,MCF_ARC,2,2,2,0,2,2,0.0,25.022189,0.0,221,221,0.0,2.784236,26.424283,2.770083,0.0,0.0,0.0,0,221,0.5,0.5,0.0,5,0.0,0.0
Geant2010,SM,1,MCF_ARC,3,3,3,0,3,3,0.0,25.926927,0.0,124,124,0.0,2.282701,25.926927,2.272727,0.0,0.0,0.0,0,124.0,0.5,0.5,0.0,5,0.0,0.0
Geant2010,SM,1,MCF_ARC,4,4,4,0,4,4,0.0,inf,0.0,178,178,0.0,12.251575,33.614359,9.960159,0.0,0.0,0.0,0,178,0.5,0.5,0.0,5,0.0,0.0
Geant2010,SM,1,MCF_ARC,5,5,5,0,5,5,0.0,inf,0.0,153,153,0.0,20.839982,44.315357,20.661157,0.0,0.0,0.0,0,153.0,0.5,0.5,0.0,5,0.0,0.0
Geant2010,SM,1,MCF_ARC,6,6,6,0,6,6,0.0,inf,0.0,232,232,0.0,20.769219,44.062363,20.408163,0.0,0.0,0.0,0,232,0.5,0.5,0.0,5,0.0,0.0
Geant2010,SM,1,MCF_ARC,7,7,7,0,7,7,0.0,inf,0.0,145,145,0.0,19.744141,41.836018,18.181818,0.0,0.0,0.0,0,145.0,0.5,0.5,0.0,5,0.0,0.0
Geant2010,SM,1,MCF_ARC,8,8,8,0,8,8,0.0,inf,0.0,176,176,0.0,19.264927,41.259833,17.605634,0.0,0.0,0.0,0,176,0.5,0.5,0.0,5,0.0,0.0
Geant2010,SM,1,MCF_ARC,9,8,8,0,9->8,9->8,4.359944,inf,0.0,158,158,4.359944,19.264927,45.619777,17.605634,0.0,0.0,0.0,0,158,0.5,0.5,0.0,5,0.0,0.0
Geant2010,SM,1,MCF_ARC,10,8,2,1,10->23->8,10->9->8->32->2,22.428675,inf,0.0,182,182,13.141895,2.784236,39.566178,2.770083,0.0,0.0,0.0,0,182,0.5,0.5,0.0,5,0.0,0.0
Geant2010,SM,1,MCF_ARC,11,8,2,1,11->14->15->10->9->8,11->20->21->27->5->7->8->32->2,44.300398,inf,0.0,188,188,25.923378,2.784236,52.347661,2.770083,0.0,0.0,0.0,0,188,0.5,0.5,0.0,5,0.0,0.0
Geant2010,SM,1,MCF_ARC,12,8,8,0,12->20->21->27->5->7->8,12->20->21->27->5->7->8,19.407,inf,0.0,166,166,19.407,19.264927,60.666834,17.605634,0.0,0.0,0.0,0,166,0.5,0.5,0.0,5,0.0,0.0
Geant2010,SM,1,MCF_ARC,13,8,8,0,13->11->14->27->10->9->8,13->12->20->21->27->5->7->8,41.389919,inf,0.0,146,146,28.845258,19.264927,70.105092,17.605634,0.0,0.0,0.0,0,146,0.5,0.5,0.0,5,0.0,0.0
Geant2010,SM,1,MCF_ARC,14,8,8,0,14->10->9->8,14->10->9->8,21.122295,inf,0.0,130,130,21.122295,19.264927,62.382128,17.605634,0.0,0.0,0.0,0,130,0.5,0.5,0.0,5,0.0,0.0
Geant2010,SM,1,MCF_ARC,15,7,7,0,15->10->27->5->7,15->14->27->5->7,37.563966,inf,0.0,171,171,29.91753,19.744141,71.753548,18.181818,0.0,0.0,0.0,0,171,0.5,0.5,0.0,5,0.0,0.0
Geant2010,SM,1,MCF_ARC,16,7,7,0,16->5->7,16->5->7,31.814555,inf,0.0,179,179,31.814555,19.744141,73.650573,18.181818,0.0,0.0,0.0,0,179,0.5,0.5,0.0,5,0.0,0.0
Geant2010,SM,1,MCF_ARC,17,7,7,0,17->10->9->5->7,17->10->9->5->7,19.177378,inf,0.0,196,196,19.177378,19.744141,61.013396,18.181818,0.0,0.0,0.0,0,196,0.5,0.5,0.0,5,0.0,0.0
Geant2010,SM,1,MCF_ARC,18,7,7,0,18->11->20->21->27->5->7,18->11->20->21->27->5->7,18.129405,inf,0.0,206,206,18.129405,19.744141,59.965422,18.181818,0.0,0.0,0.0,0,206,0.5,0.5,0.0,5,0.0,0.0
Geant2010,SM,1,MCF_ARC,19,7,8,1,19->25->26->27->5->7,19->25->26->27->5->7->8,16.447208,inf,0.0,136,136,19.32693,19.264927,60.586763,17.605634,0.0,0.0,0.0,0,136,0.5,0.5,0.0,5,0.0,0.0
Geant2010,SM,1,MCF_ARC,20,7,1,1,20->21->27->5->7,20->21->27->5->1,10.080387,inf,0.0,90,90,11.810014,15.983928,48.726813,13.262599,0.0,0.0,0.0,0,90.0,0.5,0.5,0.0,5,0.0,0.0
Geant2010,SM,1,MCF_ARC,21,6,5,1,21->6,21->6->5,2.914876,inf,0.0,198,198,7.018743,20.839982,51.3341,20.661157,0.0,0.0,0.0,0,198.0,0.5,0.5,0.0,5,0.0,0.0
Geant2010,SM,1,MCF_ARC,22,6,6,0,22->23->9->5->6,22->23->9->5->6,24.310768,inf,0.0,153,153,24.310768,20.769219,68.373131,20.408163,0.0,0.0,0.0,0,153,0.5,0.5,0.0,5,0.0,0.0
Geant2010,SM,1,MCF_ARC,23,6,6,0,23->9->5->6,23->9->5->6,19.278012,inf,0.0,171,171,19.278012,20.769219,63.340375,20.408163,0.0,0.0,0.0,0,171,0.5,0.5,0.0,5,0.0,0.0
Geant2010,SM,1,MCF_ARC,24,6,6,0,24->20->21->6,24->20->21->6,7.723167,inf,0.0,188,188,7.723167,20.769219,51.78553,20.408163,0.0,0.0,0.0,0,188,0.5,0.5,0.0,5,0.0,0.0
Geant2010,SM,1,MCF_ARC,25,6,6,0,25->20->21->6,25->26->27->21->6,7.531664,inf,0.0,159,159,7.4228,20.769219,51.485163,20.408163,0.0,0.0,0.0,0,159,0.5,0.5,0.0,5,0.0,0.0
Geant2010,SM,1,MCF_ARC,26,5,5,0,26->27->5,26->27->5,8.777608,inf,0.0,194,194,8.777608,20.839982,53.092965,20.661157,0.0,0.0,0.0,0,194,0.5,0.5,0.0,5,0.0,0.0
Geant2010,SM,1,MCF_ARC,27,5,1,1,27->5,27->5->1,5.992306,inf,0.0,224,224,9.641609,15.983928,46.558408,13.262599,0.0,0.0,0.0,0,224.0,0.5,0.5,0.0,5,0.0,0.0
Geant2010,SM,1,MCF_ARC,28,5,5,0,28->4->5,28->4->5,11.666446,inf,0.0,185,185,11.666446,20.839982,55.981803,20.661157,0.0,0.0,0.0,0,185,0.5,0.5,0.0,5,0.0,0.0
Geant2010,SM,1,MCF_ARC,29,5,5,0,29->5,29->5,20.266678,inf,0.0,176,176,20.266678,20.839982,64.582035,20.661157,0.0,0.0,0.0,0,176,0.5,0.5,0.0,5,0.0,0.0
Geant2010,SM,1,MCF_ARC,30,5,1,1,30->3->5,30->3->1,27.824171,inf,0.0,250,250,27.335393,15.983928,64.252192,13.262599,0.0,0.0,0.0,0,250,0.5,0.5,0.0,5,0.0,0.0
Geant2010,SM,1,MCF_ARC,31,4,1,1,31->32->2->1->5->4,31->32->2->1,19.563704,inf,0.0,207,207,9.596939,15.983928,46.513738,13.262599,0.0,0.0,0.0,0,207,0.5,0.5,0.0,5,0.0,0.0
Geant2010,SM,1,MCF_ARC,32,4,4,0,32->16->5->4,32->8->7->5->4,72.280727,inf,0.0,179,179,14.558227,12.251575,48.172586,9.960159,0.0,0.0,0.0,0,179,0.5,0.5,0.0,5,0.0,0.0
Geant2010,SM,1,MCF_ARC,33,4,4,0,33->3->5->4,33->3->5->4,20.227605,inf,0.0,144,144,20.227605,12.251575,53.841964,9.960159,0.0,0.0,0.0,0,144,0.5,0.5,0.0,5,0.0,0.0
Geant2010,SM,1,MCF_ARC,34,4,4,0,34->3->5->4,34->3->5->4,18.266476,inf,0.0,208,208,18.266476,12.251575,51.880834,9.960159,0.0,0.0,0.0,0,208,0.5,0.5,0.0,5,0.0,0.0
Geant2010,SM,1,MCF_ARC,35,4,4,0,35->34->3->5->4,35->34->3->5->4,20.928919,inf,0.0,209,209,20.928919,12.251575,54.543278,9.960159,0.0,0.0,0.0,0,209,0.5,0.5,0.0,5,0.0,0.0
Geant2010,SM,1,MCF_ARC,36,3,3,0,36->3,36->3,8.394786,34.321713,0.0,197,197,8.394786,2.282701,34.321713,2.272727,0.0,0.0,0.0,0,197,0.5,0.5,0.0,5,0.0,0.0
Geant2010,SM,1,MCF_ARC,37,3,3,0,37->36->3,37->36->3,11.195232,37.122159,0.0,191,191,11.195232,2.282701,37.122159,2.272727,0.0,0.0,0.0,0,191,0.5,0.5,0.0,5,0.0,0.0
Geant2010,SM,2,B1,1,1,1,0,1,,0.0,24.743287,0.0,153,153,0.0,6.242197,29.896397,6.242197,0.0,0.0,0.0,0,153,0.5,0.5,0.0,5,0.0,0.0
Geant2010,SM,2,B1,2,2,2,0,2,,0.0,24.944522,0.0,205,205,0.0,2.604167,26.258366,2.604167,0.0,0.0,0.0,0,205,0.5,0.5,0.0,5,0.0,0.0
Geant2010,SM,2,B1,3,3,3,0,3,,0.0,25.319756,0.0,176,176,0.0,1.665556,25.319756,1.665556,0.0,0.0,0.0,0,176.0,0.5,0.5,0.0,5,0.0,0.0
Geant2010,SM,2,B1,4,4,4,0,4,,0.0,inf,0.0,192,192,0.0,67.567568,91.221767,67.567568,0.0,0.0,0.0,0,192,0.5,0.5,0.0,5,0.0,0.0
Geant2010,SM,2,B1,5,5,5,0,5,,0.0,inf,0.0,160,160,0.0,500.0,523.6542,500.0,0.0,0.0,0.0,0,160.0,0.5,0.5,0.0,5,0.0,0.0
Geant2010,SM,2,B1,6,6,6,0,6,,0.0,inf,0.0,202,202,0.0,31.446541,55.10074,31.446541,0.0,0.0,0.0,0,202,0.5,0.5,0.0,5,0.0,0.0
Geant2010,SM,2,B1,7,7,7,0,7,,0.0,inf,0.0,204,204,0.0,41.322314,64.976514,41.322314,0.0,0.0,0.0,0,204.0,0.5,0.5,0.0,5,0.0,0.0
Geant2010,SM,2,B1,8,8,8,0,8,,0.0,inf,0.0,175,175,0.0,135.135135,158.789335,135.135135,0.0,0.0,0.0,0,175,0.5,0.5,0.0,5,0.0,0.0
Geant2010,SM,2,B1,9,8,8,0,9->8,,4.359944,inf,0.0,209,209,4.359944,135.135135,163.149278,135.135135,0.0,0.0,0.0,0,209,0.5,0.5,0.0,5,0.0,0.0
Geant2010,SM,2,B1,10,8,8,0,10->23->8,,22.428675,inf,0.0,179,179,6.487704,135.135135,165.277039,135.135135,0.0,0.0,0.0,0,179,0.5,0.5,0.0,5,0.0,0.0
Geant2010,SM,2,B1,11,8,8,0,11->20->21->27->5->9->8,,22.469376,inf,0.0,220,220,19.269187,135.135135,178.058522,135.135135,0.0,0.0,0.0,0,220,0.5,0.5,0.0,5,0.0,0.0
Geant2010,SM,2,B1,12,8,8,0,12->20->21->27->5->7->8,,19.407,inf,0.0,188,188,19.407,135.135135,178.196335,135.135135,0.0,0.0,0.0,0,188,0.5,0.5,0.0,5,0.0,0.0
Geant2010,SM,2,B1,13,8,2,1,13->11->14->10->9->8,,36.930116,inf,0.0,181,181,29.4312,2.604167,55.689566,2.604167,0.0,0.0,0.0,0,181,0.5,0.5,0.0,5,0.0,0.0
Geant2010,SM,2,B1,14,7,7,0,14->27->5->7,,20.738638,inf,0.0,211,211,20.738638,41.322314,85.715151,41.322314,0.0,0.0,0.0,0,211,0.5,0.5,0.0,5,0.0,0.0
Geant2010,SM,2,B1,15,7,7,0,15->14->27->5->7,,29.91753,inf,0.0,173,173,29.91753,41.322314,94.894044,41.322314,0.0,0.0,0.0,0,173,0.5,0.5,0.0,5,0.0,0.0
Geant2010,SM,2,B1,16,7,1,1,16->5->7,,31.814555,inf,0.0,200,200,33.544182,6.242197,63.440579,6.242197,0.0,0.0,0.0,0,200,0.5,0.5,0.0,5,0.0,0.0
Geant2010,SM,2,B1,17,7,7,0,17->10->9->5->7,,19.177378,inf,0.0,185,185,19.177378,41.322314,84.153892,41.322314,0.0,0.0,0.0,0,185,0.5,0.5,0.0,5,0.0,0.0
Geant2010,SM,2,B1,18,7,7,0,18->11->14->27->5->7,,27.728133,inf,0.0,186,186,18.129405,41.322314,83.105918,41.322314,0.0,0.0,0.0,0,186,0.5,0.5,0.0,5,0.0,0.0
Geant2010,SM,2,B1,19,6,6,0,19->25->20->21->6,,12.109417,inf,0.0,207,207,12.000553,31.446541,67.101294,31.446541,0.0,0.0,0.0,0,207,0.5,0.5,0.0,5,0.0,0.0
Geant2010,SM,2,B1,20,6,5,1,20->21->6,,4.53283,inf,0.0,127,127,8.160712,500.0,531.814911,500.0,0.0,0.0,0.0,0,127.0,0.5,0.5,0.0,5,0.0,0.0
Geant2010,SM,2,B1,21,6,6,0,21->6,,2.914876,inf,0.0,216,216,2.914876,31.446541,58.015616,31.446541,0.0,0.0,0.0,0,216.0,0.5,0.5,0.0,5,0.0,0.0
Geant2010,SM,2,B1,22,6,6,0,22->23->9->5->6,,24.310768,inf,0.0,184,184,24.310768,31.446541,79.411508,31.446541,0.0,0.0,0.0,0,184,0.5,0.5,0.0,5,0.0,0.0
Geant2010,SM,2,B1,23,6,6,0,23->9->5->6,,19.278012,inf,0.0,168,168,19.278012,31.446541,74.378753,31.446541,0.0,0.0,0.0,0,168,0.5,0.5,0.0,5,0.0,0.0
Geant2010,SM,2,B1,24,5,5,0,24->20->21->27->5,,11.351049,inf,0.0,184,184,11.351049,500.0,535.005249,500.0,0.0,0.0,0.0,0,184,0.5,0.5,0.0,5,0.0,0.0
Geant2010,SM,2,B1,25,5,1,1,25->26->27->5,,9.94978,inf,0.0,171,171,13.599082,6.242197,43.495479,6.242197,0.0,0.0,0.0,0,171,0.5,0.5,0.0,5,0.0,0.0
Geant2010,SM,2,B1,26,5,5,0,26->27->5,,8.777608,inf,0.0,177,177,8.777608,500.0,532.431808,500.0,0.0,0.0,0.0,0,177,0.5,0.5,0.0,5,0.0,0.0
Geant2010,SM,2,B1,27,5,5,0,27->5,,5.992306,inf,0.0,196,196,5.992306,500.0,529.646506,500.0,0.0,0.0,0.0,0,196.0,0.5,0.5,0.0,5,0.0,0.0
Geant2010,SM,2,B1,28,6,4,1,28->4->6,,8.490346,inf,0.0,146,146,5.348983,67.567568,96.57075,67.567568,0.0,0.0,0.0,0,146,0.5,0.5,0.0,5,0.0,0.0
Geant2010,SM,2,B1,29,5,1,1,29->5,,20.266678,inf,0.0,196,196,21.883069,6.242197,51.779466,6.242197,0.0,0.0,0.0,0,196,0.5,0.5,0.0,5,0.0,0.0
Geant2010,SM,2,B1,30,5,5,0,30->3->5,,27.824171,inf,0.0,134,134,27.158442,500.0,550.812642,500.0,0.0,0.0,0.0,0,134,0.5,0.5,0.0,5,0.0,0.0
Geant2010,SM,2,B1,31,4,4,0,31->32->8->7->5->4,,19.206306,inf,0.0,172,172,19.206306,67.567568,110.428073,67.567568,0.0,0.0,0.0,0,172,0.5,0.5,0.0,5,0.0,0.0
Geant2010,SM,2,B1,32,4,2,1,32->8->7->5->4,,14.558227,inf,0.0,210,210,3.212824,2.604167,29.47119,2.604167,0.0,0.0,0.0,0,210,0.5,0.5,0.0,5,0.0,0.0
Geant2010,SM,2,B1,33,4,4,0,33->3->5->4,,20.227605,inf,0.0,169,169,20.227605,67.567568,111.449372,67.567568,0.0,0.0,0.0,0,169,0.5,0.5,0.0,5,0.0,0.0
Geant2010,SM,2,B1,34,4,4,0,34->3->5->4,,18.266476,inf,0.0,193,193,18.266476,67.567568,109.488243,67.567568,0.0,0.0,0.0,0,193,0.5,0.5,0.0,5,0.0,0.0
Geant2010,SM,2,B1,35,4,1,1,35->34->3->5->4,,20.928919,inf,0.0,191,191,14.122678,6.242197,44.019075,6.242197,0.0,0.0,0.0,0,191,0.5,0.5,0.0,5,0.0,0.0
Geant2010,SM,2,B1,36,4,4,0,36->37->28->4,,10.431084,inf,0.0,122,122,10.431084,67.567568,101.652851,67.567568,0.0,0.0,0.0,0,122,0.5,0.5,0.0,5,0.0,0.0
Geant2010,SM,2,B1,37,3,3,0,37->36->3,,11.195232,36.514988,0.0,202,202,11.195232,1.665556,36.514988,1.665556,0.0,0.0,0.0,0,202,0.5,0.5,0.0,5,0.0,0.0
Geant2010,SM,2,B3,1,1,1,0,1,1,0.0,24.743287,0.0,153,153,0.0,833.333333,856.987533,833.333333,0.0,0.0,0.0,0,153,0.5,0.5,0.0,5,0.0,0.0
Geant2010,SM,2,B3,2,2,2,0,2,2,0.0,24.944522,0.0,205,205,0.0,inf,inf,inf,0.0,0.0,0.0,0,205,0.5,0.5,0.0,5,0.0,0.0
Geant2010,SM,2,B3,3,3,3,0,3,3,0.0,25.319756,0.0,176,176,0.0,3.541076,27.195276,3.541076,0.0,0.0,0.0,0,176.0,0.5,0.5,0.0,5,0.0,0.0
Geant2010,SM,2,B3,4,4,4,0,4,4,0.0,inf,0.0,192,192,0.0,3.790751,27.44495,3.790751,0.0,0.0,0.0,0,192,0.5,0.5,0.0,5,0.0,0.0
Geant2010,SM,2,B3,5,5,5,0,5,5,0.0,inf,0.0,160,160,0.0,7.407407,31.061607,7.407407,0.0,0.0,0.0,0,160.0,0.5,0.5,0.0,5,0.0,0.0
Geant2010,SM,2,B3,6,6,6,0,6,6,0.0,inf,0.0,202,202,0.0,3.894081,27.548281,3.894081,0.0,0.0,0.0,0,202,0.5,0.5,0.0,5,0.0,0.0
Geant2010,SM,2,B3,7,7,7,0,7,7,0.0,inf,0.0,204,204,0.0,4.803074,28.457274,4.803074,0.0,0.0,0.0,0,204.0,0.5,0.5,0.0,5,0.0,0.0
Geant2010,SM,2,B3,8,8,8,0,8,8,0.0,inf,0.0,175,175,0.0,4.397537,28.051737,4.397537,0.0,0.0,0.0,0,175,0.5,0.5,0.0,5,0.0,0.0
Geant2010,SM,2,B3,9,8,8,0,9->8,9->8,4.359944,inf,0.0,209,209,4.359944,4.397537,32.411681,4.397537,0.0,0.0,0.0,0,209,0.5,0.5,0.0,5,0.0,0.0
Geant2010,SM,2,B3,10,8,8,0,10->23->8,10->9->8,22.428675,inf,0.0,179,179,6.487704,4.397537,34.539441,4.397537,0.0,0.0,0.0,0,179,0.5,0.5,0.0,5,0.0,0.0
Geant2010,SM,2,B3,11,8,1,1,11->20->21->27->5->9->8,11->20->21->27->5->1,22.469376,inf,0.0,220,220,18.119092,833.333333,875.106625,833.333333,0.0,0.0,0.0,0,220,0.5,0.5,0.0,5,0.0,0.0
Geant2010,SM,2,B3,12,8,8,0,12->20->21->27->5->7->8,12->20->21->27->5->7->8,19.407,inf,0.0,188,188,19.407,4.397537,47.458737,4.397537,0.0,0.0,0.0,0,188,0.5,0.5,0.0,5,0.0,0.0
Geant2010,SM,2,B3,13,8,2,1,13->11->14->10->9->8,13->12->20->21->27->5->1->2,36.930116,inf,0.0,181,181,29.4312,inf,inf,inf,0.0,0.0,0.0,0,181,0.5,0.5,0.0,5,0.0,0.0
Geant2010,SM,2,B3,14,7,1,1,14->27->5->7,14->27->5->1,20.738638,inf,0.0,211,211,22.468265,833.333333,879.455798,833.333333,0.0,0.0,0.0,0,211,0.5,0.5,0.0,5,0.0,0.0
Geant2010,SM,2,B3,15,7,2,1,15->14->27->5->7,15->14->27->5->1->2,29.91753,inf,0.0,173,173,33.383194,inf,inf,inf,0.0,0.0,0.0,0,173,0.5,0.5,0.0,5,0.0,0.0
Geant2010,SM,2,B3,16,7,7,0,16->5->7,16->5->7,31.814555,inf,0.0,200,200,31.814555,4.803074,60.271829,4.803074,0.0,0.0,0.0,0,200,0.5,0.5,0.0,5,0.0,0.0
Geant2010,SM,2,B3,17,7,7,0,17->10->9->5->7,17->10->9->5->7,19.177378,inf,0.0,185,185,19.177378,4.803074,47.634652,4.803074,0.0,0.0,0.0,0,185,0.5,0.5,0.0,5,0.0,0.0
Geant2010,SM,2,B3,18,7,7,0,18->11->14->27->5->7,18->11->20->21->27->5->7,27.728133,inf,0.0,186,186,18.129405,4.803074,46.586678,4.803074,0.0,0.0,0.0,0,186,0.5,0.5,0.0,5,0.0,0.0
Geant2010,SM,2,B3,19,6,6,0,19->25->20->21->6,19->25->26->27->21->6,12.109417,inf,0.0,207,207,12.000553,3.894081,39.548834,3.894081,0.0,0.0,0.0,0,207,0.5,0.5,0.0,5,0.0,0.0
Geant2010,SM,2,B3,20,6,6,0,20->21->6,20->21->6,4.53283,inf,0.0,127,127,4.53283,3.894081,32.08111,3.894081,0.0,0.0,0.0,0,127.0,0.5,0.5,0.0,5,0.0,0.0
Geant2010,SM,2,B3,21,6,6,0,21->6,21->6,2.914876,inf,0.0,216,216,2.914876,3.894081,30.463156,3.894081,0.0,0.0,0.0,0,216.0,0.5,0.5,0.0,5,0.0,0.0
Geant2010,SM,2,B3,22,6,2,1,22->23->9->5->6,22->32->2,24.310768,inf,0.0,184,184,19.069859,inf,inf,inf,0.0,0.0,0.0,0,184,0.5,0.5,0.0,5,0.0,0.0
Geant2010,SM,2,B3,23,6,1,1,23->9->5->6,23->9->5->1,19.278012,inf,0.0,168,168,18.823447,833.333333,875.81098,833.333333,0.0,0.0,0.0,0,168,0.5,0.5,0.0,5,0.0,0.0
Geant2010,SM,2,B3,24,5,5,0,24->20->21->27->5,24->20->21->27->5,11.351049,inf,0.0,184,184,11.351049,7.407407,42.412656,7.407407,0.0,0.0,0.0,0,184,0.5,0.5,0.0,5,0.0,0.0
Geant2010,SM,2,B3,25,5,5,0,25->26->27->5,25->26->27->5,9.94978,inf,0.0,171,171,9.94978,7.407407,41.011387,7.407407,0.0,0.0,0.0,0,171,0.5,0.5,0.0,5,0.0,0.0
Geant2010,SM,2,B3,26,5,2,1,26->27->5,26->27->5->1->2,8.777608,inf,0.0,177,177,14.162947,inf,inf,inf,0.0,0.0,0.0,0,177,0.5,0.5,0.0,5,0.0,0.0
Geant2010,SM,2,B3,27,5,5,0,27->5,27->5,5.992306,inf,0.0,196,196,5.992306,7.407407,37.053913,7.407407,0.0,0.0,0.0,0,196.0,0.5,0.5,0.0,5,0.0,0.0
Geant2010,SM,2,B3,28,6,3,1,28->4->6,28->37->36->3,8.490346,inf,0.0,146,146,13.476887,3.541076,40.672163,3.541076,0.0,0.0,0.0,0,146,0.5,0.5,0.0,5,0.0,0.0
Geant2010,SM,2,B3,29,5,1,1,29->5,29->3->1,20.266678,inf,0.0,196,196,21.883069,833.333333,878.870602,833.333333,0.0,0.0,0.0,0,196,0.5,0.5,0.0,5,0.0,0.0
Geant2010,SM,2,B3,30,5,5,0,30->3->5,30->32->8->7->5,27.824171,inf,0.0,134,134,27.158442,7.407407,58.220049,7.407407,0.0,0.0,0.0,0,134,0.5,0.5,0.0,5,0.0,0.0
Geant2010,SM,2,B3,31,4,3,1,31->32->8->7->5->4,31->32->2->1->3,19.206306,inf,0.0,172,172,15.821172,3.541076,43.016448,3.541076,0.0,0.0,0.0,0,172,0.5,0.5,0.0,5,0.0,0.0
Geant2010,SM,2,B3,32,4,2,1,32->8->7->5->4,32->2,14.558227,inf,0.0,210,210,3.212824,inf,inf,inf,0.0,0.0,0.0,0,210,0.5,0.5,0.0,5,0.0,0.0
Geant2010,SM,2,B3,33,4,4,0,33->3->5->4,33->3->5->4,20.227605,inf,0.0,169,169,20.227605,3.790751,47.672555,3.790751,0.0,0.0,0.0,0,169,0.5,0.5,0.0,5,0.0,0.0
Geant2010,SM,2,B3,34,4,4,0,34->3->5->4,34->3->5->4,18.266476,inf,0.0,193,193,18.266476,3.790751,45.711426,3.790751,0.0,0.0,0.0,0,193,0.5,0.5,0.0,5,0.0,0.0
Geant2010,SM,2,B3,35,4,4,0,35->34->3->5->4,35->34->3->5->4,20.928919,inf,0.0,191,191,20.928919,3.790751,48.37387,3.790751,0.0,0.0,0.0,0,191,0.5,0.5,0.0,5,0.0,0.0
Geant2010,SM,2,B3,36,4,1,1,36->37->28->4,36->3->1,10.431084,inf,0.0,122,122,14.61902,833.333333,871.606553,833.333333,0.0,0.0,0.0,0,122,0.5,0.5,0.0,5,0.0,0.0
Geant2010,SM,2,B3,37,3,3,0,37->36->3,37->36->3,11.195232,36.514988,0.0,202,202,11.195232,3.541076,38.390508,3.541076,0.0,0.0,0.0,0,202,0.5,0.5,0.0,5,0.0,0.0
Geant2010,SM,2,MCF_ARC,1,1,1,0,1,1,0.0,24.743287,0.0,153,153,0.0,5.678137,29.024769,5.370569,0.0,0.0,0.0,0,153,0.5,0.5,0.0,5,0.0,0.0
Geant2010,SM,2,MCF_ARC,2,2,2,0,2,2,0.0,24.944522,0.0,205,205,0.0,2.734099,26.378995,2.724796,0.0,0.0,0.0,0,205,0.5,0.5,0.0,5,0.0,0.0
Geant2010,SM,2,MCF_ARC,3,3,3,0,3,3,0.0,25.319756,0.0,176,176,0.0,2.623549,26.255656,2.601457,0.0,0.0,0.0,0,176.0,0.5,0.5,0.0,5,0.0,0.0
Geant2010,SM,2,MCF_ARC,4,4,4,0,4,4,0.0,inf,0.0,192,192,0.0,16.423481,37.390463,13.736264,0.0,0.0,0.0,0,192,0.5,0.5,0.0,5,0.0,0.0
Geant2010,SM,2,MCF_ARC,5,5,5,0,5,5,0.0,inf,0.0,160,160,0.0,19.279601,41.511342,17.857143,0.0,0.0,0.0,0,160.0,0.5,0.5,0.0,5,0.0,0.0
Geant2010,SM,2,MCF_ARC,6,6,6,0,6,6,0.0,inf,0.0,202,202,0.0,18.40142,40.376608,16.722408,0.0,0.0,0.0,0,202,0.5,0.5,0.0,5,0.0,0.0
Geant2010,SM,2,MCF_ARC,7,7,7,0,7,7,0.0,inf,0.0,204,204,0.0,20.335334,43.979403,20.325203,0.0,0.0,0.0,0,204.0,0.5,0.5,0.0,5,0.0,0.0
Geant2010,SM,2,MCF_ARC,8,8,8,0,8,8,0.0,inf,0.0,175,175,0.0,20.363897,43.897115,20.242915,0.0,0.0,0.0,0,175,0.5,0.5,0.0,5,0.0,0.0
Geant2010,SM,2,MCF_ARC,9,8,8,0,9->8,9->8,4.359944,inf,0.0,209,209,4.359944,20.363897,48.257058,20.242915,0.0,0.0,0.0,0,209,0.5,0.5,0.0,5,0.0,0.0
Geant2010,SM,2,MCF_ARC,10,8,8,0,10->23->8,10->9->8,22.428675,inf,0.0,179,179,6.487704,20.363897,50.384819,20.242915,0.0,0.0,0.0,0,179,0.5,0.5,0.0,5,0.0,0.0
Geant2010,SM,2,MCF_ARC,11,8,2,1,11->20->21->27->5->9->8,11->20->21->27->5->7->8->32->2,22.469376,inf,0.0,220,220,25.923378,2.734099,52.302373,2.724796,0.0,0.0,0.0,0,220,0.5,0.5,0.0,5,0.0,0.0
Geant2010,SM,2,MCF_ARC,12,8,2,1,12->20->21->27->5->7->8,12->20->21->27->5->1->2,19.407,inf,0.0,188,188,19.992942,2.734099,46.371937,2.724796,0.0,0.0,0.0,0,188,0.5,0.5,0.0,5,0.0,0.0
Geant2010,SM,2,MCF_ARC,13,8,8,0,13->11->14->10->9->8,13->12->20->21->27->5->7->8,36.930116,inf,0.0,181,181,28.845258,20.363897,72.742373,20.242915,0.0,0.0,0.0,0,181,0.5,0.5,0.0,5,0.0,0.0
Geant2010,SM,2,MCF_ARC,14,7,1,1,14->27->5->7,14->27->5->1,20.738638,inf,0.0,211,211,22.468265,5.678137,51.493034,5.370569,0.0,0.0,0.0,0,211,0.5,0.5,0.0,5,0.0,0.0
Geant2010,SM,2,MCF_ARC,15,7,7,0,15->14->27->5->7,15->14->27->5->7,29.91753,inf,0.0,173,173,29.91753,20.335334,73.896933,20.325203,0.0,0.0,0.0,0,173,0.5,0.5,0.0,5,0.0,0.0
Geant2010,SM,2,MCF_ARC,16,7,7,0,16->5->7,16->5->7,31.814555,inf,0.0,200,200,31.814555,20.335334,75.793958,20.325203,0.0,0.0,0.0,0,200,0.5,0.5,0.0,5,0.0,0.0
Geant2010,SM,2,MCF_ARC,17,7,8,1,17->10->9->5->7,17->10->9->8,19.177378,inf,0.0,185,185,17.978004,20.363897,61.875118,20.242915,0.0,0.0,0.0,0,185,0.5,0.5,0.0,5,0.0,0.0
Geant2010,SM,2,MCF_ARC,18,7,7,0,18->11->14->27->5->7,18->11->20->21->27->5->7,27.728133,inf,0.0,186,186,18.129405,20.335334,62.108808,20.325203,0.0,0.0,0.0,0,186,0.5,0.5,0.0,5,0.0,0.0
Geant2010,SM,2,MCF_ARC,19,6,5,1,19->25->20->21->6,19->25->26->27->5,12.109417,inf,0.0,207,207,14.527532,19.279601,56.038875,17.857143,0.0,0.0,0.0,0,207,0.5,0.5,0.0,5,0.0,0.0
Geant2010,SM,2,MCF_ARC,20,6,6,0,20->21->6,20->21->6,4.53283,inf,0.0,127,127,4.53283,18.40142,44.909437,16.722408,0.0,0.0,0.0,0,127.0,0.5,0.5,0.0,5,0.0,0.0
Geant2010,SM,2,MCF_ARC,21,6,3,1,21->6,21->6->5->3,2.914876,inf,0.0,216,216,13.731755,2.623549,39.987412,2.601457,0.0,0.0,0.0,0,216.0,0.5,0.5,0.0,5,0.0,0.0
Geant2010,SM,2,MCF_ARC,22,6,6,0,22->23->9->5->6,22->23->9->5->6,24.310768,inf,0.0,184,184,24.310768,18.40142,64.687375,16.722408,0.0,0.0,0.0,0,184,0.5,0.5,0.0,5,0.0,0.0
Geant2010,SM,2,MCF_ARC,23,6,6,0,23->9->5->6,23->9->5->6,19.278012,inf,0.0,168,168,19.278012,18.40142,59.65462,16.722408,0.0,0.0,0.0,0,168,0.5,0.5,0.0,5,0.0,0.0
Geant2010,SM,2,MCF_ARC,24,5,5,0,24->20->21->27->5,24->20->21->27->5,11.351049,inf,0.0,184,184,11.351049,19.279601,52.862392,17.857143,0.0,0.0,0.0,0,184,0.5,0.5,0.0,5,0.0,0.0
Geant2010,SM,2,MCF_ARC,25,5,7,1,25->26->27->5,25->26->27->5->7,9.94978,inf,0.0,171,171,11.869455,20.335334,55.848858,20.325203,0.0,0.0,0.0,0,171,0.5,0.5,0.0,5,0.0,0.0
Geant2010,SM,2,MCF_ARC,26,5,5,0,26->27->5,26->27->5,8.777608,inf,0.0,177,177,8.777608,19.279601,50.288951,17.857143,0.0,0.0,0.0,0,177,0.5,0.5,0.0,5,0.0,0.0
Geant2010,SM,2,MCF_ARC,27,5,5,0,27->5,27->5,5.992306,inf,0.0,196,196,5.992306,19.279601,47.503649,17.857143,0.0,0.0,0.0,0,196.0,0.5,0.5,0.0,5,0.0,0.0
Geant2010,SM,2,MCF_ARC,28,6,6,0,28->4->6,28->4->6,8.490346,inf,0.0,146,146,8.490346,18.40142,48.866953,16.722408,0.0,0.0,0.0,0,146,0.5,0.5,0.0,5,0.0,0.0
Geant2010,SM,2,MCF_ARC,29,5,1,1,29->5,29->3->1,20.266678,inf,0.0,196,196,21.883069,5.678137,50.907838,5.370569,0.0,0.0,0.0,0,196,0.5,0.5,0.0,5,0.0,0.0
Geant2010,SM,2,MCF_ARC,30,5,1,1,30->3->5,30->32->2->1,27.824171,inf,0.0,134,134,23.866538,5.678137,52.891307,5.370569,0.0,0.0,0.0,0,134,0.5,0.5,0.0,5,0.0,0.0
Geant2010,SM,2,MCF_ARC,31,4,4,0,31->32->8->7->5->4,31->32->8->7->5->4,19.206306,inf,0.0,172,172,19.206306,16.423481,56.596769,13.736264,0.0,0.0,0.0,0,172,0.5,0.5,0.0,5,0.0,0.0
Geant2010,SM,2,MCF_ARC,32,4,4,0,32->8->7->5->4,32->8->7->5->4,14.558227,inf,0.0,210,210,14.558227,16.423481,51.948691,13.736264,0.0,0.0,0.0,0,210,0.5,0.5,0.0,5,0.0,0.0
Geant2010,SM,2,MCF_ARC,33,4,4,0,33->3->5->4,33->3->5->4,20.227605,inf,0.0,169,169,20.227605,16.423481,57.618068,13.736264,0.0,0.0,0.0,0,169,0.5,0.5,0.0,5,0.0,0.0
Geant2010,SM,2,MCF_ARC,34,4,4,0,34->3->5->4,34->3->5->4,18.266476,inf,0.0,193,193,18.266476,16.423481,55.656939,13.736264,0.0,0.0,0.0,0,193,0.5,0.5,0.0,5,0.0,0.0
Geant2010,SM,2,MCF_ARC,35,4,1,1,35->34->3->5->4,35->34->3->1,20.928919,inf,0.0,191,191,14.122678,5.678137,43.147447,5.370569,0.0,0.0,0.0,0,191,0.5,0.5,0.0,5,0.0,0.0
Geant2010,SM,2,MCF_ARC,36,4,6,1,36->37->28->4,36->3->5->6,10.431084,inf,0.0,122,122,19.211666,18.40142,59.588273,16.722408,0.0,0.0,0.0,0,122,0.5,0.5,0.0,5,0.0,0.0
Geant2010,SM,2,MCF_ARC,37,3,3,0,37->36->3,37->36->3,11.195232,36.514988,0.0,202,202,11.195232,2.623549,37.450889,2.601457,0.0,0.0,0.0,0,202,0.5,0.5,0.0,5,0.0,0.0
Geant2010,SM,3,B1,1,1,1,0,1,,0.0,24.836233,0.0,162,162,0.0,5.617978,29.272177,5.617978,0.0,0.0,0.0,0,162,0.5,0.5,0.0,5,0.0,0.0
Geant2010,SM,3,B1,2,2,2,0,2,,0.0,24.966535,0.0,178,178,0.0,2.386635,26.040834,2.386635,0.0,0.0,0.0,0,178,0.5,0.5,0.0,5,0.0,0.0
Geant2010,SM,3,B1,3,3,3,0,3,,0.0,25.798282,0.0,199,199,0.0,2.144082,25.798282,2.144082,0.0,0.0,0.0,0,199.0,0.5,0.5,0.0,5,0.0,0.0
Geant2010,SM,3,B1,4,4,4,0,4,,0.0,inf,0.0,202,202,0.0,25.0,48.6542,25.0,0.0,0.0,0.0,0,202,0.5,0.5,0.0,5,0.0,0.0
Geant2010,SM,3,B1,5,5,5,0,5,,0.0,inf,0.0,192,192,0.0,31.847134,55.501333,31.847134,0.0,0.0,0.0,0,192.0,0.5,0.5,0.0,5,0.0,0.0
Geant2010,SM,3,B1,6,6,6,0,6,,0.0,inf,0.0,194,194,0.0,5000.0,5023.6542,5000.0,0.0,0.0,0.0,0,194,0.5,0.5,0.0,5,0.0,0.0
Geant2010,SM,3,B1,7,7,7,0,7,,0.0,inf,0.0,183,183,0.0,208.333333,231.987533,208.333333,0.0,0.0,0.0,0,183.0,0.5,0.5,0.0,5,0.0,0.0
Geant2010,SM,3,B1,8,8,8,0,8,,0.0,inf,0.0,141,141,0.0,9.52381,33.178009,9.52381,0.0,0.0,0.0,0,141,0.5,0.5,0.0,5,0.0,0.0
Geant2010,SM,3,B1,9,8,8,0,9->8,,4.359944,inf,0.0,182,182,4.359944,9.52381,37.537953,9.52381,0.0,0.0,0.0,0,182,0.5,0.5,0.0,5,0.0,0.0
Geant2010,SM,3,B1,10,8,8,0,10->9->8,,6.487704,inf,0.0,157,157,6.487704,9.52381,39.665713,9.52381,0.0,0.0,0.0,0,157,0.5,0.5,0.0,5,0.0,0.0
Geant2010,SM,3,B1,11,8,8,0,11->14->10->9->8,,26.37185,inf,0.0,210,210,19.269187,9.52381,52.447196,9.52381,0.0,0.0,0.0,0,210,0.5,0.5,0.0,5,0.0,0.0
Geant2010,SM,3,B1,12,8,2,1,12->20->21->6->5->9->8,,23.083175,inf,0.0,181,181,19.992942,2.386635,46.033776,2.386635,0.0,0.0,0.0,0,181,0.5,0.5,0.0,5,0.0,0.0
Geant2010,SM,3,B1,13,8,2,1,13->11->14->10->23->8,,52.871087,inf,0.0,162,162,29.4312,2.386635,55.472034,2.386635,0.0,0.0,0.0,0,162,0.5,0.5,0.0,5,0.0,0.0
Geant2010,SM,3,B1,14,7,7,0,14->27->5->7,,20.738638,inf,0.0,202,202,20.738638,208.333333,252.726171,208.333333,0.0,0.0,0.0,0,202,0.5,0.5,0.0,5,0.0,0.0
Geant2010,SM,3,B1,15,8,8,0,15->10->9->8,,29.87195,inf,0.0,181,181,29.87195,9.52381,63.049959,9.52381,0.0,0.0,0.0,0,181,0.5,0.5,0.0,5,0.0,0.0
Geant2010,SM,3,B1,16,7,1,1,16->32->8->7,,42.389473,inf,0.0,172,172,33.544182,5.617978,62.816359,5.617978,0.0,0.0,0.0,0,172,0.5,0.5,0.0,5,0.0,0.0
Geant2010,SM,3,B1,17,7,7,0,17->10->9->5->7,,19.177378,inf,0.0,180,180,19.177378,208.333333,251.164911,208.333333,0.0,0.0,0.0,0,180,0.5,0.5,0.0,5,0.0,0.0
Geant2010,SM,3,B1,18,7,7,0,18->11->20->21->27->5->7,,18.129405,inf,0.0,188,188,18.129405,208.333333,250.116938,208.333333,0.0,0.0,0.0,0,188,0.5,0.5,0.0,5,0.0,0.0
Geant2010,SM,3,B1,19,7,7,0,19->25->26->27->5->7,,16.447208,inf,0.0,199,199,16.447208,208.333333,248.434741,208.333333,0.0,0.0,0.0,0,199,0.5,0.5,0.0,5,0.0,0.0
Geant2010,SM,3,B1,20,6,6,0,20->21->6,,4.53283,inf,0.0,167,167,4.53283,5000.0,5028.187029,5000.0,0.0,0.0,0.0,0,167.0,0.5,0.5,0.0,5,0.0,0.0
Geant2010,SM,3,B1,21,6,5,1,21->6,,2.914876,inf,0.0,185,185,6.542758,31.847134,62.044091,31.847134,0.0,0.0,0.0,0,185.0,0.5,0.5,0.0,5,0.0,0.0
Geant2010,SM,3,B1,22,6,6,0,22->23->9->5->6,,24.310768,inf,0.0,159,159,24.310768,5000.0,5047.964967,5000.0,0.0,0.0,0.0,0,159,0.5,0.5,0.0,5,0.0,0.0
Geant2010,SM,3,B1,23,6,6,0,23->9->5->6,,19.278012,inf,0.0,162,162,19.278012,5000.0,5042.932212,5000.0,0.0,0.0,0.0,0,162,0.5,0.5,0.0,5,0.0,0.0
Geant2010,SM,3,B1,24,6,6,0,24->20->21->6,,7.723167,inf,0.0,141,141,7.723167,5000.0,5031.377367,5000.0,0.0,0.0,0.0,0,141,0.5,0.5,0.0,5,0.0,0.0
Geant2010,SM,3,B1,25,6,6,0,25->20->21->6,,7.531664,inf,0.0,128,128,7.4228,5000.0,5031.077,5000.0,0.0,0.0,0.0,0,128,0.5,0.5,0.0,5,0.0,0.0
Geant2010,SM,3,B1,26,5,5,0,26->27->5,,8.777608,inf,0.0,175,175,8.777608,31.847134,64.278942,31.847134,0.0,0.0,0.0,0,175,0.5,0.5,0.0,5,0.0,0.0
Geant2010,SM,3,B1,27,5,5,0,27->5,,5.992306,inf,0.0,196,196,5.992306,31.847134,61.49364,31.847134,0.0,0.0,0.0,0,196.0,0.5,0.5,0.0,5,0.0,0.0
Geant2010,SM,3,B1,28,5,5,0,28->4->5,,11.666446,inf,0.0,175,175,11.666446,31.847134,67.16778,31.847134,0.0,0.0,0.0,0,175,0.5,0.5,0.0,5,0.0,0.0
Geant2010,SM,3,B1,29,5,1,1,29->5,,20.266678,inf,0.0,196,196,21.883069,5.617978,51.155246,5.617978,0.0,0.0,0.0,0,196,0.5,0.5,0.0,5,0.0,0.0
Geant2010,SM,3,B1,30,5,1,1,30->3->5,,27.824171,inf,0.0,113,113,23.866538,5.617978,53.138715,5.617978,0.0,0.0,0.0,0,113,0.5,0.5,0.0,5,0.0,0.0
Geant2010,SM,3,B1,31,4,1,1,31->32->2->1->5->4,,19.563704,inf,0.0,187,187,9.596939,5.617978,38.869116,5.617978,0.0,0.0,0.0,0,187,0.5,0.5,0.0,5,0.0,0.0
Geant2010,SM,3,B1,32,4,4,0,32->16->5->4,,72.280727,inf,0.0,158,158,14.558227,25.0,63.212427,25.0,0.0,0.0,0.0,0,158,0.5,0.5,0.0,5,0.0,0.0
Geant2010,SM,3,B1,33,4,4,0,33->3->5->4,,20.227605,inf,0.0,191,191,20.227605,25.0,68.881804,25.0,0.0,0.0,0.0,0,191,0.5,0.5,0.0,5,0.0,0.0
Geant2010,SM,3,B1,34,4,4,0,34->3->5->4,,18.266476,inf,0.0,179,179,18.266476,25.0,66.920675,25.0,0.0,0.0,0.0,0,179,0.5,0.5,0.0,5,0.0,0.0
Geant2010,SM,3,B1,35,4,4,0,35->34->3->5->4,,20.928919,inf,0.0,170,170,20.928919,25.0,69.583119,25.0,0.0,0.0,0.0,0,170,0.5,0.5,0.0,5,0.0,0.0
Geant2010,SM,3,B1,36,3,3,0,36->3,,8.394786,34.193068,0.0,181,181,8.394786,2.144082,34.193068,2.144082,0.0,0.0,0.0,0,181,0.5,0.5,0.0,5,0.0,0.0
Geant2010,SM,3,B1,37,3,3,0,37->36->3,,11.195232,36.993514,0.0,168,168,11.195232,2.144082,36.993514,2.144082,0.0,0.0,0.0,0,168,0.5,0.5,0.0,5,0.0,0.0
Geant2010,SM,3,B3,1,1,1,0,1,1,0.0,24.836233,0.0,162,162,0.0,inf,inf,inf,0.0,0.0,0.0,0,162,0.5,0.5,0.0,5,0.0,0.0
Geant2010,SM,3,B3,2,2,2,0,2,2,0.0,24.966535,0.0,178,178,0.0,inf,inf,inf,0.0,0.0,0.0,0,178,0.5,0.5,0.0,5,0.0,0.0
Geant2010,SM,3,B3,3,3,3,0,3,3,0.0,25.798282,0.0,199,199,0.0,6.393862,30.048061,6.393862,0.0,0.0,0.0,0,199.0,0.5,0.5,0.0,5,0.0,0.0
Geant2010,SM,3,B3,4,4,4,0,4,4,0.0,inf,0.0,202,202,0.0,4.672897,28.327097,4.672897,0.0,0.0,0.0,0,202,0.5,0.5,0.0,5,0.0,0.0
Geant2010,SM,3,B3,5,5,5,0,5,5,0.0,inf,0.0,192,192,0.0,3.591954,27.246154,3.591954,0.0,0.0,0.0,0,192.0,0.5,0.5,0.0,5,0.0,0.0
Geant2010,SM,3,B3,6,6,6,0,6,6,0.0,inf,0.0,194,194,0.0,3.785011,27.439211,3.785011,0.0,0.0,0.0,0,194,0.5,0.5,0.0,5,0.0,0.0
Geant2010,SM,3,B3,7,7,7,0,7,7,0.0,inf,0.0,183,183,0.0,4.655493,28.309693,4.655493,0.0,0.0,0.0,0,183.0,0.5,0.5,0.0,5,0.0,0.0
Geant2010,SM,3,B3,8,8,8,0,8,8,0.0,inf,0.0,141,141,0.0,2.985075,26.639274,2.985075,0.0,0.0,0.0,0,141,0.5,0.5,0.0,5,0.0,0.0
Geant2010,SM,3,B3,9,8,3,1,9->8,9->5->3,4.359944,inf,0.0,182,182,10.352655,6.393862,40.400716,6.393862,0.0,0.0,0.0,0,182,0.5,0.5,0.0,5,0.0,0.0
Geant2010,SM,3,B3,10,8,8,0,10->9->8,10->9->8,6.487704,inf,0.0,157,157,6.487704,2.985075,33.126978,2.985075,0.0,0.0,0.0,0,157,0.5,0.5,0.0,5,0.0,0.0
Geant2010,SM,3,B3,11,8,1,1,11->14->10->9->8,11->20->21->27->5->1,26.37185,inf,0.0,210,210,18.119092,inf,inf,inf,0.0,0.0,0.0,0,210,0.5,0.5,0.0,5,0.0,0.0
Geant2010,SM,3,B3,12,8,8,0,12->20->21->6->5->9->8,12->20->21->27->5->7->8,23.083175,inf,0.0,181,181,19.407,2.985075,46.046274,2.985075,0.0,0.0,0.0,0,181,0.5,0.5,0.0,5,0.0,0.0
Geant2010,SM,3,B3,13,8,8,0,13->11->14->10->23->8,13->12->20->21->27->5->7->8,52.871087,inf,0.0,162,162,28.845258,2.985075,55.484532,2.985075,0.0,0.0,0.0,0,162,0.5,0.5,0.0,5,0.0,0.0
Geant2010,SM,3,B3,14,7,1,1,14->27->5->7,14->27->5->1,20.738638,inf,0.0,202,202,22.468265,inf,inf,inf,0.0,0.0,0.0,0,202,0.5,0.5,0.0,5,0.0,0.0
Geant2010,SM,3,B3,15,8,2,1,15->10->9->8,15->14->27->5->1->2,29.87195,inf,0.0,181,181,33.383194,inf,inf,inf,0.0,0.0,0.0,0,181,0.5,0.5,0.0,5,0.0,0.0
Geant2010,SM,3,B3,16,7,7,0,16->32->8->7,16->5->7,42.389473,inf,0.0,172,172,31.814555,4.655493,60.124248,4.655493,0.0,0.0,0.0,0,172,0.5,0.5,0.0,5,0.0,0.0
Geant2010,SM,3,B3,17,7,2,1,17->10->9->5->7,17->10->9->5->1->2,19.177378,inf,0.0,180,180,22.643042,inf,inf,inf,0.0,0.0,0.0,0,180,0.5,0.5,0.0,5,0.0,0.0
Geant2010,SM,3,B3,18,7,7,0,18->11->20->21->27->5->7,18->11->20->21->27->5->7,18.129405,inf,0.0,188,188,18.129405,4.655493,46.439098,4.655493,0.0,0.0,0.0,0,188,0.5,0.5,0.0,5,0.0,0.0
Geant2010,SM,3,B3,19,7,7,0,19->25->26->27->5->7,19->25->26->27->5->7,16.447208,inf,0.0,199,199,16.447208,4.655493,44.756901,4.655493,0.0,0.0,0.0,0,199,0.5,0.5,0.0,5,0.0,0.0
Geant2010,SM,3,B3,20,6,6,0,20->21->6,20->21->6,4.53283,inf,0.0,167,167,4.53283,3.785011,31.97204,3.785011,0.0,0.0,0.0,0,167.0,0.5,0.5,0.0,5,0.0,0.0
Geant2010,SM,3,B3,21,6,6,0,21->6,21->6,2.914876,inf,0.0,185,185,2.914876,3.785011,30.354087,3.785011,0.0,0.0,0.0,0,185.0,0.5,0.5,0.0,5,0.0,0.0
Geant2010,SM,3,B3,22,6,2,1,22->23->9->5->6,22->32->2,24.310768,inf,0.0,159,159,19.069859,inf,inf,inf,0.0,0.0,0.0,0,159,0.5,0.5,0.0,5,0.0,0.0
Geant2010,SM,3,B3,23,6,1,1,23->9->5->6,23->9->5->1,19.278012,inf,0.0,162,162,18.823447,inf,inf,inf,0.0,0.0,0.0,0,162,0.5,0.5,0.0,5,0.0,0.0
Geant2010,SM,3,B3,24,6,6,0,24->20->21->6,24->20->21->6,7.723167,inf,0.0,141,141,7.723167,3.785011,35.162378,3.785011,0.0,0.0,0.0,0,141,0.5,0.5,0.0,5,0.0,0.0
Geant2010,SM,3,B3,25,6,3,1,25->20->21->6,25->26->27->5->3,7.531664,inf,0.0,128,128,16.662792,6.393862,46.710853,6.393862,0.0,0.0,0.0,0,128,0.5,0.5,0.0,5,0.0,0.0
Geant2010,SM,3,B3,26,5,2,1,26->27->5,26->27->5->1->2,8.777608,inf,0.0,175,175,14.162947,inf,inf,inf,0.0,0.0,0.0,0,175,0.5,0.5,0.0,5,0.0,0.0
Geant2010,SM,3,B3,27,5,5,0,27->5,27->5,5.992306,inf,0.0,196,196,5.992306,3.591954,33.23846,3.591954,0.0,0.0,0.0,0,196.0,0.5,0.5,0.0,5,0.0,0.0
Geant2010,SM,3,B3,28,5,5,0,28->4->5,28->4->5,11.666446,inf,0.0,175,175,11.666446,3.591954,38.9126,3.591954,0.0,0.0,0.0,0,175,0.5,0.5,0.0,5,0.0,0.0
Geant2010,SM,3,B3,29,5,1,1,29->5,29->3->1,20.266678,inf,0.0,196,196,21.883069,inf,inf,inf,0.0,0.0,0.0,0,196,0.5,0.5,0.0,5,0.0,0.0
Geant2010,SM,3,B3,30,5,5,0,30->3->5,30->32->8->7->5,27.824171,inf,0.0,113,113,27.158442,3.591954,54.404596,3.591954,0.0,0.0,0.0,0,113,0.5,0.5,0.0,5,0.0,0.0
Geant2010,SM,3,B3,31,4,4,0,31->32->2->1->5->4,31->32->8->7->5->4,19.563704,inf,0.0,187,187,19.206306,4.672897,47.533402,4.672897,0.0,0.0,0.0,0,187,0.5,0.5,0.0,5,0.0,0.0
Geant2010,SM,3,B3,32,4,4,0,32->16->5->4,32->8->7->5->4,72.280727,inf,0.0,158,158,14.558227,4.672897,42.885324,4.672897,0.0,0.0,0.0,0,158,0.5,0.5,0.0,5,0.0,0.0
Geant2010,SM,3,B3,33,4,1,1,33->3->5->4,33->3->1,20.227605,inf,0.0,191,191,13.421363,inf,inf,inf,0.0,0.0,0.0,0,191,0.5,0.5,0.0,5,0.0,0.0
Geant2010,SM,3,B3,34,4,4,0,34->3->5->4,34->3->5->4,18.266476,inf,0.0,179,179,18.266476,4.672897,46.593572,4.672897,0.0,0.0,0.0,0,179,0.5,0.5,0.0,5,0.0,0.0
Geant2010,SM,3,B3,35,4,2,1,35->34->3->5->4,35->34->3->1->2,20.928919,inf,0.0,170,170,15.858714,inf,inf,inf,0.0,0.0,0.0,0,170,0.5,0.5,0.0,5,0.0,0.0
Geant2010,SM,3,B3,36,3,3,0,36->3,36->3,8.394786,34.193068,0.0,181,181,8.394786,6.393862,38.442848,6.393862,0.0,0.0,0.0,0,181,0.5,0.5,0.0,5,0.0,0.0
Geant2010,SM,3,B3,37,3,3,0,37->36->3,37->36->3,11.195232,36.993514,0.0,168,168,11.195232,6.393862,41.243294,6.393862,0.0,0.0,0.0,0,168,0.5,0.5,0.0,5,0.0,0.0
Geant2010,SM,3,MCF_ARC,1,1,1,0,1,1,0.0,24.836233,0.0,162,162,0.0,11.673128,33.269584,9.615385,0.0,0.0,0.0,0,162,0.5,0.5,0.0,5,0.0,0.0
Geant2010,SM,3,MCF_ARC,2,2,2,0,2,2,0.0,24.966535,0.0,178,178,0.0,2.864431,26.511342,2.857143,0.0,0.0,0.0,0,178,0.5,0.5,0.0,5,0.0,0.0
Geant2010,SM,3,MCF_ARC,3,3,3,0,3,3,0.0,25.798282,0.0,199,199,0.0,2.152414,25.798282,2.144082,0.0,0.0,0.0,0,199.0,0.5,0.5,0.0,5,0.0,0.0
Geant2010,SM,3,MCF_ARC,4,4,4,0,4,4,0.0,inf,0.0,202,202,0.0,21.276596,44.930795,21.276596,0.0,0.0,0.0,0,202,0.5,0.5,0.0,5,0.0,0.0
Geant2010,SM,3,MCF_ARC,5,5,5,0,5,5,0.0,inf,0.0,192,192,0.0,20.669994,43.897115,20.242915,0.0,0.0,0.0,0,192.0,0.5,0.5,0.0,5,0.0,0.0
Geant2010,SM,3,MCF_ARC,6,6,6,0,6,6,0.0,inf,0.0,194,194,0.0,20.745413,43.979403,20.325203,0.0,0.0,0.0,0,194,0.5,0.5,0.0,5,0.0,0.0
Geant2010,SM,3,MCF_ARC,7,7,7,0,7,7,0.0,inf,0.0,183,183,0.0,20.571503,43.734521,20.080321,0.0,0.0,0.0,0,183.0,0.5,0.5,0.0,5,0.0,0.0
Geant2010,SM,3,MCF_ARC,8,8,8,0,8,8,0.0,inf,0.0,141,141,0.0,7.817878,31.406138,7.751938,0.0,0.0,0.0,0,141,0.5,0.5,0.0,5,0.0,0.0
Geant2010,SM,3,MCF_ARC,9,8,8,0,9->8,9->8,4.359944,inf,0.0,182,182,4.359944,7.817878,35.766081,7.751938,0.0,0.0,0.0,0,182,0.5,0.5,0.0,5,0.0,0.0
Geant2010,SM,3,MCF_ARC,10,8,7,1,10->9->8,10->9->5->7,6.487704,inf,0.0,157,157,7.687079,20.571503,51.421599,20.080321,0.0,0.0,0.0,0,157,0.5,0.5,0.0,5,0.0,0.0
Geant2010,SM,3,MCF_ARC,11,8,2,1,11->14->10->9->8,11->20->21->6->5->3->1->2,26.37185,inf,0.0,210,210,29.619057,2.864431,56.1304,2.857143,0.0,0.0,0.0,0,210,0.5,0.5,0.0,5,0.0,0.0
Geant2010,SM,3,MCF_ARC,12,8,8,0,12->20->21->6->5->9->8,12->20->21->27->5->7->8,23.083175,inf,0.0,181,181,19.407,7.817878,50.813138,7.751938,0.0,0.0,0.0,0,181,0.5,0.5,0.0,5,0.0,0.0
Geant2010,SM,3,MCF_ARC,13,8,8,0,13->11->14->10->23->8,13->12->20->21->27->5->7->8,52.871087,inf,0.0,162,162,28.845258,7.817878,60.251396,7.751938,0.0,0.0,0.0,0,162,0.5,0.5,0.0,5,0.0,0.0
Geant2010,SM,3,MCF_ARC,14,7,2,1,14->27->5->7,14->10->9->8->32->2,20.738638,inf,0.0,202,202,27.776486,2.864431,54.287828,2.857143,0.0,0.0,0.0,0,202,0.5,0.5,0.0,5,0.0,0.0
Geant2010,SM,3,MCF_ARC,15,8,8,0,15->10->9->8,15->14->10->9->8,29.87195,inf,0.0,181,181,30.301187,7.817878,61.707324,7.751938,0.0,0.0,0.0,0,181,0.5,0.5,0.0,5,0.0,0.0
Geant2010,SM,3,MCF_ARC,16,7,5,1,16->32->8->7,16->5,42.389473,inf,0.0,172,172,29.89488,20.669994,73.791994,20.242915,0.0,0.0,0.0,0,172,0.5,0.5,0.0,5,0.0,0.0
Geant2010,SM,3,MCF_ARC,17,7,7,0,17->10->9->5->7,17->10->9->5->7,19.177378,inf,0.0,180,180,19.177378,20.571503,62.911899,20.080321,0.0,0.0,0.0,0,180,0.5,0.5,0.0,5,0.0,0.0
Geant2010,SM,3,MCF_ARC,18,7,7,0,18->11->20->21->27->5->7,18->11->20->21->27->5->7,18.129405,inf,0.0,188,188,18.129405,20.571503,61.863926,20.080321,0.0,0.0,0.0,0,188,0.5,0.5,0.0,5,0.0,0.0
Geant2010,SM,3,MCF_ARC,19,7,7,0,19->25->26->27->5->7,19->25->26->27->5->7,16.447208,inf,0.0,199,199,16.447208,20.571503,60.181729,20.080321,0.0,0.0,0.0,0,199,0.5,0.5,0.0,5,0.0,0.0
Geant2010,SM,3,MCF_ARC,20,6,4,1,20->21->6,20->11->14->27->5->4,4.53283,inf,0.0,167,167,36.695059,21.276596,81.625854,21.276596,0.0,0.0,0.0,0,167.0,0.5,0.5,0.0,5,0.0,0.0
Geant2010,SM,3,MCF_ARC,21,6,6,0,21->6,21->6,2.914876,inf,0.0,185,185,2.914876,20.745413,46.894279,20.325203,0.0,0.0,0.0,0,185.0,0.5,0.5,0.0,5,0.0,0.0
Geant2010,SM,3,MCF_ARC,22,6,5,1,22->23->9->5->6,22->23->9->5,24.310768,inf,0.0,159,159,20.2069,20.669994,64.104015,20.242915,0.0,0.0,0.0,0,159,0.5,0.5,0.0,5,0.0,0.0
Geant2010,SM,3,MCF_ARC,23,6,6,0,23->9->5->6,23->9->5->6,19.278012,inf,0.0,162,162,19.278012,20.745413,63.257415,20.325203,0.0,0.0,0.0,0,162,0.5,0.5,0.0,5,0.0,0.0
Geant2010,SM,3,MCF_ARC,24,6,5,1,24->20->21->6,24->20->21->27->5,7.723167,inf,0.0,141,141,11.351049,20.669994,55.248164,20.242915,0.0,0.0,0.0,0,141,0.5,0.5,0.0,5,0.0,0.0
Geant2010,SM,3,MCF_ARC,25,6,5,1,25->20->21->6,25->26->27->5,7.531664,inf,0.0,128,128,9.94978,20.669994,53.846894,20.242915,0.0,0.0,0.0,0,128,0.5,0.5,0.0,5,0.0,0.0
Geant2010,SM,3,MCF_ARC,26,5,1,1,26->27->5,26->27->5->1,8.777608,inf,0.0,175,175,12.426911,11.673128,45.696495,9.615385,0.0,0.0,0.0,0,175,0.5,0.5,0.0,5,0.0,0.0
Geant2010,SM,3,MCF_ARC,27,5,1,1,27->5,27->5->3->1,5.992306,inf,0.0,196,196,18.929552,11.673128,52.199136,9.615385,0.0,0.0,0.0,0,196.0,0.5,0.5,0.0,5,0.0,0.0
Geant2010,SM,3,MCF_ARC,28,5,1,1,28->4->5,28->4->5->1,11.666446,inf,0.0,175,175,15.315749,11.673128,48.585333,9.615385,0.0,0.0,0.0,0,175,0.5,0.5,0.0,5,0.0,0.0
Geant2010,SM,3,MCF_ARC,29,5,1,1,29->5,29->3->1,20.266678,inf,0.0,196,196,21.883069,11.673128,55.152653,9.615385,0.0,0.0,0.0,0,196,0.5,0.5,0.0,5,0.0,0.0
Geant2010,SM,3,MCF_ARC,30,5,5,0,30->3->5,30->3->5,27.824171,inf,0.0,113,113,27.824171,20.669994,71.721286,20.242915,0.0,0.0,0.0,0,113,0.5,0.5,0.0,5,0.0,0.0
Geant2010,SM,3,MCF_ARC,31,4,4,0,31->32->2->1->5->4,31->32->8->7->5->4,19.563704,inf,0.0,187,187,19.206306,21.276596,64.137101,21.276596,0.0,0.0,0.0,0,187,0.5,0.5,0.0,5,0.0,0.0
Geant2010,SM,3,MCF_ARC,32,4,4,0,32->16->5->4,32->8->7->5->4,72.280727,inf,0.0,158,158,14.558227,21.276596,59.489023,21.276596,0.0,0.0,0.0,0,158,0.5,0.5,0.0,5,0.0,0.0
Geant2010,SM,3,MCF_ARC,33,4,6,1,33->3->5->4,33->3->5->6,20.227605,inf,0.0,191,191,18.014009,20.745413,61.993412,20.325203,0.0,0.0,0.0,0,191,0.5,0.5,0.0,5,0.0,0.0
Geant2010,SM,3,MCF_ARC,34,4,4,0,34->3->5->4,34->3->5->4,18.266476,inf,0.0,179,179,18.266476,21.276596,63.197271,21.276596,0.0,0.0,0.0,0,179,0.5,0.5,0.0,5,0.0,0.0
Geant2010,SM,3,MCF_ARC,35,4,6,1,35->34->3->5->4,35->34->3->5->6,20.928919,inf,0.0,170,170,18.715324,20.745413,62.694727,20.325203,0.0,0.0,0.0,0,170,0.5,0.5,0.0,5,0.0,0.0
Geant2010,SM,3,MCF_ARC,36,3,3,0,36->3,36->3,8.394786,34.193068,0.0,181,181,8.394786,2.152414,34.193068,2.144082,0.0,0.0,0.0,0,181,0.5,0.5,0.0,5,0.0,0.0
Geant2010,SM,3,MCF_ARC,37,3,3,0,37->36->3,37->36->3,11.195232,36.993514,0.0,168,168,11.195232,2.152414,36.993514,2.144082,0.0,0.0,0.0,0,168,0.5,0.5,0.0,5,0.0,0.0
Geant2010,SM,4,B1,1,1,1,0,1,,0.0,24.830117,0.0,164,164,0.0,5.512679,29.166879,5.512679,0.0,0.0,0.0,0,164,0.5,0.5,0.0,5,0.0,0.0
Geant2010,SM,4,B1,2,2,2,0,2,,0.0,24.821061,0.0,171,171,0.0,2.169197,25.823397,2.169197,0.0,0.0,0.0,0,171,0.5,0.5,0.0,5,0.0,0.0
Geant2010,SM,4,B1,3,3,3,0,3,,0.0,25.58694,0.0,151,151,0.0,1.932741,25.58694,1.932741,0.0,0.0,0.0,0,151.0,0.5,0.5,0.0,5,0.0,0.0
Geant2010,SM,4,B1,4,4,4,0,4,,0.0,inf,0.0,204,204,0.0,18.382353,42.036552,18.382353,0.0,0.0,0.0,0,204,0.5,0.5,0.0,5,0.0,0.0
Geant2010,SM,4,B1,5,5,7,1,5,,0.0,inf,0.0,150,150,1.919675,625.0,650.573875,625.0,0.0,0.0,0.0,0,150.0,0.5,0.5,0.0,5,0.0,0.0
Geant2010,SM,4,B1,6,6,6,0,6,,0.0,inf,0.0,151,151,0.0,2500.0,2523.6542,2500.0,0.0,0.0,0.0,0,151,0.5,0.5,0.0,5,0.0,0.0
Geant2010,SM,4,B1,7,7,7,0,7,,0.0,inf,0.0,160,160,0.0,625.0,648.6542,625.0,0.0,0.0,0.0,0,160.0,0.5,0.5,0.0,5,0.0,0.0
Geant2010,SM,4,B1,8,8,8,0,8,,0.0,inf,0.0,196,196,0.0,69.444444,93.098644,69.444444,0.0,0.0,0.0,0,196,0.5,0.5,0.0,5,0.0,0.0
Geant2010,SM,4,B1,9,8,8,0,9->8,,4.359944,inf,0.0,182,182,4.359944,69.444444,97.458588,69.444444,0.0,0.0,0.0,0,182,0.5,0.5,0.0,5,0.0,0.0
Geant2010,SM,4,B1,10,8,8,0,10->9->8,,6.487704,inf,0.0,215,215,6.487704,69.444444,99.586348,69.444444,0.0,0.0,0.0,0,215,0.5,0.5,0.0,5,0.0,0.0
Geant2010,SM,4,B1,11,8,2,1,11->14->10->23->8,,42.312821,inf,0.0,197,197,19.855129,2.169197,45.678526,2.169197,0.0,0.0,0.0,0,197,0.5,0.5,0.0,5,0.0,0.0
Geant2010,SM,4,B1,12,8,8,0,12->20->21->6->5->7->8,,19.882986,inf,0.0,272,272,19.407,69.444444,112.505644,69.444444,0.0,0.0,0.0,0,272,0.5,0.5,0.0,5,0.0,0.0
Geant2010,SM,4,B1,13,8,8,0,13->11->14->10->9->8,,36.930116,inf,0.0,191,191,28.845258,69.444444,121.943902,69.444444,0.0,0.0,0.0,0,191,0.5,0.5,0.0,5,0.0,0.0
Geant2010,SM,4,B1,14,7,7,0,14->27->5->7,,20.738638,inf,0.0,172,172,20.738638,625.0,669.392837,625.0,0.0,0.0,0.0,0,172,0.5,0.5,0.0,5,0.0,0.0
Geant2010,SM,4,B1,15,7,7,0,15->14->27->5->7,,29.91753,inf,0.0,191,191,29.91753,625.0,678.57173,625.0,0.0,0.0,0.0,0,191,0.5,0.5,0.0,5,0.0,0.0
Geant2010,SM,4,B1,16,7,1,1,16->5->7,,31.814555,inf,0.0,243,243,33.544182,5.512679,62.711061,5.512679,0.0,0.0,0.0,0,243,0.5,0.5,0.0,5,0.0,0.0
Geant2010,SM,4,B1,17,7,7,0,17->10->27->5->7,,25.670019,inf,0.0,160,160,19.177378,625.0,667.831578,625.0,0.0,0.0,0.0,0,160,0.5,0.5,0.0,5,0.0,0.0
Geant2010,SM,4,B1,18,7,7,0,18->11->20->21->27->5->7,,18.129405,inf,0.0,195,195,18.129405,625.0,666.783604,625.0,0.0,0.0,0.0,0,195,0.5,0.5,0.0,5,0.0,0.0
Geant2010,SM,4,B1,19,6,6,0,19->25->20->21->6,,12.109417,inf,0.0,175,175,12.000553,2500.0,2535.654753,2500.0,0.0,0.0,0.0,0,175,0.5,0.5,0.0,5,0.0,0.0
Geant2010,SM,4,B1,20,6,6,0,20->21->6,,4.53283,inf,0.0,187,187,4.53283,2500.0,2528.187029,2500.0,0.0,0.0,0.0,0,187.0,0.5,0.5,0.0,5,0.0,0.0
Geant2010,SM,4,B1,21,7,5,1,21->27->5->7,,8.462433,inf,0.0,160,160,6.542758,833.333333,863.530291,833.333333,0.0,0.0,0.0,0,160.0,0.5,0.5,0.0,5,0.0,0.0
Geant2010,SM,4,B1,22,6,2,1,22->23->9->5->6,,24.310768,inf,0.0,199,199,19.069859,2.169197,44.893256,2.169197,0.0,0.0,0.0,0,199,0.5,0.5,0.0,5,0.0,0.0
Geant2010,SM,4,B1,23,6,5,1,23->9->5->6,,19.278012,inf,0.0,224,224,15.174145,833.333333,872.161678,833.333333,0.0,0.0,0.0,0,224,0.5,0.5,0.0,5,0.0,0.0
Geant2010,SM,4,B1,24,6,6,0,24->20->21->6,,7.723167,inf,0.0,182,182,7.723167,2500.0,2531.377367,2500.0,0.0,0.0,0.0,0,182,0.5,0.5,0.0,5,0.0,0.0
Geant2010,SM,4,B1,25,5,1,1,25->26->27->5,,9.94978,inf,0.0,232,232,13.599082,5.512679,42.765961,5.512679,0.0,0.0,0.0,0,232,0.5,0.5,0.0,5,0.0,0.0
Geant2010,SM,4,B1,26,5,5,0,26->27->5,,8.777608,inf,0.0,236,236,8.777608,833.333333,865.765141,833.333333,0.0,0.0,0.0,0,236,0.5,0.5,0.0,5,0.0,0.0
Geant2010,SM,4,B1,27,5,5,0,27->5,,5.992306,inf,0.0,193,193,5.992306,833.333333,862.979839,833.333333,0.0,0.0,0.0,0,193.0,0.5,0.5,0.0,5,0.0,0.0
Geant2010,SM,4,B1,28,5,5,0,28->4->5,,11.666446,inf,0.0,201,201,11.666446,833.333333,868.653979,833.333333,0.0,0.0,0.0,0,201,0.5,0.5,0.0,5,0.0,0.0
Geant2010,SM,4,B1,29,5,1,1,29->5,,20.266678,inf,0.0,194,194,21.883069,5.512679,51.049948,5.512679,0.0,0.0,0.0,0,194,0.5,0.5,0.0,5,0.0,0.0
Geant2010,SM,4,B1,30,4,4,0,30->3->5->4,,34.141634,inf,0.0,221,221,33.475905,18.382353,75.512458,18.382353,0.0,0.0,0.0,0,221,0.5,0.5,0.0,5,0.0,0.0
Geant2010,SM,4,B1,31,6,6,0,31->32->16->5->6,,74.715209,inf,0.0,131,131,16.99271,2500.0,2540.64691,2500.0,0.0,0.0,0.0,0,131,0.5,0.5,0.0,5,0.0,0.0
Geant2010,SM,4,B1,32,4,4,0,32->8->7->5->4,,14.558227,inf,0.0,170,170,14.558227,18.382353,56.59478,18.382353,0.0,0.0,0.0,0,170,0.5,0.5,0.0,5,0.0,0.0
Geant2010,SM,4,B1,33,4,4,0,33->3->5->4,,20.227605,inf,0.0,177,177,20.227605,18.382353,62.264157,18.382353,0.0,0.0,0.0,0,177,0.5,0.5,0.0,5,0.0,0.0
Geant2010,SM,4,B1,34,4,4,0,34->3->5->4,,18.266476,inf,0.0,188,188,18.266476,18.382353,60.303028,18.382353,0.0,0.0,0.0,0,188,0.5,0.5,0.0,5,0.0,0.0
Geant2010,SM,4,B1,35,4,6,1,35->34->3->5->4,,20.928919,inf,0.0,192,192,18.715324,2500.0,2542.369523,2500.0,0.0,0.0,0.0,0,192,0.5,0.5,0.0,5,0.0,0.0
Geant2010,SM,4,B1,36,3,3,0,36->3,,8.394786,33.981726,0.0,193,193,8.394786,1.932741,33.981726,1.932741,0.0,0.0,0.0,0,193,0.5,0.5,0.0,5,0.0,0.0
Geant2010,SM,4,B1,37,3,3,0,37->36->3,,11.195232,36.782172,0.0,193,193,11.195232,1.932741,36.782172,1.932741,0.0,0.0,0.0,0,193,0.5,0.5,0.0,5,0.0,0.0
Geant2010,SM,4,B3,1,1,1,0,1,1,0.0,24.830117,0.0,164,164,0.0,inf,inf,inf,0.0,0.0,0.0,0,164,0.5,0.5,0.0,5,0.0,0.0
Geant2010,SM,4,B3,2,2,2,0,2,2,0.0,24.821061,0.0,171,171,0.0,inf,inf,inf,0.0,0.0,0.0,0,171,0.5,0.5,0.0,5,0.0,0.0
Geant2010,SM,4,B3,3,3,3,0,3,3,0.0,25.58694,0.0,151,151,0.0,7.849294,31.503493,7.849294,0.0,0.0,0.0,0,151.0,0.5,0.5,0.0,5,0.0,0.0
Geant2010,SM,4,B3,4,4,4,0,4,4,0.0,inf,0.0,204,204,0.0,4.321521,27.975721,4.321521,0.0,0.0,0.0,0,204,0.5,0.5,0.0,5,0.0,0.0
Geant2010,SM,4,B3,5,5,5,0,5,5,0.0,inf,0.0,150,150,0.0,5.09684,28.751039,5.09684,0.0,0.0,0.0,0,150.0,0.5,0.5,0.0,5,0.0,0.0
Geant2010,SM,4,B3,6,6,6,0,6,6,0.0,inf,0.0,151,151,0.0,3.092146,26.746345,3.092146,0.0,0.0,0.0,0,151,0.5,0.5,0.0,5,0.0,0.0
Geant2010,SM,4,B3,7,7,7,0,7,7,0.0,inf,0.0,160,160,0.0,2.918856,26.573055,2.918856,0.0,0.0,0.0,0,160.0,0.5,0.5,0.0,5,0.0,0.0
Geant2010,SM,4,B3,8,8,8,0,8,8,0.0,inf,0.0,196,196,0.0,3.566334,27.220533,3.566334,0.0,0.0,0.0,0,196,0.5,0.5,0.0,5,0.0,0.0
Geant2010,SM,4,B3,9,8,8,0,9->8,9->8,4.359944,inf,0.0,182,182,4.359944,3.566334,31.580477,3.566334,0.0,0.0,0.0,0,182,0.5,0.5,0.0,5,0.0,0.0
Geant2010,SM,4,B3,10,8,8,0,10->9->8,10->9->8,6.487704,inf,0.0,215,215,6.487704,3.566334,33.708238,3.566334,0.0,0.0,0.0,0,215,0.5,0.5,0.0,5,0.0,0.0
Geant2010,SM,4,B3,11,8,8,0,11->14->10->23->8,11->20->21->27->5->7->8,42.312821,inf,0.0,197,197,19.269187,3.566334,46.48972,3.566334,0.0,0.0,0.0,0,197,0.5,0.5,0.0,5,0.0,0.0
Geant2010,SM,4,B3,12,8,2,1,12->20->21->6->5->7->8,12->20->21->27->5->1->2,19.882986,inf,0.0,272,272,19.992942,inf,inf,inf,0.0,0.0,0.0,0,272,0.5,0.5,0.0,5,0.0,0.0
Geant2010,SM,4,B3,13,8,1,1,13->11->14->10->9->8,13->12->20->21->27->5->1,36.930116,inf,0.0,191,191,27.695163,inf,inf,inf,0.0,0.0,0.0,0,191,0.5,0.5,0.0,5,0.0,0.0
Geant2010,SM,4,B3,14,7,7,0,14->27->5->7,14->27->5->7,20.738638,inf,0.0,172,172,20.738638,2.918856,47.311693,2.918856,0.0,0.0,0.0,0,172,0.5,0.5,0.0,5,0.0,0.0
Geant2010,SM,4,B3,15,7,3,1,15->14->27->5->7,15->14->27->5->3,29.91753,inf,0.0,191,191,34.710867,7.849294,66.21436,7.849294,0.0,0.0,0.0,0,191,0.5,0.5,0.0,5,0.0,0.0
Geant2010,SM,4,B3,16,7,2,1,16->5->7,16->5->1->2,31.814555,inf,0.0,243,243,35.280219,inf,inf,inf,0.0,0.0,0.0,0,243,0.5,0.5,0.0,5,0.0,0.0
Geant2010,SM,4,B3,17,7,1,1,17->10->27->5->7,17->10->9->5->1,25.670019,inf,0.0,160,160,20.907005,inf,inf,inf,0.0,0.0,0.0,0,160,0.5,0.5,0.0,5,0.0,0.0
Geant2010,SM,4,B3,18,7,7,0,18->11->20->21->27->5->7,18->11->20->21->27->5->7,18.129405,inf,0.0,195,195,18.129405,2.918856,44.70246,2.918856,0.0,0.0,0.0,0,195,0.5,0.5,0.0,5,0.0,0.0
Geant2010,SM,4,B3,19,6,6,0,19->25->20->21->6,19->25->26->27->21->6,12.109417,inf,0.0,175,175,12.000553,3.092146,38.746899,3.092146,0.0,0.0,0.0,0,175,0.5,0.5,0.0,5,0.0,0.0
Geant2010,SM,4,B3,20,6,6,0,20->21->6,20->21->6,4.53283,inf,0.0,187,187,4.53283,3.092146,31.279175,3.092146,0.0,0.0,0.0,0,187.0,0.5,0.5,0.0,5,0.0,0.0
Geant2010,SM,4,B3,21,7,7,0,21->27->5->7,21->27->5->7,8.462433,inf,0.0,160,160,8.462433,2.918856,35.035489,2.918856,0.0,0.0,0.0,0,160.0,0.5,0.5,0.0,5,0.0,0.0
Geant2010,SM,4,B3,22,6,3,1,22->23->9->5->6,22->23->9->5->3,24.310768,inf,0.0,199,199,26.919913,7.849294,58.423406,7.849294,0.0,0.0,0.0,0,199,0.5,0.5,0.0,5,0.0,0.0
Geant2010,SM,4,B3,23,6,2,1,23->9->5->6,23->8->32->2,19.278012,inf,0.0,224,224,17.179385,inf,inf,inf,0.0,0.0,0.0,0,224,0.5,0.5,0.0,5,0.0,0.0
Geant2010,SM,4,B3,24,6,6,0,24->20->21->6,24->20->21->6,7.723167,inf,0.0,182,182,7.723167,3.092146,34.469513,3.092146,0.0,0.0,0.0,0,182,0.5,0.5,0.0,5,0.0,0.0
Geant2010,SM,4,B3,25,5,5,0,25->26->27->5,25->26->27->5,9.94978,inf,0.0,232,232,9.94978,5.09684,38.700819,5.09684,0.0,0.0,0.0,0,232,0.5,0.5,0.0,5,0.0,0.0
Geant2010,SM,4,B3,26,5,5,0,26->27->5,26->27->5,8.777608,inf,0.0,236,236,8.777608,5.09684,37.528648,5.09684,0.0,0.0,0.0,0,236,0.5,0.5,0.0,5,0.0,0.0
Geant2010,SM,4,B3,27,5,1,1,27->5,27->5->1,5.992306,inf,0.0,193,193,9.641609,inf,inf,inf,0.0,0.0,0.0,0,193.0,0.5,0.5,0.0,5,0.0,0.0
Geant2010,SM,4,B3,28,5,5,0,28->4->5,28->4->5,11.666446,inf,0.0,201,201,11.666446,5.09684,40.417486,5.09684,0.0,0.0,0.0,0,201,0.5,0.5,0.0,5,0.0,0.0
Geant2010,SM,4,B3,29,5,2,1,29->5,29->3->1->2,20.266678,inf,0.0,194,194,23.619106,inf,inf,inf,0.0,0.0,0.0,0,194,0.5,0.5,0.0,5,0.0,0.0
Geant2010,SM,4,B3,30,4,4,0,30->3->5->4,30->32->8->7->5->4,34.141634,inf,0.0,221,221,33.475905,4.321521,61.451626,4.321521,0.0,0.0,0.0,0,221,0.5,0.5,0.0,5,0.0,0.0
Geant2010,SM,4,B3,31,6,1,1,31->32->16->5->6,31->32->2->1,74.715209,inf,0.0,131,131,9.596939,inf,inf,inf,0.0,0.0,0.0,0,131,0.5,0.5,0.0,5,0.0,0.0
Geant2010,SM,4,B3,32,4,4,0,32->8->7->5->4,32->8->7->5->4,14.558227,inf,0.0,170,170,14.558227,4.321521,42.533948,4.321521,0.0,0.0,0.0,0,170,0.5,0.5,0.0,5,0.0,0.0
Geant2010,SM,4,B3,33,4,1,1,33->3->5->4,33->3->1,20.227605,inf,0.0,177,177,13.421363,inf,inf,inf,0.0,0.0,0.0,0,177,0.5,0.5,0.0,5,0.0,0.0
Geant2010,SM,4,B3,34,4,4,0,34->3->5->4,34->3->5->4,18.266476,inf,0.0,188,188,18.266476,4.321521,46.242196,4.321521,0.0,0.0,0.0,0,188,0.5,0.5,0.0,5,0.0,0.0
Geant2010,SM,4,B3,35,4,2,1,35->34->3->5->4,35->34->3->1->2,20.928919,inf,0.0,192,192,15.858714,inf,inf,inf,0.0,0.0,0.0,0,192,0.5,0.5,0.0,5,0.0,0.0
Geant2010,SM,4,B3,36,3,3,0,36->3,36->3,8.394786,33.981726,0.0,193,193,8.394786,7.849294,39.898279,7.849294,0.0,0.0,0.0,0,193,0.5,0.5,0.0,5,0.0,0.0
Geant2010,SM,4,B3,37,3,3,0,37->36->3,37->36->3,11.195232,36.782172,0.0,193,193,11.195232,7.849294,42.698725,7.849294,0.0,0.0,0.0,0,193,0.5,0.5,0.0,5,0.0,0.0
Geant2010,SM,4,MCF_ARC,1,1,1,0,1,1,0.0,24.830117,0.0,164,164,0.0,4.406279,27.975721,4.321521,0.0,0.0,0.0,0,164,0.5,0.5,0.0,5,0.0,0.0
Geant2010,SM,4,MCF_ARC,2,2,2,0,2,2,0.0,24.821061,0.0,171,171,0.0,6.995979,30.410956,6.756757,0.0,0.0,0.0,0,171,0.5,0.5,0.0,5,0.0,0.0
Geant2010,SM,4,MCF_ARC,3,3,3,0,3,3,0.0,25.58694,0.0,151,151,0.0,1.945448,25.58694,1.932741,0.0,0.0,0.0,0,151.0,0.5,0.5,0.0,5,0.0,0.0
Geant2010,SM,4,MCF_ARC,4,4,4,0,4,4,0.0,inf,0.0,204,204,0.0,19.162345,42.036552,18.382353,0.0,0.0,0.0,0,204,0.5,0.5,0.0,5,0.0,0.0
Geant2010,SM,4,MCF_ARC,5,5,5,0,5,5,0.0,inf,0.0,150,150,0.0,18.733027,41.136717,17.482517,0.0,0.0,0.0,0,150.0,0.5,0.5,0.0,5,0.0,0.0
Geant2010,SM,4,MCF_ARC,6,6,6,0,6,6,0.0,inf,0.0,151,151,0.0,17.47687,38.944719,15.29052,0.0,0.0,0.0,0,151,0.5,0.5,0.0,5,0.0,0.0
Geant2010,SM,4,MCF_ARC,7,7,7,0,7,7,0.0,inf,0.0,160,160,0.0,16.924408,38.231459,14.577259,0.0,0.0,0.0,0,160.0,0.5,0.5,0.0,5,0.0,0.0
Geant2010,SM,4,MCF_ARC,8,8,8,0,8,8,0.0,inf,0.0,196,196,0.0,13.835742,34.839882,11.185682,0.0,0.0,0.0,0,196,0.5,0.5,0.0,5,0.0,0.0
Geant2010,SM,4,MCF_ARC,9,8,8,0,9->8,9->8,4.359944,inf,0.0,182,182,4.359944,13.835742,39.199826,11.185682,0.0,0.0,0.0,0,182,0.5,0.5,0.0,5,0.0,0.0
Geant2010,SM,4,MCF_ARC,10,8,8,0,10->9->8,10->9->8,6.487704,inf,0.0,215,215,6.487704,13.835742,41.327586,11.185682,0.0,0.0,0.0,0,215,0.5,0.5,0.0,5,0.0,0.0
Geant2010,SM,4,MCF_ARC,11,8,8,0,11->14->10->23->8,11->20->21->27->5->7->8,42.312821,inf,0.0,197,197,19.269187,13.835742,54.109069,11.185682,0.0,0.0,0.0,0,197,0.5,0.5,0.0,5,0.0,0.0
Geant2010,SM,4,MCF_ARC,12,8,2,1,12->20->21->6->5->7->8,12->20->21->6->5->1->2,19.882986,inf,0.0,272,272,20.468927,6.995979,50.879884,6.756757,0.0,0.0,0.0,0,272,0.5,0.5,0.0,5,0.0,0.0
Geant2010,SM,4,MCF_ARC,13,8,8,0,13->11->14->10->9->8,13->12->20->21->27->5->7->8,36.930116,inf,0.0,191,191,28.845258,13.835742,63.68514,11.185682,0.0,0.0,0.0,0,191,0.5,0.5,0.0,5,0.0,0.0
Geant2010,SM,4,MCF_ARC,14,7,7,0,14->27->5->7,14->27->5->7,20.738638,inf,0.0,172,172,20.738638,16.924408,58.970097,14.577259,0.0,0.0,0.0,0,172,0.5,0.5,0.0,5,0.0,0.0
Geant2010,SM,4,MCF_ARC,15,7,7,0,15->14->27->5->7,15->14->27->5->7,29.91753,inf,0.0,191,191,29.91753,16.924408,68.148989,14.577259,0.0,0.0,0.0,0,191,0.5,0.5,0.0,5,0.0,0.0
Geant2010,SM,4,MCF_ARC,16,7,7,0,16->5->7,16->5->7,31.814555,inf,0.0,243,243,31.814555,16.924408,70.046014,14.577259,0.0,0.0,0.0,0,243,0.5,0.5,0.0,5,0.0,0.0
Geant2010,SM,4,MCF_ARC,17,7,5,1,17->10->27->5->7,17->10->9->5,25.670019,inf,0.0,160,160,17.257703,18.733027,58.39442,17.482517,0.0,0.0,0.0,0,160,0.5,0.5,0.0,5,0.0,0.0
Geant2010,SM,4,MCF_ARC,18,7,7,0,18->11->20->21->27->5->7,18->11->20->21->27->5->7,18.129405,inf,0.0,195,195,18.129405,16.924408,56.360864,14.577259,0.0,0.0,0.0,0,195,0.5,0.5,0.0,5,0.0,0.0
Geant2010,SM,4,MCF_ARC,19,6,5,1,19->25->20->21->6,19->25->26->27->5,12.109417,inf,0.0,175,175,14.527532,18.733027,55.66425,17.482517,0.0,0.0,0.0,0,175,0.5,0.5,0.0,5,0.0,0.0
Geant2010,SM,4,MCF_ARC,20,6,6,0,20->21->6,20->21->6,4.53283,inf,0.0,187,187,4.53283,17.47687,43.477549,15.29052,0.0,0.0,0.0,0,187.0,0.5,0.5,0.0,5,0.0,0.0
Geant2010,SM,4,MCF_ARC,21,7,5,1,21->27->5->7,21->27->5,8.462433,inf,0.0,160,160,6.542758,18.733027,47.679475,17.482517,0.0,0.0,0.0,0,160.0,0.5,0.5,0.0,5,0.0,0.0
Geant2010,SM,4,MCF_ARC,22,6,6,0,22->23->9->5->6,22->23->9->5->6,24.310768,inf,0.0,199,199,24.310768,17.47687,63.255487,15.29052,0.0,0.0,0.0,0,199,0.5,0.5,0.0,5,0.0,0.0
Geant2010,SM,4,MCF_ARC,23,6,6,0,23->9->5->6,23->9->5->6,19.278012,inf,0.0,224,224,19.278012,17.47687,58.222732,15.29052,0.0,0.0,0.0,0,224,0.5,0.5,0.0,5,0.0,0.0
Geant2010,SM,4,MCF_ARC,24,6,5,1,24->20->21->6,24->20->21->27->5,7.723167,inf,0.0,182,182,11.351049,18.733027,52.487767,17.482517,0.0,0.0,0.0,0,182,0.5,0.5,0.0,5,0.0,0.0
Geant2010,SM,4,MCF_ARC,25,5,1,1,25->26->27->5,25->26->27->5->1,9.94978,inf,0.0,232,232,13.599082,4.406279,41.574803,4.321521,0.0,0.0,0.0,0,232,0.5,0.5,0.0,5,0.0,0.0
Geant2010,SM,4,MCF_ARC,26,5,2,1,26->27->5,26->27->5->7->8->32->2,8.777608,inf,0.0,236,236,20.231197,6.995979,50.642153,6.756757,0.0,0.0,0.0,0,236,0.5,0.5,0.0,5,0.0,0.0
Geant2010,SM,4,MCF_ARC,27,5,1,1,27->5,27->5->1,5.992306,inf,0.0,193,193,9.641609,4.406279,37.61733,4.321521,0.0,0.0,0.0,0,193.0,0.5,0.5,0.0,5,0.0,0.0
Geant2010,SM,4,MCF_ARC,28,5,2,1,28->4->5,28->4->5->3->1->2,11.666446,inf,0.0,201,201,26.339728,6.995979,56.750685,6.756757,0.0,0.0,0.0,0,201,0.5,0.5,0.0,5,0.0,0.0
Geant2010,SM,4,MCF_ARC,29,5,1,1,29->5,29->3->1,20.266678,inf,0.0,194,194,21.883069,4.406279,49.85879,4.321521,0.0,0.0,0.0,0,194,0.5,0.5,0.0,5,0.0,0.0
Geant2010,SM,4,MCF_ARC,30,4,4,0,30->3->5->4,30->3->5->4,34.141634,inf,0.0,221,221,34.141634,19.162345,76.178187,18.382353,0.0,0.0,0.0,0,221,0.5,0.5,0.0,5,0.0,0.0
Geant2010,SM,4,MCF_ARC,31,6,5,1,31->32->16->5->6,31->32->8->7->5,74.715209,inf,0.0,131,131,12.888843,18.733027,54.02556,17.482517,0.0,0.0,0.0,0,131,0.5,0.5,0.0,5,0.0,0.0
Geant2010,SM,4,MCF_ARC,32,4,4,0,32->8->7->5->4,32->8->7->5->4,14.558227,inf,0.0,170,170,14.558227,19.162345,56.59478,18.382353,0.0,0.0,0.0,0,170,0.5,0.5,0.0,5,0.0,0.0
Geant2010,SM,4,MCF_ARC,33,4,4,0,33->3->5->4,33->3->5->4,20.227605,inf,0.0,177,177,20.227605,19.162345,62.264157,18.382353,0.0,0.0,0.0,0,177,0.5,0.5,0.0,5,0.0,0.0
Geant2010,SM,4,MCF_ARC,34,4,4,0,34->3->5->4,34->3->5->4,18.266476,inf,0.0,188,188,18.266476,19.162345,60.303028,18.382353,0.0,0.0,0.0,0,188,0.5,0.5,0.0,5,0.0,0.0
Geant2010,SM,4,MCF_ARC,35,4,6,1,35->34->3->5->4,35->34->3->5->6,20.928919,inf,0.0,192,192,18.715324,17.47687,57.660043,15.29052,0.0,0.0,0.0,0,192,0.5,0.5,0.0,5,0.0,0.0
Geant2010,SM,4,MCF_ARC,36,3,3,0,36->3,36->3,8.394786,33.981726,0.0,193,193,8.394786,1.945448,33.981726,1.932741,0.0,0.0,0.0,0,193,0.5,0.5,0.0,5,0.0,0.0
Geant2010,SM,4,MCF_ARC,37,3,3,0,37->36->3,37->36->3,11.195232,36.782172,0.0,193,193,11.195232,1.945448,36.782172,1.932741,0.0,0.0,0.0,0,193,0.5,0.5,0.0,5,0.0,0.0
Bellcanada,SM,0,B1,1,1,1,0,1,,0.0,61.248906,0.0,204,204,0.0,1.256281,61.248906,1.256281,0.0,0.0,0.0,0,204,0.5,0.5,0.0,5,0.0,0.0
Bellcanada,SM,0,B1,2,2,2,0,2,,0.0,61.230248,0.0,192,192,0.0,2.724796,62.71742,2.724796,0.0,0.0,0.0,0,192,0.5,0.5,0.0,5,0.0,0.0
Bellcanada,SM,0,B1,3,3,3,0,3,,0.0,61.258127,0.0,221,221,0.0,5000.0,5059.992624,5000.0,0.0,0.0,0.0,0,221,0.5,0.5,0.0,5,0.0,0.0
Bellcanada,SM,0,B1,4,4,4,0,4,,0.0,73.691255,0.0,209,209,0.0,13.69863,73.691255,13.69863,0.0,0.0,0.0,0,209,0.5,0.5,0.0,5,0.0,0.0
Bellcanada,SM,0,B1,5,5,5,0,5,,0.0,inf,0.0,189,189,0.0,50.0,109.992624,50.0,0.0,0.0,0.0,0,189,0.5,0.5,0.0,5,0.0,0.0
Bellcanada,SM,0,B1,6,6,6,0,6,,0.0,inf,0.0,185,185,0.0,6.896552,66.889176,6.896552,0.0,0.0,0.0,0,185,0.5,0.5,0.0,5,0.0,0.0
Bellcanada,SM,0,B1,7,7,2,1,7,,0.0,inf,0.0,213,213,1.12607,2.724796,63.843491,2.724796,0.0,0.0,0.0,0,213,0.5,0.5,0.0,5,0.0,0.0
Bellcanada,SM,0,B1,8,8,8,0,8,,0.0,inf,0.0,168,168,0.0,75.757576,135.7502,75.757576,0.0,0.0,0.0,0,168,0.5,0.5,0.0,5,0.0,0.0
Bellcanada,SM,0,B1,9,9,9,0,9,,0.0,inf,0.0,152,152,0.0,250.0,309.992624,250.0,0.0,0.0,0.0,0,152,0.5,0.5,0.0,5,0.0,0.0
Bellcanada,SM,0,B1,10,10,10,0,10,,0.0,inf,0.0,165,165,0.0,100.0,159.992624,100.0,0.0,0.0,0.0,0,165,0.5,0.5,0.0,5,0.0,0.0
Bellcanada,SM,0,B1,11,10,10,0,11->20->19->18->17->15->14->30->44->45->46->48->39->28->9->10,,46.540334,inf,0.0,162,162,46.540334,100.0,206.532958,100.0,0.0,0.0,0.0,0,162,0.5,0.5,0.0,5,0.0,0.0
Bellcanada,SM,0,B1,12,10,10,0,12->22->17->15->13->41->36->37->32->34->9->10,,75.789536,inf,0.0,155,155,46.570205,100.0,206.56283,100.0,0.0,0.0,0.0,0,155,0.5,0.5,0.0,5,0.0,0.0
Bellcanada,SM,0,B1,13,10,3,1,13->29->30->44->45->46->48->39->28->9->10,,38.498447,inf,0.0,217,217,33.597423,5000.0,5093.590048,5000.0,0.0,0.0,0.0,0,217,0.5,0.5,0.0,5,0.0,0.0
Bellcanada,SM,0,B1,14,10,10,0,14->30->44->45->46->48->39->28->9->10,,36.294777,inf,0.0,163,163,36.294777,100.0,196.287401,100.0,0.0,0.0,0.0,0,163.0,0.5,0.5,0.0,5,0.0,0.0
Bellcanada,SM,0,B1,15,10,10,0,15->14->30->44->45->46->48->39->28->9->10,,37.948839,inf,0.0,175,175,37.948839,100.0,197.941464,100.0,0.0,0.0,0.0,0,175.0,0.5,0.5,0.0,5,0.0,0.0
Bellcanada,SM,0,B1,16,10,3,1,16->15->14->30->44->45->46->48->39->28->9->10,,39.275276,inf,0.0,197,197,34.374252,5000.0,5094.366876,5000.0,0.0,0.0,0.0,0,197,0.5,0.5,0.0,5,0.0,0.0
Bellcanada,SM,0,B1,17,9,3,1,17->15->14->30->44->45->46->48->39->28->9,,39.831759,inf,0.0,203,203,35.38415,5000.0,5095.376774,5000.0,0.0,0.0,0.0,0,203.0,0.5,0.5,0.0,5,0.0,0.0
Bellcanada,SM,0,B1,18,9,9,0,18->17->15->14->30->44->45->46->48->39->28->9,,41.63118,inf,0.0,190,190,41.63118,250.0,351.623804,250.0,0.0,0.0,0.0,0,190,0.5,0.5,0.0,5,0.0,0.0
Bellcanada,SM,0,B1,19,9,9,0,19->18->17->15->14->30->44->45->46->48->39->28->9,,43.510296,inf,0.0,176,176,43.510296,250.0,353.50292,250.0,0.0,0.0,0.0,0,176,0.5,0.5,0.0,5,0.0,0.0
Bellcanada,SM,0,B1,20,9,9,0,20->19->18->17->15->14->30->35->46->48->39->28->9,,47.103435,inf,0.0,147,147,44.407641,250.0,354.400265,250.0,0.0,0.0,0.0,0,147,0.5,0.5,0.0,5,0.0,0.0
Bellcanada,SM,0,B1,21,9,10,1,21->24->17->15->14->30->44->45->46->48->39->28->9,,44.342253,inf,0.0,170,170,44.795669,100.0,204.788293,100.0,0.0,0.0,0.0,0,170,0.5,0.5,0.0,5,0.0,0.0
Bellcanada,SM,0,B1,22,9,9,0,22->17->15->14->30->44->45->46->48->39->28->9,,44.816519,inf,0.0,152,152,44.816519,250.0,354.809143,250.0,0.0,0.0,0.0,0,152,0.5,0.5,0.0,5,0.0,0.0
Bellcanada,SM,0,B1,23,8,8,0,23->21->24->17->15->14->30->44->45->46->47->3->2->7->8,,49.631625,inf,0.0,191,191,49.631625,75.757576,185.381825,75.757576,0.0,0.0,0.0,0,191,0.5,0.5,0.0,5,0.0,0.0
Bellcanada,SM,0,B1,24,8,8,0,24->17->15->14->30->44->45->46->47->3->5->8,,48.673871,inf,0.0,206,206,46.662832,75.757576,182.413032,75.757576,0.0,0.0,0.0,0,206,0.5,0.5,0.0,5,0.0,0.0
Bellcanada,SM,0,B1,25,8,8,0,25->26->22->17->15->14->30->44->45->46->47->3->5->8,,59.94845,inf,0.0,162,162,57.937411,75.757576,193.687611,75.757576,0.0,0.0,0.0,0,162,0.5,0.5,0.0,5,0.0,0.0
Bellcanada,SM,0,B1,26,8,8,0,26->22->17->15->14->30->35->46->47->3->5->8,,54.171568,inf,0.0,135,135,49.464734,75.757576,185.214934,75.757576,0.0,0.0,0.0,0,135,0.5,0.5,0.0,5,0.0,0.0
Bellcanada,SM,0,B1,27,8,7,1,27->28->9->6->5->8,,83.320993,inf,0.0,133,133,9.596213,40.0,109.588837,40.0,0.0,0.0,0.0,0,133,0.5,0.5,0.0,5,0.0,0.0
Bellcanada,SM,0,B1,28,8,8,0,28->34->5->8,,13.287438,inf,0.0,208,208,10.462868,75.757576,146.213068,75.757576,0.0,0.0,0.0,0,208,0.5,0.5,0.0,5,0.0,0.0
Bellcanada,SM,0,B1,29,7,2,1,29->30->44->45->46->47->3->2->7,,33.916335,inf,0.0,228,228,32.790265,2.724796,95.507685,2.724796,0.0,0.0,0.0,0,228,0.5,0.5,0.0,5,0.0,0.0
Bellcanada,SM,0,B1,30,7,7,0,30->44->45->46->47->3->2->7,,32.912489,inf,0.0,173,173,32.912489,40.0,132.905114,40.0,0.0,0.0,0.0,0,173.0,0.5,0.5,0.0,5,0.0,0.0
Bellcanada,SM,0,B1,31,7,7,0,31->34->5->8->7,,10.076842,inf,0.0,159,159,10.076842,40.0,110.069466,40.0,0.0,0.0,0.0,0,159,0.5,0.5,0.0,5,0.0,0.0
Bellcanada,SM,0,B1,32,7,7,0,32->34->5->8->7,,11.06834,inf,0.0,172,172,11.06834,40.0,111.060964,40.0,0.0,0.0,0.0,0,172,0.5,0.5,0.0,5,0.0,0.0
Bellcanada,SM,0,B1,33,7,7,0,33->31->34->5->3->2->7,,16.023787,inf,0.0,184,184,11.907854,40.0,111.900479,40.0,0.0,0.0,0.0,0,184,0.5,0.5,0.0,5,0.0,0.0
Bellcanada,SM,0,B1,34,6,6,0,34->9->6,,39.208537,inf,0.0,190,190,39.208537,6.896552,106.097713,6.896552,0.0,0.0,0.0,0,190,0.5,0.5,0.0,5,0.0,0.0
Bellcanada,SM,0,B1,35,6,6,0,35->46->47->3->5->6,,66.273408,inf,0.0,153,153,64.470833,6.896552,131.360009,6.896552,0.0,0.0,0.0,0,153,0.5,0.5,0.0,5,0.0,0.0
Bellcanada,SM,0,B1,36,6,6,0,36->37->32->34->9->6,,57.57356,inf,0.0,153,153,56.562613,6.896552,123.451789,6.896552,0.0,0.0,0.0,0,153,0.5,0.5,0.0,5,0.0,0.0
Bellcanada,SM,0,B1,37,6,9,1,37->38->32->34->9->6,,52.491078,inf,0.0,179,179,15.931061,250.0,325.923685,250.0,0.0,0.0,0.0,0,179,0.5,0.5,0.0,5,0.0,0.0
Bellcanada,SM,0,B1,38,6,5,1,38->32->34->9->6,,52.04813,inf,0.0,204,204,15.392888,50.0,125.385513,50.0,0.0,0.0,0.0,0,204,0.5,0.5,0.0,5,0.0,0.0
Bellcanada,SM,0,B1,39,5,5,0,39->28->34->5,,11.973179,inf,0.0,196,196,11.159648,50.0,121.152273,50.0,0.0,0.0,0.0,0,196,0.5,0.5,0.0,5,0.0,0.0
Bellcanada,SM,0,B1,40,5,5,0,40->3->5,,7.127125,inf,0.0,204,204,7.127125,50.0,117.11975,50.0,0.0,0.0,0.0,0,204,0.5,0.5,0.0,5,0.0,0.0
Bellcanada,SM,0,B1,41,6,6,0,41->36->32->31->34->9->6,,93.775837,inf,0.0,174,174,77.820743,6.896552,144.709919,6.896552,0.0,0.0,0.0,0,174,0.5,0.5,0.0,5,0.0,0.0
Bellcanada,SM,0,B1,42,5,5,0,42->41->13->29->30->44->45->46->47->3->5,,51.290016,inf,0.0,187,187,51.290016,50.0,161.28264,50.0,0.0,0.0,0.0,0,187,0.5,0.5,0.0,5,0.0,0.0
Bellcanada,SM,0,B1,43,5,3,1,43->35->46->47->3->5,,42.128825,inf,0.0,173,173,36.447328,5000.0,5096.439953,5000.0,0.0,0.0,0.0,0,173,0.5,0.5,0.0,5,0.0,0.0
Bellcanada,SM,0,B1,44,5,7,1,44->45->46->47->3->5,,30.223972,inf,0.0,154,154,29.573865,40.0,129.566489,40.0,0.0,0.0,0.0,0,154.0,0.5,0.5,0.0,5,0.0,0.0
Bellcanada,SM,0,B1,45,4,4,0,45->46->47->3->4,,21.701304,95.392559,0.0,195,195,21.701304,13.69863,95.392559,13.69863,0.0,0.0,0.0,0,195.0,0.5,0.5,0.0,5,0.0,0.0
Bellcanada,SM,0,B1,46,4,4,0,46->47->3->4,,15.757653,89.448908,0.0,174,174,15.757653,13.69863,89.448908,13.69863,0.0,0.0,0.0,0,174.0,0.5,0.5,0.0,5,0.0,0.0
Bellcanada,SM,0,B1,47,4,4,0,47->3->4,,8.656278,82.347533,0.0,180,180,8.656278,13.69863,82.347533,13.69863,0.0,0.0,0.0,0,180,0.5,0.5,0.0,5,0.0,0.0
Bellcanada,SM,0,B1,48,4,4,0,48->46->47->3->4,,21.129897,94.821151,0.0,169,169,13.599569,13.69863,87.290823,13.69863,0.0,0.0,0.0,0,169,0.5,0.5,0.0,5,0.0,0.0
Bellcanada,SM,0,B3,1,1,1,0,1,1,0.0,61.248906,0.0,204,204,0.0,inf,inf,inf,0.0,0.0,0.0,0,204,0.5,0.5,0.0,5,0.0,0.0
Bellcanada,SM,0,B3,2,2,2,0,2,2,0.0,61.230248,0.0,192,192,0.0,inf,inf,inf,0.0,0.0,0.0,0,192,0.5,0.5,0.0,5,0.0,0.0
Bellcanada,SM,0,B3,3,3,3,0,3,3,0.0,61.258127,0.0,221,221,0.0,1.265502,61.258127,1.265502,0.0,0.0,0.0,0,221,0.5,0.5,0.0,5,0.0,0.0
Bellcanada,SM,0,B3,4,4,4,0,4,4,0.0,73.691255,0.0,209,209,0.0,4.132231,64.124856,4.132231,0.0,0.0,0.0,0,209,0.5,0.5,0.0,5,0.0,0.0
Bellcanada,SM,0,B3,5,5,5,0,5,5,0.0,inf,0.0,189,189,0.0,3.921569,63.914193,3.921569,0.0,0.0,0.0,0,189,0.5,0.5,0.0,5,0.0,0.0
Bellcanada,SM,0,B3,6,6,6,0,6,6,0.0,inf,0.0,185,185,0.0,7.142857,67.135482,7.142857,0.0,0.0,0.0,0,185,0.5,0.5,0.0,5,0.0,0.0
Bellcanada,SM,0,B3,7,7,7,0,7,7,0.0,inf,0.0,213,213,0.0,3.676471,63.669095,3.676471,0.0,0.0,0.0,0,213,0.5,0.5,0.0,5,0.0,0.0
Bellcanada,SM,0,B3,8,8,8,0,8,8,0.0,inf,0.0,168,168,0.0,4.520796,64.51342,4.520796,0.0,0.0,0.0,0,168,0.5,0.5,0.0,5,0.0,0.0
Bellcanada,SM,0,B3,9,9,9,0,9,9,0.0,inf,0.0,152,152,0.0,6.25,66.242624,6.25,0.0,0.0,0.0,0,152,0.5,0.5,0.0,5,0.0,0.0
Bellcanada,SM,0,B3,10,10,10,0,10,10,0.0,inf,0.0,165,165,0.0,7.246377,67.239001,7.246377,0.0,0.0,0.0,0,165,0.5,0.5,0.0,5,0.0,0.0
Bellcanada,SM,0,B3,11,10,10,0,11->20->19->18->17->15->14->30->44->45->46->48->39->28->9->10,11->20->19->18->17->15->14->30->44->45->46->48->39->28->9->10,46.540334,inf,0.0,162,162,46.540334,7.246377,113.779335,7.246377,0.0,0.0,0.0,0,162,0.5,0.5,0.0,5,0.0,0.0
Bellcanada,SM,0,B3,12,10,1,1,12->22->17->15->13->41->36->37->32->34->9->10,12->22->17->15->14->30->44->45->46->47->3->1,75.789536,inf,0.0,155,155,44.033888,inf,inf,inf,0.0,0.0,0.0,0,155,0.5,0.5,0.0,5,0.0,0.0
Bellcanada,SM,0,B3,13,10,2,1,13->29->30->44->45->46->48->39->28->9->10,13->29->30->44->45->46->47->3->2,38.498447,inf,0.0,217,217,37.502743,inf,inf,inf,0.0,0.0,0.0,0,217,0.5,0.5,0.0,5,0.0,0.0
Bellcanada,SM,0,B3,14,10,10,0,14->30->44->45->46->48->39->28->9->10,14->30->44->45->46->48->39->28->9->10,36.294777,inf,0.0,163,163,36.294777,7.246377,103.533778,7.246377,0.0,0.0,0.0,0,163.0,0.5,0.5,0.0,5,0.0,0.0
Bellcanada,SM,0,B3,15,10,10,0,15->14->30->44->45->46->48->39->28->9->10,15->14->30->44->45->46->48->39->28->9->10,37.948839,inf,0.0,175,175,37.948839,7.246377,105.187841,7.246377,0.0,0.0,0.0,0,175.0,0.5,0.5,0.0,5,0.0,0.0
Bellcanada,SM,0,B3,16,10,10,0,16->15->14->30->44->45->46->48->39->28->9->10,16->15->14->30->44->45->46->48->39->28->9->10,39.275276,inf,0.0,197,197,39.275276,7.246377,106.514277,7.246377,0.0,0.0,0.0,0,197,0.5,0.5,0.0,5,0.0,0.0
Bellcanada,SM,0,B3,17,9,2,1,17->15->14->30->44->45->46->48->39->28->9,17->15->14->30->44->45->46->47->3->2,39.831759,inf,0.0,203,203,39.289469,inf,inf,inf,0.0,0.0,0.0,0,203.0,0.5,0.5,0.0,5,0.0,0.0
Bellcanada,SM,0,B3,18,9,9,0,18->17->15->14->30->44->45->46->48->39->28->9,18->17->15->14->30->44->45->46->48->39->28->9,41.63118,inf,0.0,190,190,41.63118,6.25,107.873804,6.25,0.0,0.0,0.0,0,190,0.5,0.5,0.0,5,0.0,0.0
Bellcanada,SM,0,B3,19,9,9,0,19->18->17->15->14->30->44->45->46->48->39->28->9,19->18->17->15->14->30->44->45->46->48->39->28->9,43.510296,inf,0.0,176,176,43.510296,6.25,109.75292,6.25,0.0,0.0,0.0,0,176,0.5,0.5,0.0,5,0.0,0.0
Bellcanada,SM,0,B3,20,9,1,1,20->19->18->17->15->14->30->35->46->48->39->28->9,20->19->18->17->15->14->30->44->45->46->47->3->1,47.103435,inf,0.0,147,147,42.324739,inf,inf,inf,0.0,0.0,0.0,0,147,0.5,0.5,0.0,5,0.0,0.0
Bellcanada,SM,0,B3,21,9,9,0,21->24->17->15->14->30->44->45->46->48->39->28->9,21->24->17->15->14->30->44->45->46->48->39->28->9,44.342253,inf,0.0,170,170,44.342253,6.25,110.584878,6.25,0.0,0.0,0.0,0,170,0.5,0.5,0.0,5,0.0,0.0
Bellcanada,SM,0,B3,22,9,9,0,22->17->15->14->30->44->45->46->48->39->28->9,22->17->15->14->30->44->45->46->48->39->28->9,44.816519,inf,0.0,152,152,44.816519,6.25,111.059143,6.25,0.0,0.0,0.0,0,152,0.5,0.5,0.0,5,0.0,0.0
Bellcanada,SM,0,B3,23,8,8,0,23->21->24->17->15->14->30->44->45->46->47->3->2->7->8,23->21->24->17->15->14->30->44->45->46->47->3->2->7->8,49.631625,inf,0.0,191,191,49.631625,4.520796,114.145045,4.520796,0.0,0.0,0.0,0,191,0.5,0.5,0.0,5,0.0,0.0
Bellcanada,SM,0,B3,24,8,8,0,24->17->15->14->30->44->45->46->47->3->5->8,24->17->15->14->30->44->45->46->47->3->2->7->8,48.673871,inf,0.0,206,206,46.662832,4.520796,111.176252,4.520796,0.0,0.0,0.0,0,206,0.5,0.5,0.0,5,0.0,0.0
Bellcanada,SM,0,B3,25,8,8,0,25->26->22->17->15->14->30->44->45->46->47->3->5->8,25->26->22->17->15->14->30->44->45->46->47->3->2->7->8,59.94845,inf,0.0,162,162,57.937411,4.520796,122.450831,4.520796,0.0,0.0,0.0,0,162,0.5,0.5,0.0,5,0.0,0.0
Bellcanada,SM,0,B3,26,8,8,0,26->22->17->15->14->30->35->46->47->3->5->8,26->22->17->15->14->30->44->45->46->47->3->2->7->8,54.171568,inf,0.0,135,135,49.464734,4.520796,113.978154,4.520796,0.0,0.0,0.0,0,135,0.5,0.5,0.0,5,0.0,0.0
Bellcanada,SM,0,B3,27,8,1,1,27->28->9->6->5->8,27->28->40->3->1,83.320993,inf,0.0,133,133,6.92953,inf,inf,inf,0.0,0.0,0.0,0,133,0.5,0.5,0.0,5,0.0,0.0
Bellcanada,SM,0,B3,28,8,2,1,28->34->5->8,28->40->3->2,13.287438,inf,0.0,208,208,6.718787,inf,inf,inf,0.0,0.0,0.0,0,208,0.5,0.5,0.0,5,0.0,0.0
Bellcanada,SM,0,B3,29,7,2,1,29->30->44->45->46->47->3->2->7,29->30->44->45->46->47->3->2,33.916335,inf,0.0,228,228,32.790265,inf,inf,inf,0.0,0.0,0.0,0,228,0.5,0.5,0.0,5,0.0,0.0
Bellcanada,SM,0,B3,30,7,1,1,30->44->45->46->47->3->2->7,30->44->45->46->47->3->1,32.912489,inf,0.0,173,173,30.245806,inf,inf,inf,0.0,0.0,0.0,0,173.0,0.5,0.5,0.0,5,0.0,0.0
Bellcanada,SM,0,B3,31,7,7,0,31->34->5->8->7,31->34->5->8->7,10.076842,inf,0.0,159,159,10.076842,3.676471,73.745937,3.676471,0.0,0.0,0.0,0,159,0.5,0.5,0.0,5,0.0,0.0
Bellcanada,SM,0,B3,32,7,7,0,32->34->5->8->7,32->34->5->8->7,11.06834,inf,0.0,172,172,11.06834,3.676471,74.737435,3.676471,0.0,0.0,0.0,0,172,0.5,0.5,0.0,5,0.0,0.0
Bellcanada,SM,0,B3,33,7,7,0,33->31->34->5->3->2->7,33->31->34->5->8->7,16.023787,inf,0.0,184,184,11.907854,3.676471,75.576949,3.676471,0.0,0.0,0.0,0,184,0.5,0.5,0.0,5,0.0,0.0
Bellcanada,SM,0,B3,34,6,6,0,34->9->6,34->9->6,39.208537,inf,0.0,190,190,39.208537,7.142857,106.344019,7.142857,0.0,0.0,0.0,0,190,0.5,0.5,0.0,5,0.0,0.0
Bellcanada,SM,0,B3,35,6,6,0,35->46->47->3->5->6,35->46->48->39->28->9->6,66.273408,inf,0.0,153,153,64.470833,7.142857,131.606314,7.142857,0.0,0.0,0.0,0,153,0.5,0.5,0.0,5,0.0,0.0
Bellcanada,SM,0,B3,36,6,6,0,36->37->32->34->9->6,36->32->34->9->6,57.57356,inf,0.0,153,153,56.562613,7.142857,123.698094,7.142857,0.0,0.0,0.0,0,153,0.5,0.5,0.0,5,0.0,0.0
Bellcanada,SM,0,B3,37,6,6,0,37->38->32->34->9->6,37->32->34->9->6,52.491078,inf,0.0,179,179,52.418605,7.142857,119.554087,7.142857,0.0,0.0,0.0,0,179,0.5,0.5,0.0,5,0.0,0.0
Bellcanada,SM,0,B3,38,6,2,1,38->32->34->9->6,38->32->34->5->8->7->2,52.04813,inf,0.0,204,204,23.115912,inf,inf,inf,0.0,0.0,0.0,0,204,0.5,0.5,0.0,5,0.0,0.0
Bellcanada,SM,0,B3,39,5,5,0,39->28->34->5,39->28->40->3->5,11.973179,inf,0.0,196,196,11.159648,3.921569,75.073841,3.921569,0.0,0.0,0.0,0,196,0.5,0.5,0.0,5,0.0,0.0
Bellcanada,SM,0,B3,40,5,2,1,40->3->5,40->3->2,7.127125,inf,0.0,204,204,5.350948,inf,inf,inf,0.0,0.0,0.0,0,204,0.5,0.5,0.0,5,0.0,0.0
Bellcanada,SM,0,B3,41,6,1,1,41->36->32->31->34->9->6,41->13->29->30->44->45->46->47->3->1,93.775837,inf,0.0,174,174,39.250296,inf,inf,inf,0.0,0.0,0.0,0,174,0.5,0.5,0.0,5,0.0,0.0
Bellcanada,SM,0,B3,42,5,5,0,42->41->13->29->30->44->45->46->47->3->5,42->41->13->29->30->44->45->46->47->3->5,51.290016,inf,0.0,187,187,51.290016,3.921569,115.204209,3.921569,0.0,0.0,0.0,0,187,0.5,0.5,0.0,5,0.0,0.0
Bellcanada,SM,0,B3,43,5,5,0,43->35->46->47->3->5,43->35->46->47->3->5,42.128825,inf,0.0,173,173,42.128825,3.921569,106.043018,3.921569,0.0,0.0,0.0,0,173,0.5,0.5,0.0,5,0.0,0.0
Bellcanada,SM,0,B3,44,5,1,1,44->45->46->47->3->5,44->45->46->47->3->1,30.223972,inf,0.0,154,154,26.907182,inf,inf,inf,0.0,0.0,0.0,0,154.0,0.5,0.5,0.0,5,0.0,0.0
Bellcanada,SM,0,B3,45,4,4,0,45->46->47->3->4,45->46->47->3->4,21.701304,95.392559,0.0,195,195,21.701304,4.132231,85.82616,4.132231,0.0,0.0,0.0,0,195.0,0.5,0.5,0.0,5,0.0,0.0
Bellcanada,SM,0,B3,46,4,4,0,46->47->3->4,46->47->3->4,15.757653,89.448908,0.0,174,174,15.757653,4.132231,79.882509,4.132231,0.0,0.0,0.0,0,174.0,0.5,0.5,0.0,5,0.0,0.0
Bellcanada,SM,0,B3,47,4,4,0,47->3->4,47->3->4,8.656278,82.347533,0.0,180,180,8.656278,4.132231,72.781134,4.132231,0.0,0.0,0.0,0,180,0.5,0.5,0.0,5,0.0,0.0
Bellcanada,SM,0,B3,48,4,2,1,48->46->47->3->4,48->39->28->40->3->2,21.129897,94.821151,0.0,169,169,13.720561,inf,inf,inf,inf,0.0,0.0,0,169,0.5,0.5,0.0,5,0.0,0.0
Bellcanada,SM,0,MCF_ARC,1,1,1,0,1,1,0.0,61.248906,0.0,204,204,0.0,1.259276,61.248906,1.256281,0.0,0.0,0.0,0,204,0.5,0.5,0.0,5,0.0,0.0
Bellcanada,SM,0,MCF_ARC,2,2,2,0,2,2,0.0,61.230248,0.0,192,192,0.0,19.845101,79.600468,19.607843,0.0,0.0,0.0,0,192,0.5,0.5,0.0,5,0.0,0.0
Bellcanada,SM,0,MCF_ARC,3,3,3,0,3,3,0.0,61.258127,0.0,221,221,0.0,17.258724,74.873577,14.880952,0.0,0.0,0.0,0,221,0.5,0.5,0.0,5,0.0,0.0
Bellcanada,SM,0,MCF_ARC,4,4,4,0,4,4,0.0,73.691255,0.0,209,209,0.0,16.43871,73.691255,13.69863,0.0,0.0,0.0,0,209,0.5,0.5,0.0,5,0.0,0.0
Bellcanada,SM,0,MCF_ARC,5,5,5,0,5,5,0.0,inf,0.0,189,189,0.0,19.845161,79.600468,19.607843,0.0,0.0,0.0,0,189,0.5,0.5,0.0,5,0.0,0.0
Bellcanada,SM,0,MCF_ARC,6,6,6,0,6,6,0.0,inf,0.0,185,185,0.0,17.212903,74.698507,14.705882,0.0,0.0,0.0,0,185,0.5,0.5,0.0,5,0.0,0.0
Bellcanada,SM,0,MCF_ARC,7,7,7,0,7,7,0.0,inf,0.0,213,213,0.0,18.296774,76.386067,16.393443,0.0,0.0,0.0,0,213,0.5,0.5,0.0,5,0.0,0.0
Bellcanada,SM,0,MCF_ARC,8,8,8,0,8,8,0.0,inf,0.0,168,168,0.0,7.106531,67.074777,7.082153,0.0,0.0,0.0,0,168,0.5,0.5,0.0,5,0.0,0.0
Bellcanada,SM,0,MCF_ARC,9,9,9,0,9,9,0.0,inf,0.0,152,152,0.0,18.141935,76.121657,16.129032,0.0,0.0,0.0,0,152,0.5,0.5,0.0,5,0.0,0.0
Bellcanada,SM,0,MCF_ARC,10,10,10,0,10,10,0.0,inf,0.0,165,165,0.0,14.890323,72.040817,12.048193,0.0,0.0,0.0,0,165,0.5,0.5,0.0,5,0.0,0.0
Bellcanada,SM,0,MCF_ARC,11,10,9,1,11->20->19->18->17->15->14->30->44->45->46->48->39->28->9->10,11->20->19->18->17->15->14->30->44->45->46->48->39->28->9,46.540334,inf,0.0,162,162,46.086919,18.141935,122.208575,16.129032,0.0,0.0,0.0,0,162,0.5,0.5,0.0,5,0.0,0.0
Bellcanada,SM,0,MCF_ARC,12,10,9,1,12->22->17->15->13->41->36->37->32->34->9->10,12->22->17->15->14->30->44->45->46->48->39->28->9,75.789536,inf,0.0,155,155,46.11679,18.141935,122.238447,16.129032,0.0,0.0,0.0,0,155,0.5,0.5,0.0,5,0.0,0.0
Bellcanada,SM,0,MCF_ARC,13,10,10,0,13->29->30->44->45->46->48->39->28->9->10,13->29->30->44->45->46->48->39->28->9->10,38.498447,inf,0.0,217,217,38.498447,14.890323,110.539264,12.048193,0.0,0.0,0.0,0,217,0.5,0.5,0.0,5,0.0,0.0
Bellcanada,SM,0,MCF_ARC,14,10,10,0,14->30->44->45->46->48->39->28->9->10,14->30->44->45->46->48->39->28->9->10,36.294777,inf,0.0,163,163,36.294777,14.890323,108.335594,12.048193,0.0,0.0,0.0,0,163.0,0.5,0.5,0.0,5,0.0,0.0
Bellcanada,SM,0,MCF_ARC,15,10,10,0,15->14->30->44->45->46->48->39->28->9->10,15->14->30->44->45->46->48->39->28->9->10,37.948839,inf,0.0,175,175,37.948839,14.890323,109.989657,12.048193,0.0,0.0,0.0,0,175.0,0.5,0.5,0.0,5,0.0,0.0
Bellcanada,SM,0,MCF_ARC,16,10,10,0,16->15->14->30->44->45->46->48->39->28->9->10,16->15->14->30->44->45->46->48->39->28->9->10,39.275276,inf,0.0,197,197,39.275276,14.890323,111.316093,12.048193,0.0,0.0,0.0,0,197,0.5,0.5,0.0,5,0.0,0.0
Bellcanada,SM,0,MCF_ARC,17,9,3,1,17->15->14->30->44->45->46->48->39->28->9,17->15->14->30->44->45->46->47->3,39.831759,inf,0.0,203,203,35.38415,17.258724,110.257727,14.880952,0.0,0.0,0.0,0,203.0,0.5,0.5,0.0,5,0.0,0.0
Bellcanada,SM,0,MCF_ARC,18,9,3,1,18->17->15->14->30->44->45->46->48->39->28->9,18->17->15->14->30->44->45->46->47->3,41.63118,inf,0.0,190,190,37.183571,17.258724,112.057148,14.880952,0.0,0.0,0.0,0,190,0.5,0.5,0.0,5,0.0,0.0
Bellcanada,SM,0,MCF_ARC,19,9,3,1,19->18->17->15->14->30->44->45->46->48->39->28->9,19->18->17->15->14->30->44->45->46->47->3,43.510296,inf,0.0,176,176,39.062687,17.258724,113.936264,14.880952,0.0,0.0,0.0,0,176,0.5,0.5,0.0,5,0.0,0.0
Bellcanada,SM,0,MCF_ARC,20,9,9,0,20->19->18->17->15->14->30->35->46->48->39->28->9,20->19->18->17->15->14->30->44->45->46->48->39->28->9,47.103435,inf,0.0,147,147,44.407641,18.141935,120.529297,16.129032,0.0,0.0,0.0,0,147,0.5,0.5,0.0,5,0.0,0.0
Bellcanada,SM,0,MCF_ARC,21,9,9,0,21->24->17->15->14->30->44->45->46->48->39->28->9,21->24->17->15->14->30->44->45->46->48->39->28->9,44.342253,inf,0.0,170,170,44.342253,18.141935,120.46391,16.129032,0.0,0.0,0.0,0,170,0.5,0.5,0.0,5,0.0,0.0
Bellcanada,SM,0,MCF_ARC,22,9,9,0,22->17->15->14->30->44->45->46->48->39->28->9,22->17->15->14->30->44->45->46->48->39->28->9,44.816519,inf,0.0,152,152,44.816519,18.141935,120.938175,16.129032,0.0,0.0,0.0,0,152,0.5,0.5,0.0,5,0.0,0.0
Bellcanada,SM,0,MCF_ARC,23,8,8,0,23->21->24->17->15->14->30->44->45->46->47->3->2->7->8,23->21->24->17->15->14->30->44->45->46->47->3->2->7->8,49.631625,inf,0.0,191,191,49.631625,7.106531,116.706402,7.082153,0.0,0.0,0.0,0,191,0.5,0.5,0.0,5,0.0,0.0
Bellcanada,SM,0,MCF_ARC,24,8,2,1,24->17->15->14->30->44->45->46->47->3->5->8,24->17->15->14->30->44->45->46->47->3->2,48.673871,inf,0.0,206,206,42.918751,19.845101,122.519218,19.607843,0.0,0.0,0.0,0,206,0.5,0.5,0.0,5,0.0,0.0
Bellcanada,SM,0,MCF_ARC,25,8,8,0,25->26->22->17->15->14->30->44->45->46->47->3->5->8,25->26->22->17->15->14->30->44->45->46->47->3->2->7->8,59.94845,inf,0.0,162,162,57.937411,7.106531,125.012188,7.082153,0.0,0.0,0.0,0,162,0.5,0.5,0.0,5,0.0,0.0
Bellcanada,SM,0,MCF_ARC,26,8,8,0,26->22->17->15->14->30->35->46->47->3->5->8,26->22->17->15->14->30->44->45->46->47->3->2->7->8,54.171568,inf,0.0,135,135,49.464734,7.106531,116.539512,7.082153,0.0,0.0,0.0,0,135,0.5,0.5,0.0,5,0.0,0.0
Bellcanada,SM,0,MCF_ARC,27,8,8,0,27->28->9->6->5->8,27->28->40->3->2->7->8,83.320993,inf,0.0,133,133,12.214223,7.106531,79.289001,7.082153,0.0,0.0,0.0,0,133,0.5,0.5,0.0,5,0.0,0.0
Bellcanada,SM,0,MCF_ARC,28,8,2,1,28->34->5->8,28->40->3->2,13.287438,inf,0.0,208,208,6.718787,19.845101,86.319255,19.607843,0.0,0.0,0.0,0,208,0.5,0.5,0.0,5,0.0,0.0
Bellcanada,SM,0,MCF_ARC,29,7,7,0,29->30->44->45->46->47->3->2->7,29->30->44->45->46->47->3->2->7,33.916335,inf,0.0,228,228,33.916335,18.296774,110.302402,16.393443,0.0,0.0,0.0,0,228,0.5,0.5,0.0,5,0.0,0.0
Bellcanada,SM,0,MCF_ARC,30,7,7,0,30->44->45->46->47->3->2->7,30->44->45->46->47->3->2->7,32.912489,inf,0.0,173,173,32.912489,18.296774,109.298556,16.393443,0.0,0.0,0.0,0,173.0,0.5,0.5,0.0,5,0.0,0.0
Bellcanada,SM,0,MCF_ARC,31,7,2,1,31->34->5->8->7,31->34->5->8->7->2,10.076842,inf,0.0,159,159,11.202912,19.845101,90.80338,19.607843,0.0,0.0,0.0,0,159,0.5,0.5,0.0,5,0.0,0.0
Bellcanada,SM,0,MCF_ARC,32,7,7,0,32->34->5->8->7,32->34->5->8->7,11.06834,inf,0.0,172,172,11.06834,18.296774,87.454407,16.393443,0.0,0.0,0.0,0,172,0.5,0.5,0.0,5,0.0,0.0
Bellcanada,SM,0,MCF_ARC,33,7,2,1,33->31->34->5->3->2->7,33->31->34->5->8->7->2,16.023787,inf,0.0,184,184,13.033925,19.845101,92.634392,19.607843,0.0,0.0,0.0,0,184,0.5,0.5,0.0,5,0.0,0.0
Bellcanada,SM,0,MCF_ARC,34,6,6,0,34->9->6,34->9->6,39.208537,inf,0.0,190,190,39.208537,17.212903,113.907044,14.705882,0.0,0.0,0.0,0,190,0.5,0.5,0.0,5,0.0,0.0
Bellcanada,SM,0,MCF_ARC,35,6,7,1,35->46->47->3->5->6,35->46->47->3->2->7,66.273408,inf,0.0,153,153,28.567069,18.296774,104.953136,16.393443,0.0,0.0,0.0,0,153,0.5,0.5,0.0,5,0.0,0.0
Bellcanada,SM,0,MCF_ARC,36,6,8,1,36->37->32->34->9->6,36->32->34->5->8,57.57356,inf,0.0,153,153,23.886313,7.106531,90.961091,7.082153,0.0,0.0,0.0,0,153,0.5,0.5,0.0,5,0.0,0.0
Bellcanada,SM,0,MCF_ARC,37,6,6,0,37->38->32->34->9->6,37->32->34->9->6,52.491078,inf,0.0,179,179,52.418605,17.212903,127.117112,14.705882,0.0,0.0,0.0,0,179,0.5,0.5,0.0,5,0.0,0.0
Bellcanada,SM,0,MCF_ARC,38,6,6,0,38->32->34->9->6,38->32->34->9->6,52.04813,inf,0.0,204,204,52.04813,17.212903,126.746637,14.705882,0.0,0.0,0.0,0,204,0.5,0.5,0.0,5,0.0,0.0
Bellcanada,SM,0,MCF_ARC,39,5,5,0,39->28->34->5,39->28->40->3->5,11.973179,inf,0.0,196,196,11.159648,19.845161,90.760116,19.607843,0.0,0.0,0.0,0,196,0.5,0.5,0.0,5,0.0,0.0
Bellcanada,SM,0,MCF_ARC,40,5,5,0,40->3->5,40->3->5,7.127125,inf,0.0,204,204,7.127125,19.845161,86.727593,19.607843,0.0,0.0,0.0,0,204,0.5,0.5,0.0,5,0.0,0.0
Bellcanada,SM,0,MCF_ARC,41,6,6,0,41->36->32->31->34->9->6,41->13->29->30->44->45->46->48->39->28->9->6,93.775837,inf,0.0,174,174,77.820743,17.212903,152.51925,14.705882,0.0,0.0,0.0,0,174,0.5,0.5,0.0,5,0.0,0.0
Bellcanada,SM,0,MCF_ARC,42,5,5,0,42->41->13->29->30->44->45->46->47->3->5,42->41->13->29->30->44->45->46->47->3->5,51.290016,inf,0.0,187,187,51.290016,19.845161,130.890483,19.607843,0.0,0.0,0.0,0,187,0.5,0.5,0.0,5,0.0,0.0
Bellcanada,SM,0,MCF_ARC,43,5,5,0,43->35->46->47->3->5,43->35->46->47->3->5,42.128825,inf,0.0,173,173,42.128825,19.845161,121.729292,19.607843,0.0,0.0,0.0,0,173,0.5,0.5,0.0,5,0.0,0.0
Bellcanada,SM,0,MCF_ARC,44,5,3,1,44->45->46->47->3->5,44->45->46->47->3,30.223972,inf,0.0,154,154,24.542475,17.258724,99.416052,14.880952,0.0,0.0,0.0,0,154.0,0.5,0.5,0.0,5,0.0,0.0
Bellcanada,SM,0,MCF_ARC,45,4,4,0,45->46->47->3->4,45->46->47->3->4,21.701304,95.392559,0.0,195,195,21.701304,16.43871,95.392559,13.69863,0.0,0.0,0.0,0,195.0,0.5,0.5,0.0,5,0.0,0.0
Bellcanada,SM,0,MCF_ARC,46,4,4,0,46->47->3->4,46->47->3->4,15.757653,89.448908,0.0,174,174,15.757653,16.43871,89.448908,13.69863,0.0,0.0,0.0,0,174.0,0.5,0.5,0.0,5,0.0,0.0
Bellcanada,SM,0,MCF_ARC,47,4,4,0,47->3->4,47->3->4,8.656278,82.347533,0.0,180,180,8.656278,16.43871,82.347533,13.69863,0.0,0.0,0.0,0,180,0.5,0.5,0.0,5,0.0,0.0
Bellcanada,SM,0,MCF_ARC,48,4,4,0,48->46->47->3->4,48->39->28->40->3->4,21.129897,94.821151,0.0,169,169,13.599569,16.43871,87.290823,13.69863,0.0,0.0,0.0,0,169,0.5,0.5,0.0,5,0.0,0.0
Bellcanada,SM,1,B1,1,1,1,0,1,,0.0,61.141521,0.0,172,172,0.0,1.148897,61.141521,1.148897,0.0,0.0,0.0,0,172,0.5,0.5,0.0,5,0.0,0.0
Bellcanada,SM,1,B1,2,2,2,0,2,,0.0,61.314327,0.0,221,221,0.0,3.53857,63.531195,3.53857,0.0,0.0,0.0,0,221,0.5,0.5,0.0,5,0.0,0.0
Bellcanada,SM,1,B1,3,3,3,0,3,,0.0,61.164133,0.0,124,124,0.0,37.593985,97.586609,37.593985,0.0,0.0,0.0,0,124,0.5,0.5,0.0,5,0.0,0.0
Bellcanada,SM,1,B1,4,4,4,0,4,,0.0,179.040243,0.0,178,178,0.0,119.047619,179.040243,119.047619,0.0,0.0,0.0,0,178,0.5,0.5,0.0,5,0.0,0.0
Bellcanada,SM,1,B1,5,5,5,0,5,,0.0,inf,0.0,153,153,0.0,29.94012,89.932744,29.94012,0.0,0.0,0.0,0,153,0.5,0.5,0.0,5,0.0,0.0
Bellcanada,SM,1,B1,6,6,6,0,6,,0.0,inf,0.0,232,232,0.0,178.571429,238.564053,178.571429,0.0,0.0,0.0,0,232,0.5,0.5,0.0,5,0.0,0.0
Bellcanada,SM,1,B1,7,7,7,0,7,,0.0,inf,0.0,145,145,0.0,11.682243,71.674867,11.682243,0.0,0.0,0.0,0,145,0.5,0.5,0.0,5,0.0,0.0
Bellcanada,SM,1,B1,8,8,8,0,8,,0.0,inf,0.0,176,176,0.0,9.398496,69.391121,9.398496,0.0,0.0,0.0,0,176,0.5,0.5,0.0,5,0.0,0.0
Bellcanada,SM,1,B1,9,9,9,0,9,,0.0,inf,0.0,158,158,0.0,17.667845,77.660469,17.667845,0.0,0.0,0.0,0,158,0.5,0.5,0.0,5,0.0,0.0
Bellcanada,SM,1,B1,10,10,10,0,10,,0.0,inf,0.0,182,182,0.0,277.777778,337.770402,277.777778,0.0,0.0,0.0,0,182,0.5,0.5,0.0,5,0.0,0.0
Bellcanada,SM,1,B1,11,10,9,1,11->20->19->18->17->15->14->30->44->45->46->48->39->28->9->10,,46.540334,inf,0.0,188,188,46.086919,17.667845,123.747387,17.667845,0.0,0.0,0.0,0,188,0.5,0.5,0.0,5,0.0,0.0
Bellcanada,SM,1,B1,12,10,10,0,12->22->17->15->14->30->44->45->46->48->39->28->9->10,,46.570205,inf,0.0,166,166,46.570205,277.777778,384.340608,277.777778,0.0,0.0,0.0,0,166,0.5,0.5,0.0,5,0.0,0.0
Bellcanada,SM,1,B1,13,10,10,0,13->41->36->32->34->9->10,,60.819857,inf,0.0,146,146,38.498447,277.777778,376.268849,277.777778,0.0,0.0,0.0,0,146,0.5,0.5,0.0,5,0.0,0.0
Bellcanada,SM,1,B1,14,10,10,0,14->30->44->45->46->48->39->28->9->10,,36.294777,inf,0.0,130,130,36.294777,277.777778,374.065179,277.777778,0.0,0.0,0.0,0,130.0,0.5,0.5,0.0,5,0.0,0.0
Bellcanada,SM,1,B1,15,10,10,0,15->14->30->44->45->46->48->39->28->9->10,,37.948839,inf,0.0,171,171,37.948839,277.777778,375.719242,277.777778,0.0,0.0,0.0,0,171.0,0.5,0.5,0.0,5,0.0,0.0
Bellcanada,SM,1,B1,16,10,10,0,16->15->14->30->44->45->46->48->39->28->9->10,,39.275276,inf,0.0,179,179,39.275276,277.777778,377.045678,277.777778,0.0,0.0,0.0,0,179,0.5,0.5,0.0,5,0.0,0.0
Bellcanada,SM,1,B1,17,9,9,0,17->15->14->30->44->45->46->48->39->28->9,,39.831759,inf,0.0,196,196,39.831759,17.667845,117.492228,17.667845,0.0,0.0,0.0,0,196.0,0.5,0.5,0.0,5,0.0,0.0
Bellcanada,SM,1,B1,18,9,3,1,18->17->15->14->30->44->45->46->48->39->28->9,,41.63118,inf,0.0,206,206,37.183571,37.593985,134.77018,37.593985,0.0,0.0,0.0,0,206,0.5,0.5,0.0,5,0.0,0.0
Bellcanada,SM,1,B1,19,9,9,0,19->18->17->15->14->30->35->46->48->39->28->9,,46.20609,inf,0.0,136,136,43.510296,17.667845,121.170765,17.667845,0.0,0.0,0.0,0,136,0.5,0.5,0.0,5,0.0,0.0
Bellcanada,SM,1,B1,20,9,9,0,20->19->18->17->15->13->41->36->37->38->32->34->9,,73.699443,inf,0.0,90,90,44.407641,17.667845,122.06811,17.667845,0.0,0.0,0.0,0,90,0.5,0.5,0.0,5,0.0,0.0
Bellcanada,SM,1,B1,21,9,3,1,21->22->17->15->14->30->44->45->46->48->39->28->9,,46.176777,inf,0.0,198,198,39.894645,37.593985,137.481254,37.593985,0.0,0.0,0.0,0,198,0.5,0.5,0.0,5,0.0,0.0
Bellcanada,SM,1,B1,22,9,9,0,22->17->15->14->30->44->45->46->48->39->28->9,,44.816519,inf,0.0,153,153,44.816519,17.667845,122.476988,17.667845,0.0,0.0,0.0,0,153,0.5,0.5,0.0,5,0.0,0.0
Bellcanada,SM,1,B1,23,8,8,0,23->21->22->17->15->14->30->44->45->46->47->3->5->8,,53.477187,inf,0.0,171,171,49.631625,9.398496,119.022745,9.398496,0.0,0.0,0.0,0,171,0.5,0.5,0.0,5,0.0,0.0
Bellcanada,SM,1,B1,24,8,8,0,24->17->15->14->30->44->45->46->47->3->2->7->8,,46.662832,inf,0.0,188,188,46.662832,9.398496,116.053953,9.398496,0.0,0.0,0.0,0,188,0.5,0.5,0.0,5,0.0,0.0
Bellcanada,SM,1,B1,25,8,8,0,25->26->22->17->15->14->30->44->45->46->47->3->2->7->8,,57.937411,inf,0.0,159,159,57.937411,9.398496,127.328531,9.398496,0.0,0.0,0.0,0,159,0.5,0.5,0.0,5,0.0,0.0
Bellcanada,SM,1,B1,26,8,8,0,26->22->17->15->14->30->44->45->46->47->3->5->8,,51.475773,inf,0.0,194,194,49.464734,9.398496,118.855855,9.398496,0.0,0.0,0.0,0,194,0.5,0.5,0.0,5,0.0,0.0
Bellcanada,SM,1,B1,27,8,2,1,27->28->40->3->2->7->8,,12.214223,inf,0.0,224,224,8.470142,3.53857,72.001337,3.53857,0.0,0.0,0.0,0,224,0.5,0.5,0.0,5,0.0,0.0
Bellcanada,SM,1,B1,28,7,7,0,28->40->3->2->7,,7.844858,inf,0.0,185,185,7.844858,11.682243,79.519725,11.682243,0.0,0.0,0.0,0,185,0.5,0.5,0.0,5,0.0,0.0
Bellcanada,SM,1,B1,29,7,7,0,29->30->44->45->46->47->3->2->7,,33.916335,inf,0.0,176,176,33.916335,11.682243,105.591203,11.682243,0.0,0.0,0.0,0,176,0.5,0.5,0.0,5,0.0,0.0
Bellcanada,SM,1,B1,30,7,2,1,30->44->45->46->47->3->2->7,,32.912489,inf,0.0,250,250,31.786419,3.53857,95.317614,3.53857,0.0,0.0,0.0,0,250.0,0.5,0.5,0.0,5,0.0,0.0
Bellcanada,SM,1,B1,31,7,7,0,31->34->5->3->2->7,,14.192775,inf,0.0,207,207,10.076842,11.682243,81.751709,11.682243,0.0,0.0,0.0,0,207,0.5,0.5,0.0,5,0.0,0.0
Bellcanada,SM,1,B1,32,7,7,0,32->34->5->8->7,,11.06834,inf,0.0,179,179,11.06834,11.682243,82.743207,11.682243,0.0,0.0,0.0,0,179,0.5,0.5,0.0,5,0.0,0.0
Bellcanada,SM,1,B1,33,6,6,0,33->31->34->9->6,,41.966143,inf,0.0,144,144,41.966143,178.571429,280.530196,178.571429,0.0,0.0,0.0,0,144,0.5,0.5,0.0,5,0.0,0.0
Bellcanada,SM,1,B1,34,6,6,0,34->9->6,,39.208537,inf,0.0,208,208,39.208537,178.571429,277.77259,178.571429,0.0,0.0,0.0,0,208,0.5,0.5,0.0,5,0.0,0.0
Bellcanada,SM,1,B1,35,6,3,1,35->46->47->3->5->6,,66.273408,inf,0.0,209,209,23.535679,37.593985,121.122289,37.593985,0.0,0.0,0.0,0,209,0.5,0.5,0.0,5,0.0,0.0
Bellcanada,SM,1,B1,36,6,6,0,36->37->32->34->9->6,,57.57356,inf,0.0,197,197,56.562613,178.571429,295.126666,178.571429,0.0,0.0,0.0,0,197,0.5,0.5,0.0,5,0.0,0.0
Bellcanada,SM,1,B1,37,6,6,0,37->32->34->9->6,,52.418605,inf,0.0,191,191,52.418605,178.571429,290.982658,178.571429,0.0,0.0,0.0,0,191,0.5,0.5,0.0,5,0.0,0.0
Bellcanada,SM,1,B1,38,5,5,0,38->32->34->5,,15.392888,inf,0.0,142,142,15.392888,29.94012,105.325633,29.94012,0.0,0.0,0.0,0,142,0.5,0.5,0.0,5,0.0,0.0
Bellcanada,SM,1,B1,39,5,3,1,39->28->40->3->5,,11.159648,inf,0.0,214,214,5.478151,37.593985,103.064761,37.593985,0.0,0.0,0.0,0,214,0.5,0.5,0.0,5,0.0,0.0
Bellcanada,SM,1,B1,40,5,5,0,40->3->5,,7.127125,inf,0.0,156,156,7.127125,29.94012,97.059869,29.94012,0.0,0.0,0.0,0,156,0.5,0.5,0.0,5,0.0,0.0
Bellcanada,SM,1,B1,41,5,5,0,41->13->29->30->44->45->46->47->3->5,,42.567086,inf,0.0,172,172,42.567086,29.94012,132.49983,29.94012,0.0,0.0,0.0,0,172,0.5,0.5,0.0,5,0.0,0.0
Bellcanada,SM,1,B1,42,5,5,0,42->41->36->32->34->5,,65.633508,inf,0.0,161,161,51.290016,29.94012,141.22276,29.94012,0.0,0.0,0.0,0,161,0.5,0.5,0.0,5,0.0,0.0
Bellcanada,SM,1,B1,43,5,5,0,43->35->46->47->3->5,,42.128825,inf,0.0,165,165,42.128825,29.94012,132.061569,29.94012,0.0,0.0,0.0,0,165,0.5,0.5,0.0,5,0.0,0.0
Bellcanada,SM,1,B1,44,4,4,0,44->45->46->47->3->4,,28.326802,207.367045,0.0,138,138,28.326802,119.047619,207.367045,119.047619,0.0,0.0,0.0,0,138.0,0.5,0.5,0.0,5,0.0,0.0
Bellcanada,SM,1,B1,45,4,4,0,45->46->47->3->4,,21.701304,200.741548,0.0,182,182,21.701304,119.047619,200.741548,119.047619,0.0,0.0,0.0,0,182.0,0.5,0.5,0.0,5,0.0,0.0
Bellcanada,SM,1,B1,46,4,4,0,46->47->3->4,,15.757653,194.797896,0.0,213,213,15.757653,119.047619,194.797896,119.047619,0.0,0.0,0.0,0,213.0,0.5,0.5,0.0,5,0.0,0.0
Bellcanada,SM,1,B1,47,4,4,0,47->3->4,,8.656278,187.696522,0.0,159,159,8.656278,119.047619,187.696522,119.047619,0.0,0.0,0.0,0,159,0.5,0.5,0.0,5,0.0,0.0
Bellcanada,SM,1,B1,48,4,4,0,48->46->47->3->4,,21.129897,200.17014,0.0,164,164,13.599569,119.047619,192.639812,119.047619,0.0,0.0,0.0,0,164,0.5,0.5,0.0,5,0.0,0.0
Bellcanada,SM,1,B3,1,1,1,0,1,1,0.0,61.141521,0.0,172,172,0.0,inf,inf,inf,0.0,0.0,0.0,0,172,0.5,0.5,0.0,5,0.0,0.0
Bellcanada,SM,1,B3,2,2,2,0,2,2,0.0,61.314327,0.0,221,221,0.0,1.321702,61.314327,1.321702,0.0,0.0,0.0,0,221,0.5,0.5,0.0,5,0.0,0.0
Bellcanada,SM,1,B3,3,3,3,0,3,3,0.0,61.164133,0.0,124,124,0.0,inf,inf,inf,0.0,0.0,0.0,0,124,0.5,0.5,0.0,5,0.0,0.0
Bellcanada,SM,1,B3,4,4,4,0,4,4,0.0,179.040243,0.0,178,178,0.0,3.045067,63.037691,3.045067,0.0,0.0,0.0,0,178,0.5,0.5,0.0,5,0.0,0.0
Bellcanada,SM,1,B3,5,5,5,0,5,5,0.0,inf,0.0,153,153,0.0,5.701254,65.693879,5.701254,0.0,0.0,0.0,0,153,0.5,0.5,0.0,5,0.0,0.0
Bellcanada,SM,1,B3,6,6,6,0,6,6,0.0,inf,0.0,232,232,0.0,6.729475,66.7221,6.729475,0.0,0.0,0.0,0,232,0.5,0.5,0.0,5,0.0,0.0
Bellcanada,SM,1,B3,7,7,7,0,7,7,0.0,inf,0.0,145,145,0.0,3.82263,63.815254,3.82263,0.0,0.0,0.0,0,145,0.5,0.5,0.0,5,0.0,0.0
Bellcanada,SM,1,B3,8,8,8,0,8,8,0.0,inf,0.0,176,176,0.0,3.767898,63.760522,3.767898,0.0,0.0,0.0,0,176,0.5,0.5,0.0,5,0.0,0.0
Bellcanada,SM,1,B3,9,9,9,0,9,9,0.0,inf,0.0,158,158,0.0,7.320644,67.313269,7.320644,0.0,0.0,0.0,0,158,0.5,0.5,0.0,5,0.0,0.0
Bellcanada,SM,1,B3,10,10,10,0,10,10,0.0,inf,0.0,182,182,0.0,7.48503,67.477654,7.48503,0.0,0.0,0.0,0,182,0.5,0.5,0.0,5,0.0,0.0
Bellcanada,SM,1,B3,11,10,1,1,11->20->19->18->17->15->14->30->44->45->46->48->39->28->9->10,11->20->19->18->17->15->14->30->44->45->46->47->3->1,46.540334,inf,0.0,188,188,44.004017,inf,inf,inf,0.0,0.0,0.0,0,188,0.5,0.5,0.0,5,0.0,0.0
Bellcanada,SM,1,B3,12,10,10,0,12->22->17->15->14->30->44->45->46->48->39->28->9->10,12->22->17->15->14->30->44->45->46->48->39->28->9->10,46.570205,inf,0.0,166,166,46.570205,7.48503,114.04786,7.48503,0.0,0.0,0.0,0,166,0.5,0.5,0.0,5,0.0,0.0
Bellcanada,SM,1,B3,13,10,10,0,13->41->36->32->34->9->10,13->29->30->44->45->46->48->39->28->9->10,60.819857,inf,0.0,146,146,38.498447,7.48503,105.976102,7.48503,0.0,0.0,0.0,0,146,0.5,0.5,0.0,5,0.0,0.0
Bellcanada,SM,1,B3,14,10,3,1,14->30->44->45->46->48->39->28->9->10,14->30->44->45->46->47->3,36.294777,inf,0.0,130,130,31.393753,inf,inf,inf,0.0,0.0,0.0,0,130.0,0.5,0.5,0.0,5,0.0,0.0
Bellcanada,SM,1,B3,15,10,10,0,15->14->30->44->45->46->48->39->28->9->10,15->14->30->44->45->46->48->39->28->9->10,37.948839,inf,0.0,171,171,37.948839,7.48503,105.426494,7.48503,0.0,0.0,0.0,0,171.0,0.5,0.5,0.0,5,0.0,0.0
Bellcanada,SM,1,B3,16,10,10,0,16->15->14->30->44->45->46->48->39->28->9->10,16->15->14->30->44->45->46->48->39->28->9->10,39.275276,inf,0.0,179,179,39.275276,7.48503,106.75293,7.48503,0.0,0.0,0.0,0,179,0.5,0.5,0.0,5,0.0,0.0
Bellcanada,SM,1,B3,17,9,9,0,17->15->14->30->44->45->46->48->39->28->9,17->15->14->30->44->45->46->48->39->28->9,39.831759,inf,0.0,196,196,39.831759,7.320644,107.145027,7.320644,0.0,0.0,0.0,0,196.0,0.5,0.5,0.0,5,0.0,0.0
Bellcanada,SM,1,B3,18,9,1,1,18->17->15->14->30->44->45->46->48->39->28->9,18->17->15->14->30->44->45->46->47->3->1,41.63118,inf,0.0,206,206,39.548278,inf,inf,inf,0.0,0.0,0.0,0,206,0.5,0.5,0.0,5,0.0,0.0
Bellcanada,SM,1,B3,19,9,9,0,19->18->17->15->14->30->35->46->48->39->28->9,19->18->17->15->14->30->44->45->46->48->39->28->9,46.20609,inf,0.0,136,136,43.510296,7.320644,110.823565,7.320644,0.0,0.0,0.0,0,136,0.5,0.5,0.0,5,0.0,0.0
Bellcanada,SM,1,B3,20,9,3,1,20->19->18->17->15->13->41->36->37->38->32->34->9,20->19->18->17->15->14->30->44->45->46->47->3,73.699443,inf,0.0,90,90,39.960032,inf,inf,inf,0.0,0.0,0.0,0,90,0.5,0.5,0.0,5,0.0,0.0
Bellcanada,SM,1,B3,21,9,9,0,21->22->17->15->14->30->44->45->46->48->39->28->9,21->24->17->15->14->30->44->45->46->48->39->28->9,46.176777,inf,0.0,198,198,44.342253,7.320644,111.655522,7.320644,0.0,0.0,0.0,0,198,0.5,0.5,0.0,5,0.0,0.0
Bellcanada,SM,1,B3,22,9,9,0,22->17->15->14->30->44->45->46->48->39->28->9,22->17->15->14->30->44->45->46->48->39->28->9,44.816519,inf,0.0,153,153,44.816519,7.320644,112.129787,7.320644,0.0,0.0,0.0,0,153,0.5,0.5,0.0,5,0.0,0.0
Bellcanada,SM,1,B3,23,8,8,0,23->21->22->17->15->14->30->44->45->46->47->3->5->8,23->21->24->17->15->14->30->44->45->46->47->3->2->7->8,53.477187,inf,0.0,171,171,49.631625,3.767898,113.392147,3.767898,0.0,0.0,0.0,0,171,0.5,0.5,0.0,5,0.0,0.0
Bellcanada,SM,1,B3,24,8,8,0,24->17->15->14->30->44->45->46->47->3->2->7->8,24->17->15->14->30->44->45->46->47->3->2->7->8,46.662832,inf,0.0,188,188,46.662832,3.767898,110.423354,3.767898,0.0,0.0,0.0,0,188,0.5,0.5,0.0,5,0.0,0.0
Bellcanada,SM,1,B3,25,8,3,1,25->26->22->17->15->14->30->44->45->46->47->3->2->7->8,25->26->22->17->15->14->30->44->45->46->47->3,57.937411,inf,0.0,159,159,50.28801,inf,inf,inf,0.0,0.0,0.0,0,159,0.5,0.5,0.0,5,0.0,0.0
Bellcanada,SM,1,B3,26,8,8,0,26->22->17->15->14->30->44->45->46->47->3->5->8,26->22->17->15->14->30->44->45->46->47->3->2->7->8,51.475773,inf,0.0,194,194,49.464734,3.767898,113.225256,3.767898,0.0,0.0,0.0,0,194,0.5,0.5,0.0,5,0.0,0.0
Bellcanada,SM,1,B3,27,8,1,1,27->28->40->3->2->7->8,27->28->40->3->1,12.214223,inf,0.0,224,224,6.92953,inf,inf,inf,0.0,0.0,0.0,0,224,0.5,0.5,0.0,5,0.0,0.0
Bellcanada,SM,1,B3,28,7,7,0,28->40->3->2->7,28->40->3->2->7,7.844858,inf,0.0,185,185,7.844858,3.82263,71.660112,3.82263,0.0,0.0,0.0,0,185,0.5,0.5,0.0,5,0.0,0.0
Bellcanada,SM,1,B3,29,7,3,1,29->30->44->45->46->47->3->2->7,29->30->44->45->46->47->3,33.916335,inf,0.0,176,176,28.884945,inf,inf,inf,0.0,0.0,0.0,0,176,0.5,0.5,0.0,5,0.0,0.0
Bellcanada,SM,1,B3,30,7,1,1,30->44->45->46->47->3->2->7,30->44->45->46->47->3->1,32.912489,inf,0.0,250,250,30.245806,inf,inf,inf,0.0,0.0,0.0,0,250.0,0.5,0.5,0.0,5,0.0,0.0
Bellcanada,SM,1,B3,31,7,7,0,31->34->5->3->2->7,31->34->5->8->7,14.192775,inf,0.0,207,207,10.076842,3.82263,73.892096,3.82263,0.0,0.0,0.0,0,207,0.5,0.5,0.0,5,0.0,0.0
Bellcanada,SM,1,B3,32,7,7,0,32->34->5->8->7,32->34->5->8->7,11.06834,inf,0.0,179,179,11.06834,3.82263,74.883594,3.82263,0.0,0.0,0.0,0,179,0.5,0.5,0.0,5,0.0,0.0
Bellcanada,SM,1,B3,33,6,3,1,33->31->34->9->6,33->31->34->5->3,41.966143,inf,0.0,144,144,10.992397,inf,inf,inf,0.0,0.0,0.0,0,144,0.5,0.5,0.0,5,0.0,0.0
Bellcanada,SM,1,B3,34,6,1,1,34->9->6,34->5->3->1,39.208537,inf,0.0,208,208,10.599499,inf,inf,inf,0.0,0.0,0.0,0,208,0.5,0.5,0.0,5,0.0,0.0
Bellcanada,SM,1,B3,35,6,6,0,35->46->47->3->5->6,35->46->48->39->28->9->6,66.273408,inf,0.0,209,209,64.470833,6.729475,131.192932,6.729475,0.0,0.0,0.0,0,209,0.5,0.5,0.0,5,0.0,0.0
Bellcanada,SM,1,B3,36,6,6,0,36->37->32->34->9->6,36->32->34->9->6,57.57356,inf,0.0,197,197,56.562613,6.729475,123.284712,6.729475,0.0,0.0,0.0,0,197,0.5,0.5,0.0,5,0.0,0.0
Bellcanada,SM,1,B3,37,6,6,0,37->32->34->9->6,37->32->34->9->6,52.418605,inf,0.0,191,191,52.418605,6.729475,119.140705,6.729475,0.0,0.0,0.0,0,191,0.5,0.5,0.0,5,0.0,0.0
Bellcanada,SM,1,B3,38,5,3,1,38->32->34->5,38->32->34->5->3,15.392888,inf,0.0,142,142,21.074385,inf,inf,inf,0.0,0.0,0.0,0,142,0.5,0.5,0.0,5,0.0,0.0
Bellcanada,SM,1,B3,39,5,1,1,39->28->40->3->5,39->28->40->3->1,11.159648,inf,0.0,214,214,7.842858,inf,inf,inf,0.0,0.0,0.0,0,214,0.5,0.5,0.0,5,0.0,0.0
Bellcanada,SM,1,B3,40,5,5,0,40->3->5,40->3->5,7.127125,inf,0.0,156,156,7.127125,5.701254,72.821004,5.701254,0.0,0.0,0.0,0,156,0.5,0.5,0.0,5,0.0,0.0
Bellcanada,SM,1,B3,41,5,5,0,41->13->29->30->44->45->46->47->3->5,41->13->29->30->44->45->46->47->3->5,42.567086,inf,0.0,172,172,42.567086,5.701254,108.260965,5.701254,0.0,0.0,0.0,0,172,0.5,0.5,0.0,5,0.0,0.0
Bellcanada,SM,1,B3,42,5,5,0,42->41->36->32->34->5,42->41->13->29->30->44->45->46->47->3->5,65.633508,inf,0.0,161,161,51.290016,5.701254,116.983894,5.701254,0.0,0.0,0.0,0,161,0.5,0.5,0.0,5,0.0,0.0
Bellcanada,SM,1,B3,43,5,5,0,43->35->46->47->3->5,43->35->46->47->3->5,42.128825,inf,0.0,165,165,42.128825,5.701254,107.822704,5.701254,0.0,0.0,0.0,0,165,0.5,0.5,0.0,5,0.0,0.0
Bellcanada,SM,1,B3,44,4,3,1,44->45->46->47->3->4,44->45->46->47->3,28.326802,207.367045,0.0,138,138,24.542475,inf,inf,inf,inf,0.0,0.0,0,138.0,0.5,0.5,0.0,5,0.0,0.0
Bellcanada,SM,1,B3,45,4,1,1,45->46->47->3->4,45->46->47->3->1,21.701304,200.741548,0.0,182,182,20.281684,inf,inf,inf,inf,0.0,0.0,0,182.0,0.5,0.5,0.0,5,0.0,0.0
Bellcanada,SM,1,B3,46,4,4,0,46->47->3->4,46->47->3->4,15.757653,194.797896,0.0,213,213,15.757653,3.045067,78.795344,3.045067,0.0,0.0,0.0,0,213.0,0.5,0.5,0.0,5,0.0,0.0
Bellcanada,SM,1,B3,47,4,4,0,47->3->4,47->3->4,8.656278,187.696522,0.0,159,159,8.656278,3.045067,71.693969,3.045067,0.0,0.0,0.0,0,159,0.5,0.5,0.0,5,0.0,0.0
Bellcanada,SM,1,B3,48,4,4,0,48->46->47->3->4,48->39->28->40->3->4,21.129897,200.17014,0.0,164,164,13.599569,3.045067,76.63726,3.045067,0.0,0.0,0.0,0,164,0.5,0.5,0.0,5,0.0,0.0
Bellcanada,SM,1,MCF_ARC,1,1,1,0,1,1,0.0,61.141521,0.0,172,172,0.0,1.528515,61.516086,1.523461,0.0,0.0,0.0,0,172,0.5,0.5,0.0,5,0.0,0.0
Bellcanada,SM,1,MCF_ARC,2,2,2,0,2,2,0.0,61.314327,0.0,221,221,0.0,8.676482,68.216309,8.223684,0.0,0.0,0.0,0,221,0.5,0.5,0.0,5,0.0,0.0
Bellcanada,SM,1,MCF_ARC,3,3,3,0,3,3,0.0,61.164133,0.0,124,124,0.0,20.017582,79.372469,19.379845,0.0,0.0,0.0,0,124,0.5,0.5,0.0,5,0.0,0.0
Bellcanada,SM,1,MCF_ARC,4,4,4,0,4,4,0.0,179.040243,0.0,178,178,0.0,7.024955,66.823225,6.830601,0.0,0.0,0.0,0,178,0.5,0.5,0.0,5,0.0,0.0
Bellcanada,SM,1,MCF_ARC,5,5,5,0,5,5,0.0,inf,0.0,153,153,0.0,18.388148,76.279269,16.286645,0.0,0.0,0.0,0,153,0.5,0.5,0.0,5,0.0,0.0
Bellcanada,SM,1,MCF_ARC,6,6,6,0,6,6,0.0,inf,0.0,232,232,0.0,7.712208,67.591409,7.598784,0.0,0.0,0.0,0,232,0.5,0.5,0.0,5,0.0,0.0
Bellcanada,SM,1,MCF_ARC,7,7,7,0,7,7,0.0,inf,0.0,145,145,0.0,14.509048,71.674867,11.682243,0.0,0.0,0.0,0,145,0.5,0.5,0.0,5,0.0,0.0
Bellcanada,SM,1,MCF_ARC,8,8,8,0,8,8,0.0,inf,0.0,176,176,0.0,15.934874,73.08163,13.089005,0.0,0.0,0.0,0,176,0.5,0.5,0.0,5,0.0,0.0
Bellcanada,SM,1,MCF_ARC,9,9,9,0,9,9,0.0,inf,0.0,158,158,0.0,19.207504,77.660469,17.667845,0.0,0.0,0.0,0,158,0.5,0.5,0.0,5,0.0,0.0
Bellcanada,SM,1,MCF_ARC,10,10,10,0,10,10,0.0,inf,0.0,182,182,0.0,13.536954,70.909655,10.917031,0.0,0.0,0.0,0,182,0.5,0.5,0.0,5,0.0,0.0
Bellcanada,SM,1,MCF_ARC,11,10,10,0,11->20->19->18->17->15->14->30->44->45->46->48->39->28->9->10,11->20->19->18->17->15->14->30->44->45->46->47->3->40->28->9->10,46.540334,inf,0.0,188,188,48.953111,13.536954,119.862766,10.917031,0.0,0.0,0.0,0,188,0.5,0.5,0.0,5,0.0,0.0
Bellcanada,SM,1,MCF_ARC,12,10,10,0,12->22->17->15->14->30->44->45->46->48->39->28->9->10,12->22->17->15->14->30->44->45->46->47->3->5->34->9->10,46.570205,inf,0.0,166,166,53.078381,13.536954,123.988036,10.917031,0.0,0.0,0.0,0,166,0.5,0.5,0.0,5,0.0,0.0
Bellcanada,SM,1,MCF_ARC,13,10,9,1,13->41->36->32->34->9->10,13->41->36->37->32->34->9,60.819857,inf,0.0,146,146,61.377389,19.207504,139.037858,17.667845,0.0,0.0,0.0,0,146,0.5,0.5,0.0,5,0.0,0.0
Bellcanada,SM,1,MCF_ARC,14,10,9,1,14->30->44->45->46->48->39->28->9->10,14->30->44->45->46->47->3->5->34->9,36.294777,inf,0.0,130,130,42.349537,19.207504,120.010006,17.667845,0.0,0.0,0.0,0,130.0,0.5,0.5,0.0,5,0.0,0.0
Bellcanada,SM,1,MCF_ARC,15,10,10,0,15->14->30->44->45->46->48->39->28->9->10,15->14->30->44->45->46->48->39->28->9->10,37.948839,inf,0.0,171,171,37.948839,13.536954,108.858494,10.917031,0.0,0.0,0.0,0,171.0,0.5,0.5,0.0,5,0.0,0.0
Bellcanada,SM,1,MCF_ARC,16,10,10,0,16->15->14->30->44->45->46->48->39->28->9->10,16->15->14->30->44->45->46->48->39->28->9->10,39.275276,inf,0.0,179,179,39.275276,13.536954,110.184931,10.917031,0.0,0.0,0.0,0,179,0.5,0.5,0.0,5,0.0,0.0
Bellcanada,SM,1,MCF_ARC,17,9,3,1,17->15->14->30->44->45->46->48->39->28->9,17->15->14->30->44->45->46->47->3,39.831759,inf,0.0,196,196,35.38415,20.017582,114.756619,19.379845,0.0,0.0,0.0,0,196.0,0.5,0.5,0.0,5,0.0,0.0
Bellcanada,SM,1,MCF_ARC,18,9,3,1,18->17->15->14->30->44->45->46->48->39->28->9,18->17->15->14->30->44->45->46->47->3,41.63118,inf,0.0,206,206,37.183571,20.017582,116.55604,19.379845,0.0,0.0,0.0,0,206,0.5,0.5,0.0,5,0.0,0.0
Bellcanada,SM,1,MCF_ARC,19,9,9,0,19->18->17->15->14->30->35->46->48->39->28->9,19->18->17->15->14->30->44->45->46->48->39->28->9,46.20609,inf,0.0,136,136,43.510296,19.207504,121.170765,17.667845,0.0,0.0,0.0,0,136,0.5,0.5,0.0,5,0.0,0.0
Bellcanada,SM,1,MCF_ARC,20,9,3,1,20->19->18->17->15->13->41->36->37->38->32->34->9,20->19->18->17->15->14->30->35->46->47->3,73.699443,inf,0.0,90,90,42.655826,20.017582,122.028295,19.379845,0.0,0.0,0.0,0,90,0.5,0.5,0.0,5,0.0,0.0
Bellcanada,SM,1,MCF_ARC,21,9,9,0,21->22->17->15->14->30->44->45->46->48->39->28->9,21->22->17->15->14->30->44->45->46->47->3->5->6->9,46.176777,inf,0.0,198,198,120.954442,19.207504,198.614911,17.667845,0.0,0.0,0.0,0,198,0.5,0.5,0.0,5,0.0,0.0
Bellcanada,SM,1,MCF_ARC,22,9,9,0,22->17->15->14->30->44->45->46->48->39->28->9,22->17->15->14->30->44->45->46->48->39->28->9,44.816519,inf,0.0,153,153,44.816519,19.207504,122.476988,17.667845,0.0,0.0,0.0,0,153,0.5,0.5,0.0,5,0.0,0.0
Bellcanada,SM,1,MCF_ARC,23,8,8,0,23->21->22->17->15->14->30->44->45->46->47->3->5->8,23->21->22->17->15->14->30->44->45->46->47->3->2->7->8,53.477187,inf,0.0,171,171,51.466148,15.934874,124.547777,13.089005,0.0,0.0,0.0,0,171,0.5,0.5,0.0,5,0.0,0.0
Bellcanada,SM,1,MCF_ARC,24,8,8,0,24->17->15->14->30->44->45->46->47->3->2->7->8,24->17->15->14->30->44->45->46->48->39->28->40->3->5->8,46.662832,inf,0.0,188,188,51.88803,15.934874,124.96966,13.089005,0.0,0.0,0.0,0,188,0.5,0.5,0.0,5,0.0,0.0
Bellcanada,SM,1,MCF_ARC,25,8,8,0,25->26->22->17->15->14->30->44->45->46->47->3->2->7->8,25->26->22->17->15->14->30->44->45->46->47->3->2->7->8,57.937411,inf,0.0,159,159,57.937411,15.934874,131.01904,13.089005,0.0,0.0,0.0,0,159,0.5,0.5,0.0,5,0.0,0.0
Bellcanada,SM,1,MCF_ARC,26,8,2,1,26->22->17->15->14->30->44->45->46->47->3->5->8,26->23->21->22->17->15->14->30->44->45->46->47->3->2,51.475773,inf,0.0,194,194,48.555439,8.676482,116.771747,8.223684,0.0,0.0,0.0,0,194,0.5,0.5,0.0,5,0.0,0.0
Bellcanada,SM,1,MCF_ARC,27,8,8,0,27->28->40->3->2->7->8,27->28->40->3->5->8,12.214223,inf,0.0,224,224,14.225262,15.934874,87.306892,13.089005,0.0,0.0,0.0,0,224,0.5,0.5,0.0,5,0.0,0.0
Bellcanada,SM,1,MCF_ARC,28,7,7,0,28->40->3->2->7,28->9->34->5->3->2->7,7.844858,inf,0.0,185,185,20.034092,14.509048,91.708959,11.682243,0.0,0.0,0.0,0,185,0.5,0.5,0.0,5,0.0,0.0
Bellcanada,SM,1,MCF_ARC,29,7,7,0,29->30->44->45->46->47->3->2->7,29->30->44->45->46->47->3->2->7,33.916335,inf,0.0,176,176,33.916335,14.509048,105.591203,11.682243,0.0,0.0,0.0,0,176,0.5,0.5,0.0,5,0.0,0.0
Bellcanada,SM,1,MCF_ARC,30,7,2,1,30->44->45->46->47->3->2->7,30->44->45->46->48->39->28->40->3->2,32.912489,inf,0.0,250,250,35.000578,8.676482,103.216887,8.223684,0.0,0.0,0.0,0,250.0,0.5,0.5,0.0,5,0.0,0.0
Bellcanada,SM,1,MCF_ARC,31,7,7,0,31->34->5->3->2->7,31->34->28->39->48->46->47->3->2->7,14.192775,inf,0.0,207,207,37.060527,14.509048,108.735394,11.682243,0.0,0.0,0.0,0,207,0.5,0.5,0.0,5,0.0,0.0
Bellcanada,SM,1,MCF_ARC,32,7,7,0,32->34->5->8->7,32->34->9->6->5->3->2->7,11.06834,inf,0.0,179,179,88.895747,14.509048,160.570615,11.682243,0.0,0.0,0.0,0,179,0.5,0.5,0.0,5,0.0,0.0
Bellcanada,SM,1,MCF_ARC,33,6,5,1,33->31->34->9->6,33->31->34->9->28->40->3->5,41.966143,inf,0.0,144,144,18.02048,18.388148,94.299749,16.286645,0.0,0.0,0.0,0,144,0.5,0.5,0.0,5,0.0,0.0
Bellcanada,SM,1,MCF_ARC,34,6,6,0,34->9->6,34->9->6,39.208537,inf,0.0,208,208,39.208537,7.712208,106.799946,7.598784,0.0,0.0,0.0,0,208,0.5,0.5,0.0,5,0.0,0.0
Bellcanada,SM,1,MCF_ARC,35,6,6,0,35->46->47->3->5->6,35->46->47->3->40->28->9->6,66.273408,inf,0.0,209,209,66.883609,7.712208,134.475018,7.598784,0.0,0.0,0.0,0,209,0.5,0.5,0.0,5,0.0,0.0
Bellcanada,SM,1,MCF_ARC,36,6,6,0,36->37->32->34->9->6,36->32->34->9->6,57.57356,inf,0.0,197,197,56.562613,7.712208,124.154021,7.598784,0.0,0.0,0.0,0,197,0.5,0.5,0.0,5,0.0,0.0
Bellcanada,SM,1,MCF_ARC,37,6,2,1,37->32->34->9->6,37->38->32->34->28->40->3->2,52.418605,inf,0.0,191,191,26.756528,8.676482,94.972837,8.223684,0.0,0.0,0.0,0,191,0.5,0.5,0.0,5,0.0,0.0
Bellcanada,SM,1,MCF_ARC,38,5,5,0,38->32->34->5,38->32->34->5,15.392888,inf,0.0,142,142,15.392888,18.388148,91.672158,16.286645,0.0,0.0,0.0,0,142,0.5,0.5,0.0,5,0.0,0.0
Bellcanada,SM,1,MCF_ARC,39,5,1,1,39->28->40->3->5,39->28->40->3->1,11.159648,inf,0.0,214,214,7.842858,1.528515,69.358944,1.523461,0.0,0.0,0.0,0,214,0.5,0.5,0.0,5,0.0,0.0
Bellcanada,SM,1,MCF_ARC,40,5,5,0,40->3->5,40->3->5,7.127125,inf,0.0,156,156,7.127125,18.388148,83.406395,16.286645,0.0,0.0,0.0,0,156,0.5,0.5,0.0,5,0.0,0.0
Bellcanada,SM,1,MCF_ARC,41,5,3,1,41->13->29->30->44->45->46->47->3->5,41->13->29->30->44->45->46->47->3,42.567086,inf,0.0,172,172,36.885589,20.017582,116.258059,19.379845,0.0,0.0,0.0,0,172,0.5,0.5,0.0,5,0.0,0.0
Bellcanada,SM,1,MCF_ARC,42,5,5,0,42->41->36->32->34->5,42->41->36->32->34->5,65.633508,inf,0.0,161,161,65.633508,18.388148,141.912777,16.286645,0.0,0.0,0.0,0,161,0.5,0.5,0.0,5,0.0,0.0
Bellcanada,SM,1,MCF_ARC,43,5,5,0,43->35->46->47->3->5,43->35->30->44->45->46->47->3->5,42.128825,inf,0.0,165,165,53.51546,18.388148,129.794729,16.286645,0.0,0.0,0.0,0,165,0.5,0.5,0.0,5,0.0,0.0
Bellcanada,SM,1,MCF_ARC,44,4,3,1,44->45->46->47->3->4,44->45->46->47->3,28.326802,207.367045,0.0,138,138,24.542475,20.017582,103.914944,19.379845,0.0,0.0,0.0,0,138.0,0.5,0.5,0.0,5,0.0,0.0
Bellcanada,SM,1,MCF_ARC,45,4,4,0,45->46->47->3->4,45->46->47->3->4,21.701304,200.741548,0.0,182,182,21.701304,7.024955,88.52453,6.830601,0.0,0.0,0.0,0,182.0,0.5,0.5,0.0,5,0.0,0.0
Bellcanada,SM,1,MCF_ARC,46,4,4,0,46->47->3->4,46->47->3->4,15.757653,194.797896,0.0,213,213,15.757653,7.024955,82.580878,6.830601,0.0,0.0,0.0,0,213.0,0.5,0.5,0.0,5,0.0,0.0
Bellcanada,SM,1,MCF_ARC,47,4,4,0,47->3->4,47->3->4,8.656278,187.696522,0.0,159,159,8.656278,7.024955,75.479504,6.830601,0.0,0.0,0.0,0,159,0.5,0.5,0.0,5,0.0,0.0
Bellcanada,SM,1,MCF_ARC,48,4,4,0,48->46->47->3->4,48->46->47->3->4,21.129897,200.17014,0.0,164,164,21.129897,7.024955,87.953122,6.830601,0.0,0.0,0.0,0,164,0.5,0.5,0.0,5,0.0,0.0
Bellcanada,SM,2,B1,1,1,1,0,1,,0.0,61.044149,0.0,153,153,0.0,1.051525,61.044149,1.051525,0.0,0.0,0.0,0,153,0.5,0.5,0.0,5,0.0,0.0
Bellcanada,SM,2,B1,2,2,2,0,2,,0.0,61.205334,0.0,205,205,0.0,4.022526,64.015151,4.022526,0.0,0.0,0.0,0,205,0.5,0.5,0.0,5,0.0,0.0
Bellcanada,SM,2,B1,3,3,3,0,3,,0.0,61.164133,0.0,176,176,0.0,217.391304,277.383929,217.391304,0.0,0.0,0.0,0,176,0.5,0.5,0.0,5,0.0,0.0
Bellcanada,SM,2,B1,4,4,4,0,4,,0.0,66.313737,0.0,192,192,0.0,6.321113,66.313737,6.321113,0.0,0.0,0.0,0,192,0.5,0.5,0.0,5,0.0,0.0
Bellcanada,SM,2,B1,5,5,5,0,5,,0.0,inf,0.0,160,160,0.0,24.038462,84.031086,24.038462,0.0,0.0,0.0,0,160,0.5,0.5,0.0,5,0.0,0.0
Bellcanada,SM,2,B1,6,6,6,0,6,,0.0,inf,0.0,202,202,0.0,11.086475,71.079099,11.086475,0.0,0.0,0.0,0,202,0.5,0.5,0.0,5,0.0,0.0
Bellcanada,SM,2,B1,7,7,7,0,7,,0.0,inf,0.0,204,204,0.0,1000.0,1059.992624,1000.0,0.0,0.0,0.0,0,204,0.5,0.5,0.0,5,0.0,0.0
Bellcanada,SM,2,B1,8,8,8,0,8,,0.0,inf,0.0,175,175,0.0,30.674847,90.667471,30.674847,0.0,0.0,0.0,0,175,0.5,0.5,0.0,5,0.0,0.0
Bellcanada,SM,2,B1,9,9,9,0,9,,0.0,inf,0.0,209,209,0.0,166.666667,226.659291,166.666667,0.0,0.0,0.0,0,209,0.5,0.5,0.0,5,0.0,0.0
Bellcanada,SM,2,B1,10,10,10,0,10,,0.0,inf,0.0,179,179,0.0,238.095238,298.087862,238.095238,0.0,0.0,0.0,0,179,0.5,0.5,0.0,5,0.0,0.0
Bellcanada,SM,2,B1,11,10,9,1,11->20->19->18->17->15->14->30->44->45->46->48->39->28->9->10,,46.540334,inf,0.0,220,220,46.086919,166.666667,272.74621,166.666667,0.0,0.0,0.0,0,220,0.5,0.5,0.0,5,0.0,0.0
Bellcanada,SM,2,B1,12,10,10,0,12->22->17->15->14->30->44->45->46->48->39->28->9->10,,46.570205,inf,0.0,188,188,46.570205,238.095238,344.658068,238.095238,0.0,0.0,0.0,0,188,0.5,0.5,0.0,5,0.0,0.0
Bellcanada,SM,2,B1,13,10,10,0,13->29->30->44->45->46->48->39->28->9->10,,38.498447,inf,0.0,181,181,38.498447,238.095238,336.58631,238.095238,0.0,0.0,0.0,0,181,0.5,0.5,0.0,5,0.0,0.0
Bellcanada,SM,2,B1,14,10,10,0,14->30->44->45->46->48->39->28->9->10,,36.294777,inf,0.0,211,211,36.294777,238.095238,334.38264,238.095238,0.0,0.0,0.0,0,211.0,0.5,0.5,0.0,5,0.0,0.0
Bellcanada,SM,2,B1,15,10,10,0,15->14->30->44->45->46->48->39->28->9->10,,37.948839,inf,0.0,173,173,37.948839,238.095238,336.036702,238.095238,0.0,0.0,0.0,0,173.0,0.5,0.5,0.0,5,0.0,0.0
Bellcanada,SM,2,B1,16,9,9,0,16->15->14->30->44->45->46->48->39->28->9,,38.82186,inf,0.0,200,200,38.82186,166.666667,265.481152,166.666667,0.0,0.0,0.0,0,200,0.5,0.5,0.0,5,0.0,0.0
Bellcanada,SM,2,B1,17,9,9,0,17->15->14->30->44->45->46->48->39->28->9,,39.831759,inf,0.0,185,185,39.831759,166.666667,266.49105,166.666667,0.0,0.0,0.0,0,185.0,0.5,0.5,0.0,5,0.0,0.0
Bellcanada,SM,2,B1,18,9,3,1,18->17->15->14->30->44->45->46->48->39->28->9,,41.63118,inf,0.0,186,186,37.183571,217.391304,314.5675,217.391304,0.0,0.0,0.0,0,186,0.5,0.5,0.0,5,0.0,0.0
Bellcanada,SM,2,B1,19,9,3,1,19->18->17->15->14->30->44->45->46->48->39->28->9,,43.510296,inf,0.0,207,207,39.062687,217.391304,316.446616,217.391304,0.0,0.0,0.0,0,207,0.5,0.5,0.0,5,0.0,0.0
Bellcanada,SM,2,B1,20,10,10,0,20->19->18->17->15->13->41->36->32->34->9->10,,73.069439,inf,0.0,127,127,44.861056,238.095238,342.948918,238.095238,0.0,0.0,0.0,0,127,0.5,0.5,0.0,5,0.0,0.0
Bellcanada,SM,2,B1,21,9,9,0,21->22->17->15->14->30->44->45->46->48->39->28->9,,46.176777,inf,0.0,216,216,44.342253,166.666667,271.001544,166.666667,0.0,0.0,0.0,0,216,0.5,0.5,0.0,5,0.0,0.0
Bellcanada,SM,2,B1,22,8,8,0,22->17->15->14->30->44->45->46->47->3->2->7->8,,48.018311,inf,0.0,184,184,48.018311,30.674847,138.685782,30.674847,0.0,0.0,0.0,0,184,0.5,0.5,0.0,5,0.0,0.0
Bellcanada,SM,2,B1,23,8,8,0,23->21->22->17->15->14->30->44->45->46->47->3->5->8,,53.477187,inf,0.0,168,168,49.631625,30.674847,140.299096,30.674847,0.0,0.0,0.0,0,168,0.5,0.5,0.0,5,0.0,0.0
Bellcanada,SM,2,B1,24,8,2,1,24->17->15->14->30->44->45->46->47->3->2->7->8,,46.662832,inf,0.0,184,184,42.918751,4.022526,106.933901,4.022526,0.0,0.0,0.0,0,184,0.5,0.5,0.0,5,0.0,0.0
Bellcanada,SM,2,B1,25,8,8,0,25->26->22->17->15->14->30->44->45->46->47->3->2->7->8,,57.937411,inf,0.0,171,171,57.937411,30.674847,148.604882,30.674847,0.0,0.0,0.0,0,171,0.5,0.5,0.0,5,0.0,0.0
Bellcanada,SM,2,B1,26,8,8,0,26->22->17->15->14->30->44->45->46->47->3->2->7->8,,49.464734,inf,0.0,177,177,49.464734,30.674847,140.132205,30.674847,0.0,0.0,0.0,0,177,0.5,0.5,0.0,5,0.0,0.0
Bellcanada,SM,2,B1,27,8,2,1,27->28->40->3->2->7->8,,12.214223,inf,0.0,196,196,8.470142,4.022526,72.485293,4.022526,0.0,0.0,0.0,0,196,0.5,0.5,0.0,5,0.0,0.0
Bellcanada,SM,2,B1,28,7,7,0,28->40->3->2->7,,7.844858,inf,0.0,146,146,7.844858,1000.0,1067.837482,1000.0,0.0,0.0,0.0,0,146,0.5,0.5,0.0,5,0.0,0.0
Bellcanada,SM,2,B1,29,7,2,1,29->30->44->45->46->47->3->2->7,,33.916335,inf,0.0,196,196,32.790265,4.022526,96.805415,4.022526,0.0,0.0,0.0,0,196,0.5,0.5,0.0,5,0.0,0.0
Bellcanada,SM,2,B1,30,7,7,0,30->35->46->47->3->2->7,,35.608284,inf,0.0,134,134,32.912489,1000.0,1092.905114,1000.0,0.0,0.0,0.0,0,134.0,0.5,0.5,0.0,5,0.0,0.0
Bellcanada,SM,2,B1,31,7,7,0,31->34->5->8->7,,10.076842,inf,0.0,172,172,10.076842,1000.0,1070.069466,1000.0,0.0,0.0,0.0,0,172,0.5,0.5,0.0,5,0.0,0.0
Bellcanada,SM,2,B1,32,7,7,0,32->34->5->8->7,,11.06834,inf,0.0,210,210,11.06834,1000.0,1071.060964,1000.0,0.0,0.0,0.0,0,210,0.5,0.5,0.0,5,0.0,0.0
Bellcanada,SM,2,B1,33,7,7,0,33->31->34->5->8->7,,11.907854,inf,0.0,169,169,11.907854,1000.0,1071.900479,1000.0,0.0,0.0,0.0,0,169,0.5,0.5,0.0,5,0.0,0.0
Bellcanada,SM,2,B1,34,6,6,0,34->9->6,,39.208537,inf,0.0,193,193,39.208537,11.086475,110.287636,11.086475,0.0,0.0,0.0,0,193,0.5,0.5,0.0,5,0.0,0.0
Bellcanada,SM,2,B1,35,6,6,0,35->46->47->3->5->6,,66.273408,inf,0.0,191,191,64.470833,11.086475,135.549931,11.086475,0.0,0.0,0.0,0,191,0.5,0.5,0.0,5,0.0,0.0
Bellcanada,SM,2,B1,36,6,8,1,36->37->38->32->34->9->6,,57.646032,inf,0.0,122,122,23.886313,30.674847,114.553785,30.674847,0.0,0.0,0.0,0,122,0.5,0.5,0.0,5,0.0,0.0
Bellcanada,SM,2,B1,37,6,5,1,37->32->34->9->6,,52.418605,inf,0.0,202,202,15.763364,24.038462,99.794449,24.038462,0.0,0.0,0.0,0,202,0.5,0.5,0.0,5,0.0,0.0
Bellcanada,SM,2,B1,38,6,6,0,38->32->34->9->6,,52.04813,inf,0.0,196,196,52.04813,11.086475,123.127229,11.086475,0.0,0.0,0.0,0,196,0.5,0.5,0.0,5,0.0,0.0
Bellcanada,SM,2,B1,39,5,5,0,39->28->34->5,,11.973179,inf,0.0,238,238,11.159648,24.038462,95.190734,24.038462,0.0,0.0,0.0,0,238,0.5,0.5,0.0,5,0.0,0.0
Bellcanada,SM,2,B1,40,6,6,0,40->28->9->6,,41.902301,inf,0.0,167,167,41.902301,11.086475,112.9814,11.086475,0.0,0.0,0.0,0,167,0.5,0.5,0.0,5,0.0,0.0
Bellcanada,SM,2,B1,41,5,5,0,41->13->29->30->44->45->46->47->3->5,,42.567086,inf,0.0,173,173,42.567086,24.038462,126.598172,24.038462,0.0,0.0,0.0,0,173,0.5,0.5,0.0,5,0.0,0.0
Bellcanada,SM,2,B1,42,5,5,0,42->41->13->29->30->44->45->46->47->3->5,,51.290016,inf,0.0,215,215,51.290016,24.038462,135.321102,24.038462,0.0,0.0,0.0,0,215,0.5,0.5,0.0,5,0.0,0.0
Bellcanada,SM,2,B1,43,5,3,1,43->35->46->47->3->5,,42.128825,inf,0.0,198,198,36.447328,217.391304,313.831257,217.391304,0.0,0.0,0.0,0,198,0.5,0.5,0.0,5,0.0,0.0
Bellcanada,SM,2,B1,44,5,3,1,44->45->46->47->3->5,,30.223972,inf,0.0,258,258,24.542475,217.391304,301.926404,217.391304,0.0,0.0,0.0,0,258.0,0.5,0.5,0.0,5,0.0,0.0
Bellcanada,SM,2,B1,45,4,4,0,45->46->47->3->4,,21.701304,88.015041,0.0,173,173,21.701304,6.321113,88.015041,6.321113,0.0,0.0,0.0,0,173.0,0.5,0.5,0.0,5,0.0,0.0
Bellcanada,SM,2,B1,46,4,4,0,46->47->3->4,,15.757653,82.07139,0.0,166,166,15.757653,6.321113,82.07139,6.321113,0.0,0.0,0.0,0,166.0,0.5,0.5,0.0,5,0.0,0.0
Bellcanada,SM,2,B1,47,4,4,0,47->3->4,,8.656278,74.970015,0.0,165,165,8.656278,6.321113,74.970015,6.321113,0.0,0.0,0.0,0,165,0.5,0.5,0.0,5,0.0,0.0
Bellcanada,SM,2,B1,48,4,4,0,48->46->47->3->4,,21.129897,87.443633,0.0,185,185,13.599569,6.321113,79.913305,6.321113,0.0,0.0,0.0,0,185,0.5,0.5,0.0,5,0.0,0.0
Bellcanada,SM,2,B3,1,1,1,0,1,1,0.0,61.044149,0.0,153,153,0.0,inf,inf,inf,0.0,0.0,0.0,0,153,0.5,0.5,0.0,5,0.0,0.0
Bellcanada,SM,2,B3,2,2,2,0,2,2,0.0,61.205334,0.0,205,205,0.0,1.529988,61.522612,1.529988,0.0,0.0,0.0,0,205,0.5,0.5,0.0,5,0.0,0.0
Bellcanada,SM,2,B3,3,3,3,0,3,3,0.0,61.164133,0.0,176,176,0.0,inf,inf,inf,0.0,0.0,0.0,0,176,0.5,0.5,0.0,5,0.0,0.0
Bellcanada,SM,2,B3,4,4,4,0,4,4,0.0,66.313737,0.0,192,192,0.0,6.321113,66.313737,6.321113,0.0,0.0,0.0,0,192,0.5,0.5,0.0,5,0.0,0.0
Bellcanada,SM,2,B3,5,5,5,0,5,5,0.0,inf,0.0,160,160,0.0,4.574565,64.56719,4.574565,0.0,0.0,0.0,0,160,0.5,0.5,0.0,5,0.0,0.0
Bellcanada,SM,2,B3,6,6,6,0,6,6,0.0,inf,0.0,202,202,0.0,6.203474,66.196098,6.203474,0.0,0.0,0.0,0,202,0.5,0.5,0.0,5,0.0,0.0
Bellcanada,SM,2,B3,7,7,7,0,7,7,0.0,inf,0.0,204,204,0.0,6.711409,66.704034,6.711409,0.0,0.0,0.0,0,204,0.5,0.5,0.0,5,0.0,0.0
Bellcanada,SM,2,B3,8,8,8,0,8,8,0.0,inf,0.0,175,175,0.0,3.229974,63.222599,3.229974,0.0,0.0,0.0,0,175,0.5,0.5,0.0,5,0.0,0.0
Bellcanada,SM,2,B3,9,9,9,0,9,9,0.0,inf,0.0,209,209,0.0,4.273504,64.266129,4.273504,0.0,0.0,0.0,0,209,0.5,0.5,0.0,5,0.0,0.0
Bellcanada,SM,2,B3,10,10,10,0,10,10,0.0,inf,0.0,179,179,0.0,5.643341,65.635965,5.643341,0.0,0.0,0.0,0,179,0.5,0.5,0.0,5,0.0,0.0
Bellcanada,SM,2,B3,11,10,1,1,11->20->19->18->17->15->14->30->44->45->46->48->39->28->9->10,11->20->19->18->17->15->14->30->44->45->46->47->3->1,46.540334,inf,0.0,220,220,44.004017,inf,inf,inf,0.0,0.0,0.0,0,220,0.5,0.5,0.0,5,0.0,0.0
Bellcanada,SM,2,B3,12,10,10,0,12->22->17->15->14->30->44->45->46->48->39->28->9->10,12->22->17->15->14->30->44->45->46->48->39->28->9->10,46.570205,inf,0.0,188,188,46.570205,5.643341,112.206171,5.643341,0.0,0.0,0.0,0,188,0.5,0.5,0.0,5,0.0,0.0
Bellcanada,SM,2,B3,13,10,10,0,13->29->30->44->45->46->48->39->28->9->10,13->29->30->44->45->46->48->39->28->9->10,38.498447,inf,0.0,181,181,38.498447,5.643341,104.134412,5.643341,0.0,0.0,0.0,0,181,0.5,0.5,0.0,5,0.0,0.0
Bellcanada,SM,2,B3,14,10,10,0,14->30->44->45->46->48->39->28->9->10,14->30->44->45->46->48->39->28->9->10,36.294777,inf,0.0,211,211,36.294777,5.643341,101.930742,5.643341,0.0,0.0,0.0,0,211.0,0.5,0.5,0.0,5,0.0,0.0
Bellcanada,SM,2,B3,15,10,3,1,15->14->30->44->45->46->48->39->28->9->10,15->14->30->44->45->46->47->3,37.948839,inf,0.0,173,173,33.047815,inf,inf,inf,0.0,0.0,0.0,0,173.0,0.5,0.5,0.0,5,0.0,0.0
Bellcanada,SM,2,B3,16,9,9,0,16->15->14->30->44->45->46->48->39->28->9,16->15->14->30->44->45->46->48->39->28->9,38.82186,inf,0.0,200,200,38.82186,4.273504,103.087989,4.273504,0.0,0.0,0.0,0,200,0.5,0.5,0.0,5,0.0,0.0
Bellcanada,SM,2,B3,17,9,3,1,17->15->14->30->44->45->46->48->39->28->9,17->15->14->30->44->45->46->47->3,39.831759,inf,0.0,185,185,35.38415,inf,inf,inf,0.0,0.0,0.0,0,185.0,0.5,0.5,0.0,5,0.0,0.0
Bellcanada,SM,2,B3,18,9,9,0,18->17->15->14->30->44->45->46->48->39->28->9,18->17->15->14->30->44->45->46->48->39->28->9,41.63118,inf,0.0,186,186,41.63118,4.273504,105.897308,4.273504,0.0,0.0,0.0,0,186,0.5,0.5,0.0,5,0.0,0.0
Bellcanada,SM,2,B3,19,9,9,0,19->18->17->15->14->30->44->45->46->48->39->28->9,19->18->17->15->14->30->44->45->46->48->39->28->9,43.510296,inf,0.0,207,207,43.510296,4.273504,107.776425,4.273504,0.0,0.0,0.0,0,207,0.5,0.5,0.0,5,0.0,0.0
Bellcanada,SM,2,B3,20,10,10,0,20->19->18->17->15->13->41->36->32->34->9->10,20->19->18->17->15->14->30->44->45->46->48->39->28->9->10,73.069439,inf,0.0,127,127,44.861056,5.643341,110.497021,5.643341,0.0,0.0,0.0,0,127,0.5,0.5,0.0,5,0.0,0.0
Bellcanada,SM,2,B3,21,9,1,1,21->22->17->15->14->30->44->45->46->48->39->28->9,21->24->17->15->14->30->44->45->46->47->3->1,46.176777,inf,0.0,216,216,42.259351,inf,inf,inf,0.0,0.0,0.0,0,216,0.5,0.5,0.0,5,0.0,0.0
Bellcanada,SM,2,B3,22,8,8,0,22->17->15->14->30->44->45->46->47->3->2->7->8,22->17->15->14->30->44->45->46->47->3->2->7->8,48.018311,inf,0.0,184,184,48.018311,3.229974,111.240909,3.229974,0.0,0.0,0.0,0,184,0.5,0.5,0.0,5,0.0,0.0
Bellcanada,SM,2,B3,23,8,3,1,23->21->22->17->15->14->30->44->45->46->47->3->5->8,23->21->24->17->15->14->30->44->45->46->47->3,53.477187,inf,0.0,168,168,41.982224,inf,inf,inf,0.0,0.0,0.0,0,168,0.5,0.5,0.0,5,0.0,0.0
Bellcanada,SM,2,B3,24,8,8,0,24->17->15->14->30->44->45->46->47->3->2->7->8,24->17->15->14->30->44->45->46->47->3->2->7->8,46.662832,inf,0.0,184,184,46.662832,3.229974,109.88543,3.229974,0.0,0.0,0.0,0,184,0.5,0.5,0.0,5,0.0,0.0
Bellcanada,SM,2,B3,25,8,2,1,25->26->22->17->15->14->30->44->45->46->47->3->2->7->8,25->26->22->17->15->14->30->44->45->46->47->3->2,57.937411,inf,0.0,171,171,54.19333,1.529988,115.715942,1.529988,0.0,0.0,0.0,0,171,0.5,0.5,0.0,5,0.0,0.0
Bellcanada,SM,2,B3,26,8,8,0,26->22->17->15->14->30->44->45->46->47->3->2->7->8,26->22->17->15->14->30->44->45->46->47->3->2->7->8,49.464734,inf,0.0,177,177,49.464734,3.229974,112.687333,3.229974,0.0,0.0,0.0,0,177,0.5,0.5,0.0,5,0.0,0.0
Bellcanada,SM,2,B3,27,8,1,1,27->28->40->3->2->7->8,27->28->40->3->1,12.214223,inf,0.0,196,196,6.92953,inf,inf,inf,0.0,0.0,0.0,0,196,0.5,0.5,0.0,5,0.0,0.0
Bellcanada,SM,2,B3,28,7,7,0,28->40->3->2->7,28->40->3->2->7,7.844858,inf,0.0,146,146,7.844858,6.711409,74.548892,6.711409,0.0,0.0,0.0,0,146,0.5,0.5,0.0,5,0.0,0.0
Bellcanada,SM,2,B3,29,7,7,0,29->30->44->45->46->47->3->2->7,29->30->44->45->46->47->3->2->7,33.916335,inf,0.0,196,196,33.916335,6.711409,100.620369,6.711409,0.0,0.0,0.0,0,196,0.5,0.5,0.0,5,0.0,0.0
Bellcanada,SM,2,B3,30,7,3,1,30->35->46->47->3->2->7,30->44->45->46->47->3,35.608284,inf,0.0,134,134,27.881099,inf,inf,inf,0.0,0.0,0.0,0,134.0,0.5,0.5,0.0,5,0.0,0.0
Bellcanada,SM,2,B3,31,7,7,0,31->34->5->8->7,31->34->5->8->7,10.076842,inf,0.0,172,172,10.076842,6.711409,76.780875,6.711409,0.0,0.0,0.0,0,172,0.5,0.5,0.0,5,0.0,0.0
Bellcanada,SM,2,B3,32,7,1,1,32->34->5->8->7,32->34->5->3->1,11.06834,inf,0.0,210,210,12.51759,inf,inf,inf,0.0,0.0,0.0,0,210,0.5,0.5,0.0,5,0.0,0.0
Bellcanada,SM,2,B3,33,7,7,0,33->31->34->5->8->7,33->31->34->5->8->7,11.907854,inf,0.0,169,169,11.907854,6.711409,78.611888,6.711409,0.0,0.0,0.0,0,169,0.5,0.5,0.0,5,0.0,0.0
Bellcanada,SM,2,B3,34,6,3,1,34->9->6,34->5->3,39.208537,inf,0.0,193,193,8.234792,inf,inf,inf,0.0,0.0,0.0,0,193,0.5,0.5,0.0,5,0.0,0.0
Bellcanada,SM,2,B3,35,6,6,0,35->46->47->3->5->6,35->46->48->39->28->9->6,66.273408,inf,0.0,191,191,64.470833,6.203474,130.666931,6.203474,0.0,0.0,0.0,0,191,0.5,0.5,0.0,5,0.0,0.0
Bellcanada,SM,2,B3,36,6,6,0,36->37->38->32->34->9->6,36->32->34->9->6,57.646032,inf,0.0,122,122,56.562613,6.203474,122.758711,6.203474,0.0,0.0,0.0,0,122,0.5,0.5,0.0,5,0.0,0.0
Bellcanada,SM,2,B3,37,6,1,1,37->32->34->9->6,37->32->34->5->3->1,52.418605,inf,0.0,202,202,23.809567,inf,inf,inf,0.0,0.0,0.0,0,202,0.5,0.5,0.0,5,0.0,0.0
Bellcanada,SM,2,B3,38,6,6,0,38->32->34->9->6,38->32->34->9->6,52.04813,inf,0.0,196,196,52.04813,6.203474,118.244229,6.203474,0.0,0.0,0.0,0,196,0.5,0.5,0.0,5,0.0,0.0
Bellcanada,SM,2,B3,39,5,5,0,39->28->34->5,39->28->40->3->5,11.973179,inf,0.0,238,238,11.159648,4.574565,75.726838,4.574565,0.0,0.0,0.0,0,238,0.5,0.5,0.0,5,0.0,0.0
Bellcanada,SM,2,B3,40,6,6,0,40->28->9->6,40->28->9->6,41.902301,inf,0.0,167,167,41.902301,6.203474,108.0984,6.203474,0.0,0.0,0.0,0,167,0.5,0.5,0.0,5,0.0,0.0
Bellcanada,SM,2,B3,41,5,3,1,41->13->29->30->44->45->46->47->3->5,41->13->29->30->44->45->46->47->3,42.567086,inf,0.0,173,173,36.885589,inf,inf,inf,0.0,0.0,0.0,0,173,0.5,0.5,0.0,5,0.0,0.0
Bellcanada,SM,2,B3,42,5,5,0,42->41->13->29->30->44->45->46->47->3->5,42->41->13->29->30->44->45->46->47->3->5,51.290016,inf,0.0,215,215,51.290016,4.574565,115.857205,4.574565,0.0,0.0,0.0,0,215,0.5,0.5,0.0,5,0.0,0.0
Bellcanada,SM,2,B3,43,5,5,0,43->35->46->47->3->5,43->35->46->47->3->5,42.128825,inf,0.0,198,198,42.128825,4.574565,106.696015,4.574565,0.0,0.0,0.0,0,198,0.5,0.5,0.0,5,0.0,0.0
Bellcanada,SM,2,B3,44,5,1,1,44->45->46->47->3->5,44->45->46->47->3->1,30.223972,inf,0.0,258,258,26.907182,inf,inf,inf,0.0,0.0,0.0,0,258.0,0.5,0.5,0.0,5,0.0,0.0
Bellcanada,SM,2,B3,45,4,4,0,45->46->47->3->4,45->46->47->3->4,21.701304,88.015041,0.0,173,173,21.701304,6.321113,88.015041,6.321113,0.0,0.0,0.0,0,173.0,0.5,0.5,0.0,5,0.0,0.0
Bellcanada,SM,2,B3,46,4,4,0,46->47->3->4,46->47->3->4,15.757653,82.07139,0.0,166,166,15.757653,6.321113,82.07139,6.321113,0.0,0.0,0.0,0,166.0,0.5,0.5,0.0,5,0.0,0.0
Bellcanada,SM,2,B3,47,4,4,0,47->3->4,47->3->4,8.656278,74.970015,0.0,165,165,8.656278,6.321113,74.970015,6.321113,0.0,0.0,0.0,0,165,0.5,0.5,0.0,5,0.0,0.0
Bellcanada,SM,2,B3,48,4,4,0,48->46->47->3->4,48->39->28->40->3->4,21.129897,87.443633,0.0,185,185,13.599569,6.321113,79.913305,6.321113,0.0,0.0,0.0,0,185,0.5,0.5,0.0,5,0.0,0.0
Bellcanada,SM,2,MCF_ARC,1,1,1,0,1,1,0.0,61.044149,0.0,153,153,0.0,1.447579,61.435626,1.443001,0.0,0.0,0.0,0,153,0.5,0.5,0.0,5,0.0,0.0
Bellcanada,SM,2,MCF_ARC,2,2,2,0,2,2,0.0,61.205334,0.0,205,205,0.0,14.733451,71.954347,11.961722,0.0,0.0,0.0,0,205,0.5,0.5,0.0,5,0.0,0.0
Bellcanada,SM,2,MCF_ARC,3,3,3,0,3,3,0.0,61.164133,0.0,176,176,0.0,19.115364,78.649341,18.656716,0.0,0.0,0.0,0,176,0.5,0.5,0.0,5,0.0,0.0
Bellcanada,SM,2,MCF_ARC,4,4,4,0,4,4,0.0,66.313737,0.0,192,192,0.0,6.625077,66.313737,6.321113,0.0,0.0,0.0,0,192,0.5,0.5,0.0,5,0.0,0.0
Bellcanada,SM,2,MCF_ARC,5,5,5,0,5,5,0.0,inf,0.0,160,160,0.0,19.407492,79.372469,19.379845,0.0,0.0,0.0,0,160,0.5,0.5,0.0,5,0.0,0.0
Bellcanada,SM,2,MCF_ARC,6,6,6,0,6,6,0.0,inf,0.0,202,202,0.0,18.78103,78.108566,18.115942,0.0,0.0,0.0,0,202,0.5,0.5,0.0,5,0.0,0.0
Bellcanada,SM,2,MCF_ARC,7,7,7,0,7,7,0.0,inf,0.0,204,204,0.0,6.116246,65.772971,5.780347,0.0,0.0,0.0,0,204,0.5,0.5,0.0,5,0.0,0.0
Bellcanada,SM,2,MCF_ARC,8,8,8,0,8,8,0.0,inf,0.0,175,175,0.0,7.007204,66.767692,6.775068,0.0,0.0,0.0,0,175,0.5,0.5,0.0,5,0.0,0.0
Bellcanada,SM,2,MCF_ARC,9,9,9,0,9,9,0.0,inf,0.0,209,209,0.0,18.266314,76.941777,16.949153,0.0,0.0,0.0,0,209,0.5,0.5,0.0,5,0.0,0.0
Bellcanada,SM,2,MCF_ARC,10,10,10,0,10,10,0.0,inf,0.0,179,179,0.0,17.435881,75.815409,15.822785,0.0,0.0,0.0,0,179,0.5,0.5,0.0,5,0.0,0.0
Bellcanada,SM,2,MCF_ARC,11,10,3,1,11->20->19->18->17->15->14->30->44->45->46->48->39->28->9->10,11->20->19->18->17->15->14->30->44->45->46->47->3,46.540334,inf,0.0,220,220,41.63931,19.115364,120.288651,18.656716,0.0,0.0,0.0,0,220,0.5,0.5,0.0,5,0.0,0.0
Bellcanada,SM,2,MCF_ARC,12,10,10,0,12->22->17->15->14->30->44->45->46->48->39->28->9->10,12->22->17->15->14->30->44->45->46->48->39->28->9->10,46.570205,inf,0.0,188,188,46.570205,17.435881,122.385615,15.822785,0.0,0.0,0.0,0,188,0.5,0.5,0.0,5,0.0,0.0
Bellcanada,SM,2,MCF_ARC,13,10,9,1,13->29->30->44->45->46->48->39->28->9->10,13->15->14->30->35->46->47->3->5->34->9,38.498447,inf,0.0,181,181,52.036759,18.266314,128.978536,16.949153,0.0,0.0,0.0,0,181,0.5,0.5,0.0,5,0.0,0.0
Bellcanada,SM,2,MCF_ARC,14,10,10,0,14->30->44->45->46->48->39->28->9->10,14->30->44->45->46->48->39->28->9->10,36.294777,inf,0.0,211,211,36.294777,17.435881,112.110186,15.822785,0.0,0.0,0.0,0,211.0,0.5,0.5,0.0,5,0.0,0.0
Bellcanada,SM,2,MCF_ARC,15,10,10,0,15->14->30->44->45->46->48->39->28->9->10,15->14->30->44->45->46->48->39->28->9->10,37.948839,inf,0.0,173,173,37.948839,17.435881,113.764249,15.822785,0.0,0.0,0.0,0,173.0,0.5,0.5,0.0,5,0.0,0.0
Bellcanada,SM,2,MCF_ARC,16,9,3,1,16->15->14->30->44->45->46->48->39->28->9,16->15->14->30->44->45->46->47->3,38.82186,inf,0.0,200,200,34.374252,19.115364,113.023593,18.656716,0.0,0.0,0.0,0,200,0.5,0.5,0.0,5,0.0,0.0
Bellcanada,SM,2,MCF_ARC,17,9,9,0,17->15->14->30->44->45->46->48->39->28->9,17->15->14->30->44->45->46->48->39->28->9,39.831759,inf,0.0,185,185,39.831759,18.266314,116.773536,16.949153,0.0,0.0,0.0,0,185.0,0.5,0.5,0.0,5,0.0,0.0
Bellcanada,SM,2,MCF_ARC,18,9,9,0,18->17->15->14->30->44->45->46->48->39->28->9,18->17->15->14->30->44->45->46->48->39->28->9,41.63118,inf,0.0,186,186,41.63118,18.266314,118.572957,16.949153,0.0,0.0,0.0,0,186,0.5,0.5,0.0,5,0.0,0.0
Bellcanada,SM,2,MCF_ARC,19,9,3,1,19->18->17->15->14->30->44->45->46->48->39->28->9,19->18->17->15->14->30->44->45->46->47->3,43.510296,inf,0.0,207,207,39.062687,19.115364,117.712028,18.656716,0.0,0.0,0.0,0,207,0.5,0.5,0.0,5,0.0,0.0
Bellcanada,SM,2,MCF_ARC,20,10,10,0,20->19->18->17->15->13->41->36->32->34->9->10,20->19->18->17->15->14->30->44->45->46->48->39->28->9->10,73.069439,inf,0.0,127,127,44.861056,17.435881,120.676465,15.822785,0.0,0.0,0.0,0,127,0.5,0.5,0.0,5,0.0,0.0
Bellcanada,SM,2,MCF_ARC,21,9,9,0,21->22->17->15->14->30->44->45->46->48->39->28->9,21->24->17->15->14->30->44->45->46->48->39->28->9,46.176777,inf,0.0,216,216,44.342253,18.266314,121.28403,16.949153,0.0,0.0,0.0,0,216,0.5,0.5,0.0,5,0.0,0.0
Bellcanada,SM,2,MCF_ARC,22,8,8,0,22->17->15->14->30->44->45->46->47->3->2->7->8,22->17->15->14->30->44->45->46->47->3->2->7->8,48.018311,inf,0.0,184,184,48.018311,7.007204,114.786003,6.775068,0.0,0.0,0.0,0,184,0.5,0.5,0.0,5,0.0,0.0
Bellcanada,SM,2,MCF_ARC,23,8,8,0,23->21->22->17->15->14->30->44->45->46->47->3->5->8,23->21->24->17->15->14->30->44->45->46->47->3->2->7->8,53.477187,inf,0.0,168,168,49.631625,7.007204,116.399317,6.775068,0.0,0.0,0.0,0,168,0.5,0.5,0.0,5,0.0,0.0
Bellcanada,SM,2,MCF_ARC,24,8,8,0,24->17->15->14->30->44->45->46->47->3->2->7->8,24->17->15->14->30->44->45->46->47->3->2->7->8,46.662832,inf,0.0,184,184,46.662832,7.007204,113.430524,6.775068,0.0,0.0,0.0,0,184,0.5,0.5,0.0,5,0.0,0.0
Bellcanada,SM,2,MCF_ARC,25,8,8,0,25->26->22->17->15->14->30->44->45->46->47->3->2->7->8,25->26->22->17->15->14->30->44->45->46->47->3->2->7->8,57.937411,inf,0.0,171,171,57.937411,7.007204,124.705103,6.775068,0.0,0.0,0.0,0,171,0.5,0.5,0.0,5,0.0,0.0
Bellcanada,SM,2,MCF_ARC,26,8,2,1,26->22->17->15->14->30->44->45->46->47->3->2->7->8,26->22->17->15->13->29->30->44->45->46->47->3->2,49.464734,inf,0.0,177,177,51.607626,14.733451,123.561973,11.961722,0.0,0.0,0.0,0,177,0.5,0.5,0.0,5,0.0,0.0
Bellcanada,SM,2,MCF_ARC,27,8,2,1,27->28->40->3->2->7->8,27->28->40->3->2,12.214223,inf,0.0,196,196,8.470142,14.733451,80.424489,11.961722,0.0,0.0,0.0,0,196,0.5,0.5,0.0,5,0.0,0.0
Bellcanada,SM,2,MCF_ARC,28,7,7,0,28->40->3->2->7,28->40->3->2->7,7.844858,inf,0.0,146,146,7.844858,6.116246,73.617829,5.780347,0.0,0.0,0.0,0,146,0.5,0.5,0.0,5,0.0,0.0
Bellcanada,SM,2,MCF_ARC,29,7,2,1,29->30->44->45->46->47->3->2->7,29->30->44->45->46->47->3->2,33.916335,inf,0.0,196,196,32.790265,14.733451,104.744612,11.961722,0.0,0.0,0.0,0,196,0.5,0.5,0.0,5,0.0,0.0
Bellcanada,SM,2,MCF_ARC,30,7,7,0,30->35->46->47->3->2->7,30->44->45->46->47->3->2->7,35.608284,inf,0.0,134,134,32.912489,6.116246,98.685461,5.780347,0.0,0.0,0.0,0,134.0,0.5,0.5,0.0,5,0.0,0.0
Bellcanada,SM,2,MCF_ARC,31,7,2,1,31->34->5->8->7,31->34->5->8->7->2,10.076842,inf,0.0,172,172,11.202912,14.733451,83.157259,11.961722,0.0,0.0,0.0,0,172,0.5,0.5,0.0,5,0.0,0.0
Bellcanada,SM,2,MCF_ARC,32,7,7,0,32->34->5->8->7,32->34->5->8->7,11.06834,inf,0.0,210,210,11.06834,6.116246,76.841311,5.780347,0.0,0.0,0.0,0,210,0.5,0.5,0.0,5,0.0,0.0
Bellcanada,SM,2,MCF_ARC,33,7,7,0,33->31->34->5->8->7,33->31->34->5->8->7,11.907854,inf,0.0,169,169,11.907854,6.116246,77.680825,5.780347,0.0,0.0,0.0,0,169,0.5,0.5,0.0,5,0.0,0.0
Bellcanada,SM,2,MCF_ARC,34,6,6,0,34->9->6,34->9->6,39.208537,inf,0.0,193,193,39.208537,18.78103,117.317103,18.115942,0.0,0.0,0.0,0,193,0.5,0.5,0.0,5,0.0,0.0
Bellcanada,SM,2,MCF_ARC,35,6,6,0,35->46->47->3->5->6,35->46->48->39->28->9->6,66.273408,inf,0.0,191,191,64.470833,18.78103,142.579399,18.115942,0.0,0.0,0.0,0,191,0.5,0.5,0.0,5,0.0,0.0
Bellcanada,SM,2,MCF_ARC,36,6,10,1,36->37->38->32->34->9->6,36->32->34->9->10,57.646032,inf,0.0,122,122,20.528483,17.435881,96.343892,15.822785,0.0,0.0,0.0,0,122,0.5,0.5,0.0,5,0.0,0.0
Bellcanada,SM,2,MCF_ARC,37,6,6,0,37->32->34->9->6,37->32->34->9->6,52.418605,inf,0.0,202,202,52.418605,18.78103,130.527172,18.115942,0.0,0.0,0.0,0,202,0.5,0.5,0.0,5,0.0,0.0
Bellcanada,SM,2,MCF_ARC,38,6,6,0,38->32->34->9->6,38->32->34->9->6,52.04813,inf,0.0,196,196,52.04813,18.78103,130.156697,18.115942,0.0,0.0,0.0,0,196,0.5,0.5,0.0,5,0.0,0.0
Bellcanada,SM,2,MCF_ARC,39,5,5,0,39->28->34->5,39->28->40->3->5,11.973179,inf,0.0,238,238,11.159648,19.407492,90.532117,19.379845,0.0,0.0,0.0,0,238,0.5,0.5,0.0,5,0.0,0.0
Bellcanada,SM,2,MCF_ARC,40,6,5,1,40->28->9->6,40->3->5,41.902301,inf,0.0,167,167,7.127125,19.407492,86.499595,19.379845,0.0,0.0,0.0,0,167,0.5,0.5,0.0,5,0.0,0.0
Bellcanada,SM,2,MCF_ARC,41,5,3,1,41->13->29->30->44->45->46->47->3->5,41->13->29->30->44->45->46->47->3,42.567086,inf,0.0,173,173,36.885589,19.115364,115.53493,18.656716,0.0,0.0,0.0,0,173,0.5,0.5,0.0,5,0.0,0.0
Bellcanada,SM,2,MCF_ARC,42,5,5,0,42->41->13->29->30->44->45->46->47->3->5,42->41->13->29->30->44->45->46->47->3->5,51.290016,inf,0.0,215,215,51.290016,19.407492,130.662485,19.379845,0.0,0.0,0.0,0,215,0.5,0.5,0.0,5,0.0,0.0
Bellcanada,SM,2,MCF_ARC,43,5,5,0,43->35->46->47->3->5,43->35->46->47->3->5,42.128825,inf,0.0,198,198,42.128825,19.407492,121.501294,19.379845,0.0,0.0,0.0,0,198,0.5,0.5,0.0,5,0.0,0.0
Bellcanada,SM,2,MCF_ARC,44,5,1,1,44->45->46->47->3->5,44->45->46->47->3->1,30.223972,inf,0.0,258,258,26.907182,1.447579,88.342808,1.443001,0.0,0.0,0.0,0,258.0,0.5,0.5,0.0,5,0.0,0.0
Bellcanada,SM,2,MCF_ARC,45,4,4,0,45->46->47->3->4,45->46->47->3->4,21.701304,88.015041,0.0,173,173,21.701304,6.625077,88.015041,6.321113,0.0,0.0,0.0,0,173.0,0.5,0.5,0.0,5,0.0,0.0
Bellcanada,SM,2,MCF_ARC,46,4,4,0,46->47->3->4,46->47->3->4,15.757653,82.07139,0.0,166,166,15.757653,6.625077,82.07139,6.321113,0.0,0.0,0.0,0,166.0,0.5,0.5,0.0,5,0.0,0.0
Bellcanada,SM,2,MCF_ARC,47,4,4,0,47->3->4,47->3->4,8.656278,74.970015,0.0,165,165,8.656278,6.625077,74.970015,6.321113,0.0,0.0,0.0,0,165,0.5,0.5,0.0,5,0.0,0.0
Bellcanada,SM,2,MCF_ARC,48,4,4,0,48->46->47->3->4,48->39->28->40->3->4,21.129897,87.443633,0.0,185,185,13.599569,6.625077,79.913305,6.321113,0.0,0.0,0.0,0,185,0.5,0.5,0.0,5,0.0,0.0
Bellcanada,SM,3,B1,1,1,1,0,1,,0.0,61.123334,0.0,162,162,0.0,1.459002,61.451626,1.459002,0.0,0.0,0.0,0,162,0.5,0.5,0.0,5,0.0,0.0
Bellcanada,SM,3,B1,2,2,2,0,2,,0.0,61.24325,0.0,178,178,0.0,4.45236,64.444984,4.45236,0.0,0.0,0.0,0,178,0.5,0.5,0.0,5,0.0,0.0
Bellcanada,SM,3,B1,3,3,1,1,3,,0.0,61.160576,0.0,199,199,2.364707,1.459002,63.816333,1.459002,2.655757,0.0,0.0,0,199,0.5,0.5,0.0,5,0.0,0.0
Bellcanada,SM,3,B1,4,4,4,0,4,,0.0,62.52043,0.0,202,202,0.0,2.527806,62.52043,2.527806,0.0,0.0,0.0,0,202,0.5,0.5,0.0,5,0.0,0.0
Bellcanada,SM,3,B1,5,5,5,0,5,,0.0,inf,0.0,192,192,0.0,14.619883,74.612507,14.619883,0.0,0.0,0.0,0,192,0.5,0.5,0.0,5,0.0,0.0
Bellcanada,SM,3,B1,6,6,6,0,6,,0.0,inf,0.0,194,194,0.0,10.752688,70.745313,10.752688,0.0,0.0,0.0,0,194,0.5,0.5,0.0,5,0.0,0.0
Bellcanada,SM,3,B1,7,7,2,1,7,,0.0,inf,0.0,183,183,1.12607,4.45236,65.571055,4.45236,0.0,0.0,0.0,0,183,0.5,0.5,0.0,5,0.0,0.0
Bellcanada,SM,3,B1,8,8,8,0,8,,0.0,inf,0.0,141,141,0.0,12.406948,72.399572,12.406948,0.0,0.0,0.0,0,141,0.5,0.5,0.0,5,0.0,0.0
Bellcanada,SM,3,B1,9,9,9,0,9,,0.0,inf,0.0,182,182,0.0,227.272727,287.265352,227.272727,0.0,0.0,0.0,0,182,0.5,0.5,0.0,5,0.0,0.0
Bellcanada,SM,3,B1,10,10,10,0,10,,0.0,inf,0.0,157,157,0.0,1666.666667,1726.659291,1666.666667,0.0,0.0,0.0,0,157,0.5,0.5,0.0,5,0.0,0.0
Bellcanada,SM,3,B1,11,10,3,1,11->20->19->18->17->15->14->30->44->45->46->48->39->28->9->10,,46.540334,inf,0.0,210,210,41.63931,15.10574,116.737674,15.10574,0.0,0.0,0.0,0,210,0.5,0.5,0.0,5,0.0,0.0
Bellcanada,SM,3,B1,12,10,10,0,12->22->17->15->14->30->44->45->46->48->39->28->9->10,,46.570205,inf,0.0,181,181,46.570205,1666.666667,1773.229497,1666.666667,0.0,0.0,0.0,0,181,0.5,0.5,0.0,5,0.0,0.0
Bellcanada,SM,3,B1,13,10,10,0,13->29->30->44->45->46->48->39->28->9->10,,38.498447,inf,0.0,162,162,38.498447,1666.666667,1765.157738,1666.666667,0.0,0.0,0.0,0,162,0.5,0.5,0.0,5,0.0,0.0
Bellcanada,SM,3,B1,14,10,3,1,14->30->44->45->46->48->39->28->9->10,,36.294777,inf,0.0,202,202,31.393753,15.10574,106.492118,15.10574,0.0,0.0,0.0,0,202.0,0.5,0.5,0.0,5,0.0,0.0
Bellcanada,SM,3,B1,15,10,10,0,15->14->30->44->45->46->48->39->28->9->10,,37.948839,inf,0.0,181,181,37.948839,1666.666667,1764.60813,1666.666667,0.0,0.0,0.0,0,181.0,0.5,0.5,0.0,5,0.0,0.0
Bellcanada,SM,3,B1,16,9,9,0,16->15->14->30->44->45->46->48->39->28->9,,38.82186,inf,0.0,172,172,38.82186,227.272727,326.087212,227.272727,0.0,0.0,0.0,0,172,0.5,0.5,0.0,5,0.0,0.0
Bellcanada,SM,3,B1,17,9,9,0,17->15->14->30->44->45->46->48->39->28->9,,39.831759,inf,0.0,180,180,39.831759,227.272727,327.09711,227.272727,0.0,0.0,0.0,0,180.0,0.5,0.5,0.0,5,0.0,0.0
Bellcanada,SM,3,B1,18,9,3,1,18->17->15->14->30->44->45->46->48->39->28->9,,41.63118,inf,0.0,188,188,37.183571,15.10574,112.281936,15.10574,0.0,0.0,0.0,0,188,0.5,0.5,0.0,5,0.0,0.0
Bellcanada,SM,3,B1,19,9,3,1,19->18->17->15->14->30->44->45->46->48->39->28->9,,43.510296,inf,0.0,199,199,39.062687,15.10574,114.161052,15.10574,0.0,0.0,0.0,0,199,0.5,0.5,0.0,5,0.0,0.0
Bellcanada,SM,3,B1,20,9,9,0,20->19->18->17->15->14->30->44->45->46->48->39->28->9,,44.407641,inf,0.0,167,167,44.407641,227.272727,331.672992,227.272727,0.0,0.0,0.0,0,167,0.5,0.5,0.0,5,0.0,0.0
Bellcanada,SM,3,B1,21,9,9,0,21->22->17->15->14->30->44->45->46->48->39->28->9,,46.176777,inf,0.0,185,185,44.342253,227.272727,331.607605,227.272727,0.0,0.0,0.0,0,185,0.5,0.5,0.0,5,0.0,0.0
Bellcanada,SM,3,B1,22,8,8,0,22->17->15->14->30->44->45->46->47->3->2->7->8,,48.018311,inf,0.0,159,159,48.018311,12.406948,120.417883,12.406948,0.0,0.0,0.0,0,159,0.5,0.5,0.0,5,0.0,0.0
Bellcanada,SM,3,B1,23,8,8,0,23->21->22->17->15->14->30->44->45->46->47->3->2->7->8,,51.466148,inf,0.0,162,162,49.631625,12.406948,122.031197,12.406948,0.0,0.0,0.0,0,162,0.5,0.5,0.0,5,0.0,0.0
Bellcanada,SM,3,B1,24,8,8,0,24->17->15->14->30->44->45->46->47->3->5->8,,48.673871,inf,0.0,141,141,46.662832,12.406948,119.062404,12.406948,0.0,0.0,0.0,0,141,0.5,0.5,0.0,5,0.0,0.0
Bellcanada,SM,3,B1,25,10,10,0,25->26->22->17->15->14->30->35->46->48->39->28->9->10,,57.884828,inf,0.0,128,128,55.189034,1666.666667,1781.848325,1666.666667,0.0,0.0,0.0,0,128,0.5,0.5,0.0,5,0.0,0.0
Bellcanada,SM,3,B1,26,8,8,0,26->22->17->15->14->30->44->45->46->47->3->2->7->8,,49.464734,inf,0.0,175,175,49.464734,12.406948,121.864307,12.406948,0.0,0.0,0.0,0,175,0.5,0.5,0.0,5,0.0,0.0
Bellcanada,SM,3,B1,27,8,2,1,27->28->34->5->8,,15.038793,inf,0.0,196,196,8.470142,4.45236,72.915127,4.45236,0.0,0.0,0.0,0,196,0.5,0.5,0.0,5,0.0,0.0
Bellcanada,SM,3,B1,28,8,8,0,28->34->5->8,,13.287438,inf,0.0,175,175,10.462868,12.406948,82.862441,12.406948,0.0,0.0,0.0,0,175,0.5,0.5,0.0,5,0.0,0.0
Bellcanada,SM,3,B1,29,7,2,1,29->30->44->45->46->47->3->2->7,,33.916335,inf,0.0,196,196,32.790265,4.45236,97.235249,4.45236,0.0,0.0,0.0,0,196,0.5,0.5,0.0,5,0.0,0.0
Bellcanada,SM,3,B1,30,8,7,1,30->44->45->46->47->3->2->7->8,,35.5305,inf,0.0,113,113,32.912489,33.112583,126.017697,33.112583,0.0,0.0,0.0,0,113.0,0.5,0.5,0.0,5,0.0,0.0
Bellcanada,SM,3,B1,31,7,7,0,31->34->5->8->7,,10.076842,inf,0.0,187,187,10.076842,33.112583,103.182049,33.112583,0.0,0.0,0.0,0,187,0.5,0.5,0.0,5,0.0,0.0
Bellcanada,SM,3,B1,32,7,7,0,32->34->5->8->7,,11.06834,inf,0.0,158,158,11.06834,33.112583,104.173547,33.112583,0.0,0.0,0.0,0,158,0.5,0.5,0.0,5,0.0,0.0
Bellcanada,SM,3,B1,33,7,7,0,33->31->34->5->3->2->7,,16.023787,inf,0.0,191,191,11.907854,33.112583,105.013061,33.112583,0.0,0.0,0.0,0,191,0.5,0.5,0.0,5,0.0,0.0
Bellcanada,SM,3,B1,34,7,7,0,34->5->8->7,,9.150248,inf,0.0,179,179,9.150248,33.112583,102.255456,33.112583,0.0,0.0,0.0,0,179,0.5,0.5,0.0,5,0.0,0.0
Bellcanada,SM,3,B1,35,6,6,0,35->46->47->3->5->6,,66.273408,inf,0.0,170,170,64.470833,10.752688,135.216145,10.752688,0.0,0.0,0.0,0,170,0.5,0.5,0.0,5,0.0,0.0
Bellcanada,SM,3,B1,36,6,6,0,36->32->34->9->6,,56.562613,inf,0.0,181,181,56.562613,10.752688,127.307925,10.752688,0.0,0.0,0.0,0,181,0.5,0.5,0.0,5,0.0,0.0
Bellcanada,SM,3,B1,37,6,10,1,37->32->34->9->6,,52.418605,inf,0.0,168,168,16.384476,1666.666667,1743.043767,1666.666667,0.0,0.0,0.0,0,168,0.5,0.5,0.0,5,0.0,0.0
Bellcanada,SM,3,B1,38,6,6,0,38->32->34->9->6,,52.04813,inf,0.0,162,162,52.04813,10.752688,122.793443,10.752688,0.0,0.0,0.0,0,162,0.5,0.5,0.0,5,0.0,0.0
Bellcanada,SM,3,B1,39,6,6,0,39->28->9->6,,43.199146,inf,0.0,188,188,43.199146,10.752688,113.944458,10.752688,0.0,0.0,0.0,0,188,0.5,0.5,0.0,5,0.0,0.0
Bellcanada,SM,3,B1,40,7,7,0,40->3->2->7,,6.477019,inf,0.0,145,145,6.477019,33.112583,99.582226,33.112583,0.0,0.0,0.0,0,145,0.5,0.5,0.0,5,0.0,0.0
Bellcanada,SM,3,B1,41,5,3,1,41->13->29->30->44->45->46->47->3->5,,42.567086,inf,0.0,190,190,36.885589,15.10574,111.983954,15.10574,0.0,0.0,0.0,0,190,0.5,0.5,0.0,5,0.0,0.0
Bellcanada,SM,3,B1,42,6,9,1,42->41->36->32->34->5->6,,102.689741,inf,0.0,156,156,50.056128,227.272727,337.321479,227.272727,0.0,0.0,0.0,0,156,0.5,0.5,0.0,5,0.0,0.0
Bellcanada,SM,3,B1,43,5,5,0,43->35->46->47->3->5,,42.128825,inf,0.0,182,182,42.128825,14.619883,116.741332,14.619883,0.0,0.0,0.0,0,182,0.5,0.5,0.0,5,0.0,0.0
Bellcanada,SM,3,B1,44,5,5,0,44->45->46->47->3->5,,30.223972,inf,0.0,158,158,30.223972,14.619883,104.836479,14.619883,0.0,0.0,0.0,0,158.0,0.5,0.5,0.0,5,0.0,0.0
Bellcanada,SM,3,B1,45,5,5,0,45->46->47->3->5,,23.598474,inf,0.0,195,195,23.598474,14.619883,98.210981,14.619883,0.0,0.0,0.0,0,195.0,0.5,0.5,0.0,5,0.0,0.0
Bellcanada,SM,3,B1,46,5,5,0,46->47->3->5,,17.654823,inf,0.0,195,195,17.654823,14.619883,92.26733,14.619883,0.0,0.0,0.0,0,195.0,0.5,0.5,0.0,5,0.0,0.0
Bellcanada,SM,3,B1,47,4,4,0,47->3->4,,8.656278,71.176708,0.0,199,199,8.656278,2.527806,71.176708,2.527806,0.0,0.0,0.0,0,199,0.5,0.5,0.0,5,0.0,0.0
Bellcanada,SM,3,B1,48,4,4,0,48->46->47->3->4,,21.129897,83.650327,0.0,181,181,13.599569,2.527806,76.119999,2.527806,0.0,0.0,0.0,0,181,0.5,0.5,0.0,5,0.0,0.0
Bellcanada,SM,3,B3,1,1,1,0,1,1,0.0,61.123334,0.0,162,162,0.0,inf,inf,inf,0.0,0.0,0.0,0,162,0.5,0.5,0.0,5,0.0,0.0
Bellcanada,SM,3,B3,2,2,2,0,2,2,0.0,61.24325,0.0,178,178,0.0,11.820331,71.812955,11.820331,0.0,0.0,0.0,0,178,0.5,0.5,0.0,5,0.0,0.0
Bellcanada,SM,3,B3,3,3,3,0,3,3,0.0,61.160576,0.0,199,199,0.0,inf,inf,inf,0.0,0.0,0.0,0,199,0.5,0.5,0.0,5,0.0,0.0
Bellcanada,SM,3,B3,4,4,4,0,4,4,0.0,62.52043,0.0,202,202,0.0,2.527806,62.52043,2.527806,0.0,0.0,0.0,0,202,0.5,0.5,0.0,5,0.0,0.0
Bellcanada,SM,3,B3,5,5,5,0,5,5,0.0,inf,0.0,192,192,0.0,4.321521,64.314146,4.321521,0.0,0.0,0.0,0,192,0.5,0.5,0.0,5,0.0,0.0
Bellcanada,SM,3,B3,6,6,6,0,6,6,0.0,inf,0.0,194,194,0.0,3.333333,63.325958,3.333333,0.0,0.0,0.0,0,194,0.5,0.5,0.0,5,0.0,0.0
Bellcanada,SM,3,B3,7,7,7,0,7,7,0.0,inf,0.0,183,183,0.0,3.376097,63.368722,3.376097,0.0,0.0,0.0,0,183,0.5,0.5,0.0,5,0.0,0.0
Bellcanada,SM,3,B3,8,8,8,0,8,8,0.0,inf,0.0,141,141,0.0,3.912363,63.904987,3.912363,0.0,0.0,0.0,0,141,0.5,0.5,0.0,5,0.0,0.0
Bellcanada,SM,3,B3,9,9,9,0,9,9,0.0,inf,0.0,182,182,0.0,3.054368,63.046992,3.054368,0.0,0.0,0.0,0,182,0.5,0.5,0.0,5,0.0,0.0
Bellcanada,SM,3,B3,10,10,10,0,10,10,0.0,inf,0.0,157,157,0.0,3.897116,63.889741,3.897116,0.0,0.0,0.0,0,157,0.5,0.5,0.0,5,0.0,0.0
Bellcanada,SM,3,B3,11,10,1,1,11->20->19->18->17->15->14->30->44->45->46->48->39->28->9->10,11->20->19->18->17->15->14->30->44->45->46->47->3->1,46.540334,inf,0.0,210,210,44.004017,inf,inf,inf,0.0,0.0,0.0,0,210,0.5,0.5,0.0,5,0.0,0.0
Bellcanada,SM,3,B3,12,10,10,0,12->22->17->15->14->30->44->45->46->48->39->28->9->10,12->22->17->15->14->30->44->45->46->48->39->28->9->10,46.570205,inf,0.0,181,181,46.570205,3.897116,110.459946,3.897116,0.0,0.0,0.0,0,181,0.5,0.5,0.0,5,0.0,0.0
Bellcanada,SM,3,B3,13,10,3,1,13->29->30->44->45->46->48->39->28->9->10,13->29->30->44->45->46->47->3,38.498447,inf,0.0,162,162,33.597423,inf,inf,inf,0.0,0.0,0.0,0,162,0.5,0.5,0.0,5,0.0,0.0
Bellcanada,SM,3,B3,14,10,10,0,14->30->44->45->46->48->39->28->9->10,14->30->44->45->46->48->39->28->9->10,36.294777,inf,0.0,202,202,36.294777,3.897116,100.184518,3.897116,0.0,0.0,0.0,0,202.0,0.5,0.5,0.0,5,0.0,0.0
Bellcanada,SM,3,B3,15,10,10,0,15->14->30->44->45->46->48->39->28->9->10,15->14->30->44->45->46->48->39->28->9->10,37.948839,inf,0.0,181,181,37.948839,3.897116,101.83858,3.897116,0.0,0.0,0.0,0,181.0,0.5,0.5,0.0,5,0.0,0.0
Bellcanada,SM,3,B3,16,9,9,0,16->15->14->30->44->45->46->48->39->28->9,16->15->14->30->44->45->46->48->39->28->9,38.82186,inf,0.0,172,172,38.82186,3.054368,101.868853,3.054368,0.0,0.0,0.0,0,172,0.5,0.5,0.0,5,0.0,0.0
Bellcanada,SM,3,B3,17,9,9,0,17->15->14->30->44->45->46->48->39->28->9,17->15->14->30->44->45->46->48->39->28->9,39.831759,inf,0.0,180,180,39.831759,3.054368,102.878751,3.054368,0.0,0.0,0.0,0,180.0,0.5,0.5,0.0,5,0.0,0.0
Bellcanada,SM,3,B3,18,9,3,1,18->17->15->14->30->44->45->46->48->39->28->9,18->17->15->14->30->44->45->46->47->3,41.63118,inf,0.0,188,188,37.183571,inf,inf,inf,0.0,0.0,0.0,0,188,0.5,0.5,0.0,5,0.0,0.0
Bellcanada,SM,3,B3,19,9,1,1,19->18->17->15->14->30->44->45->46->48->39->28->9,19->18->17->15->14->30->44->45->46->47->3->1,43.510296,inf,0.0,199,199,41.427394,inf,inf,inf,0.0,0.0,0.0,0,199,0.5,0.5,0.0,5,0.0,0.0
Bellcanada,SM,3,B3,20,9,2,1,20->19->18->17->15->14->30->44->45->46->48->39->28->9,20->19->18->17->15->14->30->44->45->46->47->3->2,44.407641,inf,0.0,167,167,43.865351,11.820331,115.678307,11.820331,0.0,0.0,0.0,0,167,0.5,0.5,0.0,5,0.0,0.0
Bellcanada,SM,3,B3,21,9,9,0,21->22->17->15->14->30->44->45->46->48->39->28->9,21->24->17->15->14->30->44->45->46->48->39->28->9,46.176777,inf,0.0,185,185,44.342253,3.054368,107.389245,3.054368,0.0,0.0,0.0,0,185,0.5,0.5,0.0,5,0.0,0.0
Bellcanada,SM,3,B3,22,8,8,0,22->17->15->14->30->44->45->46->47->3->2->7->8,22->17->15->14->30->44->45->46->47->3->2->7->8,48.018311,inf,0.0,159,159,48.018311,3.912363,111.923298,3.912363,0.0,0.0,0.0,0,159,0.5,0.5,0.0,5,0.0,0.0
Bellcanada,SM,3,B3,23,8,8,0,23->21->22->17->15->14->30->44->45->46->47->3->2->7->8,23->21->24->17->15->14->30->44->45->46->47->3->2->7->8,51.466148,inf,0.0,162,162,49.631625,3.912363,113.536612,3.912363,0.0,0.0,0.0,0,162,0.5,0.5,0.0,5,0.0,0.0
Bellcanada,SM,3,B3,24,8,8,0,24->17->15->14->30->44->45->46->47->3->5->8,24->17->15->14->30->44->45->46->47->3->2->7->8,48.673871,inf,0.0,141,141,46.662832,3.912363,110.567819,3.912363,0.0,0.0,0.0,0,141,0.5,0.5,0.0,5,0.0,0.0
Bellcanada,SM,3,B3,25,10,2,1,25->26->22->17->15->14->30->35->46->48->39->28->9->10,25->26->22->17->15->14->30->44->45->46->47->3->2,57.884828,inf,0.0,128,128,54.19333,11.820331,126.006285,11.820331,0.0,0.0,0.0,0,128,0.5,0.5,0.0,5,0.0,0.0
Bellcanada,SM,3,B3,26,8,3,1,26->22->17->15->14->30->44->45->46->47->3->2->7->8,26->22->17->15->14->30->44->45->46->47->3,49.464734,inf,0.0,175,175,41.815334,inf,inf,inf,0.0,0.0,0.0,0,175,0.5,0.5,0.0,5,0.0,0.0
Bellcanada,SM,3,B3,27,8,1,1,27->28->34->5->8,27->28->40->3->1,15.038793,inf,0.0,196,196,6.92953,inf,inf,inf,0.0,0.0,0.0,0,196,0.5,0.5,0.0,5,0.0,0.0
Bellcanada,SM,3,B3,28,8,8,0,28->34->5->8,28->40->3->2->7->8,13.287438,inf,0.0,175,175,10.462868,3.912363,74.367856,3.912363,0.0,0.0,0.0,0,175,0.5,0.5,0.0,5,0.0,0.0
Bellcanada,SM,3,B3,29,7,3,1,29->30->44->45->46->47->3->2->7,29->30->44->45->46->47->3,33.916335,inf,0.0,196,196,28.884945,inf,inf,inf,0.0,0.0,0.0,0,196,0.5,0.5,0.0,5,0.0,0.0
Bellcanada,SM,3,B3,30,8,2,1,30->44->45->46->47->3->2->7->8,30->44->45->46->47->3->2,35.5305,inf,0.0,113,113,31.786419,11.820331,103.599374,11.820331,0.0,0.0,0.0,0,113.0,0.5,0.5,0.0,5,0.0,0.0
Bellcanada,SM,3,B3,31,7,7,0,31->34->5->8->7,31->34->5->8->7,10.076842,inf,0.0,187,187,10.076842,3.376097,73.445563,3.376097,0.0,0.0,0.0,0,187,0.5,0.5,0.0,5,0.0,0.0
Bellcanada,SM,3,B3,32,7,7,0,32->34->5->8->7,32->34->5->8->7,11.06834,inf,0.0,158,158,11.06834,3.376097,74.437061,3.376097,0.0,0.0,0.0,0,158,0.5,0.5,0.0,5,0.0,0.0
Bellcanada,SM,3,B3,33,7,1,1,33->31->34->5->3->2->7,33->31->34->5->3->1,16.023787,inf,0.0,191,191,13.357104,inf,inf,inf,0.0,0.0,0.0,0,191,0.5,0.5,0.0,5,0.0,0.0
Bellcanada,SM,3,B3,34,7,7,0,34->5->8->7,34->5->8->7,9.150248,inf,0.0,179,179,9.150248,3.376097,72.51897,3.376097,0.0,0.0,0.0,0,179,0.5,0.5,0.0,5,0.0,0.0
Bellcanada,SM,3,B3,35,6,6,0,35->46->47->3->5->6,35->46->48->39->28->9->6,66.273408,inf,0.0,170,170,64.470833,3.333333,127.79679,3.333333,0.0,0.0,0.0,0,170,0.5,0.5,0.0,5,0.0,0.0
Bellcanada,SM,3,B3,36,6,1,1,36->32->34->9->6,36->32->34->5->3->1,56.562613,inf,0.0,181,181,27.953574,inf,inf,inf,0.0,0.0,0.0,0,181,0.5,0.5,0.0,5,0.0,0.0
Bellcanada,SM,3,B3,37,6,6,0,37->32->34->9->6,37->32->34->9->6,52.418605,inf,0.0,168,168,52.418605,3.333333,115.744563,3.333333,0.0,0.0,0.0,0,168,0.5,0.5,0.0,5,0.0,0.0
Bellcanada,SM,3,B3,38,6,2,1,38->32->34->9->6,38->32->34->5->8->7->2,52.04813,inf,0.0,162,162,23.115912,11.820331,94.928868,11.820331,0.0,0.0,0.0,0,162,0.5,0.5,0.0,5,0.0,0.0
Bellcanada,SM,3,B3,39,6,3,1,39->28->9->6,39->28->40->3,43.199146,inf,0.0,188,188,5.478151,inf,inf,inf,0.0,0.0,0.0,0,188,0.5,0.5,0.0,5,0.0,0.0
Bellcanada,SM,3,B3,40,7,2,1,40->3->2->7,40->3->2,6.477019,inf,0.0,145,145,5.350948,11.820331,77.163903,11.820331,0.0,0.0,0.0,0,145,0.5,0.5,0.0,5,0.0,0.0
Bellcanada,SM,3,B3,41,5,5,0,41->13->29->30->44->45->46->47->3->5,41->13->29->30->44->45->46->47->3->5,42.567086,inf,0.0,190,190,42.567086,4.321521,106.881232,4.321521,0.0,0.0,0.0,0,190,0.5,0.5,0.0,5,0.0,0.0
Bellcanada,SM,3,B3,42,6,6,0,42->41->36->32->34->5->6,42->41->13->29->30->44->45->46->48->39->28->9->6,102.689741,inf,0.0,156,156,86.543672,3.333333,149.86963,3.333333,0.0,0.0,0.0,0,156,0.5,0.5,0.0,5,0.0,0.0
Bellcanada,SM,3,B3,43,5,5,0,43->35->46->47->3->5,43->35->46->47->3->5,42.128825,inf,0.0,182,182,42.128825,4.321521,106.44297,4.321521,0.0,0.0,0.0,0,182,0.5,0.5,0.0,5,0.0,0.0
Bellcanada,SM,3,B3,44,5,3,1,44->45->46->47->3->5,44->45->46->47->3,30.223972,inf,0.0,158,158,24.542475,inf,inf,inf,0.0,0.0,0.0,0,158.0,0.5,0.5,0.0,5,0.0,0.0
Bellcanada,SM,3,B3,45,5,1,1,45->46->47->3->5,45->46->47->3->1,23.598474,inf,0.0,195,195,20.281684,inf,inf,inf,0.0,0.0,0.0,0,195.0,0.5,0.5,0.0,5,0.0,0.0
Bellcanada,SM,3,B3,46,5,5,0,46->47->3->5,46->47->3->5,17.654823,inf,0.0,195,195,17.654823,4.321521,81.968968,4.321521,0.0,0.0,0.0,0,195.0,0.5,0.5,0.0,5,0.0,0.0
Bellcanada,SM,3,B3,47,4,4,0,47->3->4,47->3->4,8.656278,71.176708,0.0,199,199,8.656278,2.527806,71.176708,2.527806,0.0,0.0,0.0,0,199,0.5,0.5,0.0,5,0.0,0.0
Bellcanada,SM,3,B3,48,4,4,0,48->46->47->3->4,48->39->28->40->3->4,21.129897,83.650327,0.0,181,181,13.599569,2.527806,76.119999,2.527806,0.0,0.0,0.0,0,181,0.5,0.5,0.0,5,0.0,0.0
Bellcanada,SM,3,MCF_ARC,1,1,1,0,1,1,0.0,61.123334,0.0,162,162,0.0,1.488425,61.475424,1.4828,0.0,0.0,0.0,0,162,0.5,0.5,0.0,5,0.0,0.0
Bellcanada,SM,3,MCF_ARC,2,2,2,0,2,2,0.0,61.24325,0.0,178,178,0.0,17.425331,74.785524,14.792899,0.0,0.0,0.0,0,178,0.5,0.5,0.0,5,0.0,0.0
Bellcanada,SM,3,MCF_ARC,3,3,3,0,3,3,0.0,61.160576,0.0,199,199,0.0,13.191004,70.608336,10.615711,0.0,0.0,0.0,0,199,0.5,0.5,0.0,5,0.0,0.0
Bellcanada,SM,3,MCF_ARC,4,4,4,0,4,4,0.0,62.52043,0.0,202,202,0.0,2.551995,62.52043,2.527806,0.0,0.0,0.0,0,202,0.5,0.5,0.0,5,0.0,0.0
Bellcanada,SM,3,MCF_ARC,5,5,5,0,5,5,0.0,inf,0.0,192,192,0.0,19.107819,77.723121,17.730496,0.0,0.0,0.0,0,192,0.5,0.5,0.0,5,0.0,0.0
Bellcanada,SM,3,MCF_ARC,6,6,6,0,6,6,0.0,inf,0.0,194,194,0.0,13.009715,70.51894,10.526316,0.0,0.0,0.0,0,194,0.5,0.5,0.0,5,0.0,0.0
Bellcanada,SM,3,MCF_ARC,7,7,7,0,7,7,0.0,inf,0.0,183,183,0.0,19.93005,79.912943,19.920319,0.0,0.0,0.0,0,183,0.5,0.5,0.0,5,0.0,0.0
Bellcanada,SM,3,MCF_ARC,8,8,8,0,8,8,0.0,inf,0.0,141,141,0.0,18.201957,76.771148,16.778523,0.0,0.0,0.0,0,141,0.5,0.5,0.0,5,0.0,0.0
Bellcanada,SM,3,MCF_ARC,9,9,9,0,9,9,0.0,inf,0.0,182,182,0.0,17.829135,76.279269,16.286645,0.0,0.0,0.0,0,182,0.5,0.5,0.0,5,0.0,0.0
Bellcanada,SM,3,MCF_ARC,10,10,10,0,10,10,0.0,inf,0.0,157,157,0.0,13.050906,70.563449,10.570825,0.0,0.0,0.0,0,157,0.5,0.5,0.0,5,0.0,0.0
Bellcanada,SM,3,MCF_ARC,11,10,1,1,11->20->19->18->17->15->14->30->44->45->46->48->39->28->9->10,11->20->19->18->17->15->14->30->44->45->46->47->3->1,46.540334,inf,0.0,210,210,44.004017,1.488425,105.479441,1.4828,0.0,0.0,0.0,0,210,0.5,0.5,0.0,5,0.0,0.0
Bellcanada,SM,3,MCF_ARC,12,10,10,0,12->22->17->15->14->30->44->45->46->48->39->28->9->10,12->22->17->15->14->30->44->45->46->48->39->28->9->10,46.570205,inf,0.0,181,181,46.570205,13.050906,117.133654,10.570825,0.0,0.0,0.0,0,181,0.5,0.5,0.0,5,0.0,0.0
Bellcanada,SM,3,MCF_ARC,13,10,10,0,13->29->30->44->45->46->48->39->28->9->10,13->29->30->44->45->46->48->39->28->9->10,38.498447,inf,0.0,162,162,38.498447,13.050906,109.061896,10.570825,0.0,0.0,0.0,0,162,0.5,0.5,0.0,5,0.0,0.0
Bellcanada,SM,3,MCF_ARC,14,10,10,0,14->30->44->45->46->48->39->28->9->10,14->30->44->45->46->48->39->28->9->10,36.294777,inf,0.0,202,202,36.294777,13.050906,106.858226,10.570825,0.0,0.0,0.0,0,202.0,0.5,0.5,0.0,5,0.0,0.0
Bellcanada,SM,3,MCF_ARC,15,10,10,0,15->14->30->44->45->46->48->39->28->9->10,15->14->30->44->45->46->48->39->28->9->10,37.948839,inf,0.0,181,181,37.948839,13.050906,108.512288,10.570825,0.0,0.0,0.0,0,181.0,0.5,0.5,0.0,5,0.0,0.0
Bellcanada,SM,3,MCF_ARC,16,9,9,0,16->15->14->30->44->45->46->48->39->28->9,16->15->14->30->44->45->46->48->39->28->9,38.82186,inf,0.0,172,172,38.82186,17.829135,115.10113,16.286645,0.0,0.0,0.0,0,172,0.5,0.5,0.0,5,0.0,0.0
Bellcanada,SM,3,MCF_ARC,17,9,9,0,17->15->14->30->44->45->46->48->39->28->9,17->15->14->30->44->45->46->48->39->28->9,39.831759,inf,0.0,180,180,39.831759,17.829135,116.111028,16.286645,0.0,0.0,0.0,0,180.0,0.5,0.5,0.0,5,0.0,0.0
Bellcanada,SM,3,MCF_ARC,18,9,3,1,18->17->15->14->30->44->45->46->48->39->28->9,18->17->15->14->30->44->45->46->47->3,41.63118,inf,0.0,188,188,37.183571,13.191004,107.791907,10.615711,0.0,0.0,0.0,0,188,0.5,0.5,0.0,5,0.0,0.0
Bellcanada,SM,3,MCF_ARC,19,9,3,1,19->18->17->15->14->30->44->45->46->48->39->28->9,19->18->17->15->14->30->44->45->46->47->3,43.510296,inf,0.0,199,199,39.062687,13.191004,109.671023,10.615711,0.0,0.0,0.0,0,199,0.5,0.5,0.0,5,0.0,0.0
Bellcanada,SM,3,MCF_ARC,20,9,9,0,20->19->18->17->15->14->30->44->45->46->48->39->28->9,20->19->18->17->15->14->30->44->45->46->48->39->28->9,44.407641,inf,0.0,167,167,44.407641,17.829135,120.68691,16.286645,0.0,0.0,0.0,0,167,0.5,0.5,0.0,5,0.0,0.0
Bellcanada,SM,3,MCF_ARC,21,9,3,1,21->22->17->15->14->30->44->45->46->48->39->28->9,21->24->17->15->14->30->44->45->46->47->3,46.176777,inf,0.0,185,185,39.894645,13.191004,110.50298,10.615711,0.0,0.0,0.0,0,185,0.5,0.5,0.0,5,0.0,0.0
Bellcanada,SM,3,MCF_ARC,22,8,8,0,22->17->15->14->30->44->45->46->47->3->2->7->8,22->17->15->14->30->44->45->46->47->3->2->7->8,48.018311,inf,0.0,159,159,48.018311,18.201957,124.789458,16.778523,0.0,0.0,0.0,0,159,0.5,0.5,0.0,5,0.0,0.0
Bellcanada,SM,3,MCF_ARC,23,8,8,0,23->21->22->17->15->14->30->44->45->46->47->3->2->7->8,23->21->24->17->15->14->30->44->45->46->47->3->2->7->8,51.466148,inf,0.0,162,162,49.631625,18.201957,126.402773,16.778523,0.0,0.0,0.0,0,162,0.5,0.5,0.0,5,0.0,0.0
Bellcanada,SM,3,MCF_ARC,24,8,8,0,24->17->15->14->30->44->45->46->47->3->5->8,24->17->15->14->30->44->45->46->47->3->2->7->8,48.673871,inf,0.0,141,141,46.662832,18.201957,123.43398,16.778523,0.0,0.0,0.0,0,141,0.5,0.5,0.0,5,0.0,0.0
Bellcanada,SM,3,MCF_ARC,25,10,9,1,25->26->22->17->15->14->30->35->46->48->39->28->9->10,25->26->22->17->15->14->30->44->45->46->48->39->28->9,57.884828,inf,0.0,128,128,54.735619,17.829135,131.014888,16.286645,0.0,0.0,0.0,0,128,0.5,0.5,0.0,5,0.0,0.0
Bellcanada,SM,3,MCF_ARC,26,8,7,1,26->22->17->15->14->30->44->45->46->47->3->2->7->8,26->22->17->15->14->30->35->46->47->3->2->7,49.464734,inf,0.0,175,175,49.542518,19.93005,129.455461,19.920319,0.0,0.0,0.0,0,175,0.5,0.5,0.0,5,0.0,0.0
Bellcanada,SM,3,MCF_ARC,27,8,8,0,27->28->34->5->8,27->28->40->3->2->7->8,15.038793,inf,0.0,196,196,12.214223,18.201957,88.985371,16.778523,0.0,0.0,0.0,0,196,0.5,0.5,0.0,5,0.0,0.0
Bellcanada,SM,3,MCF_ARC,28,8,8,0,28->34->5->8,28->40->3->2->7->8,13.287438,inf,0.0,175,175,10.462868,18.201957,87.234016,16.778523,0.0,0.0,0.0,0,175,0.5,0.5,0.0,5,0.0,0.0
Bellcanada,SM,3,MCF_ARC,29,7,2,1,29->30->44->45->46->47->3->2->7,29->30->44->45->46->47->3->2,33.916335,inf,0.0,196,196,32.790265,17.425331,107.575789,14.792899,0.0,0.0,0.0,0,196,0.5,0.5,0.0,5,0.0,0.0
Bellcanada,SM,3,MCF_ARC,30,8,7,1,30->44->45->46->47->3->2->7->8,30->44->45->46->47->3->2->7,35.5305,inf,0.0,113,113,32.912489,19.93005,112.825433,19.920319,0.0,0.0,0.0,0,113.0,0.5,0.5,0.0,5,0.0,0.0
Bellcanada,SM,3,MCF_ARC,31,7,2,1,31->34->5->8->7,31->34->5->8->7->2,10.076842,inf,0.0,187,187,11.202912,17.425331,85.988436,14.792899,0.0,0.0,0.0,0,187,0.5,0.5,0.0,5,0.0,0.0
Bellcanada,SM,3,MCF_ARC,32,7,2,1,32->34->5->8->7,32->34->5->3->2,11.06834,inf,0.0,158,158,14.058202,17.425331,88.843726,14.792899,0.0,0.0,0.0,0,158,0.5,0.5,0.0,5,0.0,0.0
Bellcanada,SM,3,MCF_ARC,33,7,2,1,33->31->34->5->3->2->7,33->31->34->5->8->7->2,16.023787,inf,0.0,191,191,13.033925,17.425331,87.819448,14.792899,0.0,0.0,0.0,0,191,0.5,0.5,0.0,5,0.0,0.0
Bellcanada,SM,3,MCF_ARC,34,7,7,0,34->5->8->7,34->5->8->7,9.150248,inf,0.0,179,179,9.150248,19.93005,89.063192,19.920319,0.0,0.0,0.0,0,179,0.5,0.5,0.0,5,0.0,0.0
Bellcanada,SM,3,MCF_ARC,35,6,5,1,35->46->47->3->5->6,35->46->47->3->5,66.273408,inf,0.0,170,170,29.217176,19.107819,106.940297,17.730496,0.0,0.0,0.0,0,170,0.5,0.5,0.0,5,0.0,0.0
Bellcanada,SM,3,MCF_ARC,36,6,6,0,36->32->34->9->6,36->32->34->9->6,56.562613,inf,0.0,181,181,56.562613,13.009715,127.081553,10.526316,0.0,0.0,0.0,0,181,0.5,0.5,0.0,5,0.0,0.0
Bellcanada,SM,3,MCF_ARC,37,6,6,0,37->32->34->9->6,37->32->34->9->6,52.418605,inf,0.0,168,168,52.418605,13.009715,122.937546,10.526316,0.0,0.0,0.0,0,168,0.5,0.5,0.0,5,0.0,0.0
Bellcanada,SM,3,MCF_ARC,38,6,6,0,38->32->34->9->6,38->32->34->9->6,52.04813,inf,0.0,162,162,52.04813,13.009715,122.56707,10.526316,0.0,0.0,0.0,0,162,0.5,0.5,0.0,5,0.0,0.0
Bellcanada,SM,3,MCF_ARC,39,6,6,0,39->28->9->6,39->28->9->6,43.199146,inf,0.0,188,188,43.199146,13.009715,113.718086,10.526316,0.0,0.0,0.0,0,188,0.5,0.5,0.0,5,0.0,0.0
Bellcanada,SM,3,MCF_ARC,40,7,7,0,40->3->2->7,40->3->2->7,6.477019,inf,0.0,145,145,6.477019,19.93005,86.389962,19.920319,0.0,0.0,0.0,0,145,0.5,0.5,0.0,5,0.0,0.0
Bellcanada,SM,3,MCF_ARC,41,5,3,1,41->13->29->30->44->45->46->47->3->5,41->13->29->30->44->45->46->47->3,42.567086,inf,0.0,190,190,36.885589,13.191004,107.493925,10.615711,0.0,0.0,0.0,0,190,0.5,0.5,0.0,5,0.0,0.0
Bellcanada,SM,3,MCF_ARC,42,6,9,1,42->41->36->32->34->5->6,42->41->13->29->30->44->45->46->48->39->28->9,102.689741,inf,0.0,156,156,50.056128,17.829135,126.335397,16.286645,0.0,0.0,0.0,0,156,0.5,0.5,0.0,5,0.0,0.0
Bellcanada,SM,3,MCF_ARC,43,5,5,0,43->35->46->47->3->5,43->35->46->47->3->5,42.128825,inf,0.0,182,182,42.128825,19.107819,119.851946,17.730496,0.0,0.0,0.0,0,182,0.5,0.5,0.0,5,0.0,0.0
Bellcanada,SM,3,MCF_ARC,44,5,7,1,44->45->46->47->3->5,44->45->46->47->3->2->7,30.223972,inf,0.0,158,158,29.573865,19.93005,109.486808,19.920319,0.0,0.0,0.0,0,158.0,0.5,0.5,0.0,5,0.0,0.0
Bellcanada,SM,3,MCF_ARC,45,5,5,0,45->46->47->3->5,45->46->47->3->5,23.598474,inf,0.0,195,195,23.598474,19.107819,101.321595,17.730496,0.0,0.0,0.0,0,195.0,0.5,0.5,0.0,5,0.0,0.0
Bellcanada,SM,3,MCF_ARC,46,5,5,0,46->47->3->5,46->47->3->5,17.654823,inf,0.0,195,195,17.654823,19.107819,95.377944,17.730496,0.0,0.0,0.0,0,195.0,0.5,0.5,0.0,5,0.0,0.0
Bellcanada,SM,3,MCF_ARC,47,4,4,0,47->3->4,47->3->4,8.656278,71.176708,0.0,199,199,8.656278,2.551995,71.176708,2.527806,0.0,0.0,0.0,0,199,0.5,0.5,0.0,5,0.0,0.0
Bellcanada,SM,3,MCF_ARC,48,4,4,0,48->46->47->3->4,48->39->28->40->3->4,21.129897,83.650327,0.0,181,181,13.599569,2.551995,76.119999,2.527806,0.0,0.0,0.0,0,181,0.5,0.5,0.0,5,0.0,0.0
Bellcanada,SM,4,B1,1,1,1,0,1,,0.0,61.153256,0.0,164,164,0.0,1.160631,61.153256,1.160631,0.0,0.0,0.0,0,164,0.5,0.5,0.0,5,0.0,0.0
Bellcanada,SM,4,B1,2,2,2,0,2,,0.0,61.148694,0.0,171,171,0.0,2.257336,62.249961,2.257336,0.0,0.0,0.0,0,171,0.5,0.5,0.0,5,0.0,0.0
Bellcanada,SM,4,B1,3,3,3,0,3,,0.0,61.047254,0.0,151,151,0.0,5000.0,5059.992624,5000.0,0.0,0.0,0.0,0,151,0.5,0.5,0.0,5,0.0,0.0
Bellcanada,SM,4,B1,4,4,4,0,4,,0.0,67.891519,0.0,204,204,0.0,7.898894,67.891519,7.898894,0.0,0.0,0.0,0,204,0.5,0.5,0.0,5,0.0,0.0
Bellcanada,SM,4,B1,5,5,5,0,5,,0.0,inf,0.0,150,150,0.0,625.0,684.992624,625.0,0.0,0.0,0.0,0,150,0.5,0.5,0.0,5,0.0,0.0
Bellcanada,SM,4,B1,6,6,6,0,6,,0.0,inf,0.0,151,151,0.0,7.451565,67.444189,7.451565,0.0,0.0,0.0,0,151,0.5,0.5,0.0,5,0.0,0.0
Bellcanada,SM,4,B1,7,7,7,0,7,,0.0,inf,0.0,160,160,0.0,131.578947,191.571572,131.578947,0.0,0.0,0.0,0,160,0.5,0.5,0.0,5,0.0,0.0
Bellcanada,SM,4,B1,8,8,8,0,8,,0.0,inf,0.0,196,196,0.0,49.50495,109.497575,49.50495,0.0,0.0,0.0,0,196,0.5,0.5,0.0,5,0.0,0.0
Bellcanada,SM,4,B1,9,9,9,0,9,,0.0,inf,0.0,182,182,0.0,5000.0,5059.992624,5000.0,0.0,0.0,0.0,0,182,0.5,0.5,0.0,5,0.0,0.0
Bellcanada,SM,4,B1,10,10,10,0,10,,0.0,inf,0.0,215,215,0.0,16.778523,76.771148,16.778523,0.0,0.0,0.0,0,215,0.5,0.5,0.0,5,0.0,0.0
Bellcanada,SM,4,B1,11,10,10,0,11->20->19->18->17->15->14->30->44->45->46->48->39->28->9->10,,46.540334,inf,0.0,197,197,46.540334,16.778523,123.311482,16.778523,0.0,0.0,0.0,0,197,0.5,0.5,0.0,5,0.0,0.0
Bellcanada,SM,4,B1,12,10,3,1,12->22->17->15->14->30->44->45->46->48->39->28->9->10,,46.570205,inf,0.0,272,272,41.669181,5000.0,5101.661806,5000.0,0.0,0.0,0.0,0,272,0.5,0.5,0.0,5,0.0,0.0
Bellcanada,SM,4,B1,13,10,10,0,13->29->30->44->45->46->48->39->28->9->10,,38.498447,inf,0.0,191,191,38.498447,16.778523,115.269595,16.778523,0.0,0.0,0.0,0,191,0.5,0.5,0.0,5,0.0,0.0
Bellcanada,SM,4,B1,14,10,10,0,14->30->44->45->46->48->39->28->9->10,,36.294777,inf,0.0,172,172,36.294777,16.778523,113.065925,16.778523,0.0,0.0,0.0,0,172.0,0.5,0.5,0.0,5,0.0,0.0
Bellcanada,SM,4,B1,15,10,10,0,15->14->30->44->45->46->48->39->28->9->10,,37.948839,inf,0.0,191,191,37.948839,16.778523,114.719987,16.778523,0.0,0.0,0.0,0,191.0,0.5,0.5,0.0,5,0.0,0.0
Bellcanada,SM,4,B1,16,9,9,0,16->15->14->30->44->45->46->48->39->28->9,,38.82186,inf,0.0,243,243,38.82186,5000.0,5098.814485,5000.0,0.0,0.0,0.0,0,243,0.5,0.5,0.0,5,0.0,0.0
Bellcanada,SM,4,B1,17,9,9,0,17->15->14->30->44->45->46->48->39->28->9,,39.831759,inf,0.0,160,160,39.831759,5000.0,5099.824383,5000.0,0.0,0.0,0.0,0,160.0,0.5,0.5,0.0,5,0.0,0.0
Bellcanada,SM,4,B1,18,9,3,1,18->17->15->14->30->44->45->46->48->39->28->9,,41.63118,inf,0.0,195,195,37.183571,5000.0,5097.176196,5000.0,0.0,0.0,0.0,0,195,0.5,0.5,0.0,5,0.0,0.0
Bellcanada,SM,4,B1,19,9,9,0,19->18->17->15->14->30->44->45->46->48->39->28->9,,43.510296,inf,0.0,175,175,43.510296,5000.0,5103.50292,5000.0,0.0,0.0,0.0,0,175,0.5,0.5,0.0,5,0.0,0.0
Bellcanada,SM,4,B1,20,9,9,0,20->19->18->17->15->14->30->44->45->46->48->39->28->9,,44.407641,inf,0.0,187,187,44.407641,5000.0,5104.400265,5000.0,0.0,0.0,0.0,0,187,0.5,0.5,0.0,5,0.0,0.0
Bellcanada,SM,4,B1,21,9,9,0,21->24->17->15->14->30->35->46->48->39->28->9,,47.038047,inf,0.0,160,160,44.342253,5000.0,5104.334878,5000.0,0.0,0.0,0.0,0,160,0.5,0.5,0.0,5,0.0,0.0
Bellcanada,SM,4,B1,22,8,8,0,22->17->15->14->30->44->45->46->47->3->2->7->8,,48.018311,inf,0.0,199,199,48.018311,49.50495,157.515885,49.50495,0.0,0.0,0.0,0,199,0.5,0.5,0.0,5,0.0,0.0
Bellcanada,SM,4,B1,23,8,8,0,23->26->22->17->15->14->30->44->45->46->47->3->2->7->8,,50.298106,inf,0.0,224,224,49.631625,49.50495,159.1292,49.50495,0.0,0.0,0.0,0,224,0.5,0.5,0.0,5,0.0,0.0
Bellcanada,SM,4,B1,24,8,7,1,24->17->15->14->30->44->45->46->47->3->5->8,,48.673871,inf,0.0,182,182,44.044821,131.578947,235.616393,131.578947,0.0,0.0,0.0,0,182,0.5,0.5,0.0,5,0.0,0.0
Bellcanada,SM,4,B1,25,8,8,0,25->26->22->17->15->14->30->44->45->46->47->3->2->7->8,,57.937411,inf,0.0,232,232,57.937411,49.50495,167.434985,49.50495,0.0,0.0,0.0,0,232,0.5,0.5,0.0,5,0.0,0.0
Bellcanada,SM,4,B1,26,8,8,0,26->22->17->15->14->30->44->45->46->47->3->2->7->8,,49.464734,inf,0.0,236,236,49.464734,49.50495,158.962309,49.50495,0.0,0.0,0.0,0,236,0.5,0.5,0.0,5,0.0,0.0
Bellcanada,SM,4,B1,27,7,7,0,27->28->40->3->2->7,,9.596213,inf,0.0,193,193,9.596213,131.578947,201.167785,131.578947,0.0,0.0,0.0,0,193,0.5,0.5,0.0,5,0.0,0.0
Bellcanada,SM,4,B1,28,7,2,1,28->40->3->2->7,,7.844858,inf,0.0,201,201,6.718787,2.257336,68.968748,2.257336,0.0,0.0,0.0,0,201,0.5,0.5,0.0,5,0.0,0.0
Bellcanada,SM,4,B1,29,7,7,0,29->30->44->45->46->47->3->2->7,,33.916335,inf,0.0,194,194,33.916335,131.578947,225.487907,131.578947,0.0,0.0,0.0,0,194,0.5,0.5,0.0,5,0.0,0.0
Bellcanada,SM,4,B1,30,7,2,1,30->44->45->46->47->3->2->7,,32.912489,inf,0.0,221,221,31.786419,2.257336,94.03638,2.257336,0.0,0.0,0.0,0,221.0,0.5,0.5,0.0,5,0.0,0.0
Bellcanada,SM,4,B1,31,7,7,0,31->34->5->8->7,,10.076842,inf,0.0,131,131,10.076842,131.578947,201.648413,131.578947,0.0,0.0,0.0,0,131,0.5,0.5,0.0,5,0.0,0.0
Bellcanada,SM,4,B1,32,7,7,0,32->34->5->8->7,,11.06834,inf,0.0,170,170,11.06834,131.578947,202.639911,131.578947,0.0,0.0,0.0,0,170,0.5,0.5,0.0,5,0.0,0.0
Bellcanada,SM,4,B1,33,6,5,1,33->31->34->9->6,,41.966143,inf,0.0,177,177,5.310901,625.0,690.303525,625.0,0.0,0.0,0.0,0,177,0.5,0.5,0.0,5,0.0,0.0
Bellcanada,SM,4,B1,34,6,6,0,34->9->6,,39.208537,inf,0.0,188,188,39.208537,7.451565,106.652726,7.451565,0.0,0.0,0.0,0,188,0.5,0.5,0.0,5,0.0,0.0
Bellcanada,SM,4,B1,35,6,6,0,35->46->47->3->5->6,,66.273408,inf,0.0,192,192,64.470833,7.451565,131.915022,7.451565,0.0,0.0,0.0,0,192,0.5,0.5,0.0,5,0.0,0.0
Bellcanada,SM,4,B1,36,6,6,0,36->32->34->9->6,,56.562613,inf,0.0,193,193,56.562613,7.451565,124.006802,7.451565,0.0,0.0,0.0,0,193,0.5,0.5,0.0,5,0.0,0.0
Bellcanada,SM,4,B1,37,6,5,1,37->32->34->9->6,,52.418605,inf,0.0,193,193,15.763364,625.0,700.755988,625.0,0.0,0.0,0.0,0,193,0.5,0.5,0.0,5,0.0,0.0
Bellcanada,SM,4,B1,38,6,6,0,38->32->34->9->6,,52.04813,inf,0.0,169,169,52.04813,7.451565,119.492319,7.451565,0.0,0.0,0.0,0,169,0.5,0.5,0.0,5,0.0,0.0
Bellcanada,SM,4,B1,39,5,3,1,39->28->34->5,,11.973179,inf,0.0,187,187,5.478151,5000.0,5065.470776,5000.0,0.0,0.0,0.0,0,187,0.5,0.5,0.0,5,0.0,0.0
Bellcanada,SM,4,B1,40,5,5,0,40->3->5,,7.127125,inf,0.0,146,146,7.127125,625.0,692.11975,625.0,0.0,0.0,0.0,0,146,0.5,0.5,0.0,5,0.0,0.0
Bellcanada,SM,4,B1,41,5,5,0,41->13->29->30->44->45->46->47->3->5,,42.567086,inf,0.0,207,207,42.567086,625.0,727.55971,625.0,0.0,0.0,0.0,0,207,0.5,0.5,0.0,5,0.0,0.0
Bellcanada,SM,4,B1,42,5,3,1,42->41->13->29->30->44->45->46->47->3->5,,51.290016,inf,0.0,177,177,45.608519,5000.0,5105.601143,5000.0,0.0,0.0,0.0,0,177,0.5,0.5,0.0,5,0.0,0.0
Bellcanada,SM,4,B1,43,5,3,1,43->35->46->47->3->5,,42.128825,inf,0.0,117,117,36.447328,5000.0,5096.439953,5000.0,0.0,0.0,0.0,0,117,0.5,0.5,0.0,5,0.0,0.0
Bellcanada,SM,4,B1,44,5,5,0,44->45->46->47->3->5,,30.223972,inf,0.0,151,151,30.223972,625.0,715.216596,625.0,0.0,0.0,0.0,0,151.0,0.5,0.5,0.0,5,0.0,0.0
Bellcanada,SM,4,B1,45,4,4,0,45->46->47->3->4,,21.701304,89.592823,0.0,182,182,21.701304,7.898894,89.592823,7.898894,0.0,0.0,0.0,0,182.0,0.5,0.5,0.0,5,0.0,0.0
Bellcanada,SM,4,B1,46,4,4,0,46->47->3->4,,15.757653,83.649172,0.0,187,187,15.757653,7.898894,83.649172,7.898894,0.0,0.0,0.0,0,187.0,0.5,0.5,0.0,5,0.0,0.0
Bellcanada,SM,4,B1,47,4,4,0,47->3->4,,8.656278,76.547797,0.0,163,163,8.656278,7.898894,76.547797,7.898894,0.0,0.0,0.0,0,163,0.5,0.5,0.0,5,0.0,0.0
Bellcanada,SM,4,B1,48,4,4,0,48->46->47->3->4,,21.129897,89.021415,0.0,163,163,13.599569,7.898894,81.491087,7.898894,0.0,0.0,0.0,0,163,0.5,0.5,0.0,5,0.0,0.0
Bellcanada,SM,4,B3,1,1,1,0,1,1,0.0,61.153256,0.0,164,164,0.0,1.160631,61.153256,1.160631,0.0,0.0,0.0,0,164,0.5,0.5,0.0,5,0.0,0.0
Bellcanada,SM,4,B3,2,2,2,0,2,2,0.0,61.148694,0.0,171,171,0.0,inf,inf,inf,0.0,0.0,0.0,0,171,0.5,0.5,0.0,5,0.0,0.0
Bellcanada,SM,4,B3,3,3,3,0,3,3,0.0,61.047254,0.0,151,151,0.0,inf,inf,inf,0.0,0.0,0.0,0,151,0.5,0.5,0.0,5,0.0,0.0
Bellcanada,SM,4,B3,4,4,4,0,4,4,0.0,67.891519,0.0,204,204,0.0,3.453039,63.445663,3.453039,0.0,0.0,0.0,0,204,0.5,0.5,0.0,5,0.0,0.0
Bellcanada,SM,4,B3,5,5,5,0,5,5,0.0,inf,0.0,150,150,0.0,4.659832,64.652457,4.659832,0.0,0.0,0.0,0,150,0.5,0.5,0.0,5,0.0,0.0
Bellcanada,SM,4,B3,6,6,6,0,6,6,0.0,inf,0.0,151,151,0.0,6.887052,66.879677,6.887052,0.0,0.0,0.0,0,151,0.5,0.5,0.0,5,0.0,0.0
Bellcanada,SM,4,B3,7,7,7,0,7,7,0.0,inf,0.0,160,160,0.0,6.30517,66.297795,6.30517,0.0,0.0,0.0,0,160,0.5,0.5,0.0,5,0.0,0.0
Bellcanada,SM,4,B3,8,8,8,0,8,8,0.0,inf,0.0,196,196,0.0,3.903201,63.895825,3.903201,0.0,0.0,0.0,0,196,0.5,0.5,0.0,5,0.0,0.0
Bellcanada,SM,4,B3,9,9,9,0,9,9,0.0,inf,0.0,182,182,0.0,4.480287,64.472911,4.480287,0.0,0.0,0.0,0,182,0.5,0.5,0.0,5,0.0,0.0
Bellcanada,SM,4,B3,10,10,10,0,10,10,0.0,inf,0.0,215,215,0.0,4.317789,64.310414,4.317789,0.0,0.0,0.0,0,215,0.5,0.5,0.0,5,0.0,0.0
Bellcanada,SM,4,B3,11,10,10,0,11->20->19->18->17->15->14->30->44->45->46->48->39->28->9->10,11->20->19->18->17->15->14->30->44->45->46->48->39->28->9->10,46.540334,inf,0.0,197,197,46.540334,4.317789,110.850748,4.317789,0.0,0.0,0.0,0,197,0.5,0.5,0.0,5,0.0,0.0
Bellcanada,SM,4,B3,12,10,3,1,12->22->17->15->14->30->44->45->46->48->39->28->9->10,12->22->17->15->14->30->44->45->46->47->3,46.570205,inf,0.0,272,272,41.669181,inf,inf,inf,0.0,0.0,0.0,0,272,0.5,0.5,0.0,5,0.0,0.0
Bellcanada,SM,4,B3,13,10,10,0,13->29->30->44->45->46->48->39->28->9->10,13->29->30->44->45->46->48->39->28->9->10,38.498447,inf,0.0,191,191,38.498447,4.317789,102.808861,4.317789,0.0,0.0,0.0,0,191,0.5,0.5,0.0,5,0.0,0.0
Bellcanada,SM,4,B3,14,10,2,1,14->30->44->45->46->48->39->28->9->10,14->30->44->45->46->47->3->2,36.294777,inf,0.0,172,172,35.299073,inf,inf,inf,0.0,0.0,0.0,0,172.0,0.5,0.5,0.0,5,0.0,0.0
Bellcanada,SM,4,B3,15,10,10,0,15->14->30->44->45->46->48->39->28->9->10,15->14->30->44->45->46->48->39->28->9->10,37.948839,inf,0.0,191,191,37.948839,4.317789,102.259253,4.317789,0.0,0.0,0.0,0,191.0,0.5,0.5,0.0,5,0.0,0.0
Bellcanada,SM,4,B3,16,9,3,1,16->15->14->30->44->45->46->48->39->28->9,16->15->14->30->44->45->46->47->3,38.82186,inf,0.0,243,243,34.374252,inf,inf,inf,0.0,0.0,0.0,0,243,0.5,0.5,0.0,5,0.0,0.0
Bellcanada,SM,4,B3,17,9,9,0,17->15->14->30->44->45->46->48->39->28->9,17->15->14->30->44->45->46->48->39->28->9,39.831759,inf,0.0,160,160,39.831759,4.480287,104.30467,4.480287,0.0,0.0,0.0,0,160.0,0.5,0.5,0.0,5,0.0,0.0
Bellcanada,SM,4,B3,18,9,9,0,18->17->15->14->30->44->45->46->48->39->28->9,18->17->15->14->30->44->45->46->48->39->28->9,41.63118,inf,0.0,195,195,41.63118,4.480287,106.104091,4.480287,0.0,0.0,0.0,0,195,0.5,0.5,0.0,5,0.0,0.0
Bellcanada,SM,4,B3,19,9,2,1,19->18->17->15->14->30->44->45->46->48->39->28->9,19->18->17->15->14->30->44->45->46->47->3->2,43.510296,inf,0.0,175,175,42.968007,inf,inf,inf,0.0,0.0,0.0,0,175,0.5,0.5,0.0,5,0.0,0.0
Bellcanada,SM,4,B3,20,9,9,0,20->19->18->17->15->14->30->44->45->46->48->39->28->9,20->19->18->17->15->14->30->44->45->46->48->39->28->9,44.407641,inf,0.0,187,187,44.407641,4.480287,108.880552,4.480287,0.0,0.0,0.0,0,187,0.5,0.5,0.0,5,0.0,0.0
Bellcanada,SM,4,B3,21,9,9,0,21->24->17->15->14->30->35->46->48->39->28->9,21->24->17->15->14->30->44->45->46->48->39->28->9,47.038047,inf,0.0,160,160,44.342253,4.480287,108.815164,4.480287,0.0,0.0,0.0,0,160,0.5,0.5,0.0,5,0.0,0.0
Bellcanada,SM,4,B3,22,8,8,0,22->17->15->14->30->44->45->46->47->3->2->7->8,22->17->15->14->30->44->45->46->47->3->2->7->8,48.018311,inf,0.0,199,199,48.018311,3.903201,111.914136,3.903201,0.0,0.0,0.0,0,199,0.5,0.5,0.0,5,0.0,0.0
Bellcanada,SM,4,B3,23,8,8,0,23->26->22->17->15->14->30->44->45->46->47->3->2->7->8,23->21->24->17->15->14->30->44->45->46->47->3->2->7->8,50.298106,inf,0.0,224,224,49.631625,3.903201,113.52745,3.903201,0.0,0.0,0.0,0,224,0.5,0.5,0.0,5,0.0,0.0
Bellcanada,SM,4,B3,24,8,2,1,24->17->15->14->30->44->45->46->47->3->5->8,24->17->15->14->30->44->45->46->47->3->2,48.673871,inf,0.0,182,182,42.918751,inf,inf,inf,0.0,0.0,0.0,0,182,0.5,0.5,0.0,5,0.0,0.0
Bellcanada,SM,4,B3,25,8,8,0,25->26->22->17->15->14->30->44->45->46->47->3->2->7->8,25->26->22->17->15->14->30->44->45->46->47->3->2->7->8,57.937411,inf,0.0,232,232,57.937411,3.903201,121.833236,3.903201,0.0,0.0,0.0,0,232,0.5,0.5,0.0,5,0.0,0.0
Bellcanada,SM,4,B3,26,8,3,1,26->22->17->15->14->30->44->45->46->47->3->2->7->8,26->22->17->15->14->30->44->45->46->47->3,49.464734,inf,0.0,236,236,41.815334,inf,inf,inf,0.0,0.0,0.0,0,236,0.5,0.5,0.0,5,0.0,0.0
Bellcanada,SM,4,B3,27,7,7,0,27->28->40->3->2->7,27->28->40->3->2->7,9.596213,inf,0.0,193,193,9.596213,6.30517,75.894008,6.30517,0.0,0.0,0.0,0,193,0.5,0.5,0.0,5,0.0,0.0
Bellcanada,SM,4,B3,28,7,7,0,28->40->3->2->7,28->40->3->2->7,7.844858,inf,0.0,201,201,7.844858,6.30517,74.142652,6.30517,0.0,0.0,0.0,0,201,0.5,0.5,0.0,5,0.0,0.0
Bellcanada,SM,4,B3,29,7,7,0,29->30->44->45->46->47->3->2->7,29->30->44->45->46->47->3->2->7,33.916335,inf,0.0,194,194,33.916335,6.30517,100.21413,6.30517,0.0,0.0,0.0,0,194,0.5,0.5,0.0,5,0.0,0.0
Bellcanada,SM,4,B3,30,7,2,1,30->44->45->46->47->3->2->7,30->44->45->46->47->3->2,32.912489,inf,0.0,221,221,31.786419,inf,inf,inf,0.0,0.0,0.0,0,221.0,0.5,0.5,0.0,5,0.0,0.0
Bellcanada,SM,4,B3,31,7,7,0,31->34->5->8->7,31->34->5->8->7,10.076842,inf,0.0,131,131,10.076842,6.30517,76.374636,6.30517,0.0,0.0,0.0,0,131,0.5,0.5,0.0,5,0.0,0.0
Bellcanada,SM,4,B3,32,7,3,1,32->34->5->8->7,32->34->5->3,11.06834,inf,0.0,170,170,10.152883,inf,inf,inf,0.0,0.0,0.0,0,170,0.5,0.5,0.0,5,0.0,0.0
Bellcanada,SM,4,B3,33,6,6,0,33->31->34->9->6,33->31->34->9->6,41.966143,inf,0.0,177,177,41.966143,6.887052,108.845819,6.887052,0.0,0.0,0.0,0,177,0.5,0.5,0.0,5,0.0,0.0
Bellcanada,SM,4,B3,34,6,2,1,34->9->6,34->5->8->7->2,39.208537,inf,0.0,188,188,10.276319,inf,inf,inf,0.0,0.0,0.0,0,188,0.5,0.5,0.0,5,0.0,0.0
Bellcanada,SM,4,B3,35,6,6,0,35->46->47->3->5->6,35->46->48->39->28->9->6,66.273408,inf,0.0,192,192,64.470833,6.887052,131.350509,6.887052,0.0,0.0,0.0,0,192,0.5,0.5,0.0,5,0.0,0.0
Bellcanada,SM,4,B3,36,6,3,1,36->32->34->9->6,36->32->34->5->3,56.562613,inf,0.0,193,193,25.588867,inf,inf,inf,0.0,0.0,0.0,0,193,0.5,0.5,0.0,5,0.0,0.0
Bellcanada,SM,4,B3,37,6,6,0,37->32->34->9->6,37->32->34->9->6,52.418605,inf,0.0,193,193,52.418605,6.887052,119.298282,6.887052,0.0,0.0,0.0,0,193,0.5,0.5,0.0,5,0.0,0.0
Bellcanada,SM,4,B3,38,6,6,0,38->32->34->9->6,38->32->34->9->6,52.04813,inf,0.0,169,169,52.04813,6.887052,118.927807,6.887052,0.0,0.0,0.0,0,169,0.5,0.5,0.0,5,0.0,0.0
Bellcanada,SM,4,B3,39,5,5,0,39->28->34->5,39->28->40->3->5,11.973179,inf,0.0,187,187,11.159648,4.659832,75.812105,4.659832,0.0,0.0,0.0,0,187,0.5,0.5,0.0,5,0.0,0.0
Bellcanada,SM,4,B3,40,5,5,0,40->3->5,40->3->5,7.127125,inf,0.0,146,146,7.127125,4.659832,71.779582,4.659832,0.0,0.0,0.0,0,146,0.5,0.5,0.0,5,0.0,0.0
Bellcanada,SM,4,B3,41,5,3,1,41->13->29->30->44->45->46->47->3->5,41->13->29->30->44->45->46->47->3,42.567086,inf,0.0,207,207,36.885589,inf,inf,inf,0.0,0.0,0.0,0,207,0.5,0.5,0.0,5,0.0,0.0
Bellcanada,SM,4,B3,42,5,5,0,42->41->13->29->30->44->45->46->47->3->5,42->41->13->29->30->44->45->46->47->3->5,51.290016,inf,0.0,177,177,51.290016,4.659832,115.942472,4.659832,0.0,0.0,0.0,0,177,0.5,0.5,0.0,5,0.0,0.0
Bellcanada,SM,4,B3,43,5,2,1,43->35->46->47->3->5,43->35->46->47->3->2,42.128825,inf,0.0,117,117,40.352648,inf,inf,inf,0.0,0.0,0.0,0,117,0.5,0.5,0.0,5,0.0,0.0
Bellcanada,SM,4,B3,44,5,5,0,44->45->46->47->3->5,44->45->46->47->3->5,30.223972,inf,0.0,151,151,30.223972,4.659832,94.876428,4.659832,0.0,0.0,0.0,0,151.0,0.5,0.5,0.0,5,0.0,0.0
Bellcanada,SM,4,B3,45,4,4,0,45->46->47->3->4,45->46->47->3->4,21.701304,89.592823,0.0,182,182,21.701304,3.453039,85.146967,3.453039,0.0,0.0,0.0,0,182.0,0.5,0.5,0.0,5,0.0,0.0
Bellcanada,SM,4,B3,46,4,4,0,46->47->3->4,46->47->3->4,15.757653,83.649172,0.0,187,187,15.757653,3.453039,79.203316,3.453039,0.0,0.0,0.0,0,187.0,0.5,0.5,0.0,5,0.0,0.0
Bellcanada,SM,4,B3,47,4,4,0,47->3->4,47->3->4,8.656278,76.547797,0.0,163,163,8.656278,3.453039,72.101941,3.453039,0.0,0.0,0.0,0,163,0.5,0.5,0.0,5,0.0,0.0
Bellcanada,SM,4,B3,48,4,3,1,48->46->47->3->4,48->39->28->40->3,21.129897,89.021415,0.0,163,163,9.815242,inf,inf,inf,inf,0.0,0.0,0,163,0.5,0.5,0.0,5,0.0,0.0
Bellcanada,SM,4,MCF_ARC,1,1,1,0,1,1,0.0,61.153256,0.0,164,164,0.0,1.160852,61.153256,1.160631,0.0,0.0,0.0,0,164,0.5,0.5,0.0,5,0.0,0.0
Bellcanada,SM,4,MCF_ARC,2,2,2,0,2,2,0.0,61.148694,0.0,171,171,0.0,12.784256,70.301903,10.309278,0.0,0.0,0.0,0,171,0.5,0.5,0.0,5,0.0,0.0
Bellcanada,SM,4,MCF_ARC,3,3,3,0,3,3,0.0,61.047254,0.0,151,151,0.0,14.063424,71.460514,11.46789,0.0,0.0,0.0,0,151,0.5,0.5,0.0,5,0.0,0.0
Bellcanada,SM,4,MCF_ARC,4,4,4,0,4,4,0.0,67.891519,0.0,204,204,0.0,8.413275,67.891519,7.898894,0.0,0.0,0.0,0,204,0.5,0.5,0.0,5,0.0,0.0
Bellcanada,SM,4,MCF_ARC,5,5,5,0,5,5,0.0,inf,0.0,150,150,0.0,16.509568,73.959105,13.96648,0.0,0.0,0.0,0,150,0.5,0.5,0.0,5,0.0,0.0
Bellcanada,SM,4,MCF_ARC,6,6,6,0,6,6,0.0,inf,0.0,151,151,0.0,10.835806,69.067035,9.07441,0.0,0.0,0.0,0,151,0.5,0.5,0.0,5,0.0,0.0
Bellcanada,SM,4,MCF_ARC,7,7,7,0,7,7,0.0,inf,0.0,160,160,0.0,13.418896,70.79176,10.799136,0.0,0.0,0.0,0,160,0.5,0.5,0.0,5,0.0,0.0
Bellcanada,SM,4,MCF_ARC,8,8,8,0,8,8,0.0,inf,0.0,196,196,0.0,15.68396,73.469713,13.477089,0.0,0.0,0.0,0,196,0.5,0.5,0.0,5,0.0,0.0
Bellcanada,SM,4,MCF_ARC,9,9,9,0,9,9,0.0,inf,0.0,182,182,0.0,15.68396,73.469713,13.477089,0.0,0.0,0.0,0,182,0.5,0.5,0.0,5,0.0,0.0
Bellcanada,SM,4,MCF_ARC,10,10,10,0,10,10,0.0,inf,0.0,215,215,0.0,18.276032,76.771148,16.778523,0.0,0.0,0.0,0,215,0.5,0.5,0.0,5,0.0,0.0
Bellcanada,SM,4,MCF_ARC,11,10,10,0,11->20->19->18->17->15->14->30->44->45->46->48->39->28->9->10,11->20->19->18->17->15->14->30->44->45->46->48->39->28->9->10,46.540334,inf,0.0,197,197,46.540334,18.276032,123.311482,16.778523,0.0,0.0,0.0,0,197,0.5,0.5,0.0,5,0.0,0.0
Bellcanada,SM,4,MCF_ARC,12,10,3,1,12->22->17->15->14->30->44->45->46->48->39->28->9->10,12->22->17->15->14->30->44->45->46->47->3,46.570205,inf,0.0,272,272,41.669181,14.063424,113.129696,11.46789,0.0,0.0,0.0,0,272,0.5,0.5,0.0,5,0.0,0.0
Bellcanada,SM,4,MCF_ARC,13,10,10,0,13->29->30->44->45->46->48->39->28->9->10,13->29->30->44->45->46->48->39->28->9->10,38.498447,inf,0.0,191,191,38.498447,18.276032,115.269595,16.778523,0.0,0.0,0.0,0,191,0.5,0.5,0.0,5,0.0,0.0
Bellcanada,SM,4,MCF_ARC,14,10,10,0,14->30->44->45->46->48->39->28->9->10,14->30->44->45->46->48->39->28->9->10,36.294777,inf,0.0,172,172,36.294777,18.276032,113.065925,16.778523,0.0,0.0,0.0,0,172.0,0.5,0.5,0.0,5,0.0,0.0
Bellcanada,SM,4,MCF_ARC,15,10,10,0,15->14->30->44->45->46->48->39->28->9->10,15->14->30->44->45->46->48->39->28->9->10,37.948839,inf,0.0,191,191,37.948839,18.276032,114.719987,16.778523,0.0,0.0,0.0,0,191.0,0.5,0.5,0.0,5,0.0,0.0
Bellcanada,SM,4,MCF_ARC,16,9,3,1,16->15->14->30->44->45->46->48->39->28->9,16->15->14->30->44->45->46->47->3,38.82186,inf,0.0,243,243,34.374252,14.063424,105.834766,11.46789,0.0,0.0,0.0,0,243,0.5,0.5,0.0,5,0.0,0.0
Bellcanada,SM,4,MCF_ARC,17,9,9,0,17->15->14->30->44->45->46->48->39->28->9,17->15->14->30->44->45->46->48->39->28->9,39.831759,inf,0.0,160,160,39.831759,15.68396,113.301472,13.477089,0.0,0.0,0.0,0,160.0,0.5,0.5,0.0,5,0.0,0.0
Bellcanada,SM,4,MCF_ARC,18,9,3,1,18->17->15->14->30->44->45->46->48->39->28->9,18->17->15->14->30->44->45->46->47->3,41.63118,inf,0.0,195,195,37.183571,14.063424,108.644085,11.46789,0.0,0.0,0.0,0,195,0.5,0.5,0.0,5,0.0,0.0
Bellcanada,SM,4,MCF_ARC,19,9,9,0,19->18->17->15->14->30->44->45->46->48->39->28->9,19->18->17->15->14->30->44->45->46->48->39->28->9,43.510296,inf,0.0,175,175,43.510296,15.68396,116.980009,13.477089,0.0,0.0,0.0,0,175,0.5,0.5,0.0,5,0.0,0.0
Bellcanada,SM,4,MCF_ARC,20,9,9,0,20->19->18->17->15->14->30->44->45->46->48->39->28->9,20->19->18->17->15->14->30->44->45->46->48->39->28->9,44.407641,inf,0.0,187,187,44.407641,15.68396,117.877354,13.477089,0.0,0.0,0.0,0,187,0.5,0.5,0.0,5,0.0,0.0
Bellcanada,SM,4,MCF_ARC,21,9,9,0,21->24->17->15->14->30->35->46->48->39->28->9,21->24->17->15->14->30->44->45->46->48->39->28->9,47.038047,inf,0.0,160,160,44.342253,15.68396,117.811967,13.477089,0.0,0.0,0.0,0,160,0.5,0.5,0.0,5,0.0,0.0
Bellcanada,SM,4,MCF_ARC,22,8,8,0,22->17->15->14->30->44->45->46->47->3->2->7->8,22->17->15->14->30->44->45->46->47->3->2->7->8,48.018311,inf,0.0,199,199,48.018311,15.68396,121.488024,13.477089,0.0,0.0,0.0,0,199,0.5,0.5,0.0,5,0.0,0.0
Bellcanada,SM,4,MCF_ARC,23,8,8,0,23->26->22->17->15->14->30->44->45->46->47->3->2->7->8,23->21->24->17->15->14->30->44->45->46->47->3->2->7->8,50.298106,inf,0.0,224,224,49.631625,15.68396,123.101338,13.477089,0.0,0.0,0.0,0,224,0.5,0.5,0.0,5,0.0,0.0
Bellcanada,SM,4,MCF_ARC,24,8,8,0,24->17->15->14->30->44->45->46->47->3->5->8,24->17->15->14->30->44->45->46->47->3->2->7->8,48.673871,inf,0.0,182,182,46.662832,15.68396,120.132545,13.477089,0.0,0.0,0.0,0,182,0.5,0.5,0.0,5,0.0,0.0
Bellcanada,SM,4,MCF_ARC,25,8,8,0,25->26->22->17->15->14->30->44->45->46->47->3->2->7->8,25->26->22->17->15->14->30->44->45->46->47->3->2->7->8,57.937411,inf,0.0,232,232,57.937411,15.68396,131.407124,13.477089,0.0,0.0,0.0,0,232,0.5,0.5,0.0,5,0.0,0.0
Bellcanada,SM,4,MCF_ARC,26,8,2,1,26->22->17->15->14->30->44->45->46->47->3->2->7->8,26->22->17->15->14->30->44->45->46->47->3->2,49.464734,inf,0.0,236,236,45.720653,12.784256,116.022556,10.309278,0.0,0.0,0.0,0,236,0.5,0.5,0.0,5,0.0,0.0
Bellcanada,SM,4,MCF_ARC,27,7,7,0,27->28->40->3->2->7,27->28->40->3->2->7,9.596213,inf,0.0,193,193,9.596213,13.418896,80.387973,10.799136,0.0,0.0,0.0,0,193,0.5,0.5,0.0,5,0.0,0.0
Bellcanada,SM,4,MCF_ARC,28,7,7,0,28->40->3->2->7,28->40->3->2->7,7.844858,inf,0.0,201,201,7.844858,13.418896,78.636618,10.799136,0.0,0.0,0.0,0,201,0.5,0.5,0.0,5,0.0,0.0
Bellcanada,SM,4,MCF_ARC,29,7,2,1,29->30->44->45->46->47->3->2->7,29->30->44->45->46->47->3->2,33.916335,inf,0.0,194,194,32.790265,12.784256,103.092167,10.309278,0.0,0.0,0.0,0,194,0.5,0.5,0.0,5,0.0,0.0
Bellcanada,SM,4,MCF_ARC,30,7,7,0,30->44->45->46->47->3->2->7,30->44->45->46->47->3->2->7,32.912489,inf,0.0,221,221,32.912489,13.418896,103.70425,10.799136,0.0,0.0,0.0,0,221.0,0.5,0.5,0.0,5,0.0,0.0
Bellcanada,SM,4,MCF_ARC,31,7,2,1,31->34->5->8->7,31->34->5->8->7->2,10.076842,inf,0.0,131,131,11.202912,12.784256,81.504815,10.309278,0.0,0.0,0.0,0,131,0.5,0.5,0.0,5,0.0,0.0
Bellcanada,SM,4,MCF_ARC,32,7,7,0,32->34->5->8->7,32->34->5->8->7,11.06834,inf,0.0,170,170,11.06834,13.418896,81.8601,10.799136,0.0,0.0,0.0,0,170,0.5,0.5,0.0,5,0.0,0.0
Bellcanada,SM,4,MCF_ARC,33,6,5,1,33->31->34->9->6,33->31->34->5,41.966143,inf,0.0,177,177,5.310901,16.509568,79.270006,13.96648,0.0,0.0,0.0,0,177,0.5,0.5,0.0,5,0.0,0.0
Bellcanada,SM,4,MCF_ARC,34,6,6,0,34->9->6,34->9->6,39.208537,inf,0.0,188,188,39.208537,10.835806,108.275572,9.07441,0.0,0.0,0.0,0,188,0.5,0.5,0.0,5,0.0,0.0
Bellcanada,SM,4,MCF_ARC,35,6,6,0,35->46->47->3->5->6,35->46->48->39->28->9->6,66.273408,inf,0.0,192,192,64.470833,10.835806,133.537867,9.07441,0.0,0.0,0.0,0,192,0.5,0.5,0.0,5,0.0,0.0
Bellcanada,SM,4,MCF_ARC,36,6,6,0,36->32->34->9->6,36->32->34->9->6,56.562613,inf,0.0,193,193,56.562613,10.835806,125.629647,9.07441,0.0,0.0,0.0,0,193,0.5,0.5,0.0,5,0.0,0.0
Bellcanada,SM,4,MCF_ARC,37,6,6,0,37->32->34->9->6,37->32->34->9->6,52.418605,inf,0.0,193,193,52.418605,10.835806,121.48564,9.07441,0.0,0.0,0.0,0,193,0.5,0.5,0.0,5,0.0,0.0
Bellcanada,SM,4,MCF_ARC,38,6,9,1,38->32->34->9->6,38->32->34->9,52.04813,inf,0.0,169,169,15.560586,15.68396,89.030299,13.477089,0.0,0.0,0.0,0,169,0.5,0.5,0.0,5,0.0,0.0
Bellcanada,SM,4,MCF_ARC,39,5,5,0,39->28->34->5,39->28->40->3->5,11.973179,inf,0.0,187,187,11.159648,16.509568,85.118753,13.96648,0.0,0.0,0.0,0,187,0.5,0.5,0.0,5,0.0,0.0
Bellcanada,SM,4,MCF_ARC,40,5,5,0,40->3->5,40->3->5,7.127125,inf,0.0,146,146,7.127125,16.509568,81.08623,13.96648,0.0,0.0,0.0,0,146,0.5,0.5,0.0,5,0.0,0.0
Bellcanada,SM,4,MCF_ARC,41,5,2,1,41->13->29->30->44->45->46->47->3->5,41->13->29->30->44->45->46->47->3->2,42.567086,inf,0.0,207,207,40.790909,12.784256,111.092812,10.309278,0.0,0.0,0.0,0,207,0.5,0.5,0.0,5,0.0,0.0
Bellcanada,SM,4,MCF_ARC,42,5,5,0,42->41->13->29->30->44->45->46->47->3->5,42->41->13->29->30->44->45->46->47->3->5,51.290016,inf,0.0,177,177,51.290016,16.509568,125.24912,13.96648,0.0,0.0,0.0,0,177,0.5,0.5,0.0,5,0.0,0.0
Bellcanada,SM,4,MCF_ARC,43,5,5,0,43->35->46->47->3->5,43->35->46->47->3->5,42.128825,inf,0.0,117,117,42.128825,16.509568,116.08793,13.96648,0.0,0.0,0.0,0,117,0.5,0.5,0.0,5,0.0,0.0
Bellcanada,SM,4,MCF_ARC,44,5,3,1,44->45->46->47->3->5,44->45->46->47->3,30.223972,inf,0.0,151,151,24.542475,14.063424,96.002989,11.46789,0.0,0.0,0.0,0,151.0,0.5,0.5,0.0,5,0.0,0.0
Bellcanada,SM,4,MCF_ARC,45,4,4,0,45->46->47->3->4,45->46->47->3->4,21.701304,89.592823,0.0,182,182,21.701304,8.413275,89.592823,7.898894,0.0,0.0,0.0,0,182.0,0.5,0.5,0.0,5,0.0,0.0
Bellcanada,SM,4,MCF_ARC,46,4,4,0,46->47->3->4,46->47->3->4,15.757653,83.649172,0.0,187,187,15.757653,8.413275,83.649172,7.898894,0.0,0.0,0.0,0,187.0,0.5,0.5,0.0,5,0.0,0.0
Bellcanada,SM,4,MCF_ARC,47,4,4,0,47->3->4,47->3->4,8.656278,76.547797,0.0,163,163,8.656278,8.413275,76.547797,7.898894,0.0,0.0,0.0,0,163,0.5,0.5,0.0,5,0.0,0.0
Bellcanada,SM,4,MCF_ARC,48,4,4,0,48->46->47->3->4,48->39->28->40->3->4,21.129897,89.021415,0.0,163,163,13.599569,8.413275,81.491087,7.898894,0.0,0.0,0.0,0,163,0.5,0.5,0.0,5,0.0,0.0
Iris,SM,0,B1,1,1,1,0,1,,0.0,10.489885,0.0,204,204,0.0,22.522523,31.686851,22.522523,0.0,0.0,0.0,0,204.0,0.5,0.5,0.0,5,0.0,0.0
Iris,SM,0,B1,2,2,2,0,2,,0.0,10.46913,0.0,192,192,0.0,106.382979,115.547307,106.382979,0.0,0.0,0.0,0,192,0.5,0.5,0.0,5,0.0,0.0
Iris,SM,0,B1,3,3,3,0,3,,0.0,10.377038,0.0,221,221,0.0,1.212709,10.377038,1.212709,0.0,0.0,0.0,0,221,0.5,0.5,0.0,5,0.0,0.0
Iris,SM,0,B1,4,4,4,0,4,,0.0,11.578621,0.0,209,209,0.0,2.414293,11.578621,2.414293,0.0,0.0,0.0,0,209.0,0.5,0.5,0.0,5,0.0,0.0
Iris,SM,0,B1,5,5,5,0,5,,0.0,inf,0.0,189,189,0.0,80.645161,89.80949,80.645161,0.0,0.0,0.0,0,189,0.5,0.5,0.0,5,0.0,0.0
Iris,SM,0,B1,6,6,6,0,6,,0.0,inf,0.0,185,185,0.0,74.626866,83.791194,74.626866,0.0,0.0,0.0,0,185,0.5,0.5,0.0,5,0.0,0.0
Iris,SM,0,B1,7,7,7,0,7,,0.0,inf,0.0,213,213,0.0,26.041667,35.205995,26.041667,0.0,0.0,0.0,0,213,0.5,0.5,0.0,5,0.0,0.0
Iris,SM,0,B1,8,8,8,0,8,,0.0,inf,0.0,168,168,0.0,294.117647,303.281975,294.117647,0.0,0.0,0.0,0,168,0.5,0.5,0.0,5,0.0,0.0
Iris,SM,0,B1,9,9,9,0,9,,0.0,inf,0.0,152,152,0.0,714.285714,723.450043,714.285714,0.0,0.0,0.0,0,152,0.5,0.5,0.0,5,0.0,0.0
Iris,SM,0,B1,10,10,10,0,10,,0.0,inf,0.0,165,165,0.0,9.057971,18.222299,9.057971,0.0,0.0,0.0,0,165,0.5,0.5,0.0,5,0.0,0.0
Iris,SM,0,B1,11,11,11,0,11,,0.0,inf,0.0,162,162,0.0,7.385524,16.549853,7.385524,0.0,0.0,0.0,0,162,0.5,0.5,0.0,5,0.0,0.0
Iris,SM,0,B1,12,11,11,0,12->13->25->24->29->28->31->30->11,,4.463904,inf,0.0,155,155,4.463904,7.385524,21.013756,7.385524,0.0,0.0,0.0,0,155,0.5,0.5,0.0,5,0.0,0.0
Iris,SM,0,B1,13,11,11,0,13->25->24->29->28->31->30->11,,4.202629,inf,0.0,217,217,4.202629,7.385524,20.752481,7.385524,0.0,0.0,0.0,0,217,0.5,0.5,0.0,5,0.0,0.0
Iris,SM,0,B1,14,11,11,0,14->34->33->30->11,,3.785814,inf,0.0,163,163,3.785814,7.385524,20.335667,7.385524,0.0,0.0,0.0,0,163,0.5,0.5,0.0,5,0.0,0.0
Iris,SM,0,B1,15,11,1,1,15->24->29->28->31->30->11,,4.78048,inf,0.0,175,175,1.644735,22.522523,33.331586,22.522523,0.0,0.0,0.0,0,175,0.5,0.5,0.0,5,0.0,0.0
Iris,SM,0,B1,16,11,1,1,16->15->24->29->28->31->30->11,,5.149388,inf,0.0,197,197,1.275827,22.522523,32.962678,22.522523,0.0,0.0,0.0,0,197,0.5,0.5,0.0,5,0.0,0.0
Iris,SM,0,B1,17,10,1,1,17->18->10,,1.016824,inf,0.0,203,203,0.853168,22.522523,32.540019,22.522523,0.0,0.0,0.0,0,203,0.5,0.5,0.0,5,0.0,0.0
Iris,SM,0,B1,18,10,10,0,18->10,,0.733336,inf,0.0,190,190,0.733336,9.057971,18.955636,9.057971,0.0,0.0,0.0,0,190,0.5,0.5,0.0,5,0.0,0.0
Iris,SM,0,B1,19,10,10,0,19->15->16->17->18->10,,2.041302,inf,0.0,176,176,2.041302,9.057971,20.263601,9.057971,0.0,0.0,0.0,0,176,0.5,0.5,0.0,5,0.0,0.0
Iris,SM,0,B1,20,10,10,0,20->19->15->16->17->18->10,,2.214612,inf,0.0,147,147,2.214612,9.057971,20.436912,9.057971,0.0,0.0,0.0,0,147,0.5,0.5,0.0,5,0.0,0.0
Iris,SM,0,B1,21,10,10,0,21->20->19->15->16->17->18->10,,2.414244,inf,0.0,170,170,2.414244,9.057971,20.636543,9.057971,0.0,0.0,0.0,0,170,0.5,0.5,0.0,5,0.0,0.0
Iris,SM,0,B1,22,9,9,0,22->23->11->30->33->34->1->2->7->6->9,,8.611656,inf,0.0,152,152,8.611656,714.285714,732.061698,714.285714,0.0,0.0,0.0,0,152,0.5,0.5,0.0,5,0.0,0.0
Iris,SM,0,B1,23,9,9,0,23->11->30->33->34->1->2->7->6->9,,7.970802,inf,0.0,191,191,7.970802,714.285714,731.420845,714.285714,0.0,0.0,0.0,0,191,0.5,0.5,0.0,5,0.0,0.0
Iris,SM,0,B1,24,9,9,0,24->15->7->6->9,,4.713951,inf,0.0,206,206,4.713951,714.285714,728.163994,714.285714,0.0,0.0,0.0,0,206,0.5,0.5,0.0,5,0.0,0.0
Iris,SM,0,B1,25,9,9,0,25->24->15->7->6->9,,4.99124,inf,0.0,162,162,4.99124,714.285714,728.441282,714.285714,0.0,0.0,0.0,0,162,0.5,0.5,0.0,5,0.0,0.0
Iris,SM,0,B1,26,10,1,1,26->27->14->17->18->10,,3.138011,inf,0.0,135,135,2.461061,22.522523,34.147912,22.522523,0.0,0.0,0.0,0,135,0.5,0.5,0.0,5,0.0,0.0
Iris,SM,0,B1,27,9,8,1,27->24->15->7->6->9,,5.089498,inf,0.0,133,133,3.841665,294.117647,307.123641,294.117647,0.0,0.0,0.0,0,133,0.5,0.5,0.0,5,0.0,0.0
Iris,SM,0,B1,28,9,5,1,28->29->24->15->7->6->9,,5.981842,inf,0.0,208,208,5.155073,80.645161,94.964563,80.645161,0.0,0.0,0.0,0,208.0,0.5,0.5,0.0,5,0.0,0.0
Iris,SM,0,B1,29,8,7,1,29->24->15->7->8,,4.336339,inf,0.0,228,228,3.706467,26.041667,38.912462,26.041667,0.0,0.0,0.0,0,228.0,0.5,0.5,0.0,5,0.0,0.0
Iris,SM,0,B1,30,8,7,1,30->33->34->1->2->7->8,,5.234129,inf,0.0,173,173,4.604257,26.041667,39.810252,26.041667,0.0,0.0,0.0,0,173.0,0.5,0.5,0.0,5,0.0,0.0
Iris,SM,0,B1,31,8,8,0,31->28->29->24->15->7->8,,5.543847,inf,0.0,159,159,5.483731,294.117647,308.765707,294.117647,0.0,0.0,0.0,0,159,0.5,0.5,0.0,5,0.0,0.0
Iris,SM,0,B1,32,8,8,0,32->24->15->7->8,,4.529511,inf,0.0,172,172,3.939325,294.117647,307.221301,294.117647,0.0,0.0,0.0,0,172,0.5,0.5,0.0,5,0.0,0.0
Iris,SM,0,B1,33,8,2,1,33->34->1->2->7->8,,4.730873,inf,0.0,184,184,3.470732,106.382979,119.018039,106.382979,0.0,0.0,0.0,0,184.0,0.5,0.5,0.0,5,0.0,0.0
Iris,SM,0,B1,34,7,2,1,34->1->2->7,,2.657667,inf,0.0,190,190,2.0274,106.382979,117.574707,106.382979,0.0,0.0,0.0,0,190.0,0.5,0.5,0.0,5,0.0,0.0
Iris,SM,0,B1,35,7,7,0,35->36->1->2->7,,2.657015,inf,0.0,153,153,2.657015,26.041667,37.86301,26.041667,0.0,0.0,0.0,0,153,0.5,0.5,0.0,5,0.0,0.0
Iris,SM,0,B1,36,7,7,0,36->1->2->7,,2.415987,inf,0.0,153,153,2.415987,26.041667,37.621982,26.041667,0.0,0.0,0.0,0,153,0.5,0.5,0.0,5,0.0,0.0
Iris,SM,0,B1,37,7,2,1,37->1->2->7,,2.084517,inf,0.0,179,179,1.454249,106.382979,117.001556,106.382979,0.0,0.0,0.0,0,179,0.5,0.5,0.0,5,0.0,0.0
Iris,SM,0,B1,38,7,2,1,38->30->33->34->1->2->7,,5.026497,inf,0.0,204,204,4.396229,106.382979,119.943537,106.382979,0.0,0.0,0.0,0,204,0.5,0.5,0.0,5,0.0,0.0
Iris,SM,0,B1,39,6,6,0,39->33->34->1->2->7->6,,5.792176,inf,0.0,196,196,5.792176,74.626866,89.58337,74.626866,0.0,0.0,0.0,0,196,0.5,0.5,0.0,5,0.0,0.0
Iris,SM,0,B1,40,6,6,0,40->39->33->34->1->2->7->6,,5.926344,inf,0.0,204,204,5.926344,74.626866,89.717538,74.626866,0.0,0.0,0.0,0,204,0.5,0.5,0.0,5,0.0,0.0
Iris,SM,0,B1,41,6,9,1,41->40->39->33->34->1->2->7->6,,6.051484,inf,0.0,174,174,6.465239,714.285714,729.915282,714.285714,0.0,0.0,0.0,0,174,0.5,0.5,0.0,5,0.0,0.0
Iris,SM,0,B1,42,6,6,0,42->3->4->1->2->7->6,,4.108771,inf,0.0,187,187,4.108771,74.626866,87.899965,74.626866,0.0,0.0,0.0,0,187,0.5,0.5,0.0,5,0.0,0.0
Iris,SM,0,B1,43,6,6,0,43->3->4->1->2->7->6,,4.128529,inf,0.0,173,173,4.128529,74.626866,87.919723,74.626866,0.0,0.0,0.0,0,173,0.5,0.5,0.0,5,0.0,0.0
Iris,SM,0,B1,44,5,8,1,44->50->49->48->33->34->1->2->7->8->5,,6.689126,inf,0.0,154,154,6.268062,294.117647,309.550037,294.117647,0.0,0.0,0.0,0,154,0.5,0.5,0.0,5,0.0,0.0
Iris,SM,0,B1,45,5,5,0,45->46->47->48->33->34->1->2->7->8->5,,6.608545,inf,0.0,195,195,6.608545,80.645161,96.418035,80.645161,0.0,0.0,0.0,0,195,0.5,0.5,0.0,5,0.0,0.0
Iris,SM,0,B1,46,5,5,0,46->47->48->33->34->1->2->7->8->5,,6.093173,inf,0.0,174,174,6.093173,80.645161,95.902662,80.645161,0.0,0.0,0.0,0,174,0.5,0.5,0.0,5,0.0,0.0
Iris,SM,0,B1,47,5,5,0,47->48->33->34->1->2->7->8->5,,5.887185,inf,0.0,180,180,5.887185,80.645161,95.696675,80.645161,0.0,0.0,0.0,0,180,0.5,0.5,0.0,5,0.0,0.0
Iris,SM,0,B1,48,5,8,1,48->33->34->1->2->7->8->5,,5.508199,inf,0.0,169,169,5.087135,294.117647,308.369111,294.117647,0.0,0.0,0.0,0,169.0,0.5,0.5,0.0,5,0.0,0.0
Iris,SM,0,B1,49,4,4,0,49->48->33->34->1->4,,3.465247,15.043868,0.0,192,192,3.465247,2.414293,15.043868,2.414293,0.0,0.0,0.0,0,192,0.5,0.5,0.0,5,0.0,0.0
Iris,SM,0,B1,50,11,11,0,50->49->48->33->30->11,,2.692118,inf,0.0,126,126,2.692118,7.385524,19.241971,7.385524,0.0,0.0,0.0,0,126,0.5,0.5,0.0,5,0.0,0.0
Iris,SM,0,B1,51,4,4,0,51->3->4,,0.643678,12.222299,0.0,148,148,0.643678,2.414293,12.222299,2.414293,0.0,0.0,0.0,0,148,0.5,0.5,0.0,5,0.0,0.0
Iris,SM,0,B3,1,1,1,0,1,1,0.0,10.489885,0.0,204,204,0.0,2.503756,11.668084,2.503756,0.0,0.0,0.0,0,204.0,0.5,0.5,0.0,5,0.0,0.0
Iris,SM,0,B3,2,2,2,0,2,2,0.0,10.46913,0.0,192,192,0.0,inf,inf,inf,0.0,0.0,0.0,0,192,0.5,0.5,0.0,5,0.0,0.0
Iris,SM,0,B3,3,3,3,0,3,3,0.0,10.377038,0.0,221,221,0.0,inf,inf,inf,0.0,0.0,0.0,0,221,0.5,0.5,0.0,5,0.0,0.0
Iris,SM,0,B3,4,4,4,0,4,4,0.0,11.578621,0.0,209,209,0.0,2.414293,11.578621,2.414293,0.0,0.0,0.0,0,209.0,0.5,0.5,0.0,5,0.0,0.0
Iris,SM,0,B3,5,5,5,0,5,5,0.0,inf,0.0,189,189,0.0,4.058442,13.22277,4.058442,0.0,0.0,0.0,0,189,0.5,0.5,0.0,5,0.0,0.0
Iris,SM,0,B3,6,6,6,0,6,6,0.0,inf,0.0,185,185,0.0,4.621072,13.7854,4.621072,0.0,0.0,0.0,0,185,0.5,0.5,0.0,5,0.0,0.0
Iris,SM,0,B3,7,7,7,0,7,7,0.0,inf,0.0,213,213,0.0,4.476276,13.640604,4.476276,0.0,0.0,0.0,0,213,0.5,0.5,0.0,5,0.0,0.0
Iris,SM,0,B3,8,8,8,0,8,8,0.0,inf,0.0,168,168,0.0,3.644315,12.808643,3.644315,0.0,0.0,0.0,0,168,0.5,0.5,0.0,5,0.0,0.0
Iris,SM,0,B3,9,9,9,0,9,9,0.0,inf,0.0,152,152,0.0,2.436647,11.600976,2.436647,0.0,0.0,0.0,0,152,0.5,0.5,0.0,5,0.0,0.0
Iris,SM,0,B3,10,10,10,0,10,10,0.0,inf,0.0,165,165,0.0,3.885004,13.049332,3.885004,0.0,0.0,0.0,0,165,0.5,0.5,0.0,5,0.0,0.0
Iris,SM,0,B3,11,11,11,0,11,11,0.0,inf,0.0,162,162,0.0,7.385524,16.549853,7.385524,0.0,0.0,0.0,0,162,0.5,0.5,0.0,5,0.0,0.0
Iris,SM,0,B3,12,11,2,1,12->13->25->24->29->28->31->30->11,12->21->20->19->15->7->2,4.463904,inf,0.0,155,155,3.375737,inf,inf,inf,0.0,0.0,0.0,0,155,0.5,0.5,0.0,5,0.0,0.0
Iris,SM,0,B3,13,11,3,1,13->25->24->29->28->31->30->11,13->12->21->20->19->15->16->17->37->1->4->3,4.202629,inf,0.0,217,217,3.707163,inf,inf,inf,0.0,0.0,0.0,0,217,0.5,0.5,0.0,5,0.0,0.0
Iris,SM,0,B3,14,11,11,0,14->34->33->30->11,14->34->33->30->11,3.785814,inf,0.0,163,163,3.785814,7.385524,20.335667,7.385524,0.0,0.0,0.0,0,163,0.5,0.5,0.0,5,0.0,0.0
Iris,SM,0,B3,15,11,11,0,15->24->29->28->31->30->11,15->24->29->28->31->30->11,4.78048,inf,0.0,175,175,4.78048,7.385524,21.330332,7.385524,0.0,0.0,0.0,0,175,0.5,0.5,0.0,5,0.0,0.0
Iris,SM,0,B3,16,11,11,0,16->15->24->29->28->31->30->11,16->15->24->29->28->31->30->11,5.149388,inf,0.0,197,197,5.149388,7.385524,21.699241,7.385524,0.0,0.0,0.0,0,197,0.5,0.5,0.0,5,0.0,0.0
Iris,SM,0,B3,17,10,2,1,17->18->10,17->37->1->2,1.016824,inf,0.0,203,203,1.847395,inf,inf,inf,0.0,0.0,0.0,0,203,0.5,0.5,0.0,5,0.0,0.0
Iris,SM,0,B3,18,10,10,0,18->10,18->10,0.733336,inf,0.0,190,190,0.733336,3.885004,13.782669,3.885004,0.0,0.0,0.0,0,190,0.5,0.5,0.0,5,0.0,0.0
Iris,SM,0,B3,19,10,10,0,19->15->16->17->18->10,19->15->16->17->18->10,2.041302,inf,0.0,176,176,2.041302,3.885004,15.090634,3.885004,0.0,0.0,0.0,0,176,0.5,0.5,0.0,5,0.0,0.0
Iris,SM,0,B3,20,10,1,1,20->19->15->16->17->18->10,20->19->15->16->17->37->1,2.214612,inf,0.0,147,147,2.050956,2.503756,13.71904,2.503756,0.0,0.0,0.0,0,147,0.5,0.5,0.0,5,0.0,0.0
Iris,SM,0,B3,21,10,10,0,21->20->19->15->16->17->18->10,21->20->19->15->16->17->18->10,2.414244,inf,0.0,170,170,2.414244,3.885004,15.463576,3.885004,0.0,0.0,0.0,0,170,0.5,0.5,0.0,5,0.0,0.0
Iris,SM,0,B3,22,9,9,0,22->23->11->30->33->34->1->2->7->6->9,22->23->11->30->33->34->1->2->7->6->9,8.611656,inf,0.0,152,152,8.611656,2.436647,20.212631,2.436647,0.0,0.0,0.0,0,152,0.5,0.5,0.0,5,0.0,0.0
Iris,SM,0,B3,23,9,9,0,23->11->30->33->34->1->2->7->6->9,23->11->30->33->34->1->2->7->6->9,7.970802,inf,0.0,191,191,7.970802,2.436647,19.571777,2.436647,0.0,0.0,0.0,0,191,0.5,0.5,0.0,5,0.0,0.0
Iris,SM,0,B3,24,9,3,1,24->15->7->6->9,24->27->14->35->36->1->4->3,4.713951,inf,0.0,206,206,3.225264,inf,inf,inf,0.0,0.0,0.0,0,206,0.5,0.5,0.0,5,0.0,0.0
Iris,SM,0,B3,25,9,2,1,25->24->15->7->6->9,25->24->15->7->2,4.99124,inf,0.0,162,162,3.743802,inf,inf,inf,0.0,0.0,0.0,0,162,0.5,0.5,0.0,5,0.0,0.0
Iris,SM,0,B3,26,10,3,1,26->27->14->17->18->10,26->27->14->35->36->1->4->3,3.138011,inf,0.0,135,135,3.134906,inf,inf,inf,0.0,0.0,0.0,0,135,0.5,0.5,0.0,5,0.0,0.0
Iris,SM,0,B3,27,9,9,0,27->24->15->7->6->9,27->24->15->7->6->9,5.089498,inf,0.0,133,133,5.089498,2.436647,16.690473,2.436647,0.0,0.0,0.0,0,133,0.5,0.5,0.0,5,0.0,0.0
Iris,SM,0,B3,28,9,1,1,28->29->24->15->7->6->9,28->29->26->27->14->35->36->1,5.981842,inf,0.0,208,208,3.255173,2.503756,14.923257,2.503756,0.0,0.0,0.0,0,208.0,0.5,0.5,0.0,5,0.0,0.0
Iris,SM,0,B3,29,8,3,1,29->24->15->7->8,29->26->27->14->35->36->1->4->3,4.336339,inf,0.0,228,228,3.531348,inf,inf,inf,0.0,0.0,0.0,0,228.0,0.5,0.5,0.0,5,0.0,0.0
Iris,SM,0,B3,30,8,8,0,30->33->34->1->2->7->8,30->33->34->1->2->7->8,5.234129,inf,0.0,173,173,5.234129,3.644315,18.042772,3.644315,0.0,0.0,0.0,0,173.0,0.5,0.5,0.0,5,0.0,0.0
Iris,SM,0,B3,31,8,8,0,31->28->29->24->15->7->8,31->30->33->34->1->2->7->8,5.543847,inf,0.0,159,159,5.483731,3.644315,18.292375,3.644315,0.0,0.0,0.0,0,159,0.5,0.5,0.0,5,0.0,0.0
Iris,SM,0,B3,32,8,2,1,32->24->15->7->8,32->34->1->2,4.529511,inf,0.0,172,172,2.679185,inf,inf,inf,0.0,0.0,0.0,0,172,0.5,0.5,0.0,5,0.0,0.0
Iris,SM,0,B3,33,8,8,0,33->34->1->2->7->8,33->34->1->2->7->8,4.730873,inf,0.0,184,184,4.730873,3.644315,17.539516,3.644315,0.0,0.0,0.0,0,184.0,0.5,0.5,0.0,5,0.0,0.0
Iris,SM,0,B3,34,7,7,0,34->1->2->7,34->1->2->7,2.657667,inf,0.0,190,190,2.657667,4.476276,16.298272,4.476276,0.0,0.0,0.0,0,190.0,0.5,0.5,0.0,5,0.0,0.0
Iris,SM,0,B3,35,7,2,1,35->36->1->2->7,35->36->1->2,2.657015,inf,0.0,153,153,2.026747,inf,inf,inf,0.0,0.0,0.0,0,153,0.5,0.5,0.0,5,0.0,0.0
Iris,SM,0,B3,36,7,7,0,36->1->2->7,36->1->2->7,2.415987,inf,0.0,153,153,2.415987,4.476276,16.056591,4.476276,0.0,0.0,0.0,0,153,0.5,0.5,0.0,5,0.0,0.0
Iris,SM,0,B3,37,7,7,0,37->1->2->7,37->1->2->7,2.084517,inf,0.0,179,179,2.084517,4.476276,15.725121,4.476276,0.0,0.0,0.0,0,179,0.5,0.5,0.0,5,0.0,0.0
Iris,SM,0,B3,38,7,3,1,38->30->33->34->1->2->7,38->30->33->34->1->4->3,5.026497,inf,0.0,204,204,4.075847,inf,inf,inf,0.0,0.0,0.0,0,204,0.5,0.5,0.0,5,0.0,0.0
Iris,SM,0,B3,39,6,6,0,39->33->34->1->2->7->6,39->33->34->1->2->7->6,5.792176,inf,0.0,196,196,5.792176,4.621072,19.577576,4.621072,0.0,0.0,0.0,0,196,0.5,0.5,0.0,5,0.0,0.0
Iris,SM,0,B3,40,6,3,1,40->39->33->34->1->2->7->6,40->39->33->34->1->4->3,5.926344,inf,0.0,204,204,3.511743,inf,inf,inf,0.0,0.0,0.0,0,204,0.5,0.5,0.0,5,0.0,0.0
Iris,SM,0,B3,41,6,6,0,41->40->39->33->34->1->2->7->6,41->40->39->33->34->1->2->7->6,6.051484,inf,0.0,174,174,6.051484,4.621072,19.836885,4.621072,0.0,0.0,0.0,0,174,0.5,0.5,0.0,5,0.0,0.0
Iris,SM,0,B3,42,6,6,0,42->3->4->1->2->7->6,42->3->4->1->2->7->6,4.108771,inf,0.0,187,187,4.108771,4.621072,17.894171,4.621072,0.0,0.0,0.0,0,187,0.5,0.5,0.0,5,0.0,0.0
Iris,SM,0,B3,43,6,2,1,43->3->4->1->2->7->6,43->3->4->1->2,4.128529,inf,0.0,173,173,2.03431,inf,inf,inf,0.0,0.0,0.0,0,173,0.5,0.5,0.0,5,0.0,0.0
Iris,SM,0,B3,44,5,2,1,44->50->49->48->33->34->1->2->7->8->5,44->50->49->48->33->34->1->2,6.689126,inf,0.0,154,154,5.007921,inf,inf,inf,0.0,0.0,0.0,0,154,0.5,0.5,0.0,5,0.0,0.0
Iris,SM,0,B3,45,5,3,1,45->46->47->48->33->34->1->2->7->8->5,45->46->47->48->33->34->1->4->3,6.608545,inf,0.0,195,195,4.606958,inf,inf,inf,0.0,0.0,0.0,0,195,0.5,0.5,0.0,5,0.0,0.0
Iris,SM,0,B3,46,5,5,0,46->47->48->33->34->1->2->7->8->5,46->47->48->33->34->1->2->7->8->5,6.093173,inf,0.0,174,174,6.093173,4.058442,19.315943,4.058442,0.0,0.0,0.0,0,174,0.5,0.5,0.0,5,0.0,0.0
Iris,SM,0,B3,47,5,5,0,47->48->33->34->1->2->7->8->5,47->48->33->34->1->2->7->8->5,5.887185,inf,0.0,180,180,5.887185,4.058442,19.109955,4.058442,0.0,0.0,0.0,0,180,0.5,0.5,0.0,5,0.0,0.0
Iris,SM,0,B3,48,5,5,0,48->33->34->1->2->7->8->5,48->33->34->1->2->7->8->5,5.508199,inf,0.0,169,169,5.508199,4.058442,18.730969,4.058442,0.0,0.0,0.0,0,169.0,0.5,0.5,0.0,5,0.0,0.0
Iris,SM,0,B3,49,4,4,0,49->48->33->34->1->4,49->48->33->34->1->4,3.465247,15.043868,0.0,192,192,3.465247,2.414293,15.043868,2.414293,0.0,0.0,0.0,0,192,0.5,0.5,0.0,5,0.0,0.0
Iris,SM,0,B3,50,11,11,0,50->49->48->33->30->11,50->49->48->33->30->11,2.692118,inf,0.0,126,126,2.692118,7.385524,19.241971,7.385524,0.0,0.0,0.0,0,126,0.5,0.5,0.0,5,0.0,0.0
Iris,SM,0,B3,51,4,4,0,51->3->4,51->3->4,0.643678,12.222299,0.0,148,148,0.643678,2.414293,12.222299,2.414293,0.0,0.0,0.0,0,148,0.5,0.5,0.0,5,0.0,0.0
Iris,SM,0,MCF_ARC,1,1,1,0,1,1,0.0,10.489885,0.0,204,204,0.0,14.887172,21.154736,11.990408,0.0,0.0,0.0,0,204.0,0.5,0.5,0.0,5,0.0,0.0
Iris,SM,0,MCF_ARC,2,2,2,0,2,2,0.0,10.46913,0.0,192,192,0.0,20.618627,29.407243,20.242915,0.0,0.0,0.0,0,192,0.5,0.5,0.0,5,0.0,0.0
Iris,SM,0,MCF_ARC,3,3,3,0,3,3,0.0,10.377038,0.0,221,221,0.0,1.215328,10.377038,1.212709,0.0,0.0,0.0,0,221,0.5,0.5,0.0,5,0.0,0.0
Iris,SM,0,MCF_ARC,4,4,4,0,4,4,0.0,11.578621,0.0,209,209,0.0,5.562853,14.534898,5.370569,0.0,0.0,0.0,0,209.0,0.5,0.5,0.0,5,0.0,0.0
Iris,SM,0,MCF_ARC,5,5,5,0,5,5,0.0,inf,0.0,189,189,0.0,20.450054,29.005598,19.84127,0.0,0.0,0.0,0,189,0.5,0.5,0.0,5,0.0,0.0
Iris,SM,0,MCF_ARC,6,6,6,0,6,6,0.0,inf,0.0,185,185,0.0,20.787199,29.825485,20.661157,0.0,0.0,0.0,0,185,0.5,0.5,0.0,5,0.0,0.0
Iris,SM,0,MCF_ARC,7,7,7,0,7,7,0.0,inf,0.0,213,213,0.0,20.281482,28.619581,19.455253,0.0,0.0,0.0,0,213,0.5,0.5,0.0,5,0.0,0.0
Iris,SM,0,MCF_ARC,8,8,8,0,8,8,0.0,inf,0.0,168,168,0.0,20.787199,29.825485,20.661157,0.0,0.0,0.0,0,168,0.5,0.5,0.0,5,0.0,0.0
Iris,SM,0,MCF_ARC,9,9,9,0,9,9,0.0,inf,0.0,152,152,0.0,18.329882,26.287616,17.123288,0.0,0.0,0.0,0,152,0.5,0.5,0.0,5,0.0,0.0
Iris,SM,0,MCF_ARC,10,10,10,0,10,10,0.0,inf,0.0,165,165,0.0,14.887172,21.154736,11.990408,0.0,0.0,0.0,0,165,0.5,0.5,0.0,5,0.0,0.0
Iris,SM,0,MCF_ARC,11,11,11,0,11,11,0.0,inf,0.0,162,162,0.0,8.144284,17.268056,8.103728,0.0,0.0,0.0,0,162,0.5,0.5,0.0,5,0.0,0.0
Iris,SM,0,MCF_ARC,12,11,11,0,12->13->25->24->29->28->31->30->11,12->13->25->24->29->28->31->30->11,4.463904,inf,0.0,155,155,4.463904,8.144284,21.73196,8.103728,0.0,0.0,0.0,0,155,0.5,0.5,0.0,5,0.0,0.0
Iris,SM,0,MCF_ARC,13,11,11,0,13->25->24->29->28->31->30->11,13->25->24->29->28->31->30->11,4.202629,inf,0.0,217,217,4.202629,8.144284,21.470685,8.103728,0.0,0.0,0.0,0,217,0.5,0.5,0.0,5,0.0,0.0
Iris,SM,0,MCF_ARC,14,11,1,1,14->34->33->30->11,14->35->36->1,3.785814,inf,0.0,163,163,1.458315,14.887172,22.613051,11.990408,0.0,0.0,0.0,0,163,0.5,0.5,0.0,5,0.0,0.0
Iris,SM,0,MCF_ARC,15,11,11,0,15->24->29->28->31->30->11,15->24->29->28->31->30->11,4.78048,inf,0.0,175,175,4.78048,8.144284,22.048536,8.103728,0.0,0.0,0.0,0,175,0.5,0.5,0.0,5,0.0,0.0
Iris,SM,0,MCF_ARC,16,11,1,1,16->15->24->29->28->31->30->11,16->17->18->10->1,5.149388,inf,0.0,197,197,2.165453,14.887172,23.320189,11.990408,0.0,0.0,0.0,0,197,0.5,0.5,0.0,5,0.0,0.0
Iris,SM,0,MCF_ARC,17,10,10,0,17->18->10,17->18->10,1.016824,inf,0.0,203,203,1.016824,14.887172,22.17156,11.990408,0.0,0.0,0.0,0,203,0.5,0.5,0.0,5,0.0,0.0
Iris,SM,0,MCF_ARC,18,10,10,0,18->10,18->10,0.733336,inf,0.0,190,190,0.733336,14.887172,21.888072,11.990408,0.0,0.0,0.0,0,190,0.5,0.5,0.0,5,0.0,0.0
Iris,SM,0,MCF_ARC,19,10,1,1,19->15->16->17->18->10,19->15->16->17->37->1,2.041302,inf,0.0,176,176,1.877646,14.887172,23.032382,11.990408,0.0,0.0,0.0,0,176,0.5,0.5,0.0,5,0.0,0.0
Iris,SM,0,MCF_ARC,20,10,10,0,20->19->15->16->17->18->10,20->19->15->16->17->18->10,2.214612,inf,0.0,147,147,2.214612,14.887172,23.369348,11.990408,0.0,0.0,0.0,0,147,0.5,0.5,0.0,5,0.0,0.0
Iris,SM,0,MCF_ARC,21,10,10,0,21->20->19->15->16->17->18->10,21->20->19->15->16->17->18->10,2.414244,inf,0.0,170,170,2.414244,14.887172,23.56898,11.990408,0.0,0.0,0.0,0,170,0.5,0.5,0.0,5,0.0,0.0
Iris,SM,0,MCF_ARC,22,9,9,0,22->23->11->30->33->34->1->2->7->6->9,22->23->11->30->33->34->1->2->7->6->9,8.611656,inf,0.0,152,152,8.611656,18.329882,34.899272,17.123288,0.0,0.0,0.0,0,152,0.5,0.5,0.0,5,0.0,0.0
Iris,SM,0,MCF_ARC,23,9,6,1,23->11->30->33->34->1->2->7->6->9,23->11->30->33->34->1->2->7->6,7.970802,inf,0.0,191,191,7.557047,20.787199,37.382533,20.661157,0.0,0.0,0.0,0,191,0.5,0.5,0.0,5,0.0,0.0
Iris,SM,0,MCF_ARC,24,9,6,1,24->15->7->6->9,24->15->7->6,4.713951,inf,0.0,206,206,4.300197,20.787199,34.125682,20.661157,0.0,0.0,0.0,0,206,0.5,0.5,0.0,5,0.0,0.0
Iris,SM,0,MCF_ARC,25,9,9,0,25->24->15->7->6->9,25->24->15->7->6->9,4.99124,inf,0.0,162,162,4.99124,18.329882,31.278856,17.123288,0.0,0.0,0.0,0,162,0.5,0.5,0.0,5,0.0,0.0
Iris,SM,0,MCF_ARC,26,10,1,1,26->27->14->17->18->10,26->27->14->34->1,3.138011,inf,0.0,135,135,2.64008,14.887172,23.794816,11.990408,0.0,0.0,0.0,0,135,0.5,0.5,0.0,5,0.0,0.0
Iris,SM,0,MCF_ARC,27,9,9,0,27->24->15->7->6->9,27->24->15->7->6->9,5.089498,inf,0.0,133,133,5.089498,18.329882,31.377114,17.123288,0.0,0.0,0.0,0,133,0.5,0.5,0.0,5,0.0,0.0
Iris,SM,0,MCF_ARC,28,9,9,0,28->29->24->15->7->6->9,28->29->24->15->7->6->9,5.981842,inf,0.0,208,208,5.981842,18.329882,32.269458,17.123288,0.0,0.0,0.0,0,208.0,0.5,0.5,0.0,5,0.0,0.0
Iris,SM,0,MCF_ARC,29,8,4,1,29->24->15->7->8,29->24->32->34->1->4,4.336339,inf,0.0,228,228,3.995829,5.562853,18.530726,5.370569,0.0,0.0,0.0,0,228.0,0.5,0.5,0.0,5,0.0,0.0
Iris,SM,0,MCF_ARC,30,8,2,1,30->33->34->1->2->7->8,30->33->34->1->2,5.234129,inf,0.0,173,173,3.973989,20.618627,33.381232,20.242915,0.0,0.0,0.0,0,173.0,0.5,0.5,0.0,5,0.0,0.0
Iris,SM,0,MCF_ARC,31,8,8,0,31->28->29->24->15->7->8,31->30->33->34->1->2->7->8,5.543847,inf,0.0,159,159,5.483731,20.787199,35.309217,20.661157,0.0,0.0,0.0,0,159,0.5,0.5,0.0,5,0.0,0.0
Iris,SM,0,MCF_ARC,32,8,7,1,32->24->15->7->8,32->24->15->7,4.529511,inf,0.0,172,172,3.899639,20.281482,32.51922,19.455253,0.0,0.0,0.0,0,172,0.5,0.5,0.0,5,0.0,0.0
Iris,SM,0,MCF_ARC,33,8,8,0,33->34->1->2->7->8,33->34->1->2->7->8,4.730873,inf,0.0,184,184,4.730873,20.787199,34.556358,20.661157,0.0,0.0,0.0,0,184.0,0.5,0.5,0.0,5,0.0,0.0
Iris,SM,0,MCF_ARC,34,7,7,0,34->1->2->7,34->1->2->7,2.657667,inf,0.0,190,190,2.657667,20.281482,31.277249,19.455253,0.0,0.0,0.0,0,190.0,0.5,0.5,0.0,5,0.0,0.0
Iris,SM,0,MCF_ARC,35,7,7,0,35->36->1->2->7,35->14->17->16->15->7,2.657015,inf,0.0,153,153,3.953964,20.281482,32.573545,19.455253,0.0,0.0,0.0,0,153,0.5,0.5,0.0,5,0.0,0.0
Iris,SM,0,MCF_ARC,36,7,2,1,36->1->2->7,36->1->2,2.415987,inf,0.0,153,153,1.785719,20.618627,31.192962,20.242915,0.0,0.0,0.0,0,153,0.5,0.5,0.0,5,0.0,0.0
Iris,SM,0,MCF_ARC,37,7,7,0,37->1->2->7,37->17->16->15->7,2.084517,inf,0.0,179,179,2.802875,20.281482,31.422456,19.455253,0.0,0.0,0.0,0,179,0.5,0.5,0.0,5,0.0,0.0
Iris,SM,0,MCF_ARC,38,7,2,1,38->30->33->34->1->2->7,38->30->33->34->1->2,5.026497,inf,0.0,204,204,4.396229,20.618627,33.803473,20.242915,0.0,0.0,0.0,0,204,0.5,0.5,0.0,5,0.0,0.0
Iris,SM,0,MCF_ARC,39,6,5,1,39->33->34->1->2->7->6,39->33->34->1->2->7->8->5,5.792176,inf,0.0,196,196,5.379162,20.450054,34.38476,19.84127,0.0,0.0,0.0,0,196,0.5,0.5,0.0,5,0.0,0.0
Iris,SM,0,MCF_ARC,40,6,8,1,40->39->33->34->1->2->7->6,40->39->33->34->1->2->7->8,5.926344,inf,0.0,204,204,5.092265,20.787199,34.917751,20.661157,0.0,0.0,0.0,0,204,0.5,0.5,0.0,5,0.0,0.0
Iris,SM,0,MCF_ARC,41,6,6,0,41->40->39->33->34->1->2->7->6,41->40->39->33->34->1->2->7->6,6.051484,inf,0.0,174,174,6.051484,20.787199,35.87697,20.661157,0.0,0.0,0.0,0,174,0.5,0.5,0.0,5,0.0,0.0
Iris,SM,0,MCF_ARC,42,6,2,1,42->3->4->1->2->7->6,42->3->4->1->2,4.108771,inf,0.0,187,187,2.014552,20.618627,31.421796,20.242915,0.0,0.0,0.0,0,187,0.5,0.5,0.0,5,0.0,0.0
Iris,SM,0,MCF_ARC,43,6,9,1,43->3->4->1->2->7->6,43->3->4->1->2->7->6->9,4.128529,inf,0.0,173,173,4.542283,18.329882,30.829899,17.123288,0.0,0.0,0.0,0,173,0.5,0.5,0.0,5,0.0,0.0
Iris,SM,0,MCF_ARC,44,5,6,1,44->50->49->48->33->34->1->2->7->8->5,44->50->49->48->33->34->1->2->7->6,6.689126,inf,0.0,154,154,7.10214,20.787199,36.927625,20.661157,0.0,0.0,0.0,0,154,0.5,0.5,0.0,5,0.0,0.0
Iris,SM,0,MCF_ARC,45,5,8,1,45->46->47->48->33->34->1->2->7->8->5,45->46->47->48->33->34->1->2->7->8,6.608545,inf,0.0,195,195,6.187481,20.787199,36.012966,20.661157,0.0,0.0,0.0,0,195,0.5,0.5,0.0,5,0.0,0.0
Iris,SM,0,MCF_ARC,46,5,5,0,46->47->48->33->34->1->2->7->8->5,46->47->48->33->34->1->2->7->8->5,6.093173,inf,0.0,174,174,6.093173,20.450054,35.098771,19.84127,0.0,0.0,0.0,0,174,0.5,0.5,0.0,5,0.0,0.0
Iris,SM,0,MCF_ARC,47,5,5,0,47->48->33->34->1->2->7->8->5,47->48->33->34->1->2->7->8->5,5.887185,inf,0.0,180,180,5.887185,20.450054,34.892784,19.84127,0.0,0.0,0.0,0,180,0.5,0.5,0.0,5,0.0,0.0
Iris,SM,0,MCF_ARC,48,5,5,0,48->33->34->1->2->7->8->5,48->33->34->1->2->7->8->5,5.508199,inf,0.0,169,169,5.508199,20.450054,34.513798,19.84127,0.0,0.0,0.0,0,169.0,0.5,0.5,0.0,5,0.0,0.0
Iris,SM,0,MCF_ARC,49,4,4,0,49->48->33->34->1->4,49->48->33->34->1->4,3.465247,15.043868,0.0,192,192,3.465247,5.562853,18.000145,5.370569,0.0,0.0,0.0,0,192,0.5,0.5,0.0,5,0.0,0.0
Iris,SM,0,MCF_ARC,50,11,11,0,50->49->48->33->30->11,50->49->48->33->30->11,2.692118,inf,0.0,126,126,2.692118,8.144284,19.960175,8.103728,0.0,0.0,0.0,0,126,0.5,0.5,0.0,5,0.0,0.0
Iris,SM,0,MCF_ARC,51,4,4,0,51->3->4,51->3->4,0.643678,12.222299,0.0,148,148,0.643678,5.562853,15.178576,5.370569,0.0,0.0,0.0,0,148,0.5,0.5,0.0,5,0.0,0.0
Iris,SM,1,B1,1,1,1,0,1,,0.0,10.345803,0.0,172,172,0.0,3.657644,12.821973,3.657644,0.0,0.0,0.0,0,172.0,0.5,0.5,0.0,5,0.0,0.0
Iris,SM,1,B1,2,2,2,0,2,,0.0,10.530822,0.0,221,221,0.0,1250.0,1259.164328,1250.0,0.0,0.0,0.0,0,221,0.5,0.5,0.0,5,0.0,0.0
Iris,SM,1,B1,3,3,3,0,3,,0.0,10.370892,0.0,124,124,0.0,1.206564,10.370892,1.206564,0.0,0.0,0.0,0,124,0.5,0.5,0.0,5,0.0,0.0
Iris,SM,1,B1,4,4,4,0,4,,0.0,13.504606,0.0,178,178,0.0,4.340278,13.504606,4.340278,0.0,0.0,0.0,0,178.0,0.5,0.5,0.0,5,0.0,0.0
Iris,SM,1,B1,5,5,5,0,5,,0.0,inf,0.0,153,153,0.0,416.666667,425.830995,416.666667,0.0,0.0,0.0,0,153,0.5,0.5,0.0,5,0.0,0.0
Iris,SM,1,B1,6,6,6,0,6,,0.0,inf,0.0,232,232,0.0,113.636364,122.800692,113.636364,0.0,0.0,0.0,0,232,0.5,0.5,0.0,5,0.0,0.0
Iris,SM,1,B1,7,7,7,0,7,,0.0,inf,0.0,145,145,0.0,172.413793,181.578122,172.413793,0.0,0.0,0.0,0,145,0.5,0.5,0.0,5,0.0,0.0
Iris,SM,1,B1,8,8,8,0,8,,0.0,inf,0.0,176,176,0.0,63.291139,72.455468,63.291139,0.0,0.0,0.0,0,176,0.5,0.5,0.0,5,0.0,0.0
Iris,SM,1,B1,9,9,9,0,9,,0.0,inf,0.0,158,158,0.0,25.773196,34.937524,25.773196,0.0,0.0,0.0,0,158,0.5,0.5,0.0,5,0.0,0.0
Iris,SM,1,B1,10,10,10,0,10,,0.0,inf,0.0,182,182,0.0,67.567568,76.731896,67.567568,0.0,0.0,0.0,0,182,0.5,0.5,0.0,5,0.0,0.0
Iris,SM,1,B1,11,11,11,0,11,,0.0,inf,0.0,188,188,0.0,6.587615,15.751944,6.587615,0.0,0.0,0.0,0,188,0.5,0.5,0.0,5,0.0,0.0
Iris,SM,1,B1,12,11,11,0,12->13->25->24->29->28->31->30->11,,4.463904,inf,0.0,166,166,4.463904,6.587615,20.215847,6.587615,0.0,0.0,0.0,0,166,0.5,0.5,0.0,5,0.0,0.0
Iris,SM,1,B1,13,11,11,0,13->25->24->29->28->31->30->11,,4.202629,inf,0.0,146,146,4.202629,6.587615,19.954572,6.587615,0.0,0.0,0.0,0,146,0.5,0.5,0.0,5,0.0,0.0
Iris,SM,1,B1,14,11,11,0,14->34->33->30->11,,3.785814,inf,0.0,130,130,3.785814,6.587615,19.537758,6.587615,0.0,0.0,0.0,0,130,0.5,0.5,0.0,5,0.0,0.0
Iris,SM,1,B1,15,11,11,0,15->24->29->28->31->30->11,,4.78048,inf,0.0,171,171,4.78048,6.587615,20.532423,6.587615,0.0,0.0,0.0,0,171,0.5,0.5,0.0,5,0.0,0.0
Iris,SM,1,B1,16,11,1,1,16->15->24->29->28->31->30->11,,5.149388,inf,0.0,179,179,1.275827,3.657644,14.0978,3.657644,0.0,0.0,0.0,0,179,0.5,0.5,0.0,5,0.0,0.0
Iris,SM,1,B1,17,11,1,1,17->14->34->33->30->11,,4.904255,inf,0.0,196,196,0.853168,3.657644,13.675141,3.657644,0.0,0.0,0.0,0,196,0.5,0.5,0.0,5,0.0,0.0
Iris,SM,1,B1,18,10,10,0,18->10,,0.733336,inf,0.0,206,206,0.733336,67.567568,77.465232,67.567568,0.0,0.0,0.0,0,206,0.5,0.5,0.0,5,0.0,0.0
Iris,SM,1,B1,19,10,10,0,19->15->16->17->18->10,,2.041302,inf,0.0,136,136,2.041302,67.567568,78.773198,67.567568,0.0,0.0,0.0,0,136,0.5,0.5,0.0,5,0.0,0.0
Iris,SM,1,B1,20,10,10,0,20->19->15->16->17->18->10,,2.214612,inf,0.0,90,90,2.214612,67.567568,78.946508,67.567568,0.0,0.0,0.0,0,90,0.5,0.5,0.0,5,0.0,0.0
Iris,SM,1,B1,21,10,1,1,21->20->19->15->16->17->18->10,,2.414244,inf,0.0,198,198,2.250588,3.657644,15.072561,3.657644,0.0,0.0,0.0,0,198,0.5,0.5,0.0,5,0.0,0.0
Iris,SM,1,B1,22,10,10,0,22->23->11->30->33->34->1->10,,5.835425,inf,0.0,153,153,5.835425,67.567568,82.567321,67.567568,0.0,0.0,0.0,0,153,0.5,0.5,0.0,5,0.0,0.0
Iris,SM,1,B1,23,10,10,0,23->11->30->33->34->1->10,,5.194571,inf,0.0,171,171,5.194571,67.567568,81.926467,67.567568,0.0,0.0,0.0,0,171,0.5,0.5,0.0,5,0.0,0.0
Iris,SM,1,B1,24,9,9,0,24->15->7->6->9,,4.713951,inf,0.0,188,188,4.713951,25.773196,39.651475,25.773196,0.0,0.0,0.0,0,188,0.5,0.5,0.0,5,0.0,0.0
Iris,SM,1,B1,25,9,9,0,25->24->15->7->6->9,,4.99124,inf,0.0,159,159,4.99124,25.773196,39.928764,25.773196,0.0,0.0,0.0,0,159,0.5,0.5,0.0,5,0.0,0.0
Iris,SM,1,B1,26,9,7,1,26->29->24->15->7->6->9,,5.980614,inf,0.0,194,194,3.496981,172.413793,185.075103,172.413793,0.0,0.0,0.0,0,194,0.5,0.5,0.0,5,0.0,0.0
Iris,SM,1,B1,27,9,9,0,27->24->15->7->6->9,,5.089498,inf,0.0,224,224,5.089498,25.773196,40.027022,25.773196,0.0,0.0,0.0,0,224,0.5,0.5,0.0,5,0.0,0.0
Iris,SM,1,B1,28,9,9,0,28->29->24->15->7->6->9,,5.981842,inf,0.0,185,185,5.981842,25.773196,40.919366,25.773196,0.0,0.0,0.0,0,185.0,0.5,0.5,0.0,5,0.0,0.0
Iris,SM,1,B1,29,8,8,0,29->24->15->7->8,,4.336339,inf,0.0,176,176,4.336339,63.291139,76.791807,63.291139,0.0,0.0,0.0,0,176.0,0.5,0.5,0.0,5,0.0,0.0
Iris,SM,1,B1,30,8,8,0,30->33->34->1->2->7->8,,5.234129,inf,0.0,250,250,5.234129,63.291139,77.689597,63.291139,0.0,0.0,0.0,0,250.0,0.5,0.5,0.0,5,0.0,0.0
Iris,SM,1,B1,31,8,8,0,31->28->29->24->15->7->8,,5.543847,inf,0.0,207,207,5.483731,63.291139,77.939199,63.291139,0.0,0.0,0.0,0,207,0.5,0.5,0.0,5,0.0,0.0
Iris,SM,1,B1,32,8,2,1,32->24->15->7->8,,4.529511,inf,0.0,179,179,2.679185,1250.0,1261.843513,1250.0,0.0,0.0,0.0,0,179,0.5,0.5,0.0,5,0.0,0.0
Iris,SM,1,B1,33,8,8,0,33->34->1->2->7->8,,4.730873,inf,0.0,144,144,4.730873,63.291139,77.18634,63.291139,0.0,0.0,0.0,0,144.0,0.5,0.5,0.0,5,0.0,0.0
Iris,SM,1,B1,34,7,7,0,34->1->2->7,,2.657667,inf,0.0,208,208,2.657667,172.413793,184.235789,172.413793,0.0,0.0,0.0,0,208.0,0.5,0.5,0.0,5,0.0,0.0
Iris,SM,1,B1,35,7,7,0,35->36->1->2->7,,2.657015,inf,0.0,209,209,2.657015,172.413793,184.235137,172.413793,0.0,0.0,0.0,0,209,0.5,0.5,0.0,5,0.0,0.0
Iris,SM,1,B1,36,7,2,1,36->1->2->7,,2.415987,inf,0.0,197,197,1.785719,1250.0,1260.950047,1250.0,0.0,0.0,0.0,0,197,0.5,0.5,0.0,5,0.0,0.0
Iris,SM,1,B1,37,7,7,0,37->1->2->7,,2.084517,inf,0.0,191,191,2.084517,172.413793,183.662638,172.413793,0.0,0.0,0.0,0,191,0.5,0.5,0.0,5,0.0,0.0
Iris,SM,1,B1,38,7,2,1,38->30->33->34->1->2->7,,5.026497,inf,0.0,142,142,4.396229,1250.0,1263.560558,1250.0,0.0,0.0,0.0,0,142,0.5,0.5,0.0,5,0.0,0.0
Iris,SM,1,B1,39,6,6,0,39->33->34->1->2->7->6,,5.792176,inf,0.0,214,214,5.792176,113.636364,128.592868,113.636364,0.0,0.0,0.0,0,214,0.5,0.5,0.0,5,0.0,0.0
Iris,SM,1,B1,40,6,5,1,40->39->33->34->1->2->7->6,,5.926344,inf,0.0,156,156,5.51333,416.666667,431.344325,416.666667,0.0,0.0,0.0,0,156,0.5,0.5,0.0,5,0.0,0.0
Iris,SM,1,B1,41,6,6,0,41->40->39->33->34->1->2->7->6,,6.051484,inf,0.0,172,172,6.051484,113.636364,128.852176,113.636364,0.0,0.0,0.0,0,172,0.5,0.5,0.0,5,0.0,0.0
Iris,SM,1,B1,42,6,6,0,42->3->4->1->2->7->6,,4.108771,inf,0.0,161,161,4.108771,113.636364,126.909463,113.636364,0.0,0.0,0.0,0,161,0.5,0.5,0.0,5,0.0,0.0
Iris,SM,1,B1,43,6,6,0,43->3->4->1->2->7->6,,4.128529,inf,0.0,165,165,4.128529,113.636364,126.929221,113.636364,0.0,0.0,0.0,0,165,0.5,0.5,0.0,5,0.0,0.0
Iris,SM,1,B1,44,5,5,0,44->50->49->48->33->34->1->2->7->8->5,,6.689126,inf,0.0,138,138,6.689126,416.666667,432.520121,416.666667,0.0,0.0,0.0,0,138,0.5,0.5,0.0,5,0.0,0.0
Iris,SM,1,B1,45,5,5,0,45->46->47->48->33->34->1->2->7->8->5,,6.608545,inf,0.0,182,182,6.608545,416.666667,432.43954,416.666667,0.0,0.0,0.0,0,182,0.5,0.5,0.0,5,0.0,0.0
Iris,SM,1,B1,46,5,2,1,46->47->48->33->34->1->2->7->8->5,,6.093173,inf,0.0,213,213,4.411968,1250.0,1263.576297,1250.0,0.0,0.0,0.0,0,213,0.5,0.5,0.0,5,0.0,0.0
Iris,SM,1,B1,47,5,5,0,47->48->33->34->1->2->7->8->5,,5.887185,inf,0.0,159,159,5.887185,416.666667,431.71818,416.666667,0.0,0.0,0.0,0,159,0.5,0.5,0.0,5,0.0,0.0
Iris,SM,1,B1,48,5,5,0,48->33->34->1->2->7->8->5,,5.508199,inf,0.0,164,164,5.508199,416.666667,431.339194,416.666667,0.0,0.0,0.0,0,164.0,0.5,0.5,0.0,5,0.0,0.0
Iris,SM,1,B1,49,4,4,0,49->48->33->34->1->4,,3.465247,16.969853,0.0,187,187,3.465247,4.340278,16.969853,4.340278,0.0,0.0,0.0,0,187,0.5,0.5,0.0,5,0.0,0.0
Iris,SM,1,B1,50,4,4,0,50->49->48->33->34->1->4,,3.807561,17.312167,0.0,227,227,3.807561,4.340278,17.312167,4.340278,0.0,0.0,0.0,0,227,0.5,0.5,0.0,5,0.0,0.0
Iris,SM,1,B1,51,4,4,0,51->3->4,,0.643678,14.148284,0.0,196,196,0.643678,4.340278,14.148284,4.340278,0.0,0.0,0.0,0,196,0.5,0.5,0.0,5,0.0,0.0
Iris,SM,1,B3,1,1,1,0,1,1,0.0,10.345803,0.0,172,172,0.0,inf,inf,inf,0.0,0.0,0.0,0,172.0,0.5,0.5,0.0,5,0.0,0.0
Iris,SM,1,B3,2,2,2,0,2,2,0.0,10.530822,0.0,221,221,0.0,1.661682,10.82601,1.661682,0.0,0.0,0.0,0,221,0.5,0.5,0.0,5,0.0,0.0
Iris,SM,1,B3,3,3,3,0,3,3,0.0,10.370892,0.0,124,124,0.0,inf,inf,inf,0.0,0.0,0.0,0,124,0.5,0.5,0.0,5,0.0,0.0
Iris,SM,1,B3,4,4,4,0,4,4,0.0,13.504606,0.0,178,178,0.0,4.340278,13.504606,4.340278,0.0,0.0,0.0,0,178.0,0.5,0.5,0.0,5,0.0,0.0
Iris,SM,1,B3,5,5,5,0,5,5,0.0,inf,0.0,153,153,0.0,3.767898,12.932226,3.767898,0.0,0.0,0.0,0,153,0.5,0.5,0.0,5,0.0,0.0
Iris,SM,1,B3,6,6,6,0,6,6,0.0,inf,0.0,232,232,0.0,4.48833,13.652659,4.48833,0.0,0.0,0.0,0,232,0.5,0.5,0.0,5,0.0,0.0
Iris,SM,1,B3,7,7,7,0,7,7,0.0,inf,0.0,145,145,0.0,4.721435,13.885764,4.721435,0.0,0.0,0.0,0,145,0.5,0.5,0.0,5,0.0,0.0
Iris,SM,1,B3,8,8,8,0,8,8,0.0,inf,0.0,176,176,0.0,6.377551,15.541879,6.377551,0.0,0.0,0.0,0,176,0.5,0.5,0.0,5,0.0,0.0
Iris,SM,1,B3,9,9,9,0,9,9,0.0,inf,0.0,158,158,0.0,5.213764,14.378093,5.213764,0.0,0.0,0.0,0,158,0.5,0.5,0.0,5,0.0,0.0
Iris,SM,1,B3,10,10,10,0,10,10,0.0,inf,0.0,182,182,0.0,7.102273,16.266601,7.102273,0.0,0.0,0.0,0,182,0.5,0.5,0.0,5,0.0,0.0
Iris,SM,1,B3,11,11,11,0,11,11,0.0,inf,0.0,188,188,0.0,4.019293,13.183621,4.019293,0.0,0.0,0.0,0,188,0.5,0.5,0.0,5,0.0,0.0
Iris,SM,1,B3,12,11,11,0,12->13->25->24->29->28->31->30->11,12->13->25->24->29->28->31->30->11,4.463904,inf,0.0,166,166,4.463904,4.019293,17.647525,4.019293,0.0,0.0,0.0,0,166,0.5,0.5,0.0,5,0.0,0.0
Iris,SM,1,B3,13,11,1,1,13->25->24->29->28->31->30->11,13->12->21->20->19->15->16->17->37->1,4.202629,inf,0.0,146,146,3.033318,inf,inf,inf,0.0,0.0,0.0,0,146,0.5,0.5,0.0,5,0.0,0.0
Iris,SM,1,B3,14,11,2,1,14->34->33->30->11,14->35->36->1->2,3.785814,inf,0.0,130,130,2.452542,1.661682,13.278552,1.661682,0.0,0.0,0.0,0,130,0.5,0.5,0.0,5,0.0,0.0
Iris,SM,1,B3,15,11,11,0,15->24->29->28->31->30->11,15->24->29->28->31->30->11,4.78048,inf,0.0,171,171,4.78048,4.019293,17.964101,4.019293,0.0,0.0,0.0,0,171,0.5,0.5,0.0,5,0.0,0.0
Iris,SM,1,B3,16,11,11,0,16->15->24->29->28->31->30->11,16->15->24->29->28->31->30->11,5.149388,inf,0.0,179,179,5.149388,4.019293,18.333009,4.019293,0.0,0.0,0.0,0,179,0.5,0.5,0.0,5,0.0,0.0
Iris,SM,1,B3,17,11,3,1,17->14->34->33->30->11,17->37->1->4->3,4.904255,inf,0.0,196,196,1.527013,inf,inf,inf,0.0,0.0,0.0,0,196,0.5,0.5,0.0,5,0.0,0.0
Iris,SM,1,B3,18,10,10,0,18->10,18->10,0.733336,inf,0.0,206,206,0.733336,7.102273,16.999937,7.102273,0.0,0.0,0.0,0,206,0.5,0.5,0.0,5,0.0,0.0
Iris,SM,1,B3,19,10,10,0,19->15->16->17->18->10,19->15->16->17->18->10,2.041302,inf,0.0,136,136,2.041302,7.102273,18.307903,7.102273,0.0,0.0,0.0,0,136,0.5,0.5,0.0,5,0.0,0.0
Iris,SM,1,B3,20,10,10,0,20->19->15->16->17->18->10,20->19->15->16->17->18->10,2.214612,inf,0.0,90,90,2.214612,7.102273,18.481214,7.102273,0.0,0.0,0.0,0,90,0.5,0.5,0.0,5,0.0,0.0
Iris,SM,1,B3,21,10,10,0,21->20->19->15->16->17->18->10,21->20->19->15->16->17->18->10,2.414244,inf,0.0,198,198,2.414244,7.102273,18.680845,7.102273,0.0,0.0,0.0,0,198,0.5,0.5,0.0,5,0.0,0.0
Iris,SM,1,B3,22,10,3,1,22->23->11->30->33->34->1->10,22->23->11->30->33->34->1->4->3,5.835425,inf,0.0,153,153,5.7833,inf,inf,inf,0.0,0.0,0.0,0,153,0.5,0.5,0.0,5,0.0,0.0
Iris,SM,1,B3,23,10,1,1,23->11->30->33->34->1->10,23->11->30->33->34->1,5.194571,inf,0.0,171,171,4.468602,inf,inf,inf,0.0,0.0,0.0,0,171,0.5,0.5,0.0,5,0.0,0.0
Iris,SM,1,B3,24,9,1,1,24->15->7->6->9,24->27->14->35->36->1,4.713951,inf,0.0,188,188,2.551419,inf,inf,inf,0.0,0.0,0.0,0,188,0.5,0.5,0.0,5,0.0,0.0
Iris,SM,1,B3,25,9,3,1,25->24->15->7->6->9,25->24->27->14->35->36->1->4->3,4.99124,inf,0.0,159,159,3.502552,inf,inf,inf,0.0,0.0,0.0,0,159,0.5,0.5,0.0,5,0.0,0.0
Iris,SM,1,B3,26,9,9,0,26->29->24->15->7->6->9,26->27->24->15->7->6->9,5.980614,inf,0.0,194,194,5.374687,5.213764,19.752779,5.213764,0.0,0.0,0.0,0,194,0.5,0.5,0.0,5,0.0,0.0
Iris,SM,1,B3,27,9,9,0,27->24->15->7->6->9,27->24->15->7->6->9,5.089498,inf,0.0,224,224,5.089498,5.213764,19.467591,5.213764,0.0,0.0,0.0,0,224,0.5,0.5,0.0,5,0.0,0.0
Iris,SM,1,B3,28,9,9,0,28->29->24->15->7->6->9,28->29->24->15->7->6->9,5.981842,inf,0.0,185,185,5.981842,5.213764,20.359934,5.213764,0.0,0.0,0.0,0,185.0,0.5,0.5,0.0,5,0.0,0.0
Iris,SM,1,B3,29,8,1,1,29->24->15->7->8,29->26->27->14->35->36->1,4.336339,inf,0.0,176,176,2.857503,inf,inf,inf,0.0,0.0,0.0,0,176.0,0.5,0.5,0.0,5,0.0,0.0
Iris,SM,1,B3,30,8,8,0,30->33->34->1->2->7->8,30->33->34->1->2->7->8,5.234129,inf,0.0,250,250,5.234129,6.377551,20.776009,6.377551,0.0,0.0,0.0,0,250.0,0.5,0.5,0.0,5,0.0,0.0
Iris,SM,1,B3,31,8,8,0,31->28->29->24->15->7->8,31->30->33->34->1->2->7->8,5.543847,inf,0.0,207,207,5.483731,6.377551,21.025611,6.377551,0.0,0.0,0.0,0,207,0.5,0.5,0.0,5,0.0,0.0
Iris,SM,1,B3,32,8,8,0,32->24->15->7->8,32->34->1->2->7->8,4.529511,inf,0.0,179,179,3.939325,6.377551,19.481205,6.377551,0.0,0.0,0.0,0,179,0.5,0.5,0.0,5,0.0,0.0
Iris,SM,1,B3,33,8,3,1,33->34->1->2->7->8,33->34->1->4->3,4.730873,inf,0.0,144,144,3.15035,inf,inf,inf,0.0,0.0,0.0,0,144.0,0.5,0.5,0.0,5,0.0,0.0
Iris,SM,1,B3,34,7,7,0,34->1->2->7,34->1->2->7,2.657667,inf,0.0,208,208,2.657667,4.721435,16.543431,4.721435,0.0,0.0,0.0,0,208.0,0.5,0.5,0.0,5,0.0,0.0
Iris,SM,1,B3,35,7,1,1,35->36->1->2->7,35->36->1,2.657015,inf,0.0,209,209,1.03252,inf,inf,inf,0.0,0.0,0.0,0,209,0.5,0.5,0.0,5,0.0,0.0
Iris,SM,1,B3,36,7,7,0,36->1->2->7,36->1->2->7,2.415987,inf,0.0,197,197,2.415987,4.721435,16.30175,4.721435,0.0,0.0,0.0,0,197,0.5,0.5,0.0,5,0.0,0.0
Iris,SM,1,B3,37,7,7,0,37->1->2->7,37->1->2->7,2.084517,inf,0.0,191,191,2.084517,4.721435,15.97028,4.721435,0.0,0.0,0.0,0,191,0.5,0.5,0.0,5,0.0,0.0
Iris,SM,1,B3,38,7,3,1,38->30->33->34->1->2->7,38->30->33->34->1->4->3,5.026497,inf,0.0,142,142,4.075847,inf,inf,inf,0.0,0.0,0.0,0,142,0.5,0.5,0.0,5,0.0,0.0
Iris,SM,1,B3,39,6,1,1,39->33->34->1->2->7->6,39->33->34->1,5.792176,inf,0.0,214,214,2.70373,inf,inf,inf,0.0,0.0,0.0,0,214,0.5,0.5,0.0,5,0.0,0.0
Iris,SM,1,B3,40,6,3,1,40->39->33->34->1->2->7->6,40->39->33->34->1->4->3,5.926344,inf,0.0,156,156,3.511743,inf,inf,inf,0.0,0.0,0.0,0,156,0.5,0.5,0.0,5,0.0,0.0
Iris,SM,1,B3,41,6,6,0,41->40->39->33->34->1->2->7->6,41->40->39->33->34->1->2->7->6,6.051484,inf,0.0,172,172,6.051484,4.48833,19.704143,4.48833,0.0,0.0,0.0,0,172,0.5,0.5,0.0,5,0.0,0.0
Iris,SM,1,B3,42,6,6,0,42->3->4->1->2->7->6,42->3->4->1->2->7->6,4.108771,inf,0.0,161,161,4.108771,4.48833,17.761429,4.48833,0.0,0.0,0.0,0,161,0.5,0.5,0.0,5,0.0,0.0
Iris,SM,1,B3,43,6,6,0,43->3->4->1->2->7->6,43->3->4->1->2->7->6,4.128529,inf,0.0,165,165,4.128529,4.48833,17.781187,4.48833,0.0,0.0,0.0,0,165,0.5,0.5,0.0,5,0.0,0.0
Iris,SM,1,B3,44,5,3,1,44->50->49->48->33->34->1->2->7->8->5,44->50->49->48->33->34->1->4->3,6.689126,inf,0.0,138,138,4.687539,inf,inf,inf,0.0,0.0,0.0,0,138,0.5,0.5,0.0,5,0.0,0.0
Iris,SM,1,B3,45,5,1,1,45->46->47->48->33->34->1->2->7->8->5,45->46->47->48->33->34->1,6.608545,inf,0.0,182,182,3.933113,inf,inf,inf,0.0,0.0,0.0,0,182,0.5,0.5,0.0,5,0.0,0.0
Iris,SM,1,B3,46,5,5,0,46->47->48->33->34->1->2->7->8->5,46->47->48->33->34->1->2->7->8->5,6.093173,inf,0.0,213,213,6.093173,3.767898,19.025399,3.767898,0.0,0.0,0.0,0,213,0.5,0.5,0.0,5,0.0,0.0
Iris,SM,1,B3,47,5,5,0,47->48->33->34->1->2->7->8->5,47->48->33->34->1->2->7->8->5,5.887185,inf,0.0,159,159,5.887185,3.767898,18.819411,3.767898,0.0,0.0,0.0,0,159,0.5,0.5,0.0,5,0.0,0.0
Iris,SM,1,B3,48,5,5,0,48->33->34->1->2->7->8->5,48->33->34->1->2->7->8->5,5.508199,inf,0.0,164,164,5.508199,3.767898,18.440425,3.767898,0.0,0.0,0.0,0,164.0,0.5,0.5,0.0,5,0.0,0.0
Iris,SM,1,B3,49,4,4,0,49->48->33->34->1->4,49->48->33->34->1->4,3.465247,16.969853,0.0,187,187,3.465247,4.340278,16.969853,4.340278,0.0,0.0,0.0,0,187,0.5,0.5,0.0,5,0.0,0.0
Iris,SM,1,B3,50,4,4,0,50->49->48->33->34->1->4,50->49->48->33->34->1->4,3.807561,17.312167,0.0,227,227,3.807561,4.340278,17.312167,4.340278,0.0,0.0,0.0,0,227,0.5,0.5,0.0,5,0.0,0.0
Iris,SM,1,B3,51,4,4,0,51->3->4,51->3->4,0.643678,14.148284,0.0,196,196,0.643678,4.340278,14.148284,4.340278,0.0,0.0,0.0,0,196,0.5,0.5,0.0,5,0.0,0.0
Iris,SM,1,MCF_ARC,1,1,1,0,1,1,0.0,10.345803,0.0,172,172,0.0,15.68534,22.084225,12.919897,0.0,0.0,0.0,0,172.0,0.5,0.5,0.0,5,0.0,0.0
Iris,SM,1,MCF_ARC,2,2,2,0,2,2,0.0,10.530822,0.0,221,221,0.0,18.063962,24.596427,15.432099,0.0,0.0,0.0,0,221,0.5,0.5,0.0,5,0.0,0.0
Iris,SM,1,MCF_ARC,3,3,3,0,3,3,0.0,10.370892,0.0,124,124,0.0,1.208801,10.370892,1.206564,0.0,0.0,0.0,0,124,0.5,0.5,0.0,5,0.0,0.0
Iris,SM,1,MCF_ARC,4,4,4,0,4,4,0.0,13.504606,0.0,178,178,0.0,4.419759,13.504606,4.340278,0.0,0.0,0.0,0,178.0,0.5,0.5,0.0,5,0.0,0.0
Iris,SM,1,MCF_ARC,5,5,5,0,5,5,0.0,inf,0.0,153,153,0.0,20.330018,28.619581,19.455253,0.0,0.0,0.0,0,153,0.5,0.5,0.0,5,0.0,0.0
Iris,SM,1,MCF_ARC,6,6,6,0,6,6,0.0,inf,0.0,232,232,0.0,20.451796,28.849368,19.685039,0.0,0.0,0.0,0,232,0.5,0.5,0.0,5,0.0,0.0
Iris,SM,1,MCF_ARC,7,7,7,0,7,7,0.0,inf,0.0,145,145,0.0,20.281236,28.469348,19.305019,0.0,0.0,0.0,0,145,0.5,0.5,0.0,5,0.0,0.0
Iris,SM,1,MCF_ARC,8,8,8,0,8,8,0.0,inf,0.0,176,176,0.0,20.584706,29.656132,20.491803,0.0,0.0,0.0,0,176,0.5,0.5,0.0,5,0.0,0.0
Iris,SM,1,MCF_ARC,9,9,9,0,9,9,0.0,inf,0.0,158,158,0.0,19.769558,27.412504,18.248175,0.0,0.0,0.0,0,158,0.5,0.5,0.0,5,0.0,0.0
Iris,SM,1,MCF_ARC,10,10,10,0,10,10,0.0,inf,0.0,182,182,0.0,18.91676,25.886736,16.722408,0.0,0.0,0.0,0,182,0.5,0.5,0.0,5,0.0,0.0
Iris,SM,1,MCF_ARC,11,11,11,0,11,11,0.0,inf,0.0,188,188,0.0,20.110677,28.103722,18.939394,0.0,0.0,0.0,0,188,0.5,0.5,0.0,5,0.0,0.0
Iris,SM,1,MCF_ARC,12,11,11,0,12->13->25->24->29->28->31->30->11,12->13->25->24->29->28->31->30->11,4.463904,inf,0.0,166,166,4.463904,20.110677,32.567626,18.939394,0.0,0.0,0.0,0,166,0.5,0.5,0.0,5,0.0,0.0
Iris,SM,1,MCF_ARC,13,11,1,1,13->25->24->29->28->31->30->11,13->25->24->32->34->1,4.202629,inf,0.0,146,146,3.388584,15.68534,25.472809,12.919897,0.0,0.0,0.0,0,146,0.5,0.5,0.0,5,0.0,0.0
Iris,SM,1,MCF_ARC,14,11,1,1,14->34->33->30->11,14->34->1,3.785814,inf,0.0,130,130,1.637334,15.68534,23.721559,12.919897,0.0,0.0,0.0,0,130,0.5,0.5,0.0,5,0.0,0.0
Iris,SM,1,MCF_ARC,15,11,11,0,15->24->29->28->31->30->11,15->24->29->28->31->30->11,4.78048,inf,0.0,171,171,4.78048,20.110677,32.884202,18.939394,0.0,0.0,0.0,0,171,0.5,0.5,0.0,5,0.0,0.0
Iris,SM,1,MCF_ARC,16,11,11,0,16->15->24->29->28->31->30->11,16->15->24->29->28->31->30->11,5.149388,inf,0.0,179,179,5.149388,20.110677,33.253111,18.939394,0.0,0.0,0.0,0,179,0.5,0.5,0.0,5,0.0,0.0
Iris,SM,1,MCF_ARC,17,11,11,0,17->14->34->33->30->11,17->14->34->33->30->11,4.904255,inf,0.0,196,196,4.904255,20.110677,33.007978,18.939394,0.0,0.0,0.0,0,196,0.5,0.5,0.0,5,0.0,0.0
Iris,SM,1,MCF_ARC,18,10,10,0,18->10,18->10,0.733336,inf,0.0,206,206,0.733336,18.91676,26.620073,16.722408,0.0,0.0,0.0,0,206,0.5,0.5,0.0,5,0.0,0.0
Iris,SM,1,MCF_ARC,19,10,10,0,19->15->16->17->18->10,19->15->16->17->18->10,2.041302,inf,0.0,136,136,2.041302,18.91676,27.928038,16.722408,0.0,0.0,0.0,0,136,0.5,0.5,0.0,5,0.0,0.0
Iris,SM,1,MCF_ARC,20,10,1,1,20->19->15->16->17->18->10,20->19->15->16->17->37->1,2.214612,inf,0.0,90,90,2.050956,15.68534,24.135181,12.919897,0.0,0.0,0.0,0,90,0.5,0.5,0.0,5,0.0,0.0
Iris,SM,1,MCF_ARC,21,10,10,0,21->20->19->15->16->17->18->10,21->20->19->15->16->17->18->10,2.414244,inf,0.0,198,198,2.414244,18.91676,28.30098,16.722408,0.0,0.0,0.0,0,198,0.5,0.5,0.0,5,0.0,0.0
Iris,SM,1,MCF_ARC,22,10,1,1,22->23->11->30->33->34->1->10,22->23->11->30->33->34->1,5.835425,inf,0.0,153,153,5.109456,15.68534,27.193681,12.919897,0.0,0.0,0.0,0,153,0.5,0.5,0.0,5,0.0,0.0
Iris,SM,1,MCF_ARC,23,10,10,0,23->11->30->33->34->1->10,23->11->30->33->34->1->10,5.194571,inf,0.0,171,171,5.194571,18.91676,31.081308,16.722408,0.0,0.0,0.0,0,171,0.5,0.5,0.0,5,0.0,0.0
Iris,SM,1,MCF_ARC,24,9,6,1,24->15->7->6->9,24->15->7->6,4.713951,inf,0.0,188,188,4.300197,20.451796,33.149564,19.685039,0.0,0.0,0.0,0,188,0.5,0.5,0.0,5,0.0,0.0
Iris,SM,1,MCF_ARC,25,9,9,0,25->24->15->7->6->9,25->24->15->7->6->9,4.99124,inf,0.0,159,159,4.99124,19.769558,32.403743,18.248175,0.0,0.0,0.0,0,159,0.5,0.5,0.0,5,0.0,0.0
Iris,SM,1,MCF_ARC,26,9,2,1,26->29->24->15->7->6->9,26->27->24->15->7->2,5.980614,inf,0.0,194,194,4.127249,18.063962,28.723676,15.432099,0.0,0.0,0.0,0,194,0.5,0.5,0.0,5,0.0,0.0
Iris,SM,1,MCF_ARC,27,9,9,0,27->24->15->7->6->9,27->24->15->7->6->9,5.089498,inf,0.0,224,224,5.089498,19.769558,32.502001,18.248175,0.0,0.0,0.0,0,224,0.5,0.5,0.0,5,0.0,0.0
Iris,SM,1,MCF_ARC,28,9,9,0,28->29->24->15->7->6->9,28->29->24->15->7->6->9,5.981842,inf,0.0,185,185,5.981842,19.769558,33.394345,18.248175,0.0,0.0,0.0,0,185.0,0.5,0.5,0.0,5,0.0,0.0
Iris,SM,1,MCF_ARC,29,8,8,0,29->24->15->7->8,29->24->15->7->8,4.336339,inf,0.0,176,176,4.336339,20.584706,33.992471,20.491803,0.0,0.0,0.0,0,176.0,0.5,0.5,0.0,5,0.0,0.0
Iris,SM,1,MCF_ARC,30,8,1,1,30->33->34->1->2->7->8,30->33->34->1,5.234129,inf,0.0,250,250,2.979762,15.68534,25.063987,12.919897,0.0,0.0,0.0,0,250.0,0.5,0.5,0.0,5,0.0,0.0
Iris,SM,1,MCF_ARC,31,8,8,0,31->28->29->24->15->7->8,31->30->33->34->1->2->7->8,5.543847,inf,0.0,207,207,5.483731,20.584706,35.139863,20.491803,0.0,0.0,0.0,0,207,0.5,0.5,0.0,5,0.0,0.0
Iris,SM,1,MCF_ARC,32,8,8,0,32->24->15->7->8,32->34->1->2->7->8,4.529511,inf,0.0,179,179,3.939325,20.584706,33.595457,20.491803,0.0,0.0,0.0,0,179,0.5,0.5,0.0,5,0.0,0.0
Iris,SM,1,MCF_ARC,33,8,2,1,33->34->1->2->7->8,33->34->1->2,4.730873,inf,0.0,144,144,3.470732,18.063962,28.067159,15.432099,0.0,0.0,0.0,0,144.0,0.5,0.5,0.0,5,0.0,0.0
Iris,SM,1,MCF_ARC,34,7,7,0,34->1->2->7,34->1->2->7,2.657667,inf,0.0,208,208,2.657667,20.281236,31.127015,19.305019,0.0,0.0,0.0,0,208.0,0.5,0.5,0.0,5,0.0,0.0
Iris,SM,1,MCF_ARC,35,7,7,0,35->36->1->2->7,35->36->1->2->7,2.657015,inf,0.0,209,209,2.657015,20.281236,31.126363,19.305019,0.0,0.0,0.0,0,209,0.5,0.5,0.0,5,0.0,0.0
Iris,SM,1,MCF_ARC,36,7,7,0,36->1->2->7,36->1->2->7,2.415987,inf,0.0,197,197,2.415987,20.281236,30.885334,19.305019,0.0,0.0,0.0,0,197,0.5,0.5,0.0,5,0.0,0.0
Iris,SM,1,MCF_ARC,37,7,2,1,37->1->2->7,37->1->2,2.084517,inf,0.0,191,191,1.454249,18.063962,26.050676,15.432099,0.0,0.0,0.0,0,191,0.5,0.5,0.0,5,0.0,0.0
Iris,SM,1,MCF_ARC,38,7,7,0,38->30->33->34->1->2->7,38->30->33->34->1->2->7,5.026497,inf,0.0,142,142,5.026497,20.281236,33.495845,19.305019,0.0,0.0,0.0,0,142,0.5,0.5,0.0,5,0.0,0.0
Iris,SM,1,MCF_ARC,39,6,5,1,39->33->34->1->2->7->6,39->33->34->1->2->7->8->5,5.792176,inf,0.0,214,214,5.379162,20.330018,33.998743,19.455253,0.0,0.0,0.0,0,214,0.5,0.5,0.0,5,0.0,0.0
Iris,SM,1,MCF_ARC,40,6,6,0,40->39->33->34->1->2->7->6,40->39->33->34->1->2->7->6,5.926344,inf,0.0,156,156,5.926344,20.451796,34.775711,19.685039,0.0,0.0,0.0,0,156,0.5,0.5,0.0,5,0.0,0.0
Iris,SM,1,MCF_ARC,41,6,9,1,41->40->39->33->34->1->2->7->6,41->40->39->33->34->1->2->7->6->9,6.051484,inf,0.0,172,172,6.465239,19.769558,33.877743,18.248175,0.0,0.0,0.0,0,172,0.5,0.5,0.0,5,0.0,0.0
Iris,SM,1,MCF_ARC,42,6,6,0,42->3->4->1->2->7->6,42->3->4->1->2->7->6,4.108771,inf,0.0,161,161,4.108771,20.451796,32.958138,19.685039,0.0,0.0,0.0,0,161,0.5,0.5,0.0,5,0.0,0.0
Iris,SM,1,MCF_ARC,43,6,6,0,43->3->4->1->2->7->6,43->3->4->1->2->7->6,4.128529,inf,0.0,165,165,4.128529,20.451796,32.977896,19.685039,0.0,0.0,0.0,0,165,0.5,0.5,0.0,5,0.0,0.0
Iris,SM,1,MCF_ARC,44,5,2,1,44->50->49->48->33->34->1->2->7->8->5,44->50->49->48->33->34->1->2,6.689126,inf,0.0,138,138,5.007921,18.063962,29.604349,15.432099,0.0,0.0,0.0,0,138,0.5,0.5,0.0,5,0.0,0.0
Iris,SM,1,MCF_ARC,45,5,8,1,45->46->47->48->33->34->1->2->7->8->5,45->46->47->48->33->34->1->2->7->8,6.608545,inf,0.0,182,182,6.187481,20.584706,35.843612,20.491803,0.0,0.0,0.0,0,182,0.5,0.5,0.0,5,0.0,0.0
Iris,SM,1,MCF_ARC,46,5,5,0,46->47->48->33->34->1->2->7->8->5,46->47->48->33->34->1->2->7->8->5,6.093173,inf,0.0,213,213,6.093173,20.330018,34.712754,19.455253,0.0,0.0,0.0,0,213,0.5,0.5,0.0,5,0.0,0.0
Iris,SM,1,MCF_ARC,47,5,5,0,47->48->33->34->1->2->7->8->5,47->48->33->34->1->2->7->8->5,5.887185,inf,0.0,159,159,5.887185,20.330018,34.506767,19.455253,0.0,0.0,0.0,0,159,0.5,0.5,0.0,5,0.0,0.0
Iris,SM,1,MCF_ARC,48,5,5,0,48->33->34->1->2->7->8->5,48->33->34->1->2->7->8->5,5.508199,inf,0.0,164,164,5.508199,20.330018,34.127781,19.455253,0.0,0.0,0.0,0,164.0,0.5,0.5,0.0,5,0.0,0.0
Iris,SM,1,MCF_ARC,49,4,4,0,49->48->33->34->1->4,49->48->33->34->1->4,3.465247,16.969853,0.0,187,187,3.465247,4.419759,16.969853,4.340278,0.0,0.0,0.0,0,187,0.5,0.5,0.0,5,0.0,0.0
Iris,SM,1,MCF_ARC,50,4,4,0,50->49->48->33->34->1->4,50->49->48->33->34->1->4,3.807561,17.312167,0.0,227,227,3.807561,4.419759,17.312167,4.340278,0.0,0.0,0.0,0,227,0.5,0.5,0.0,5,0.0,0.0
Iris,SM,1,MCF_ARC,51,4,4,0,51->3->4,51->3->4,0.643678,14.148284,0.0,196,196,0.643678,4.419759,14.148284,4.340278,0.0,0.0,0.0,0,196,0.5,0.5,0.0,5,0.0,0.0
Iris,SM,2,B1,1,1,1,0,1,,0.0,10.241218,0.0,153,153,0.0,86.206897,95.371225,86.206897,0.0,0.0,0.0,0,153.0,0.5,0.5,0.0,5,0.0,0.0
Iris,SM,2,B1,2,2,2,0,2,,0.0,10.437565,0.0,205,205,0.0,13.44086,22.605189,13.44086,0.0,0.0,0.0,0,205,0.5,0.5,0.0,5,0.0,0.0
Iris,SM,2,B1,3,3,3,0,3,,0.0,10.393434,0.0,176,176,0.0,1.229105,10.393434,1.229105,0.0,0.0,0.0,0,176,0.5,0.5,0.0,5,0.0,0.0
Iris,SM,2,B1,4,4,4,0,4,,0.0,10.665379,0.0,192,192,0.0,1.501051,10.665379,1.501051,0.0,0.0,0.0,0,192.0,0.5,0.5,0.0,5,0.0,0.0
Iris,SM,2,B1,5,5,5,0,5,,0.0,inf,0.0,160,160,0.0,714.285714,723.450043,714.285714,0.0,0.0,0.0,0,160,0.5,0.5,0.0,5,0.0,0.0
Iris,SM,2,B1,6,6,9,1,6,,0.0,inf,0.0,202,202,0.413755,31.64557,41.223653,31.64557,0.0,0.0,0.0,0,202,0.5,0.5,0.0,5,0.0,0.0
Iris,SM,2,B1,7,7,7,0,7,,0.0,inf,0.0,204,204,0.0,131.578947,140.743276,131.578947,0.0,0.0,0.0,0,204,0.5,0.5,0.0,5,0.0,0.0
Iris,SM,2,B1,8,8,8,0,8,,0.0,inf,0.0,175,175,0.0,1666.666667,1675.830995,1666.666667,0.0,0.0,0.0,0,175,0.5,0.5,0.0,5,0.0,0.0
Iris,SM,2,B1,9,9,9,0,9,,0.0,inf,0.0,209,209,0.0,31.64557,40.809898,31.64557,0.0,0.0,0.0,0,209,0.5,0.5,0.0,5,0.0,0.0
Iris,SM,2,B1,10,10,10,0,10,,0.0,inf,0.0,179,179,0.0,12.787724,21.952052,12.787724,0.0,0.0,0.0,0,179,0.5,0.5,0.0,5,0.0,0.0
Iris,SM,2,B1,11,11,11,0,11,,0.0,inf,0.0,220,220,0.0,60.240964,69.405292,60.240964,0.0,0.0,0.0,0,220,0.5,0.5,0.0,5,0.0,0.0
Iris,SM,2,B1,12,11,11,0,12->13->25->24->29->28->31->30->11,,4.463904,inf,0.0,188,188,4.463904,60.240964,73.869196,60.240964,0.0,0.0,0.0,0,188,0.5,0.5,0.0,5,0.0,0.0
Iris,SM,2,B1,13,11,11,0,13->25->24->29->28->31->30->11,,4.202629,inf,0.0,181,181,4.202629,60.240964,73.607921,60.240964,0.0,0.0,0.0,0,181,0.5,0.5,0.0,5,0.0,0.0
Iris,SM,2,B1,14,11,11,0,14->34->33->30->11,,3.785814,inf,0.0,211,211,3.785814,60.240964,73.191107,60.240964,0.0,0.0,0.0,0,211,0.5,0.5,0.0,5,0.0,0.0
Iris,SM,2,B1,15,11,11,0,15->24->29->28->31->30->11,,4.78048,inf,0.0,173,173,4.78048,60.240964,74.185772,60.240964,0.0,0.0,0.0,0,173,0.5,0.5,0.0,5,0.0,0.0
Iris,SM,2,B1,16,11,1,1,16->17->14->34->33->30->11,,5.326914,inf,0.0,200,200,1.275827,86.206897,96.647052,86.206897,0.0,0.0,0.0,0,200,0.5,0.5,0.0,5,0.0,0.0
Iris,SM,2,B1,17,10,10,0,17->18->10,,1.016824,inf,0.0,185,185,1.016824,12.787724,22.968877,12.787724,0.0,0.0,0.0,0,185,0.5,0.5,0.0,5,0.0,0.0
Iris,SM,2,B1,18,10,10,0,18->10,,0.733336,inf,0.0,186,186,0.733336,12.787724,22.685388,12.787724,0.0,0.0,0.0,0,186,0.5,0.5,0.0,5,0.0,0.0
Iris,SM,2,B1,19,10,10,0,19->15->16->17->18->10,,2.041302,inf,0.0,207,207,2.041302,12.787724,23.993354,12.787724,0.0,0.0,0.0,0,207,0.5,0.5,0.0,5,0.0,0.0
Iris,SM,2,B1,20,10,1,1,20->19->15->16->17->18->10,,2.214612,inf,0.0,127,127,2.050956,86.206897,97.422181,86.206897,0.0,0.0,0.0,0,127,0.5,0.5,0.0,5,0.0,0.0
Iris,SM,2,B1,21,10,10,0,21->20->19->15->16->17->18->10,,2.414244,inf,0.0,216,216,2.414244,12.787724,24.366296,12.787724,0.0,0.0,0.0,0,216,0.5,0.5,0.0,5,0.0,0.0
Iris,SM,2,B1,22,10,1,1,22->23->11->30->33->34->1->10,,5.835425,inf,0.0,184,184,5.109456,86.206897,100.480681,86.206897,0.0,0.0,0.0,0,184,0.5,0.5,0.0,5,0.0,0.0
Iris,SM,2,B1,23,9,6,1,23->11->30->33->34->1->2->7->6->9,,7.970802,inf,0.0,168,168,7.557047,454.545455,471.26683,454.545455,0.0,0.0,0.0,0,168,0.5,0.5,0.0,5,0.0,0.0
Iris,SM,2,B1,24,9,9,0,24->15->7->6->9,,4.713951,inf,0.0,184,184,4.713951,31.64557,45.523849,31.64557,0.0,0.0,0.0,0,184,0.5,0.5,0.0,5,0.0,0.0
Iris,SM,2,B1,25,9,9,0,25->24->15->7->6->9,,4.99124,inf,0.0,171,171,4.99124,31.64557,45.801138,31.64557,0.0,0.0,0.0,0,171,0.5,0.5,0.0,5,0.0,0.0
Iris,SM,2,B1,26,9,6,1,26->29->24->15->7->6->9,,5.980614,inf,0.0,177,177,4.960932,454.545455,468.670715,454.545455,0.0,0.0,0.0,0,177,0.5,0.5,0.0,5,0.0,0.0
Iris,SM,2,B1,27,9,9,0,27->24->15->7->6->9,,5.089498,inf,0.0,196,196,5.089498,31.64557,45.899396,31.64557,0.0,0.0,0.0,0,196,0.5,0.5,0.0,5,0.0,0.0
Iris,SM,2,B1,28,8,5,1,28->29->24->15->7->8,,4.734009,inf,0.0,146,146,5.155073,714.285714,728.605116,714.285714,0.0,0.0,0.0,0,146.0,0.5,0.5,0.0,5,0.0,0.0
Iris,SM,2,B1,29,8,7,1,29->24->15->7->8,,4.336339,inf,0.0,196,196,3.706467,131.578947,144.449743,131.578947,0.0,0.0,0.0,0,196.0,0.5,0.5,0.0,5,0.0,0.0
Iris,SM,2,B1,30,9,6,1,30->33->34->1->2->7->6->9,,6.481962,inf,0.0,134,134,6.068207,454.545455,469.77799,454.545455,0.0,0.0,0.0,0,134.0,0.5,0.5,0.0,5,0.0,0.0
Iris,SM,2,B1,31,8,8,0,31->28->29->24->15->7->8,,5.543847,inf,0.0,172,172,5.483731,1666.666667,1681.314726,1666.666667,0.0,0.0,0.0,0,172,0.5,0.5,0.0,5,0.0,0.0
Iris,SM,2,B1,32,8,1,1,32->24->15->7->8,,4.529511,inf,0.0,210,210,1.684958,86.206897,97.056183,86.206897,0.0,0.0,0.0,0,210,0.5,0.5,0.0,5,0.0,0.0
Iris,SM,2,B1,33,8,8,0,33->34->1->2->7->8,,4.730873,inf,0.0,169,169,4.730873,1666.666667,1680.561868,1666.666667,0.0,0.0,0.0,0,169.0,0.5,0.5,0.0,5,0.0,0.0
Iris,SM,2,B1,34,7,7,0,34->1->2->7,,2.657667,inf,0.0,193,193,2.657667,131.578947,143.400943,131.578947,0.0,0.0,0.0,0,193.0,0.5,0.5,0.0,5,0.0,0.0
Iris,SM,2,B1,35,7,7,0,35->36->1->2->7,,2.657015,inf,0.0,191,191,2.657015,131.578947,143.400291,131.578947,0.0,0.0,0.0,0,191,0.5,0.5,0.0,5,0.0,0.0
Iris,SM,2,B1,36,8,8,0,36->1->2->7->8,,3.045859,inf,0.0,122,122,3.045859,1666.666667,1678.876854,1666.666667,0.0,0.0,0.0,0,122,0.5,0.5,0.0,5,0.0,0.0
Iris,SM,2,B1,37,7,7,0,37->1->2->7,,2.084517,inf,0.0,202,202,2.084517,131.578947,142.827792,131.578947,0.0,0.0,0.0,0,202,0.5,0.5,0.0,5,0.0,0.0
Iris,SM,2,B1,38,7,1,1,38->30->33->34->1->2->7,,5.026497,inf,0.0,196,196,3.402002,86.206897,98.773227,86.206897,0.0,0.0,0.0,0,196,0.5,0.5,0.0,5,0.0,0.0
Iris,SM,2,B1,39,7,2,1,39->33->34->1->2->7,,4.328225,inf,0.0,238,238,3.697957,13.44086,26.303146,13.44086,0.0,0.0,0.0,0,238,0.5,0.5,0.0,5,0.0,0.0
Iris,SM,2,B1,40,6,6,0,40->39->33->34->1->2->7->6,,5.926344,inf,0.0,167,167,5.926344,454.545455,469.636127,454.545455,0.0,0.0,0.0,0,167,0.5,0.5,0.0,5,0.0,0.0
Iris,SM,2,B1,41,6,6,0,41->40->39->33->34->1->2->7->6,,6.051484,inf,0.0,173,173,6.051484,454.545455,469.761267,454.545455,0.0,0.0,0.0,0,173,0.5,0.5,0.0,5,0.0,0.0
Iris,SM,2,B1,42,6,2,1,42->3->4->1->2->7->6,,4.108771,inf,0.0,215,215,2.014552,13.44086,24.619741,13.44086,0.0,0.0,0.0,0,215,0.5,0.5,0.0,5,0.0,0.0
Iris,SM,2,B1,43,6,6,0,43->3->4->1->2->7->6,,4.128529,inf,0.0,198,198,4.128529,454.545455,467.838312,454.545455,0.0,0.0,0.0,0,198,0.5,0.5,0.0,5,0.0,0.0
Iris,SM,2,B1,44,6,2,1,44->50->49->48->33->34->1->2->7->6,,7.10214,inf,0.0,258,258,5.007921,13.44086,27.61311,13.44086,0.0,0.0,0.0,0,258,0.5,0.5,0.0,5,0.0,0.0
Iris,SM,2,B1,45,5,5,0,45->46->47->48->33->34->1->2->7->8->5,,6.608545,inf,0.0,173,173,6.608545,714.285714,730.058588,714.285714,0.0,0.0,0.0,0,173,0.5,0.5,0.0,5,0.0,0.0
Iris,SM,2,B1,46,5,8,1,46->38->30->33->34->1->2->7->8->5,,6.580527,inf,0.0,166,166,5.672109,1666.666667,1681.503104,1666.666667,0.0,0.0,0.0,0,166,0.5,0.5,0.0,5,0.0,0.0
Iris,SM,2,B1,47,5,5,0,47->48->33->34->1->2->7->8->5,,5.887185,inf,0.0,165,165,5.887185,714.285714,729.337228,714.285714,0.0,0.0,0.0,0,165,0.5,0.5,0.0,5,0.0,0.0
Iris,SM,2,B1,48,5,8,1,48->33->34->1->2->7->8->5,,5.508199,inf,0.0,185,185,5.087135,1666.666667,1680.91813,1666.666667,0.0,0.0,0.0,0,185.0,0.5,0.5,0.0,5,0.0,0.0
Iris,SM,2,B1,49,5,5,0,49->48->33->34->1->2->7->8->5,,5.763421,inf,0.0,164,164,5.763421,714.285714,729.213464,714.285714,0.0,0.0,0.0,0,164,0.5,0.5,0.0,5,0.0,0.0
Iris,SM,2,B1,50,5,5,0,50->49->48->33->34->1->2->7->8->5,,6.105735,inf,0.0,181,181,6.105735,714.285714,729.555778,714.285714,0.0,0.0,0.0,0,181,0.5,0.5,0.0,5,0.0,0.0
Iris,SM,2,B1,51,4,4,0,51->3->4,,0.643678,11.309057,0.0,161,161,0.643678,1.501051,11.309057,1.501051,0.0,0.0,0.0,0,161,0.5,0.5,0.0,5,0.0,0.0
Iris,SM,2,B3,1,1,1,0,1,1,0.0,10.241218,0.0,153,153,0.0,inf,inf,inf,0.0,0.0,0.0,0,153.0,0.5,0.5,0.0,5,0.0,0.0
Iris,SM,2,B3,2,2,2,0,2,2,0.0,10.437565,0.0,205,205,0.0,2.051703,11.216031,2.051703,0.0,0.0,0.0,0,205,0.5,0.5,0.0,5,0.0,0.0
Iris,SM,2,B3,3,3,3,0,3,3,0.0,10.393434,0.0,176,176,0.0,inf,inf,inf,0.0,0.0,0.0,0,176,0.5,0.5,0.0,5,0.0,0.0
Iris,SM,2,B3,4,4,4,0,4,4,0.0,10.665379,0.0,192,192,0.0,1.501051,10.665379,1.501051,0.0,0.0,0.0,0,192.0,0.5,0.5,0.0,5,0.0,0.0
Iris,SM,2,B3,5,5,5,0,5,5,0.0,inf,0.0,160,160,0.0,6.877579,16.041907,6.877579,0.0,0.0,0.0,0,160,0.5,0.5,0.0,5,0.0,0.0
Iris,SM,2,B3,6,6,6,0,6,6,0.0,inf,0.0,202,202,0.0,4.32526,13.489588,4.32526,0.0,0.0,0.0,0,202,0.5,0.5,0.0,5,0.0,0.0
Iris,SM,2,B3,7,7,7,0,7,7,0.0,inf,0.0,204,204,0.0,5.035247,14.199575,5.035247,0.0,0.0,0.0,0,204,0.5,0.5,0.0,5,0.0,0.0
Iris,SM,2,B3,8,8,8,0,8,8,0.0,inf,0.0,175,175,0.0,7.062147,16.226475,7.062147,0.0,0.0,0.0,0,175,0.5,0.5,0.0,5,0.0,0.0
Iris,SM,2,B3,9,9,9,0,9,9,0.0,inf,0.0,209,209,0.0,3.272251,12.43658,3.272251,0.0,0.0,0.0,0,209,0.5,0.5,0.0,5,0.0,0.0
Iris,SM,2,B3,10,10,10,0,10,10,0.0,inf,0.0,179,179,0.0,3.399048,12.563377,3.399048,0.0,0.0,0.0,0,179,0.5,0.5,0.0,5,0.0,0.0
Iris,SM,2,B3,11,11,11,0,11,11,0.0,inf,0.0,220,220,0.0,4.793864,13.958192,4.793864,0.0,0.0,0.0,0,220,0.5,0.5,0.0,5,0.0,0.0
Iris,SM,2,B3,12,11,11,0,12->13->25->24->29->28->31->30->11,12->13->25->24->29->28->31->30->11,4.463904,inf,0.0,188,188,4.463904,4.793864,18.422096,4.793864,0.0,0.0,0.0,0,188,0.5,0.5,0.0,5,0.0,0.0
Iris,SM,2,B3,13,11,1,1,13->25->24->29->28->31->30->11,13->12->21->20->19->15->16->17->37->1,4.202629,inf,0.0,181,181,3.033318,inf,inf,inf,0.0,0.0,0.0,0,181,0.5,0.5,0.0,5,0.0,0.0
Iris,SM,2,B3,14,11,3,1,14->34->33->30->11,14->35->36->1->4->3,3.785814,inf,0.0,211,211,2.13216,inf,inf,inf,0.0,0.0,0.0,0,211,0.5,0.5,0.0,5,0.0,0.0
Iris,SM,2,B3,15,11,11,0,15->24->29->28->31->30->11,15->24->29->28->31->30->11,4.78048,inf,0.0,173,173,4.78048,4.793864,18.738672,4.793864,0.0,0.0,0.0,0,173,0.5,0.5,0.0,5,0.0,0.0
Iris,SM,2,B3,16,11,11,0,16->17->14->34->33->30->11,16->15->24->29->28->31->30->11,5.326914,inf,0.0,200,200,5.149388,4.793864,19.10758,4.793864,0.0,0.0,0.0,0,200,0.5,0.5,0.0,5,0.0,0.0
Iris,SM,2,B3,17,10,10,0,17->18->10,17->18->10,1.016824,inf,0.0,185,185,1.016824,3.399048,13.580201,3.399048,0.0,0.0,0.0,0,185,0.5,0.5,0.0,5,0.0,0.0
Iris,SM,2,B3,18,10,10,0,18->10,18->10,0.733336,inf,0.0,186,186,0.733336,3.399048,13.296713,3.399048,0.0,0.0,0.0,0,186,0.5,0.5,0.0,5,0.0,0.0
Iris,SM,2,B3,19,10,10,0,19->15->16->17->18->10,19->15->16->17->18->10,2.041302,inf,0.0,207,207,2.041302,3.399048,14.604679,3.399048,0.0,0.0,0.0,0,207,0.5,0.5,0.0,5,0.0,0.0
Iris,SM,2,B3,20,10,2,1,20->19->15->16->17->18->10,20->19->15->7->2,2.214612,inf,0.0,127,127,2.65465,2.051703,13.870681,2.051703,0.0,0.0,0.0,0,127,0.5,0.5,0.0,5,0.0,0.0
Iris,SM,2,B3,21,10,3,1,21->20->19->15->16->17->18->10,21->20->19->15->16->17->37->1->4->3,2.414244,inf,0.0,216,216,2.924432,inf,inf,inf,0.0,0.0,0.0,0,216,0.5,0.5,0.0,5,0.0,0.0
Iris,SM,2,B3,22,10,1,1,22->23->11->30->33->34->1->10,22->23->11->30->33->34->1,5.835425,inf,0.0,184,184,5.109456,inf,inf,inf,0.0,0.0,0.0,0,184,0.5,0.5,0.0,5,0.0,0.0
Iris,SM,2,B3,23,9,9,0,23->11->30->33->34->1->2->7->6->9,23->11->30->33->34->1->2->7->6->9,7.970802,inf,0.0,168,168,7.970802,3.272251,20.407382,3.272251,0.0,0.0,0.0,0,168,0.5,0.5,0.0,5,0.0,0.0
Iris,SM,2,B3,24,9,1,1,24->15->7->6->9,24->27->14->35->36->1,4.713951,inf,0.0,184,184,2.551419,inf,inf,inf,0.0,0.0,0.0,0,184,0.5,0.5,0.0,5,0.0,0.0
Iris,SM,2,B3,25,9,2,1,25->24->15->7->6->9,25->24->15->7->2,4.99124,inf,0.0,171,171,3.743802,2.051703,14.959834,2.051703,0.0,0.0,0.0,0,171,0.5,0.5,0.0,5,0.0,0.0
Iris,SM,2,B3,26,9,9,0,26->29->24->15->7->6->9,26->27->24->15->7->6->9,5.980614,inf,0.0,177,177,5.374687,3.272251,17.811266,3.272251,0.0,0.0,0.0,0,177,0.5,0.5,0.0,5,0.0,0.0
Iris,SM,2,B3,27,9,3,1,27->24->15->7->6->9,27->14->35->36->1->4->3,5.089498,inf,0.0,196,196,2.849717,inf,inf,inf,0.0,0.0,0.0,0,196,0.5,0.5,0.0,5,0.0,0.0
Iris,SM,2,B3,28,8,3,1,28->29->24->15->7->8,28->29->26->27->14->35->36->1->4->3,4.734009,inf,0.0,146,146,3.929017,inf,inf,inf,0.0,0.0,0.0,0,146.0,0.5,0.5,0.0,5,0.0,0.0
Iris,SM,2,B3,29,8,1,1,29->24->15->7->8,29->26->27->14->35->36->1,4.336339,inf,0.0,196,196,2.857503,inf,inf,inf,0.0,0.0,0.0,0,196.0,0.5,0.5,0.0,5,0.0,0.0
Iris,SM,2,B3,30,9,9,0,30->33->34->1->2->7->6->9,30->33->34->1->2->7->6->9,6.481962,inf,0.0,134,134,6.481962,3.272251,18.918542,3.272251,0.0,0.0,0.0,0,134.0,0.5,0.5,0.0,5,0.0,0.0
Iris,SM,2,B3,31,8,8,0,31->28->29->24->15->7->8,31->30->33->34->1->2->7->8,5.543847,inf,0.0,172,172,5.483731,7.062147,21.710207,7.062147,0.0,0.0,0.0,0,172,0.5,0.5,0.0,5,0.0,0.0
Iris,SM,2,B3,32,8,8,0,32->24->15->7->8,32->34->1->2->7->8,4.529511,inf,0.0,210,210,3.939325,7.062147,20.165801,7.062147,0.0,0.0,0.0,0,210,0.5,0.5,0.0,5,0.0,0.0
Iris,SM,2,B3,33,8,8,0,33->34->1->2->7->8,33->34->1->2->7->8,4.730873,inf,0.0,169,169,4.730873,7.062147,20.957348,7.062147,0.0,0.0,0.0,0,169.0,0.5,0.5,0.0,5,0.0,0.0
Iris,SM,2,B3,34,7,7,0,34->1->2->7,34->1->2->7,2.657667,inf,0.0,193,193,2.657667,5.035247,16.857243,5.035247,0.0,0.0,0.0,0,193.0,0.5,0.5,0.0,5,0.0,0.0
Iris,SM,2,B3,35,7,3,1,35->36->1->2->7,35->36->1->4->3,2.657015,inf,0.0,191,191,1.706365,inf,inf,inf,0.0,0.0,0.0,0,191,0.5,0.5,0.0,5,0.0,0.0
Iris,SM,2,B3,36,8,8,0,36->1->2->7->8,36->1->2->7->8,3.045859,inf,0.0,122,122,3.045859,7.062147,19.272334,7.062147,0.0,0.0,0.0,0,122,0.5,0.5,0.0,5,0.0,0.0
Iris,SM,2,B3,37,7,7,0,37->1->2->7,37->1->2->7,2.084517,inf,0.0,202,202,2.084517,5.035247,16.284092,5.035247,0.0,0.0,0.0,0,202,0.5,0.5,0.0,5,0.0,0.0
Iris,SM,2,B3,38,7,7,0,38->30->33->34->1->2->7,38->30->33->34->1->2->7,5.026497,inf,0.0,196,196,5.026497,5.035247,19.226072,5.035247,0.0,0.0,0.0,0,196,0.5,0.5,0.0,5,0.0,0.0
Iris,SM,2,B3,39,7,1,1,39->33->34->1->2->7,39->33->34->1,4.328225,inf,0.0,238,238,2.70373,inf,inf,inf,0.0,0.0,0.0,0,238,0.5,0.5,0.0,5,0.0,0.0
Iris,SM,2,B3,40,6,3,1,40->39->33->34->1->2->7->6,40->39->33->34->1->4->3,5.926344,inf,0.0,167,167,3.511743,inf,inf,inf,0.0,0.0,0.0,0,167,0.5,0.5,0.0,5,0.0,0.0
Iris,SM,2,B3,41,6,6,0,41->40->39->33->34->1->2->7->6,41->40->39->33->34->1->2->7->6,6.051484,inf,0.0,173,173,6.051484,4.32526,19.541072,4.32526,0.0,0.0,0.0,0,173,0.5,0.5,0.0,5,0.0,0.0
Iris,SM,2,B3,42,6,6,0,42->3->4->1->2->7->6,42->3->4->1->2->7->6,4.108771,inf,0.0,215,215,4.108771,4.32526,17.598359,4.32526,0.0,0.0,0.0,0,215,0.5,0.5,0.0,5,0.0,0.0
Iris,SM,2,B3,43,6,6,0,43->3->4->1->2->7->6,43->3->4->1->2->7->6,4.128529,inf,0.0,198,198,4.128529,4.32526,17.618117,4.32526,0.0,0.0,0.0,0,198,0.5,0.5,0.0,5,0.0,0.0
Iris,SM,2,B3,44,6,1,1,44->50->49->48->33->34->1->2->7->6,44->50->49->48->33->34->1,7.10214,inf,0.0,258,258,4.013694,inf,inf,inf,0.0,0.0,0.0,0,258,0.5,0.5,0.0,5,0.0,0.0
Iris,SM,2,B3,45,5,5,0,45->46->47->48->33->34->1->2->7->8->5,45->46->47->48->33->34->1->2->7->8->5,6.608545,inf,0.0,173,173,6.608545,6.877579,22.650452,6.877579,0.0,0.0,0.0,0,173,0.5,0.5,0.0,5,0.0,0.0
Iris,SM,2,B3,46,5,5,0,46->38->30->33->34->1->2->7->8->5,46->47->48->33->34->1->2->7->8->5,6.580527,inf,0.0,166,166,6.093173,6.877579,22.13508,6.877579,0.0,0.0,0.0,0,166,0.5,0.5,0.0,5,0.0,0.0
Iris,SM,2,B3,47,5,5,0,47->48->33->34->1->2->7->8->5,47->48->33->34->1->2->7->8->5,5.887185,inf,0.0,165,165,5.887185,6.877579,21.929093,6.877579,0.0,0.0,0.0,0,165,0.5,0.5,0.0,5,0.0,0.0
Iris,SM,2,B3,48,5,1,1,48->33->34->1->2->7->8->5,48->33->34->1,5.508199,inf,0.0,185,185,2.832768,inf,inf,inf,0.0,0.0,0.0,0,185.0,0.5,0.5,0.0,5,0.0,0.0
Iris,SM,2,B3,49,5,3,1,49->48->33->34->1->2->7->8->5,49->48->33->34->1->4->3,5.763421,inf,0.0,164,164,3.761835,inf,inf,inf,0.0,0.0,0.0,0,164,0.5,0.5,0.0,5,0.0,0.0
Iris,SM,2,B3,50,5,5,0,50->49->48->33->34->1->2->7->8->5,50->49->48->33->34->1->2->7->8->5,6.105735,inf,0.0,181,181,6.105735,6.877579,22.147642,6.877579,0.0,0.0,0.0,0,181,0.5,0.5,0.0,5,0.0,0.0
Iris,SM,2,B3,51,4,4,0,51->3->4,51->3->4,0.643678,11.309057,0.0,161,161,0.643678,1.501051,11.309057,1.501051,0.0,0.0,0.0,0,161,0.5,0.5,0.0,5,0.0,0.0
Iris,SM,2,MCF_ARC,1,1,1,0,1,1,0.0,10.241218,0.0,153,153,0.0,16.039877,22.938433,13.774105,0.0,0.0,0.0,0,153.0,0.5,0.5,0.0,5,0.0,0.0
Iris,SM,2,MCF_ARC,2,2,2,0,2,2,0.0,10.437565,0.0,205,205,0.0,19.739239,28.248298,19.083969,0.0,0.0,0.0,0,205,0.5,0.5,0.0,5,0.0,0.0
Iris,SM,2,MCF_ARC,3,3,3,0,3,3,0.0,10.393434,0.0,176,176,0.0,1.231335,10.393434,1.229105,0.0,0.0,0.0,0,176,0.5,0.5,0.0,5,0.0,0.0
Iris,SM,2,MCF_ARC,4,4,4,0,4,4,0.0,10.665379,0.0,192,192,0.0,4.422413,13.508377,4.344049,0.0,0.0,0.0,0,192.0,0.5,0.5,0.0,5,0.0,0.0
Iris,SM,2,MCF_ARC,5,5,5,0,5,5,0.0,inf,0.0,160,160,0.0,15.950719,22.253334,13.089005,0.0,0.0,0.0,0,160,0.5,0.5,0.0,5,0.0,0.0
Iris,SM,2,MCF_ARC,6,6,6,0,6,6,0.0,inf,0.0,202,202,0.0,19.58746,28.695578,19.53125,0.0,0.0,0.0,0,202,0.5,0.5,0.0,5,0.0,0.0
Iris,SM,2,MCF_ARC,7,7,7,0,7,7,0.0,inf,0.0,204,204,0.0,19.984532,28.927174,19.762846,0.0,0.0,0.0,0,204,0.5,0.5,0.0,5,0.0,0.0
Iris,SM,2,MCF_ARC,8,8,8,0,8,8,0.0,inf,0.0,175,175,0.0,19.874992,28.544173,19.379845,0.0,0.0,0.0,0,175,0.5,0.5,0.0,5,0.0,0.0
Iris,SM,2,MCF_ARC,9,9,9,0,9,9,0.0,inf,0.0,209,209,0.0,19.043493,26.832173,17.667845,0.0,0.0,0.0,0,209,0.5,0.5,0.0,5,0.0,0.0
Iris,SM,2,MCF_ARC,10,10,10,0,10,10,0.0,inf,0.0,179,179,0.0,15.433126,21.952052,12.787724,0.0,0.0,0.0,0,179,0.5,0.5,0.0,5,0.0,0.0
Iris,SM,2,MCF_ARC,11,11,11,0,11,11,0.0,inf,0.0,220,220,0.0,6.200074,15.025993,5.861665,0.0,0.0,0.0,0,220,0.5,0.5,0.0,5,0.0,0.0
Iris,SM,2,MCF_ARC,12,11,11,0,12->13->25->24->29->28->31->30->11,12->13->25->24->29->28->31->30->11,4.463904,inf,0.0,188,188,4.463904,6.200074,19.489897,5.861665,0.0,0.0,0.0,0,188,0.5,0.5,0.0,5,0.0,0.0
Iris,SM,2,MCF_ARC,13,11,1,1,13->25->24->29->28->31->30->11,13->25->24->27->14->34->1,4.202629,inf,0.0,181,181,3.370672,16.039877,26.309105,13.774105,0.0,0.0,0.0,0,181,0.5,0.5,0.0,5,0.0,0.0
Iris,SM,2,MCF_ARC,14,11,11,0,14->34->33->30->11,14->34->33->30->11,3.785814,inf,0.0,211,211,3.785814,6.200074,18.811808,5.861665,0.0,0.0,0.0,0,211,0.5,0.5,0.0,5,0.0,0.0
Iris,SM,2,MCF_ARC,15,11,1,1,15->24->29->28->31->30->11,15->16->17->18->10->1,4.78048,inf,0.0,173,173,2.534361,16.039877,25.472794,13.774105,0.0,0.0,0.0,0,173,0.5,0.5,0.0,5,0.0,0.0
Iris,SM,2,MCF_ARC,16,11,11,0,16->17->14->34->33->30->11,16->15->24->29->28->31->30->11,5.326914,inf,0.0,200,200,5.149388,6.200074,20.175381,5.861665,0.0,0.0,0.0,0,200,0.5,0.5,0.0,5,0.0,0.0
Iris,SM,2,MCF_ARC,17,10,10,0,17->18->10,17->18->10,1.016824,inf,0.0,185,185,1.016824,15.433126,22.968877,12.787724,0.0,0.0,0.0,0,185,0.5,0.5,0.0,5,0.0,0.0
Iris,SM,2,MCF_ARC,18,10,10,0,18->10,18->10,0.733336,inf,0.0,186,186,0.733336,15.433126,22.685388,12.787724,0.0,0.0,0.0,0,186,0.5,0.5,0.0,5,0.0,0.0
Iris,SM,2,MCF_ARC,19,10,10,0,19->15->16->17->18->10,19->15->16->17->18->10,2.041302,inf,0.0,207,207,2.041302,15.433126,23.993354,12.787724,0.0,0.0,0.0,0,207,0.5,0.5,0.0,5,0.0,0.0
Iris,SM,2,MCF_ARC,20,10,1,1,20->19->15->16->17->18->10,20->19->15->16->17->37->1,2.214612,inf,0.0,127,127,2.050956,16.039877,24.989389,13.774105,0.0,0.0,0.0,0,127,0.5,0.5,0.0,5,0.0,0.0
Iris,SM,2,MCF_ARC,21,10,10,0,21->20->19->15->16->17->18->10,21->20->19->15->16->17->18->10,2.414244,inf,0.0,216,216,2.414244,15.433126,24.366296,12.787724,0.0,0.0,0.0,0,216,0.5,0.5,0.0,5,0.0,0.0
Iris,SM,2,MCF_ARC,22,10,1,1,22->23->11->30->33->34->1->10,22->23->11->30->33->34->1,5.835425,inf,0.0,184,184,5.109456,16.039877,28.047889,13.774105,0.0,0.0,0.0,0,184,0.5,0.5,0.0,5,0.0,0.0
Iris,SM,2,MCF_ARC,23,9,6,1,23->11->30->33->34->1->2->7->6->9,23->11->30->33->34->1->2->7->6,7.970802,inf,0.0,168,168,7.557047,19.58746,36.252626,19.53125,0.0,0.0,0.0,0,168,0.5,0.5,0.0,5,0.0,0.0
Iris,SM,2,MCF_ARC,24,9,9,0,24->15->7->6->9,24->15->7->6->9,4.713951,inf,0.0,184,184,4.713951,19.043493,31.546124,17.667845,0.0,0.0,0.0,0,184,0.5,0.5,0.0,5,0.0,0.0
Iris,SM,2,MCF_ARC,25,9,9,0,25->24->15->7->6->9,25->24->15->7->6->9,4.99124,inf,0.0,171,171,4.99124,19.043493,31.823412,17.667845,0.0,0.0,0.0,0,171,0.5,0.5,0.0,5,0.0,0.0
Iris,SM,2,MCF_ARC,26,9,9,0,26->29->24->15->7->6->9,26->27->24->15->7->6->9,5.980614,inf,0.0,177,177,5.374687,19.043493,32.206859,17.667845,0.0,0.0,0.0,0,177,0.5,0.5,0.0,5,0.0,0.0
Iris,SM,2,MCF_ARC,27,9,9,0,27->24->15->7->6->9,27->24->15->7->6->9,5.089498,inf,0.0,196,196,5.089498,19.043493,31.921671,17.667845,0.0,0.0,0.0,0,196,0.5,0.5,0.0,5,0.0,0.0
Iris,SM,2,MCF_ARC,28,8,8,0,28->29->24->15->7->8,28->29->24->15->7->8,4.734009,inf,0.0,146,146,4.734009,19.874992,33.278182,19.379845,0.0,0.0,0.0,0,146.0,0.5,0.5,0.0,5,0.0,0.0
Iris,SM,2,MCF_ARC,29,8,2,1,29->24->15->7->8,29->24->15->7->2,4.336339,inf,0.0,196,196,4.336735,19.739239,32.585033,19.083969,0.0,0.0,0.0,0,196.0,0.5,0.5,0.0,5,0.0,0.0
Iris,SM,2,MCF_ARC,30,9,2,1,30->33->34->1->2->7->6->9,30->33->34->1->2,6.481962,inf,0.0,134,134,3.973989,19.739239,32.222287,19.083969,0.0,0.0,0.0,0,134.0,0.5,0.5,0.0,5,0.0,0.0
Iris,SM,2,MCF_ARC,31,8,7,1,31->28->29->24->15->7->8,31->30->33->34->1->2->7,5.543847,inf,0.0,172,172,4.853859,19.984532,33.781033,19.762846,0.0,0.0,0.0,0,172,0.5,0.5,0.0,5,0.0,0.0
Iris,SM,2,MCF_ARC,32,8,2,1,32->24->15->7->8,32->34->1->2,4.529511,inf,0.0,210,210,2.679185,19.739239,30.927483,19.083969,0.0,0.0,0.0,0,210,0.5,0.5,0.0,5,0.0,0.0
Iris,SM,2,MCF_ARC,33,8,7,1,33->34->1->2->7->8,33->34->1->2->7,4.730873,inf,0.0,169,169,4.101,19.984532,33.028174,19.762846,0.0,0.0,0.0,0,169.0,0.5,0.5,0.0,5,0.0,0.0
Iris,SM,2,MCF_ARC,34,7,2,1,34->1->2->7,34->1->2,2.657667,inf,0.0,193,193,2.0274,19.739239,30.275697,19.083969,0.0,0.0,0.0,0,193.0,0.5,0.5,0.0,5,0.0,0.0
Iris,SM,2,MCF_ARC,35,7,1,1,35->36->1->2->7,35->36->1,2.657015,inf,0.0,191,191,1.03252,16.039877,23.970954,13.774105,0.0,0.0,0.0,0,191,0.5,0.5,0.0,5,0.0,0.0
Iris,SM,2,MCF_ARC,36,8,8,0,36->1->2->7->8,36->1->2->7->8,3.045859,inf,0.0,122,122,3.045859,19.874992,31.590032,19.379845,0.0,0.0,0.0,0,122,0.5,0.5,0.0,5,0.0,0.0
Iris,SM,2,MCF_ARC,37,7,7,0,37->1->2->7,37->1->2->7,2.084517,inf,0.0,202,202,2.084517,19.984532,31.011691,19.762846,0.0,0.0,0.0,0,202,0.5,0.5,0.0,5,0.0,0.0
Iris,SM,2,MCF_ARC,38,7,7,0,38->30->33->34->1->2->7,38->30->33->34->1->2->7,5.026497,inf,0.0,196,196,5.026497,19.984532,33.953672,19.762846,0.0,0.0,0.0,0,196,0.5,0.5,0.0,5,0.0,0.0
Iris,SM,2,MCF_ARC,39,7,4,1,39->33->34->1->2->7,39->33->34->1->4,4.328225,inf,0.0,238,238,3.080988,4.422413,16.589365,4.344049,0.0,0.0,0.0,0,238,0.5,0.5,0.0,5,0.0,0.0
Iris,SM,2,MCF_ARC,40,6,6,0,40->39->33->34->1->2->7->6,40->39->33->34->1->2->7->6,5.926344,inf,0.0,167,167,5.926344,19.58746,34.621922,19.53125,0.0,0.0,0.0,0,167,0.5,0.5,0.0,5,0.0,0.0
Iris,SM,2,MCF_ARC,41,6,6,0,41->40->39->33->34->1->2->7->6,41->40->39->33->34->1->2->7->6,6.051484,inf,0.0,173,173,6.051484,19.58746,34.747063,19.53125,0.0,0.0,0.0,0,173,0.5,0.5,0.0,5,0.0,0.0
Iris,SM,2,MCF_ARC,42,6,5,1,42->3->4->1->2->7->6,42->3->4->1->2->7->8->5,4.108771,inf,0.0,215,215,3.695757,15.950719,25.94909,13.089005,0.0,0.0,0.0,0,215,0.5,0.5,0.0,5,0.0,0.0
Iris,SM,2,MCF_ARC,43,6,4,1,43->3->4->1->2->7->6,43->3->4,4.128529,inf,0.0,198,198,0.662826,4.422413,14.171203,4.344049,0.0,0.0,0.0,0,198,0.5,0.5,0.0,5,0.0,0.0
Iris,SM,2,MCF_ARC,44,6,6,0,44->50->49->48->33->34->1->2->7->6,44->50->49->48->33->34->1->2->7->6,7.10214,inf,0.0,258,258,7.10214,19.58746,35.797718,19.53125,0.0,0.0,0.0,0,258,0.5,0.5,0.0,5,0.0,0.0
Iris,SM,2,MCF_ARC,45,5,5,0,45->46->47->48->33->34->1->2->7->8->5,45->46->47->48->33->34->1->2->7->8->5,6.608545,inf,0.0,173,173,6.608545,15.950719,28.861878,13.089005,0.0,0.0,0.0,0,173,0.5,0.5,0.0,5,0.0,0.0
Iris,SM,2,MCF_ARC,46,5,8,1,46->38->30->33->34->1->2->7->8->5,46->47->48->33->34->1->2->7->8,6.580527,inf,0.0,166,166,5.672109,19.874992,34.216282,19.379845,0.0,0.0,0.0,0,166,0.5,0.5,0.0,5,0.0,0.0
Iris,SM,2,MCF_ARC,47,5,8,1,47->48->33->34->1->2->7->8->5,47->48->33->34->1->2->7->8,5.887185,inf,0.0,165,165,5.466121,19.874992,34.010295,19.379845,0.0,0.0,0.0,0,165,0.5,0.5,0.0,5,0.0,0.0
Iris,SM,2,MCF_ARC,48,5,5,0,48->33->34->1->2->7->8->5,48->33->34->1->2->7->8->5,5.508199,inf,0.0,185,185,5.508199,15.950719,27.761533,13.089005,0.0,0.0,0.0,0,185.0,0.5,0.5,0.0,5,0.0,0.0
Iris,SM,2,MCF_ARC,49,5,8,1,49->48->33->34->1->2->7->8->5,49->48->33->34->1->2->7->8,5.763421,inf,0.0,164,164,5.342357,19.874992,33.886531,19.379845,0.0,0.0,0.0,0,164,0.5,0.5,0.0,5,0.0,0.0
Iris,SM,2,MCF_ARC,50,5,5,0,50->49->48->33->34->1->2->7->8->5,50->49->48->33->34->1->2->7->8->5,6.105735,inf,0.0,181,181,6.105735,15.950719,28.359069,13.089005,0.0,0.0,0.0,0,181,0.5,0.5,0.0,5,0.0,0.0
Iris,SM,2,MCF_ARC,51,4,4,0,51->3->4,51->3->4,0.643678,11.309057,0.0,161,161,0.643678,4.422413,14.152055,4.344049,0.0,0.0,0.0,0,161,0.5,0.5,0.0,5,0.0,0.0
Iris,SM,3,B1,1,1,1,0,1,,0.0,10.333099,0.0,162,162,0.0,9.560229,18.724558,9.560229,0.0,0.0,0.0,0,162.0,0.5,0.5,0.0,5,0.0,0.0
Iris,SM,3,B1,2,2,2,0,2,,0.0,10.458994,0.0,178,178,0.0,23.041475,32.205803,23.041475,0.0,0.0,0.0,0,178,0.5,0.5,0.0,5,0.0,0.0
Iris,SM,3,B1,3,3,3,0,3,,0.0,10.37645,0.0,199,199,0.0,1.212121,10.37645,1.212121,0.0,0.0,0.0,0,199,0.5,0.5,0.0,5,0.0,0.0
Iris,SM,3,B1,4,4,4,0,4,,0.0,11.053259,0.0,202,202,0.0,1.888931,11.053259,1.888931,0.0,0.0,0.0,0,202.0,0.5,0.5,0.0,5,0.0,0.0
Iris,SM,3,B1,5,5,5,0,5,,0.0,inf,0.0,192,192,0.0,31.25,40.414328,31.25,0.0,0.0,0.0,0,192,0.5,0.5,0.0,5,0.0,0.0
Iris,SM,3,B1,6,6,6,0,6,,0.0,inf,0.0,194,194,0.0,555.555556,564.719884,555.555556,0.0,0.0,0.0,0,194,0.5,0.5,0.0,5,0.0,0.0
Iris,SM,3,B1,7,7,7,0,7,,0.0,inf,0.0,183,183,0.0,106.382979,115.547307,106.382979,0.0,0.0,0.0,0,183,0.5,0.5,0.0,5,0.0,0.0
Iris,SM,3,B1,8,8,7,1,8,,0.0,inf,0.0,141,141,0.629872,106.382979,116.17718,106.382979,0.0,0.0,0.0,0,141,0.5,0.5,0.0,5,0.0,0.0
Iris,SM,3,B1,9,9,9,0,9,,0.0,inf,0.0,182,182,0.0,32.679739,41.844067,32.679739,0.0,0.0,0.0,0,182,0.5,0.5,0.0,5,0.0,0.0
Iris,SM,3,B1,10,10,10,0,10,,0.0,inf,0.0,157,157,0.0,16.835017,25.999345,16.835017,0.0,0.0,0.0,0,157,0.5,0.5,0.0,5,0.0,0.0
Iris,SM,3,B1,11,11,11,0,11,,0.0,inf,0.0,210,210,0.0,69.444444,78.608773,69.444444,0.0,0.0,0.0,0,210,0.5,0.5,0.0,5,0.0,0.0
Iris,SM,3,B1,12,11,11,0,12->13->25->24->29->28->31->30->11,,4.463904,inf,0.0,181,181,4.463904,69.444444,83.072676,69.444444,0.0,0.0,0.0,0,181,0.5,0.5,0.0,5,0.0,0.0
Iris,SM,3,B1,13,11,11,0,13->25->24->29->28->31->30->11,,4.202629,inf,0.0,162,162,4.202629,69.444444,82.811402,69.444444,0.0,0.0,0.0,0,162,0.5,0.5,0.0,5,0.0,0.0
Iris,SM,3,B1,14,11,11,0,14->34->33->30->11,,3.785814,inf,0.0,202,202,3.785814,69.444444,82.394587,69.444444,0.0,0.0,0.0,0,202,0.5,0.5,0.0,5,0.0,0.0
Iris,SM,3,B1,15,11,11,0,15->24->29->28->31->30->11,,4.78048,inf,0.0,181,181,4.78048,69.444444,83.389253,69.444444,0.0,0.0,0.0,0,181,0.5,0.5,0.0,5,0.0,0.0
Iris,SM,3,B1,16,11,1,1,16->15->24->29->28->31->30->11,,5.149388,inf,0.0,172,172,1.275827,9.560229,20.000385,9.560229,0.0,0.0,0.0,0,172,0.5,0.5,0.0,5,0.0,0.0
Iris,SM,3,B1,17,10,10,0,17->18->10,,1.016824,inf,0.0,180,180,1.016824,16.835017,27.01617,16.835017,0.0,0.0,0.0,0,180,0.5,0.5,0.0,5,0.0,0.0
Iris,SM,3,B1,18,10,10,0,18->10,,0.733336,inf,0.0,188,188,0.733336,16.835017,26.732682,16.835017,0.0,0.0,0.0,0,188,0.5,0.5,0.0,5,0.0,0.0
Iris,SM,3,B1,19,10,10,0,19->15->16->17->18->10,,2.041302,inf,0.0,199,199,2.041302,16.835017,28.040647,16.835017,0.0,0.0,0.0,0,199,0.5,0.5,0.0,5,0.0,0.0
Iris,SM,3,B1,20,10,10,0,20->19->15->16->17->18->10,,2.214612,inf,0.0,167,167,2.214612,16.835017,28.213958,16.835017,0.0,0.0,0.0,0,167,0.5,0.5,0.0,5,0.0,0.0
Iris,SM,3,B1,21,10,1,1,21->20->19->15->16->17->18->10,,2.414244,inf,0.0,185,185,2.250588,9.560229,20.975145,9.560229,0.0,0.0,0.0,0,185,0.5,0.5,0.0,5,0.0,0.0
Iris,SM,3,B1,22,9,9,0,22->23->11->30->33->34->1->2->7->6->9,,8.611656,inf,0.0,159,159,8.611656,32.679739,50.455723,32.679739,0.0,0.0,0.0,0,159,0.5,0.5,0.0,5,0.0,0.0
Iris,SM,3,B1,23,9,9,0,23->11->30->33->34->1->2->7->6->9,,7.970802,inf,0.0,162,162,7.970802,32.679739,49.814869,32.679739,0.0,0.0,0.0,0,162,0.5,0.5,0.0,5,0.0,0.0
Iris,SM,3,B1,24,9,6,1,24->15->7->6->9,,4.713951,inf,0.0,141,141,4.300197,555.555556,569.020081,555.555556,0.0,0.0,0.0,0,141,0.5,0.5,0.0,5,0.0,0.0
Iris,SM,3,B1,25,9,6,1,25->24->15->7->6->9,,4.99124,inf,0.0,128,128,4.577485,555.555556,569.297369,555.555556,0.0,0.0,0.0,0,128,0.5,0.5,0.0,5,0.0,0.0
Iris,SM,3,B1,26,9,9,0,26->27->24->15->7->6->9,,5.374687,inf,0.0,175,175,5.374687,32.679739,47.218754,32.679739,0.0,0.0,0.0,0,175,0.5,0.5,0.0,5,0.0,0.0
Iris,SM,3,B1,27,9,9,0,27->24->15->7->6->9,,5.089498,inf,0.0,196,196,5.089498,32.679739,46.933565,32.679739,0.0,0.0,0.0,0,196,0.5,0.5,0.0,5,0.0,0.0
Iris,SM,3,B1,28,8,8,0,28->29->24->15->7->8,,4.734009,inf,0.0,175,175,4.734009,17.361111,31.259448,17.361111,0.0,0.0,0.0,0,175.0,0.5,0.5,0.0,5,0.0,0.0
Iris,SM,3,B1,29,8,8,0,29->24->15->7->8,,4.336339,inf,0.0,196,196,4.336339,17.361111,30.861779,17.361111,0.0,0.0,0.0,0,196.0,0.5,0.5,0.0,5,0.0,0.0
Iris,SM,3,B1,30,9,9,0,30->33->34->1->2->7->6->9,,6.481962,inf,0.0,113,113,6.481962,32.679739,48.326029,32.679739,0.0,0.0,0.0,0,113.0,0.5,0.5,0.0,5,0.0,0.0
Iris,SM,3,B1,31,8,8,0,31->28->29->24->15->7->8,,5.543847,inf,0.0,187,187,5.483731,17.361111,32.009171,17.361111,0.0,0.0,0.0,0,187,0.5,0.5,0.0,5,0.0,0.0
Iris,SM,3,B1,32,8,7,1,32->24->15->7->8,,4.529511,inf,0.0,158,158,3.309453,106.382979,118.85676,106.382979,0.0,0.0,0.0,0,158,0.5,0.5,0.0,5,0.0,0.0
Iris,SM,3,B1,33,8,8,0,33->34->1->2->7->8,,4.730873,inf,0.0,191,191,4.730873,17.361111,31.256312,17.361111,0.0,0.0,0.0,0,191.0,0.5,0.5,0.0,5,0.0,0.0
Iris,SM,3,B1,34,8,8,0,34->1->2->7->8,,3.28754,inf,0.0,179,179,3.28754,17.361111,29.812979,17.361111,0.0,0.0,0.0,0,179.0,0.5,0.5,0.0,5,0.0,0.0
Iris,SM,3,B1,35,7,2,1,35->36->1->2->7,,2.657015,inf,0.0,170,170,2.026747,23.041475,34.232551,23.041475,0.0,0.0,0.0,0,170,0.5,0.5,0.0,5,0.0,0.0
Iris,SM,3,B1,36,7,2,1,36->1->2->7,,2.415987,inf,0.0,181,181,1.785719,23.041475,33.991522,23.041475,0.0,0.0,0.0,0,181,0.5,0.5,0.0,5,0.0,0.0
Iris,SM,3,B1,37,7,7,0,37->1->2->7,,2.084517,inf,0.0,168,168,2.084517,106.382979,117.631824,106.382979,0.0,0.0,0.0,0,168,0.5,0.5,0.0,5,0.0,0.0
Iris,SM,3,B1,38,7,7,0,38->30->33->34->1->2->7,,5.026497,inf,0.0,162,162,5.026497,106.382979,120.573804,106.382979,0.0,0.0,0.0,0,162,0.5,0.5,0.0,5,0.0,0.0
Iris,SM,3,B1,39,7,2,1,39->33->34->1->2->7,,4.328225,inf,0.0,188,188,3.697957,23.041475,35.90376,23.041475,0.0,0.0,0.0,0,188,0.5,0.5,0.0,5,0.0,0.0
Iris,SM,3,B1,40,7,7,0,40->39->33->34->1->2->7,,4.462393,inf,0.0,145,145,4.462393,106.382979,120.0097,106.382979,0.0,0.0,0.0,0,145,0.5,0.5,0.0,5,0.0,0.0
Iris,SM,3,B1,41,6,2,1,41->40->39->33->34->1->2->7->6,,6.051484,inf,0.0,190,190,3.957266,23.041475,36.163069,23.041475,0.0,0.0,0.0,0,190,0.5,0.5,0.0,5,0.0,0.0
Iris,SM,3,B1,42,6,6,0,42->3->4->1->2->7->6,,4.108771,inf,0.0,156,156,4.108771,555.555556,568.828655,555.555556,0.0,0.0,0.0,0,156,0.5,0.5,0.0,5,0.0,0.0
Iris,SM,3,B1,43,6,6,0,43->3->4->1->2->7->6,,4.128529,inf,0.0,182,182,4.128529,555.555556,568.848413,555.555556,0.0,0.0,0.0,0,182,0.5,0.5,0.0,5,0.0,0.0
Iris,SM,3,B1,44,6,6,0,44->50->49->48->33->34->1->2->7->6,,7.10214,inf,0.0,158,158,7.10214,555.555556,571.822024,555.555556,0.0,0.0,0.0,0,158,0.5,0.5,0.0,5,0.0,0.0
Iris,SM,3,B1,45,6,1,1,45->46->47->48->33->34->1->2->7->6,,7.021559,inf,0.0,195,195,3.933113,9.560229,22.657671,9.560229,0.0,0.0,0.0,0,195,0.5,0.5,0.0,5,0.0,0.0
Iris,SM,3,B1,46,5,5,0,46->47->48->33->34->1->2->7->8->5,,6.093173,inf,0.0,195,195,6.093173,31.25,46.507501,31.25,0.0,0.0,0.0,0,195,0.5,0.5,0.0,5,0.0,0.0
Iris,SM,3,B1,47,5,1,1,47->48->33->34->1->2->7->8->5,,5.887185,inf,0.0,199,199,3.211754,9.560229,21.936312,9.560229,0.0,0.0,0.0,0,199,0.5,0.5,0.0,5,0.0,0.0
Iris,SM,3,B1,48,5,5,0,48->33->34->1->2->7->8->5,,5.508199,inf,0.0,181,181,5.508199,31.25,45.922528,31.25,0.0,0.0,0.0,0,181.0,0.5,0.5,0.0,5,0.0,0.0
Iris,SM,3,B1,49,5,5,0,49->48->33->34->1->2->7->8->5,,5.763421,inf,0.0,187,187,5.763421,31.25,46.17775,31.25,0.0,0.0,0.0,0,187,0.5,0.5,0.0,5,0.0,0.0
Iris,SM,3,B1,50,5,5,0,50->49->48->33->34->1->2->7->8->5,,6.105735,inf,0.0,177,177,6.105735,31.25,46.520063,31.25,0.0,0.0,0.0,0,177,0.5,0.5,0.0,5,0.0,0.0
Iris,SM,3,B1,51,4,4,0,51->3->4,,0.643678,11.696937,0.0,219,219,0.643678,1.888931,11.696937,1.888931,0.0,0.0,0.0,0,219,0.5,0.5,0.0,5,0.0,0.0
Iris,SM,3,B3,1,1,1,0,1,1,0.0,10.333099,0.0,162,162,0.0,inf,inf,inf,0.0,0.0,0.0,0,162.0,0.5,0.5,0.0,5,0.0,0.0
Iris,SM,3,B3,2,2,2,0,2,2,0.0,10.458994,0.0,178,178,0.0,3.121099,12.285427,3.121099,0.0,0.0,0.0,0,178,0.5,0.5,0.0,5,0.0,0.0
Iris,SM,3,B3,3,3,3,0,3,3,0.0,10.37645,0.0,199,199,0.0,inf,inf,inf,0.0,0.0,0.0,0,199,0.5,0.5,0.0,5,0.0,0.0
Iris,SM,3,B3,4,4,4,0,4,4,0.0,11.053259,0.0,202,202,0.0,1.888931,11.053259,1.888931,0.0,0.0,0.0,0,202.0,0.5,0.5,0.0,5,0.0,0.0
Iris,SM,3,B3,5,5,5,0,5,5,0.0,inf,0.0,192,192,0.0,4.784689,13.949017,4.784689,0.0,0.0,0.0,0,192,0.5,0.5,0.0,5,0.0,0.0
Iris,SM,3,B3,6,6,6,0,6,6,0.0,inf,0.0,194,194,0.0,4.222973,13.387301,4.222973,0.0,0.0,0.0,0,194,0.5,0.5,0.0,5,0.0,0.0
Iris,SM,3,B3,7,7,7,0,7,7,0.0,inf,0.0,183,183,0.0,3.528582,12.69291,3.528582,0.0,0.0,0.0,0,183,0.5,0.5,0.0,5,0.0,0.0
Iris,SM,3,B3,8,8,8,0,8,8,0.0,inf,0.0,141,141,0.0,3.240441,12.404769,3.240441,0.0,0.0,0.0,0,141,0.5,0.5,0.0,5,0.0,0.0
Iris,SM,3,B3,9,9,9,0,9,9,0.0,inf,0.0,182,182,0.0,4.413063,13.577391,4.413063,0.0,0.0,0.0,0,182,0.5,0.5,0.0,5,0.0,0.0
Iris,SM,3,B3,10,10,10,0,10,10,0.0,inf,0.0,157,157,0.0,4.159734,13.324062,4.159734,0.0,0.0,0.0,0,157,0.5,0.5,0.0,5,0.0,0.0
Iris,SM,3,B3,11,11,11,0,11,11,0.0,inf,0.0,210,210,0.0,5.393743,14.558072,5.393743,0.0,0.0,0.0,0,210,0.5,0.5,0.0,5,0.0,0.0
Iris,SM,3,B3,12,11,3,1,12->13->25->24->29->28->31->30->11,12->21->20->19->15->16->17->37->1->4->3,4.463904,inf,0.0,181,181,3.445888,inf,inf,inf,0.0,0.0,0.0,0,181,0.5,0.5,0.0,5,0.0,0.0
Iris,SM,3,B3,13,11,1,1,13->25->24->29->28->31->30->11,13->12->21->20->19->15->16->17->37->1,4.202629,inf,0.0,162,162,3.033318,inf,inf,inf,0.0,0.0,0.0,0,162,0.5,0.5,0.0,5,0.0,0.0
Iris,SM,3,B3,14,11,11,0,14->34->33->30->11,14->34->33->30->11,3.785814,inf,0.0,202,202,3.785814,5.393743,18.343886,5.393743,0.0,0.0,0.0,0,202,0.5,0.5,0.0,5,0.0,0.0
Iris,SM,3,B3,15,11,11,0,15->24->29->28->31->30->11,15->24->29->28->31->30->11,4.78048,inf,0.0,181,181,4.78048,5.393743,19.338551,5.393743,0.0,0.0,0.0,0,181,0.5,0.5,0.0,5,0.0,0.0
Iris,SM,3,B3,16,11,11,0,16->15->24->29->28->31->30->11,16->15->24->29->28->31->30->11,5.149388,inf,0.0,172,172,5.149388,5.393743,19.70746,5.393743,0.0,0.0,0.0,0,172,0.5,0.5,0.0,5,0.0,0.0
Iris,SM,3,B3,17,10,10,0,17->18->10,17->18->10,1.016824,inf,0.0,180,180,1.016824,4.159734,14.340887,4.159734,0.0,0.0,0.0,0,180,0.5,0.5,0.0,5,0.0,0.0
Iris,SM,3,B3,18,10,10,0,18->10,18->10,0.733336,inf,0.0,188,188,0.733336,4.159734,14.057398,4.159734,0.0,0.0,0.0,0,188,0.5,0.5,0.0,5,0.0,0.0
Iris,SM,3,B3,19,10,1,1,19->15->16->17->18->10,19->15->16->17->37->1,2.041302,inf,0.0,199,199,1.877646,inf,inf,inf,0.0,0.0,0.0,0,199,0.5,0.5,0.0,5,0.0,0.0
Iris,SM,3,B3,20,10,3,1,20->19->15->16->17->18->10,20->19->15->16->17->37->1->4->3,2.214612,inf,0.0,167,167,2.724801,inf,inf,inf,0.0,0.0,0.0,0,167,0.5,0.5,0.0,5,0.0,0.0
Iris,SM,3,B3,21,10,10,0,21->20->19->15->16->17->18->10,21->20->19->15->16->17->18->10,2.414244,inf,0.0,185,185,2.414244,4.159734,15.738306,4.159734,0.0,0.0,0.0,0,185,0.5,0.5,0.0,5,0.0,0.0
Iris,SM,3,B3,22,9,9,0,22->23->11->30->33->34->1->2->7->6->9,22->23->11->30->33->34->1->2->7->6->9,8.611656,inf,0.0,159,159,8.611656,4.413063,22.189047,4.413063,0.0,0.0,0.0,0,159,0.5,0.5,0.0,5,0.0,0.0
Iris,SM,3,B3,23,9,9,0,23->11->30->33->34->1->2->7->6->9,23->11->30->33->34->1->2->7->6->9,7.970802,inf,0.0,162,162,7.970802,4.413063,21.548193,4.413063,0.0,0.0,0.0,0,162,0.5,0.5,0.0,5,0.0,0.0
Iris,SM,3,B3,24,9,1,1,24->15->7->6->9,24->27->14->35->36->1,4.713951,inf,0.0,141,141,2.551419,inf,inf,inf,0.0,0.0,0.0,0,141,0.5,0.5,0.0,5,0.0,0.0
Iris,SM,3,B3,25,9,2,1,25->24->15->7->6->9,25->24->15->7->2,4.99124,inf,0.0,128,128,3.743802,3.121099,16.029229,3.121099,0.0,0.0,0.0,0,128,0.5,0.5,0.0,5,0.0,0.0
Iris,SM,3,B3,26,9,9,0,26->27->24->15->7->6->9,26->27->24->15->7->6->9,5.374687,inf,0.0,175,175,5.374687,4.413063,18.952078,4.413063,0.0,0.0,0.0,0,175,0.5,0.5,0.0,5,0.0,0.0
Iris,SM,3,B3,27,9,3,1,27->24->15->7->6->9,27->14->35->36->1->4->3,5.089498,inf,0.0,196,196,2.849717,inf,inf,inf,0.0,0.0,0.0,0,196,0.5,0.5,0.0,5,0.0,0.0
Iris,SM,3,B3,28,8,3,1,28->29->24->15->7->8,28->29->26->27->14->35->36->1->4->3,4.734009,inf,0.0,175,175,3.929017,inf,inf,inf,0.0,0.0,0.0,0,175.0,0.5,0.5,0.0,5,0.0,0.0
Iris,SM,3,B3,29,8,1,1,29->24->15->7->8,29->26->27->14->35->36->1,4.336339,inf,0.0,196,196,2.857503,inf,inf,inf,0.0,0.0,0.0,0,196.0,0.5,0.5,0.0,5,0.0,0.0
Iris,SM,3,B3,30,9,9,0,30->33->34->1->2->7->6->9,30->33->34->1->2->7->6->9,6.481962,inf,0.0,113,113,6.481962,4.413063,20.059353,4.413063,0.0,0.0,0.0,0,113.0,0.5,0.5,0.0,5,0.0,0.0
Iris,SM,3,B3,31,8,8,0,31->28->29->24->15->7->8,31->30->33->34->1->2->7->8,5.543847,inf,0.0,187,187,5.483731,3.240441,17.8885,3.240441,0.0,0.0,0.0,0,187,0.5,0.5,0.0,5,0.0,0.0
Iris,SM,3,B3,32,8,8,0,32->24->15->7->8,32->34->1->2->7->8,4.529511,inf,0.0,158,158,3.939325,3.240441,16.344094,3.240441,0.0,0.0,0.0,0,158,0.5,0.5,0.0,5,0.0,0.0
Iris,SM,3,B3,33,8,8,0,33->34->1->2->7->8,33->34->1->2->7->8,4.730873,inf,0.0,191,191,4.730873,3.240441,17.135642,3.240441,0.0,0.0,0.0,0,191.0,0.5,0.5,0.0,5,0.0,0.0
Iris,SM,3,B3,34,8,2,1,34->1->2->7->8,34->1->2,3.28754,inf,0.0,179,179,2.0274,3.121099,14.312827,3.121099,0.0,0.0,0.0,0,179.0,0.5,0.5,0.0,5,0.0,0.0
Iris,SM,3,B3,35,7,7,0,35->36->1->2->7,35->36->1->2->7,2.657015,inf,0.0,170,170,2.657015,3.528582,15.349925,3.528582,0.0,0.0,0.0,0,170,0.5,0.5,0.0,5,0.0,0.0
Iris,SM,3,B3,36,7,3,1,36->1->2->7,36->1->4->3,2.415987,inf,0.0,181,181,1.465336,inf,inf,inf,0.0,0.0,0.0,0,181,0.5,0.5,0.0,5,0.0,0.0
Iris,SM,3,B3,37,7,7,0,37->1->2->7,37->1->2->7,2.084517,inf,0.0,168,168,2.084517,3.528582,14.777427,3.528582,0.0,0.0,0.0,0,168,0.5,0.5,0.0,5,0.0,0.0
Iris,SM,3,B3,38,7,7,0,38->30->33->34->1->2->7,38->30->33->34->1->2->7,5.026497,inf,0.0,162,162,5.026497,3.528582,17.719407,3.528582,0.0,0.0,0.0,0,162,0.5,0.5,0.0,5,0.0,0.0
Iris,SM,3,B3,39,7,1,1,39->33->34->1->2->7,39->33->34->1,4.328225,inf,0.0,188,188,2.70373,inf,inf,inf,0.0,0.0,0.0,0,188,0.5,0.5,0.0,5,0.0,0.0
Iris,SM,3,B3,40,7,2,1,40->39->33->34->1->2->7,40->39->33->34->1->2,4.462393,inf,0.0,145,145,3.832125,3.121099,16.117552,3.121099,0.0,0.0,0.0,0,145,0.5,0.5,0.0,5,0.0,0.0
Iris,SM,3,B3,41,6,6,0,41->40->39->33->34->1->2->7->6,41->40->39->33->34->1->2->7->6,6.051484,inf,0.0,190,190,6.051484,4.222973,19.438786,4.222973,0.0,0.0,0.0,0,190,0.5,0.5,0.0,5,0.0,0.0
Iris,SM,3,B3,42,6,3,1,42->3->4->1->2->7->6,42->3,4.108771,inf,0.0,156,156,0.346481,inf,inf,inf,0.0,0.0,0.0,0,156,0.5,0.5,0.0,5,0.0,0.0
Iris,SM,3,B3,43,6,6,0,43->3->4->1->2->7->6,43->3->4->1->2->7->6,4.128529,inf,0.0,182,182,4.128529,4.222973,17.51583,4.222973,0.0,0.0,0.0,0,182,0.5,0.5,0.0,5,0.0,0.0
Iris,SM,3,B3,44,6,6,0,44->50->49->48->33->34->1->2->7->6,44->50->49->48->33->34->1->2->7->6,7.10214,inf,0.0,158,158,7.10214,4.222973,20.489441,4.222973,0.0,0.0,0.0,0,158,0.5,0.5,0.0,5,0.0,0.0
Iris,SM,3,B3,45,6,1,1,45->46->47->48->33->34->1->2->7->6,45->46->47->48->33->34->1,7.021559,inf,0.0,195,195,3.933113,inf,inf,inf,0.0,0.0,0.0,0,195,0.5,0.5,0.0,5,0.0,0.0
Iris,SM,3,B3,46,5,5,0,46->47->48->33->34->1->2->7->8->5,46->47->48->33->34->1->2->7->8->5,6.093173,inf,0.0,195,195,6.093173,4.784689,20.04219,4.784689,0.0,0.0,0.0,0,195,0.5,0.5,0.0,5,0.0,0.0
Iris,SM,3,B3,47,5,1,1,47->48->33->34->1->2->7->8->5,47->48->33->34->1,5.887185,inf,0.0,199,199,3.211754,inf,inf,inf,0.0,0.0,0.0,0,199,0.5,0.5,0.0,5,0.0,0.0
Iris,SM,3,B3,48,5,5,0,48->33->34->1->2->7->8->5,48->33->34->1->2->7->8->5,5.508199,inf,0.0,181,181,5.508199,4.784689,19.457217,4.784689,0.0,0.0,0.0,0,181.0,0.5,0.5,0.0,5,0.0,0.0
Iris,SM,3,B3,49,5,5,0,49->48->33->34->1->2->7->8->5,49->48->33->34->1->2->7->8->5,5.763421,inf,0.0,187,187,5.763421,4.784689,19.712439,4.784689,0.0,0.0,0.0,0,187,0.5,0.5,0.0,5,0.0,0.0
Iris,SM,3,B3,50,5,3,1,50->49->48->33->34->1->2->7->8->5,50->49->48->33->34->1->4->3,6.105735,inf,0.0,177,177,4.104148,inf,inf,inf,0.0,0.0,0.0,0,177,0.5,0.5,0.0,5,0.0,0.0
Iris,SM,3,B3,51,4,4,0,51->3->4,51->3->4,0.643678,11.696937,0.0,219,219,0.643678,1.888931,11.696937,1.888931,0.0,0.0,0.0,0,219,0.5,0.5,0.0,5,0.0,0.0
Iris,SM,3,MCF_ARC,1,1,1,0,1,1,0.0,10.333099,0.0,162,162,0.0,8.182225,17.001319,7.836991,0.0,0.0,0.0,0,162.0,0.5,0.5,0.0,5,0.0,0.0
Iris,SM,3,MCF_ARC,2,2,2,0,2,2,0.0,10.458994,0.0,178,178,0.0,18.493011,25.189969,16.025641,0.0,0.0,0.0,0,178,0.5,0.5,0.0,5,0.0,0.0
Iris,SM,3,MCF_ARC,3,3,3,0,3,3,0.0,10.37645,0.0,199,199,0.0,1.215056,10.37645,1.212121,0.0,0.0,0.0,0,199,0.5,0.5,0.0,5,0.0,0.0
Iris,SM,3,MCF_ARC,4,4,4,0,4,4,0.0,11.053259,0.0,202,202,0.0,7.091113,15.902873,6.738544,0.0,0.0,0.0,0,202.0,0.5,0.5,0.0,5,0.0,0.0
Iris,SM,3,MCF_ARC,5,5,5,0,5,5,0.0,inf,0.0,192,192,0.0,20.113734,28.395098,19.230769,0.0,0.0,0.0,0,192,0.5,0.5,0.0,5,0.0,0.0
Iris,SM,3,MCF_ARC,6,6,6,0,6,6,0.0,inf,0.0,194,194,0.0,17.50162,23.913591,14.749263,0.0,0.0,0.0,0,194,0.5,0.5,0.0,5,0.0,0.0
Iris,SM,3,MCF_ARC,7,7,7,0,7,7,0.0,inf,0.0,183,183,0.0,20.350515,29.005598,19.84127,0.0,0.0,0.0,0,183,0.5,0.5,0.0,5,0.0,0.0
Iris,SM,3,MCF_ARC,8,8,8,0,8,8,0.0,inf,0.0,141,141,0.0,18.647238,25.942852,16.778523,0.0,0.0,0.0,0,141,0.5,0.5,0.0,5,0.0,0.0
Iris,SM,3,MCF_ARC,9,9,9,0,9,9,0.0,inf,0.0,182,182,0.0,17.602551,24.644205,15.479876,0.0,0.0,0.0,0,182,0.5,0.5,0.0,5,0.0,0.0
Iris,SM,3,MCF_ARC,10,10,10,0,10,10,0.0,inf,0.0,157,157,0.0,16.607368,22.788307,13.623978,0.0,0.0,0.0,0,157,0.5,0.5,0.0,5,0.0,0.0
Iris,SM,3,MCF_ARC,11,11,11,0,11,11,0.0,inf,0.0,210,210,0.0,5.939157,14.833263,5.668934,0.0,0.0,0.0,0,210,0.5,0.5,0.0,5,0.0,0.0
Iris,SM,3,MCF_ARC,12,11,11,0,12->13->25->24->29->28->31->30->11,12->13->25->24->29->28->31->30->11,4.463904,inf,0.0,181,181,4.463904,5.939157,19.297166,5.668934,0.0,0.0,0.0,0,181,0.5,0.5,0.0,5,0.0,0.0
Iris,SM,3,MCF_ARC,13,11,1,1,13->25->24->29->28->31->30->11,13->25->24->32->34->1,4.202629,inf,0.0,162,162,3.388584,8.182225,20.389903,7.836991,0.0,0.0,0.0,0,162,0.5,0.5,0.0,5,0.0,0.0
Iris,SM,3,MCF_ARC,14,11,11,0,14->34->33->30->11,14->34->33->30->11,3.785814,inf,0.0,202,202,3.785814,5.939157,18.619077,5.668934,0.0,0.0,0.0,0,202,0.5,0.5,0.0,5,0.0,0.0
Iris,SM,3,MCF_ARC,15,11,11,0,15->24->29->28->31->30->11,15->24->29->28->31->30->11,4.78048,inf,0.0,181,181,4.78048,5.939157,19.613742,5.668934,0.0,0.0,0.0,0,181,0.5,0.5,0.0,5,0.0,0.0
Iris,SM,3,MCF_ARC,16,11,1,1,16->15->24->29->28->31->30->11,16->17->37->1,5.149388,inf,0.0,172,172,1.275827,8.182225,18.277146,7.836991,0.0,0.0,0.0,0,172,0.5,0.5,0.0,5,0.0,0.0
Iris,SM,3,MCF_ARC,17,10,10,0,17->18->10,17->18->10,1.016824,inf,0.0,180,180,1.016824,16.607368,23.805131,13.623978,0.0,0.0,0.0,0,180,0.5,0.5,0.0,5,0.0,0.0
Iris,SM,3,MCF_ARC,18,10,10,0,18->10,18->10,0.733336,inf,0.0,188,188,0.733336,16.607368,23.521643,13.623978,0.0,0.0,0.0,0,188,0.5,0.5,0.0,5,0.0,0.0
Iris,SM,3,MCF_ARC,19,10,4,1,19->15->16->17->18->10,19->15->16->17->18->10->1->4,2.041302,inf,0.0,199,199,3.144529,7.091113,19.047402,6.738544,0.0,0.0,0.0,0,199,0.5,0.5,0.0,5,0.0,0.0
Iris,SM,3,MCF_ARC,20,10,10,0,20->19->15->16->17->18->10,20->19->15->16->17->18->10,2.214612,inf,0.0,167,167,2.214612,16.607368,25.002919,13.623978,0.0,0.0,0.0,0,167,0.5,0.5,0.0,5,0.0,0.0
Iris,SM,3,MCF_ARC,21,10,10,0,21->20->19->15->16->17->18->10,21->20->19->15->16->17->18->10,2.414244,inf,0.0,185,185,2.414244,16.607368,25.202551,13.623978,0.0,0.0,0.0,0,185,0.5,0.5,0.0,5,0.0,0.0
Iris,SM,3,MCF_ARC,22,9,9,0,22->23->11->30->33->34->1->2->7->6->9,22->23->11->30->33->34->1->2->7->6->9,8.611656,inf,0.0,159,159,8.611656,17.602551,33.25586,15.479876,0.0,0.0,0.0,0,159,0.5,0.5,0.0,5,0.0,0.0
Iris,SM,3,MCF_ARC,23,9,9,0,23->11->30->33->34->1->2->7->6->9,23->11->30->33->34->1->2->7->6->9,7.970802,inf,0.0,162,162,7.970802,17.602551,32.615006,15.479876,0.0,0.0,0.0,0,162,0.5,0.5,0.0,5,0.0,0.0
Iris,SM,3,MCF_ARC,24,9,9,0,24->15->7->6->9,24->15->7->6->9,4.713951,inf,0.0,141,141,4.713951,17.602551,29.358156,15.479876,0.0,0.0,0.0,0,141,0.5,0.5,0.0,5,0.0,0.0
Iris,SM,3,MCF_ARC,25,9,8,1,25->24->15->7->6->9,25->24->15->7->8,4.99124,inf,0.0,128,128,3.743407,18.647238,29.686259,16.778523,0.0,0.0,0.0,0,128,0.5,0.5,0.0,5,0.0,0.0
Iris,SM,3,MCF_ARC,26,9,5,1,26->27->24->15->7->6->9,26->27->24->15->7->8->5,5.374687,inf,0.0,175,175,4.547918,20.113734,32.943016,19.230769,0.0,0.0,0.0,0,175,0.5,0.5,0.0,5,0.0,0.0
Iris,SM,3,MCF_ARC,27,9,9,0,27->24->15->7->6->9,27->24->15->7->6->9,5.089498,inf,0.0,196,196,5.089498,17.602551,29.733702,15.479876,0.0,0.0,0.0,0,196,0.5,0.5,0.0,5,0.0,0.0
Iris,SM,3,MCF_ARC,28,8,8,0,28->29->24->15->7->8,28->29->24->15->7->8,4.734009,inf,0.0,175,175,4.734009,18.647238,30.676861,16.778523,0.0,0.0,0.0,0,175.0,0.5,0.5,0.0,5,0.0,0.0
Iris,SM,3,MCF_ARC,29,8,7,1,29->24->15->7->8,29->24->15->7,4.336339,inf,0.0,196,196,3.706467,20.350515,32.712065,19.84127,0.0,0.0,0.0,0,196.0,0.5,0.5,0.0,5,0.0,0.0
Iris,SM,3,MCF_ARC,30,9,9,0,30->33->34->1->2->7->6->9,30->33->34->1->2->7->6->9,6.481962,inf,0.0,113,113,6.481962,17.602551,31.126166,15.479876,0.0,0.0,0.0,0,113.0,0.5,0.5,0.0,5,0.0,0.0
Iris,SM,3,MCF_ARC,31,8,2,1,31->28->29->24->15->7->8,31->30->33->34->1->2,5.543847,inf,0.0,187,187,4.223591,18.493011,29.41356,16.025641,0.0,0.0,0.0,0,187,0.5,0.5,0.0,5,0.0,0.0
Iris,SM,3,MCF_ARC,32,8,8,0,32->24->15->7->8,32->34->1->2->7->8,4.529511,inf,0.0,158,158,3.939325,18.647238,29.882177,16.778523,0.0,0.0,0.0,0,158,0.5,0.5,0.0,5,0.0,0.0
Iris,SM,3,MCF_ARC,33,8,2,1,33->34->1->2->7->8,33->34->1->2,4.730873,inf,0.0,191,191,3.470732,18.493011,28.660702,16.025641,0.0,0.0,0.0,0,191.0,0.5,0.5,0.0,5,0.0,0.0
Iris,SM,3,MCF_ARC,34,8,8,0,34->1->2->7->8,34->1->2->7->8,3.28754,inf,0.0,179,179,3.28754,18.647238,29.230392,16.778523,0.0,0.0,0.0,0,179.0,0.5,0.5,0.0,5,0.0,0.0
Iris,SM,3,MCF_ARC,35,7,2,1,35->36->1->2->7,35->36->1->2,2.657015,inf,0.0,170,170,2.026747,18.493011,27.216717,16.025641,0.0,0.0,0.0,0,170,0.5,0.5,0.0,5,0.0,0.0
Iris,SM,3,MCF_ARC,36,7,7,0,36->1->2->7,36->1->2->7,2.415987,inf,0.0,181,181,2.415987,20.350515,31.421585,19.84127,0.0,0.0,0.0,0,181,0.5,0.5,0.0,5,0.0,0.0
Iris,SM,3,MCF_ARC,37,7,7,0,37->1->2->7,37->1->2->7,2.084517,inf,0.0,168,168,2.084517,20.350515,31.090115,19.84127,0.0,0.0,0.0,0,168,0.5,0.5,0.0,5,0.0,0.0
Iris,SM,3,MCF_ARC,38,7,2,1,38->30->33->34->1->2->7,38->30->33->34->1->2,5.026497,inf,0.0,162,162,4.396229,18.493011,29.586199,16.025641,0.0,0.0,0.0,0,162,0.5,0.5,0.0,5,0.0,0.0
Iris,SM,3,MCF_ARC,39,7,7,0,39->33->34->1->2->7,39->33->34->1->2->7,4.328225,inf,0.0,188,188,4.328225,20.350515,33.333823,19.84127,0.0,0.0,0.0,0,188,0.5,0.5,0.0,5,0.0,0.0
Iris,SM,3,MCF_ARC,40,7,8,1,40->39->33->34->1->2->7,40->39->33->34->1->2->7->8,4.462393,inf,0.0,145,145,5.092265,18.647238,31.035117,16.778523,0.0,0.0,0.0,0,145,0.5,0.5,0.0,5,0.0,0.0
Iris,SM,3,MCF_ARC,41,6,6,0,41->40->39->33->34->1->2->7->6,41->40->39->33->34->1->2->7->6,6.051484,inf,0.0,190,190,6.051484,17.50162,29.965075,14.749263,0.0,0.0,0.0,0,190,0.5,0.5,0.0,5,0.0,0.0
Iris,SM,3,MCF_ARC,42,6,6,0,42->3->4->1->2->7->6,42->3->4->1->2->7->6,4.108771,inf,0.0,156,156,4.108771,17.50162,28.022362,14.749263,0.0,0.0,0.0,0,156,0.5,0.5,0.0,5,0.0,0.0
Iris,SM,3,MCF_ARC,43,6,4,1,43->3->4->1->2->7->6,43->3->4,4.128529,inf,0.0,182,182,0.662826,7.091113,16.565699,6.738544,0.0,0.0,0.0,0,182,0.5,0.5,0.0,5,0.0,0.0
Iris,SM,3,MCF_ARC,44,6,6,0,44->50->49->48->33->34->1->2->7->6,44->50->49->48->33->34->1->2->7->6,7.10214,inf,0.0,158,158,7.10214,17.50162,31.015731,14.749263,0.0,0.0,0.0,0,158,0.5,0.5,0.0,5,0.0,0.0
Iris,SM,3,MCF_ARC,45,6,6,0,45->46->47->48->33->34->1->2->7->6,45->46->47->48->33->34->1->2->7->6,7.021559,inf,0.0,195,195,7.021559,17.50162,30.93515,14.749263,0.0,0.0,0.0,0,195,0.5,0.5,0.0,5,0.0,0.0
Iris,SM,3,MCF_ARC,46,5,1,1,46->47->48->33->34->1->2->7->8->5,46->47->48->33->34->1,6.093173,inf,0.0,195,195,3.417741,8.182225,20.41906,7.836991,0.0,0.0,0.0,0,195,0.5,0.5,0.0,5,0.0,0.0
Iris,SM,3,MCF_ARC,47,5,1,1,47->48->33->34->1->2->7->8->5,47->48->33->34->1,5.887185,inf,0.0,199,199,3.211754,8.182225,20.213073,7.836991,0.0,0.0,0.0,0,199,0.5,0.5,0.0,5,0.0,0.0
Iris,SM,3,MCF_ARC,48,5,5,0,48->33->34->1->2->7->8->5,48->33->34->1->2->7->8->5,5.508199,inf,0.0,181,181,5.508199,20.113734,33.903297,19.230769,0.0,0.0,0.0,0,181.0,0.5,0.5,0.0,5,0.0,0.0
Iris,SM,3,MCF_ARC,49,5,5,0,49->48->33->34->1->2->7->8->5,49->48->33->34->1->2->7->8->5,5.763421,inf,0.0,187,187,5.763421,20.113734,34.158519,19.230769,0.0,0.0,0.0,0,187,0.5,0.5,0.0,5,0.0,0.0
Iris,SM,3,MCF_ARC,50,5,5,0,50->49->48->33->34->1->2->7->8->5,50->49->48->33->34->1->2->7->8->5,6.105735,inf,0.0,177,177,6.105735,20.113734,34.500833,19.230769,0.0,0.0,0.0,0,177,0.5,0.5,0.0,5,0.0,0.0
Iris,SM,3,MCF_ARC,51,4,4,0,51->3->4,51->3->4,0.643678,11.696937,0.0,219,219,0.643678,7.091113,16.546551,6.738544,0.0,0.0,0.0,0,219,0.5,0.5,0.0,5,0.0,0.0
Iris,SM,4,B1,1,1,1,0,1,,0.0,10.380282,0.0,164,164,0.0,185.185185,194.349514,185.185185,0.0,0.0,0.0,0,164.0,0.5,0.5,0.0,5,0.0,0.0
Iris,SM,4,B1,2,2,2,0,2,,0.0,10.367119,0.0,171,171,0.0,18.382353,27.546681,18.382353,0.0,0.0,0.0,0,171,0.5,0.5,0.0,5,0.0,0.0
Iris,SM,4,B1,3,3,3,0,3,,0.0,10.30354,0.0,151,151,0.0,1.139212,10.30354,1.139212,0.0,0.0,0.0,0,151,0.5,0.5,0.0,5,0.0,0.0
Iris,SM,4,B1,4,4,4,0,4,,0.0,10.442447,0.0,204,204,0.0,1.535155,10.699483,1.535155,0.0,0.0,0.0,0,204.0,0.5,0.5,0.0,5,0.0,0.0
Iris,SM,4,B1,5,5,5,0,5,,0.0,inf,0.0,150,150,0.0,625.0,634.164328,625.0,0.0,0.0,0.0,0,150,0.5,0.5,0.0,5,0.0,0.0
Iris,SM,4,B1,6,6,6,0,6,,0.0,inf,0.0,151,151,0.0,21.367521,30.53185,21.367521,0.0,0.0,0.0,0,151,0.5,0.5,0.0,5,0.0,0.0
Iris,SM,4,B1,7,7,7,0,7,,0.0,inf,0.0,160,160,0.0,inf,inf,inf,0.0,0.0,0.0,0,160,0.5,0.5,0.0,5,0.0,0.0
Iris,SM,4,B1,8,8,8,0,8,,0.0,inf,0.0,196,196,0.0,263.157895,272.322223,263.157895,0.0,0.0,0.0,0,196,0.5,0.5,0.0,5,0.0,0.0
Iris,SM,4,B1,9,9,9,0,9,,0.0,inf,0.0,182,182,0.0,45.87156,55.035888,45.87156,0.0,0.0,0.0,0,182,0.5,0.5,0.0,5,0.0,0.0
Iris,SM,4,B1,10,10,10,0,10,,0.0,inf,0.0,215,215,0.0,18.382353,27.546681,18.382353,0.0,0.0,0.0,0,215,0.5,0.5,0.0,5,0.0,0.0
Iris,SM,4,B1,11,11,11,0,11,,0.0,inf,0.0,197,197,0.0,172.413793,181.578122,172.413793,0.0,0.0,0.0,0,197,0.5,0.5,0.0,5,0.0,0.0
Iris,SM,4,B1,12,11,11,0,12->13->25->24->29->28->31->30->11,,4.463904,inf,0.0,272,272,4.463904,172.413793,186.042025,172.413793,0.0,0.0,0.0,0,272,0.5,0.5,0.0,5,0.0,0.0
Iris,SM,4,B1,13,11,11,0,13->25->24->29->28->31->30->11,,4.202629,inf,0.0,191,191,4.202629,172.413793,185.78075,172.413793,0.0,0.0,0.0,0,191,0.5,0.5,0.0,5,0.0,0.0
Iris,SM,4,B1,14,11,11,0,14->34->33->30->11,,3.785814,inf,0.0,172,172,3.785814,172.413793,185.363936,172.413793,0.0,0.0,0.0,0,172,0.5,0.5,0.0,5,0.0,0.0
Iris,SM,4,B1,15,11,11,0,15->24->29->28->31->30->11,,4.78048,inf,0.0,191,191,4.78048,172.413793,186.358601,172.413793,0.0,0.0,0.0,0,191,0.5,0.5,0.0,5,0.0,0.0
Iris,SM,4,B1,16,11,1,1,16->15->24->29->28->31->30->11,,5.149388,inf,0.0,243,243,1.275827,185.185185,195.62534,185.185185,0.0,0.0,0.0,0,243,0.5,0.5,0.0,5,0.0,0.0
Iris,SM,4,B1,17,10,10,0,17->18->10,,1.016824,inf,0.0,160,160,1.016824,18.382353,28.563506,18.382353,0.0,0.0,0.0,0,160,0.5,0.5,0.0,5,0.0,0.0
Iris,SM,4,B1,18,10,10,0,18->10,,0.733336,inf,0.0,195,195,0.733336,18.382353,28.280018,18.382353,0.0,0.0,0.0,0,195,0.5,0.5,0.0,5,0.0,0.0
Iris,SM,4,B1,19,10,10,0,19->15->16->17->18->10,,2.041302,inf,0.0,175,175,2.041302,18.382353,29.587983,18.382353,0.0,0.0,0.0,0,175,0.5,0.5,0.0,5,0.0,0.0
Iris,SM,4,B1,20,10,10,0,20->19->15->16->17->18->10,,2.214612,inf,0.0,187,187,2.214612,18.382353,29.761294,18.382353,0.0,0.0,0.0,0,187,0.5,0.5,0.0,5,0.0,0.0
Iris,SM,4,B1,21,10,1,1,21->20->19->15->7->2->1->10,,4.574478,inf,0.0,160,160,2.250588,185.185185,196.600101,185.185185,0.0,0.0,0.0,0,160,0.5,0.5,0.0,5,0.0,0.0
Iris,SM,4,B1,22,9,9,0,22->23->11->30->33->34->1->2->7->6->9,,8.611656,inf,0.0,199,199,8.611656,45.87156,63.647544,45.87156,0.0,0.0,0.0,0,199,0.5,0.5,0.0,5,0.0,0.0
Iris,SM,4,B1,23,9,9,0,23->11->30->33->34->1->2->7->6->9,,7.970802,inf,0.0,224,224,7.970802,45.87156,63.00669,45.87156,0.0,0.0,0.0,0,224,0.5,0.5,0.0,5,0.0,0.0
Iris,SM,4,B1,24,9,9,0,24->15->7->6->9,,4.713951,inf,0.0,182,182,4.713951,45.87156,59.749839,45.87156,0.0,0.0,0.0,0,182,0.5,0.5,0.0,5,0.0,0.0
Iris,SM,4,B1,25,9,6,1,25->24->15->7->6->9,,4.99124,inf,0.0,232,232,4.577485,21.367521,35.109335,21.367521,0.0,0.0,0.0,0,232,0.5,0.5,0.0,5,0.0,0.0
Iris,SM,4,B1,26,9,9,0,26->29->24->15->7->6->9,,5.980614,inf,0.0,236,236,5.374687,45.87156,60.410575,45.87156,0.0,0.0,0.0,0,236,0.5,0.5,0.0,5,0.0,0.0
Iris,SM,4,B1,27,8,7,1,27->24->15->7->8,,3.841665,inf,0.0,193,193,3.211793,inf,inf,inf,0.0,0.0,0.0,0,193,0.5,0.5,0.0,5,0.0,0.0
Iris,SM,4,B1,28,8,8,0,28->29->24->15->7->8,,4.734009,inf,0.0,201,201,4.734009,263.157895,277.056232,263.157895,0.0,0.0,0.0,0,201.0,0.5,0.5,0.0,5,0.0,0.0
Iris,SM,4,B1,29,8,8,0,29->24->15->7->8,,4.336339,inf,0.0,194,194,4.336339,263.157895,276.658562,263.157895,0.0,0.0,0.0,0,194.0,0.5,0.5,0.0,5,0.0,0.0
Iris,SM,4,B1,30,8,1,1,30->33->34->1->2->7->8,,5.234129,inf,0.0,221,221,2.979762,185.185185,197.329275,185.185185,0.0,0.0,0.0,0,221.0,0.5,0.5,0.0,5,0.0,0.0
Iris,SM,4,B1,31,10,4,1,31->30->33->34->1->10,,3.955333,inf,0.0,131,131,3.606621,1.535155,14.306105,1.535155,0.0,0.0,0.0,0,131,0.5,0.5,0.0,5,0.0,0.0
Iris,SM,4,B1,32,8,8,0,32->24->15->7->8,,4.529511,inf,0.0,170,170,3.939325,263.157895,276.261548,263.157895,0.0,0.0,0.0,0,170,0.5,0.5,0.0,5,0.0,0.0
Iris,SM,4,B1,33,7,7,0,33->34->1->2->7,,4.101,inf,0.0,177,177,4.101,inf,inf,inf,0.0,0.0,0.0,0,177.0,0.5,0.5,0.0,5,0.0,0.0
Iris,SM,4,B1,34,7,2,1,34->1->2->7,,2.657667,inf,0.0,188,188,2.0274,18.382353,29.574081,18.382353,0.0,0.0,0.0,0,188.0,0.5,0.5,0.0,5,0.0,0.0
Iris,SM,4,B1,35,7,2,1,35->36->1->2->7,,2.657015,inf,0.0,192,192,2.026747,18.382353,29.573429,18.382353,0.0,0.0,0.0,0,192,0.5,0.5,0.0,5,0.0,0.0
Iris,SM,4,B1,36,7,2,1,36->1->2->7,,2.415987,inf,0.0,193,193,1.785719,18.382353,29.3324,18.382353,0.0,0.0,0.0,0,193,0.5,0.5,0.0,5,0.0,0.0
Iris,SM,4,B1,37,7,1,1,37->1->2->7,,2.084517,inf,0.0,193,193,0.460022,185.185185,194.809535,185.185185,0.0,0.0,0.0,0,193,0.5,0.5,0.0,5,0.0,0.0
Iris,SM,4,B1,38,6,6,0,38->30->33->34->1->2->7->6,,6.490448,inf,0.0,169,169,6.490448,21.367521,37.022298,21.367521,0.0,0.0,0.0,0,169,0.5,0.5,0.0,5,0.0,0.0
Iris,SM,4,B1,39,6,6,0,39->33->34->1->2->7->6,,5.792176,inf,0.0,187,187,5.792176,21.367521,36.324026,21.367521,0.0,0.0,0.0,0,187,0.5,0.5,0.0,5,0.0,0.0
Iris,SM,4,B1,40,7,7,0,40->39->33->34->1->2->7,,4.462393,inf,0.0,146,146,4.462393,inf,inf,inf,0.0,0.0,0.0,0,146,0.5,0.5,0.0,5,0.0,0.0
Iris,SM,4,B1,41,6,6,0,41->40->39->33->34->1->2->7->6,,6.051484,inf,0.0,207,207,6.051484,21.367521,36.583334,21.367521,0.0,0.0,0.0,0,207,0.5,0.5,0.0,5,0.0,0.0
Iris,SM,4,B1,42,6,7,1,42->3->4->1->2->7->6,,4.108771,inf,0.0,177,177,2.64482,inf,inf,inf,0.0,0.0,0.0,0,177,0.5,0.5,0.0,5,0.0,0.0
Iris,SM,4,B1,43,8,8,0,43->3->4->1->2->7->8,,3.29445,inf,0.0,117,117,3.29445,263.157895,275.616674,263.157895,0.0,0.0,0.0,0,117,0.5,0.5,0.0,5,0.0,0.0
Iris,SM,4,B1,44,6,7,1,44->50->49->48->33->34->1->2->7->6,,7.10214,inf,0.0,151,151,5.638189,inf,inf,inf,0.0,0.0,0.0,0,151,0.5,0.5,0.0,5,0.0,0.0
Iris,SM,4,B1,45,6,5,1,45->46->47->48->33->34->1->2->7->6,,7.021559,inf,0.0,182,182,6.608545,625.0,640.772873,625.0,0.0,0.0,0.0,0,182,0.5,0.5,0.0,5,0.0,0.0
Iris,SM,4,B1,46,5,5,0,46->47->48->33->34->1->2->7->8->5,,6.093173,inf,0.0,187,187,6.093173,625.0,640.257501,625.0,0.0,0.0,0.0,0,187,0.5,0.5,0.0,5,0.0,0.0
Iris,SM,4,B1,47,5,8,1,47->48->33->34->1->2->7->8->5,,5.887185,inf,0.0,163,163,5.466121,263.157895,277.788344,263.157895,0.0,0.0,0.0,0,163,0.5,0.5,0.0,5,0.0,0.0
Iris,SM,4,B1,48,5,5,0,48->33->34->1->2->7->8->5,,5.508199,inf,0.0,163,163,5.508199,625.0,639.672528,625.0,0.0,0.0,0.0,0,163.0,0.5,0.5,0.0,5,0.0,0.0
Iris,SM,4,B1,49,5,2,1,49->48->33->34->1->2->7->8->5,,5.763421,inf,0.0,204,204,4.082217,18.382353,31.628898,18.382353,0.0,0.0,0.0,0,204,0.5,0.5,0.0,5,0.0,0.0
Iris,SM,4,B1,50,5,5,0,50->49->48->33->34->1->2->7->8->5,,6.105735,inf,0.0,159,159,6.105735,625.0,640.270063,625.0,0.0,0.0,0.0,0,159,0.5,0.5,0.0,5,0.0,0.0
Iris,SM,4,B1,51,5,5,0,51->3->4->1->2->7->8->5,,3.696367,inf,0.0,147,147,3.696367,625.0,637.860695,625.0,0.0,0.0,0.0,0,147,0.5,0.5,0.0,5,0.0,0.0
Iris,SM,4,B3,1,1,1,0,1,1,0.0,10.380282,0.0,164,164,0.0,13.44086,22.605189,13.44086,0.0,0.0,0.0,0,164.0,0.5,0.5,0.0,5,0.0,0.0
Iris,SM,4,B3,2,2,2,0,2,2,0.0,10.367119,0.0,171,171,0.0,inf,inf,inf,0.0,0.0,0.0,0,171,0.5,0.5,0.0,5,0.0,0.0
Iris,SM,4,B3,3,3,3,0,3,3,0.0,10.30354,0.0,151,151,0.0,inf,inf,inf,0.0,0.0,0.0,0,151,0.5,0.5,0.0,5,0.0,0.0
Iris,SM,4,B3,4,4,4,0,4,4,0.0,10.442447,0.0,204,204,0.0,1.278119,10.442447,1.278119,0.0,0.0,0.0,0,204.0,0.5,0.5,0.0,5,0.0,0.0
Iris,SM,4,B3,5,5,5,0,5,5,0.0,inf,0.0,150,150,0.0,5.966587,15.130916,5.966587,0.0,0.0,0.0,0,150,0.5,0.5,0.0,5,0.0,0.0
Iris,SM,4,B3,6,6,6,0,6,6,0.0,inf,0.0,151,151,0.0,6.906077,16.070406,6.906077,0.0,0.0,0.0,0,151,0.5,0.5,0.0,5,0.0,0.0
Iris,SM,4,B3,7,7,7,0,7,7,0.0,inf,0.0,160,160,0.0,3.484321,12.648649,3.484321,0.0,0.0,0.0,0,160,0.5,0.5,0.0,5,0.0,0.0
Iris,SM,4,B3,8,8,8,0,8,8,0.0,inf,0.0,196,196,0.0,3.146633,12.310961,3.146633,0.0,0.0,0.0,0,196,0.5,0.5,0.0,5,0.0,0.0
Iris,SM,4,B3,9,9,9,0,9,9,0.0,inf,0.0,182,182,0.0,4.906771,14.0711,4.906771,0.0,0.0,0.0,0,182,0.5,0.5,0.0,5,0.0,0.0
Iris,SM,4,B3,10,10,10,0,10,10,0.0,inf,0.0,215,215,0.0,4.142502,13.30683,4.142502,0.0,0.0,0.0,0,215,0.5,0.5,0.0,5,0.0,0.0
Iris,SM,4,B3,11,11,11,0,11,11,0.0,inf,0.0,197,197,0.0,2.513826,11.678154,2.513826,0.0,0.0,0.0,0,197,0.5,0.5,0.0,5,0.0,0.0
Iris,SM,4,B3,12,11,1,1,12->13->25->24->29->28->31->30->11,12->21->20->19->15->16->17->37->1,4.463904,inf,0.0,272,272,2.772043,13.44086,25.377232,13.44086,0.0,0.0,0.0,0,272,0.5,0.5,0.0,5,0.0,0.0
Iris,SM,4,B3,13,11,3,1,13->25->24->29->28->31->30->11,13->12->21->20->19->15->16->17->37->1->4->3,4.202629,inf,0.0,191,191,3.707163,inf,inf,inf,0.0,0.0,0.0,0,191,0.5,0.5,0.0,5,0.0,0.0
Iris,SM,4,B3,14,11,2,1,14->34->33->30->11,14->35->36->1->2,3.785814,inf,0.0,172,172,2.452542,inf,inf,inf,0.0,0.0,0.0,0,172,0.5,0.5,0.0,5,0.0,0.0
Iris,SM,4,B3,15,11,11,0,15->24->29->28->31->30->11,15->24->29->28->31->30->11,4.78048,inf,0.0,191,191,4.78048,2.513826,16.458634,2.513826,0.0,0.0,0.0,0,191,0.5,0.5,0.0,5,0.0,0.0
Iris,SM,4,B3,16,11,11,0,16->15->24->29->28->31->30->11,16->15->24->29->28->31->30->11,5.149388,inf,0.0,243,243,5.149388,2.513826,16.827543,2.513826,0.0,0.0,0.0,0,243,0.5,0.5,0.0,5,0.0,0.0
Iris,SM,4,B3,17,10,1,1,17->18->10,17->37->1,1.016824,inf,0.0,160,160,0.853168,13.44086,23.458357,13.44086,0.0,0.0,0.0,0,160,0.5,0.5,0.0,5,0.0,0.0
Iris,SM,4,B3,18,10,10,0,18->10,18->10,0.733336,inf,0.0,195,195,0.733336,4.142502,14.040167,4.142502,0.0,0.0,0.0,0,195,0.5,0.5,0.0,5,0.0,0.0
Iris,SM,4,B3,19,10,10,0,19->15->16->17->18->10,19->15->16->17->18->10,2.041302,inf,0.0,175,175,2.041302,4.142502,15.348133,4.142502,0.0,0.0,0.0,0,175,0.5,0.5,0.0,5,0.0,0.0
Iris,SM,4,B3,20,10,2,1,20->19->15->16->17->18->10,20->19->15->7->2,2.214612,inf,0.0,187,187,2.65465,inf,inf,inf,0.0,0.0,0.0,0,187,0.5,0.5,0.0,5,0.0,0.0
Iris,SM,4,B3,21,10,10,0,21->20->19->15->7->2->1->10,21->20->19->15->16->17->18->10,4.574478,inf,0.0,160,160,2.414244,4.142502,15.721074,4.142502,0.0,0.0,0.0,0,160,0.5,0.5,0.0,5,0.0,0.0
Iris,SM,4,B3,22,9,9,0,22->23->11->30->33->34->1->2->7->6->9,22->23->11->30->33->34->1->2->7->6->9,8.611656,inf,0.0,199,199,8.611656,4.906771,22.682756,4.906771,0.0,0.0,0.0,0,199,0.5,0.5,0.0,5,0.0,0.0
Iris,SM,4,B3,23,9,9,0,23->11->30->33->34->1->2->7->6->9,23->11->30->33->34->1->2->7->6->9,7.970802,inf,0.0,224,224,7.970802,4.906771,22.041902,4.906771,0.0,0.0,0.0,0,224,0.5,0.5,0.0,5,0.0,0.0
Iris,SM,4,B3,24,9,2,1,24->15->7->6->9,24->15->7->2,4.713951,inf,0.0,182,182,3.466514,inf,inf,inf,0.0,0.0,0.0,0,182,0.5,0.5,0.0,5,0.0,0.0
Iris,SM,4,B3,25,9,3,1,25->24->15->7->6->9,25->24->27->14->35->36->1->4->3,4.99124,inf,0.0,232,232,3.502552,inf,inf,inf,0.0,0.0,0.0,0,232,0.5,0.5,0.0,5,0.0,0.0
Iris,SM,4,B3,26,9,9,0,26->29->24->15->7->6->9,26->27->24->15->7->6->9,5.980614,inf,0.0,236,236,5.374687,4.906771,19.445786,4.906771,0.0,0.0,0.0,0,236,0.5,0.5,0.0,5,0.0,0.0
Iris,SM,4,B3,27,8,8,0,27->24->15->7->8,27->24->15->7->8,3.841665,inf,0.0,193,193,3.841665,3.146633,16.152627,3.146633,0.0,0.0,0.0,0,193,0.5,0.5,0.0,5,0.0,0.0
Iris,SM,4,B3,28,8,3,1,28->29->24->15->7->8,28->29->26->27->14->35->36->1->4->3,4.734009,inf,0.0,201,201,3.929017,inf,inf,inf,0.0,0.0,0.0,0,201.0,0.5,0.5,0.0,5,0.0,0.0
Iris,SM,4,B3,29,8,2,1,29->24->15->7->8,29->26->27->14->35->36->1->2,4.336339,inf,0.0,194,194,3.85173,inf,inf,inf,0.0,0.0,0.0,0,194.0,0.5,0.5,0.0,5,0.0,0.0
Iris,SM,4,B3,30,8,8,0,30->33->34->1->2->7->8,30->33->34->1->2->7->8,5.234129,inf,0.0,221,221,5.234129,3.146633,17.545091,3.146633,0.0,0.0,0.0,0,221.0,0.5,0.5,0.0,5,0.0,0.0
Iris,SM,4,B3,31,10,3,1,31->30->33->34->1->10,31->30->33->34->1->4->3,3.955333,inf,0.0,131,131,3.903209,inf,inf,inf,0.0,0.0,0.0,0,131,0.5,0.5,0.0,5,0.0,0.0
Iris,SM,4,B3,32,8,1,1,32->24->15->7->8,32->34->1,4.529511,inf,0.0,170,170,1.684958,13.44086,24.290147,13.44086,0.0,0.0,0.0,0,170,0.5,0.5,0.0,5,0.0,0.0
Iris,SM,4,B3,33,7,7,0,33->34->1->2->7,33->34->1->2->7,4.101,inf,0.0,177,177,4.101,3.484321,16.749649,3.484321,0.0,0.0,0.0,0,177.0,0.5,0.5,0.0,5,0.0,0.0
Iris,SM,4,B3,34,7,7,0,34->1->2->7,34->1->2->7,2.657667,inf,0.0,188,188,2.657667,3.484321,15.306316,3.484321,0.0,0.0,0.0,0,188.0,0.5,0.5,0.0,5,0.0,0.0
Iris,SM,4,B3,35,7,7,0,35->36->1->2->7,35->36->1->2->7,2.657015,inf,0.0,192,192,2.657015,3.484321,15.305664,3.484321,0.0,0.0,0.0,0,192,0.5,0.5,0.0,5,0.0,0.0
Iris,SM,4,B3,36,7,3,1,36->1->2->7,36->1->4->3,2.415987,inf,0.0,193,193,1.465336,inf,inf,inf,0.0,0.0,0.0,0,193,0.5,0.5,0.0,5,0.0,0.0
Iris,SM,4,B3,37,7,2,1,37->1->2->7,37->1->2,2.084517,inf,0.0,193,193,1.454249,inf,inf,inf,0.0,0.0,0.0,0,193,0.5,0.5,0.0,5,0.0,0.0
Iris,SM,4,B3,38,6,2,1,38->30->33->34->1->2->7->6,38->30->33->34->1->2,6.490448,inf,0.0,169,169,4.396229,inf,inf,inf,0.0,0.0,0.0,0,169,0.5,0.5,0.0,5,0.0,0.0
Iris,SM,4,B3,39,6,6,0,39->33->34->1->2->7->6,39->33->34->1->2->7->6,5.792176,inf,0.0,187,187,5.792176,6.906077,21.862582,6.906077,0.0,0.0,0.0,0,187,0.5,0.5,0.0,5,0.0,0.0
Iris,SM,4,B3,40,7,1,1,40->39->33->34->1->2->7,40->39->33->34->1,4.462393,inf,0.0,146,146,2.837898,13.44086,25.443087,13.44086,0.0,0.0,0.0,0,146,0.5,0.5,0.0,5,0.0,0.0
Iris,SM,4,B3,41,6,3,1,41->40->39->33->34->1->2->7->6,41->40->39->33->34->1->4->3,6.051484,inf,0.0,207,207,3.636884,inf,inf,inf,0.0,0.0,0.0,0,207,0.5,0.5,0.0,5,0.0,0.0
Iris,SM,4,B3,42,6,6,0,42->3->4->1->2->7->6,42->3->4->1->2->7->6,4.108771,inf,0.0,177,177,4.108771,6.906077,20.179176,6.906077,0.0,0.0,0.0,0,177,0.5,0.5,0.0,5,0.0,0.0
Iris,SM,4,B3,43,8,8,0,43->3->4->1->2->7->8,43->3->4->1->2->7->8,3.29445,inf,0.0,117,117,3.29445,3.146633,15.605412,3.146633,0.0,0.0,0.0,0,117,0.5,0.5,0.0,5,0.0,0.0
Iris,SM,4,B3,44,6,6,0,44->50->49->48->33->34->1->2->7->6,44->50->49->48->33->34->1->2->7->6,7.10214,inf,0.0,151,151,7.10214,6.906077,23.172546,6.906077,0.0,0.0,0.0,0,151,0.5,0.5,0.0,5,0.0,0.0
Iris,SM,4,B3,45,6,6,0,45->46->47->48->33->34->1->2->7->6,45->46->47->48->33->34->1->2->7->6,7.021559,inf,0.0,182,182,7.021559,6.906077,23.091965,6.906077,0.0,0.0,0.0,0,182,0.5,0.5,0.0,5,0.0,0.0
Iris,SM,4,B3,46,5,5,0,46->47->48->33->34->1->2->7->8->5,46->47->48->33->34->1->2->7->8->5,6.093173,inf,0.0,187,187,6.093173,5.966587,21.224088,5.966587,0.0,0.0,0.0,0,187,0.5,0.5,0.0,5,0.0,0.0
Iris,SM,4,B3,47,5,5,0,47->48->33->34->1->2->7->8->5,47->48->33->34->1->2->7->8->5,5.887185,inf,0.0,163,163,5.887185,5.966587,21.018101,5.966587,0.0,0.0,0.0,0,163,0.5,0.5,0.0,5,0.0,0.0
Iris,SM,4,B3,48,5,5,0,48->33->34->1->2->7->8->5,48->33->34->1->2->7->8->5,5.508199,inf,0.0,163,163,5.508199,5.966587,20.639115,5.966587,0.0,0.0,0.0,0,163.0,0.5,0.5,0.0,5,0.0,0.0
Iris,SM,4,B3,49,5,3,1,49->48->33->34->1->2->7->8->5,49->48->33->34->1->4->3,5.763421,inf,0.0,204,204,3.761835,inf,inf,inf,0.0,0.0,0.0,0,204,0.5,0.5,0.0,5,0.0,0.0
Iris,SM,4,B3,50,5,5,0,50->49->48->33->34->1->2->7->8->5,50->49->48->33->34->1->2->7->8->5,6.105735,inf,0.0,159,159,6.105735,5.966587,21.23665,5.966587,0.0,0.0,0.0,0,159,0.5,0.5,0.0,5,0.0,0.0
Iris,SM,4,B3,51,5,2,1,51->3->4->1->2->7->8->5,51->3->4->1->2,3.696367,inf,0.0,147,147,2.015162,inf,inf,inf,0.0,0.0,0.0,0,147,0.5,0.5,0.0,5,0.0,0.0
Iris,SM,4,MCF_ARC,1,1,1,0,1,1,0.0,10.380282,0.0,164,164,0.0,12.624404,19.431269,10.26694,0.0,0.0,0.0,0,164.0,0.5,0.5,0.0,5,0.0,0.0
Iris,SM,4,MCF_ARC,2,2,2,0,2,2,0.0,10.367119,0.0,171,171,0.0,17.597495,24.454848,15.29052,0.0,0.0,0.0,0,171,0.5,0.5,0.0,5,0.0,0.0
Iris,SM,4,MCF_ARC,3,3,3,0,3,3,0.0,10.30354,0.0,151,151,0.0,1.14036,10.30354,1.139212,0.0,0.0,0.0,0,151,0.5,0.5,0.0,5,0.0,0.0
Iris,SM,4,MCF_ARC,4,4,4,0,4,4,0.0,10.442447,0.0,204,204,0.0,7.047005,15.902873,6.738544,0.0,0.0,0.0,0,204.0,0.5,0.5,0.0,5,0.0,0.0
Iris,SM,4,MCF_ARC,5,5,5,0,5,5,0.0,inf,0.0,150,150,0.0,20.033102,28.927174,19.762846,0.0,0.0,0.0,0,150,0.5,0.5,0.0,5,0.0,0.0
Iris,SM,4,MCF_ARC,6,6,6,0,6,6,0.0,inf,0.0,151,151,0.0,18.548982,25.886736,16.722408,0.0,0.0,0.0,0,151,0.5,0.5,0.0,5,0.0,0.0
Iris,SM,4,MCF_ARC,7,7,7,0,7,7,0.0,inf,0.0,160,160,0.0,19.490218,28.032253,18.867925,0.0,0.0,0.0,0,160,0.5,0.5,0.0,5,0.0,0.0
Iris,SM,4,MCF_ARC,8,8,8,0,8,8,0.0,inf,0.0,196,196,0.0,18.495608,26.769962,17.605634,0.0,0.0,0.0,0,196,0.5,0.5,0.0,5,0.0,0.0
Iris,SM,4,MCF_ARC,9,9,9,0,9,9,0.0,inf,0.0,182,182,0.0,17.644539,25.087895,15.923567,0.0,0.0,0.0,0,182,0.5,0.5,0.0,5,0.0,0.0
Iris,SM,4,MCF_ARC,10,10,10,0,10,10,0.0,inf,0.0,215,215,0.0,8.168545,17.13881,7.974482,0.0,0.0,0.0,0,215,0.5,0.5,0.0,5,0.0,0.0
Iris,SM,4,MCF_ARC,11,11,11,0,11,11,0.0,inf,0.0,197,197,0.0,8.561925,17.113454,7.949126,0.0,0.0,0.0,0,197,0.5,0.5,0.0,5,0.0,0.0
Iris,SM,4,MCF_ARC,12,11,11,0,12->13->25->24->29->28->31->30->11,12->13->25->24->29->28->31->30->11,4.463904,inf,0.0,272,272,4.463904,8.561925,21.577358,7.949126,0.0,0.0,0.0,0,272,0.5,0.5,0.0,5,0.0,0.0
Iris,SM,4,MCF_ARC,13,11,11,0,13->25->24->29->28->31->30->11,13->25->24->29->28->31->30->11,4.202629,inf,0.0,191,191,4.202629,8.561925,21.316083,7.949126,0.0,0.0,0.0,0,191,0.5,0.5,0.0,5,0.0,0.0
Iris,SM,4,MCF_ARC,14,11,1,1,14->34->33->30->11,14->34->1,3.785814,inf,0.0,172,172,1.637334,12.624404,21.068603,10.26694,0.0,0.0,0.0,0,172,0.5,0.5,0.0,5,0.0,0.0
Iris,SM,4,MCF_ARC,15,11,1,1,15->24->29->28->31->30->11,15->16->17->37->1,4.78048,inf,0.0,191,191,1.644735,12.624404,21.076004,10.26694,0.0,0.0,0.0,0,191,0.5,0.5,0.0,5,0.0,0.0
Iris,SM,4,MCF_ARC,16,11,11,0,16->15->24->29->28->31->30->11,16->15->24->29->28->31->30->11,5.149388,inf,0.0,243,243,5.149388,8.561925,22.262842,7.949126,0.0,0.0,0.0,0,243,0.5,0.5,0.0,5,0.0,0.0
Iris,SM,4,MCF_ARC,17,10,10,0,17->18->10,17->18->10,1.016824,inf,0.0,160,160,1.016824,8.168545,18.155634,7.974482,0.0,0.0,0.0,0,160,0.5,0.5,0.0,5,0.0,0.0
Iris,SM,4,MCF_ARC,18,10,10,0,18->10,18->10,0.733336,inf,0.0,195,195,0.733336,8.168545,17.872146,7.974482,0.0,0.0,0.0,0,195,0.5,0.5,0.0,5,0.0,0.0
Iris,SM,4,MCF_ARC,19,10,1,1,19->15->16->17->18->10,19->15->16->17->18->10->1,2.041302,inf,0.0,175,175,2.767271,12.624404,22.19854,10.26694,0.0,0.0,0.0,0,175,0.5,0.5,0.0,5,0.0,0.0
Iris,SM,4,MCF_ARC,20,10,1,1,20->19->15->16->17->18->10,20->19->15->7->2->1,2.214612,inf,0.0,187,187,3.648877,12.624404,23.080146,10.26694,0.0,0.0,0.0,0,187,0.5,0.5,0.0,5,0.0,0.0
Iris,SM,4,MCF_ARC,21,10,10,0,21->20->19->15->7->2->1->10,21->20->19->15->16->17->18->10,4.574478,inf,0.0,160,160,2.414244,8.168545,19.553054,7.974482,0.0,0.0,0.0,0,160,0.5,0.5,0.0,5,0.0,0.0
Iris,SM,4,MCF_ARC,22,9,9,0,22->23->11->30->33->34->1->2->7->6->9,22->23->11->30->33->34->1->2->7->6->9,8.611656,inf,0.0,199,199,8.611656,17.644539,33.699551,15.923567,0.0,0.0,0.0,0,199,0.5,0.5,0.0,5,0.0,0.0
Iris,SM,4,MCF_ARC,23,9,6,1,23->11->30->33->34->1->2->7->6->9,23->11->30->33->34->1->2->7->6,7.970802,inf,0.0,224,224,7.557047,18.548982,33.443784,16.722408,0.0,0.0,0.0,0,224,0.5,0.5,0.0,5,0.0,0.0
Iris,SM,4,MCF_ARC,24,9,9,0,24->15->7->6->9,24->15->7->6->9,4.713951,inf,0.0,182,182,4.713951,17.644539,29.801846,15.923567,0.0,0.0,0.0,0,182,0.5,0.5,0.0,5,0.0,0.0
Iris,SM,4,MCF_ARC,25,9,9,0,25->24->15->7->6->9,25->24->15->7->6->9,4.99124,inf,0.0,232,232,4.99124,17.644539,30.079135,15.923567,0.0,0.0,0.0,0,232,0.5,0.5,0.0,5,0.0,0.0
Iris,SM,4,MCF_ARC,26,9,4,1,26->29->24->15->7->6->9,26->27->24->32->34->1->4,5.980614,inf,0.0,236,236,3.786343,7.047005,19.689216,6.738544,0.0,0.0,0.0,0,236,0.5,0.5,0.0,5,0.0,0.0
Iris,SM,4,MCF_ARC,27,8,8,0,27->24->15->7->8,27->24->15->7->8,3.841665,inf,0.0,193,193,3.841665,18.495608,30.611627,17.605634,0.0,0.0,0.0,0,193,0.5,0.5,0.0,5,0.0,0.0
Iris,SM,4,MCF_ARC,28,8,8,0,28->29->24->15->7->8,28->29->24->15->7->8,4.734009,inf,0.0,201,201,4.734009,18.495608,31.503971,17.605634,0.0,0.0,0.0,0,201.0,0.5,0.5,0.0,5,0.0,0.0
Iris,SM,4,MCF_ARC,29,8,8,0,29->24->15->7->8,29->24->15->7->8,4.336339,inf,0.0,194,194,4.336339,18.495608,31.106301,17.605634,0.0,0.0,0.0,0,194.0,0.5,0.5,0.0,5,0.0,0.0
Iris,SM,4,MCF_ARC,30,8,4,1,30->33->34->1->2->7->8,30->33->34->1->4,5.234129,inf,0.0,221,221,3.357019,7.047005,19.259892,6.738544,0.0,0.0,0.0,0,221.0,0.5,0.5,0.0,5,0.0,0.0
Iris,SM,4,MCF_ARC,31,10,10,0,31->30->33->34->1->10,31->30->33->34->1->10,3.955333,inf,0.0,131,131,3.955333,8.168545,21.094143,7.974482,0.0,0.0,0.0,0,131,0.5,0.5,0.0,5,0.0,0.0
Iris,SM,4,MCF_ARC,32,8,7,1,32->24->15->7->8,32->24->15->7,4.529511,inf,0.0,170,170,3.899639,19.490218,31.931892,18.867925,0.0,0.0,0.0,0,170,0.5,0.5,0.0,5,0.0,0.0
Iris,SM,4,MCF_ARC,33,7,7,0,33->34->1->2->7,33->34->1->2->7,4.101,inf,0.0,177,177,4.101,19.490218,32.133253,18.867925,0.0,0.0,0.0,0,177.0,0.5,0.5,0.0,5,0.0,0.0
Iris,SM,4,MCF_ARC,34,7,2,1,34->1->2->7,34->1->2,2.657667,inf,0.0,188,188,2.0274,17.597495,26.482248,15.29052,0.0,0.0,0.0,0,188.0,0.5,0.5,0.0,5,0.0,0.0
Iris,SM,4,MCF_ARC,35,7,2,1,35->36->1->2->7,35->36->1->2,2.657015,inf,0.0,192,192,2.026747,17.597495,26.481596,15.29052,0.0,0.0,0.0,0,192,0.5,0.5,0.0,5,0.0,0.0
Iris,SM,4,MCF_ARC,36,7,2,1,36->1->2->7,36->1->2,2.415987,inf,0.0,193,193,1.785719,17.597495,26.240567,15.29052,0.0,0.0,0.0,0,193,0.5,0.5,0.0,5,0.0,0.0
Iris,SM,4,MCF_ARC,37,7,2,1,37->1->2->7,37->1->2,2.084517,inf,0.0,193,193,1.454249,17.597495,25.909097,15.29052,0.0,0.0,0.0,0,193,0.5,0.5,0.0,5,0.0,0.0
Iris,SM,4,MCF_ARC,38,6,6,0,38->30->33->34->1->2->7->6,38->30->33->34->1->2->7->6,6.490448,inf,0.0,169,169,6.490448,18.548982,32.377184,16.722408,0.0,0.0,0.0,0,169,0.5,0.5,0.0,5,0.0,0.0
Iris,SM,4,MCF_ARC,39,6,9,1,39->33->34->1->2->7->6,39->33->34->1->2->7->6->9,5.792176,inf,0.0,187,187,6.20593,17.644539,31.293826,15.923567,0.0,0.0,0.0,0,187,0.5,0.5,0.0,5,0.0,0.0
Iris,SM,4,MCF_ARC,40,7,7,0,40->39->33->34->1->2->7,40->39->33->34->1->2->7,4.462393,inf,0.0,146,146,4.462393,19.490218,32.494646,18.867925,0.0,0.0,0.0,0,146,0.5,0.5,0.0,5,0.0,0.0
Iris,SM,4,MCF_ARC,41,6,6,0,41->40->39->33->34->1->2->7->6,41->40->39->33->34->1->2->7->6,6.051484,inf,0.0,207,207,6.051484,18.548982,31.938221,16.722408,0.0,0.0,0.0,0,207,0.5,0.5,0.0,5,0.0,0.0
Iris,SM,4,MCF_ARC,42,6,4,1,42->3->4->1->2->7->6,42->3->4,4.108771,inf,0.0,177,177,0.643068,7.047005,16.545941,6.738544,0.0,0.0,0.0,0,177,0.5,0.5,0.0,5,0.0,0.0
Iris,SM,4,MCF_ARC,43,8,5,1,43->3->4->1->2->7->8,43->3->4->1->2->7->8->5,3.29445,inf,0.0,117,117,3.715515,20.033102,32.642689,19.762846,0.0,0.0,0.0,0,117,0.5,0.5,0.0,5,0.0,0.0
Iris,SM,4,MCF_ARC,44,6,7,1,44->50->49->48->33->34->1->2->7->6,44->50->49->48->33->34->1->2->7,7.10214,inf,0.0,151,151,5.638189,19.490218,33.670442,18.867925,0.0,0.0,0.0,0,151,0.5,0.5,0.0,5,0.0,0.0
Iris,SM,4,MCF_ARC,45,6,6,0,45->46->47->48->33->34->1->2->7->6,45->46->47->48->33->34->1->2->7->6,7.021559,inf,0.0,182,182,7.021559,18.548982,32.908295,16.722408,0.0,0.0,0.0,0,182,0.5,0.5,0.0,5,0.0,0.0
Iris,SM,4,MCF_ARC,46,5,5,0,46->47->48->33->34->1->2->7->8->5,46->47->48->33->34->1->2->7->8->5,6.093173,inf,0.0,187,187,6.093173,20.033102,35.020347,19.762846,0.0,0.0,0.0,0,187,0.5,0.5,0.0,5,0.0,0.0
Iris,SM,4,MCF_ARC,47,5,5,0,47->48->33->34->1->2->7->8->5,47->48->33->34->1->2->7->8->5,5.887185,inf,0.0,163,163,5.887185,20.033102,34.81436,19.762846,0.0,0.0,0.0,0,163,0.5,0.5,0.0,5,0.0,0.0
Iris,SM,4,MCF_ARC,48,5,5,0,48->33->34->1->2->7->8->5,48->33->34->1->2->7->8->5,5.508199,inf,0.0,163,163,5.508199,20.033102,34.435374,19.762846,0.0,0.0,0.0,0,163.0,0.5,0.5,0.0,5,0.0,0.0
Iris,SM,4,MCF_ARC,49,5,8,1,49->48->33->34->1->2->7->8->5,49->48->33->34->1->2->7->8,5.763421,inf,0.0,204,204,5.342357,18.495608,32.112319,17.605634,0.0,0.0,0.0,0,204,0.5,0.5,0.0,5,0.0,0.0
Iris,SM,4,MCF_ARC,50,5,5,0,50->49->48->33->34->1->2->7->8->5,50->49->48->33->34->1->2->7->8->5,6.105735,inf,0.0,159,159,6.105735,20.033102,35.032909,19.762846,0.0,0.0,0.0,0,159,0.5,0.5,0.0,5,0.0,0.0
Iris,SM,4,MCF_ARC,51,5,7,1,51->3->4->1->2->7->8->5,51->3->4->1->2->7,3.696367,inf,0.0,147,147,2.64543,19.490218,30.677683,18.867925,0.0,0.0,0.0,0,147,0.5,0.5,0.0,5,0.0,0.0
Uninett2010,SM,0,B1,1,1,1,0,1,,0.0,20.77146,0.0,204,204,0.0,5.274262,24.79196,5.274262,0.0,0.0,0.0,0,204.0,0.5,0.5,0.0,5,0.0,0.0
Uninett2010,SM,0,B1,2,2,2,0,2,,0.0,20.752877,0.0,192,192,0.0,10.683761,30.20146,10.683761,0.0,0.0,0.0,0,192.0,0.5,0.5,0.0,5,0.0,0.0
Uninett2010,SM,0,B1,3,3,3,0,3,,0.0,20.781921,0.0,221,221,0.0,1.264223,20.781921,1.264223,0.0,0.0,0.0,0,221,0.5,0.5,0.0,5,0.0,0.0
Uninett2010,SM,0,B1,4,4,4,0,4,,0.0,20.779369,0.0,209,209,0.0,5.24659,24.764289,5.24659,0.0,0.0,0.0,0,209.0,0.5,0.5,0.0,5,0.0,0.0
Uninett2010,SM,0,B1,5,5,5,0,5,,0.0,20.748317,0.0,189,189,0.0,1.55135,21.069048,1.55135,0.0,0.0,0.0,0,189,0.5,0.5,0.0,5,0.0,0.0
Uninett2010,SM,0,B1,6,6,6,0,6,,0.0,inf,0.0,185,185,0.0,6.468305,25.986004,6.468305,0.0,0.0,0.0,0,185,0.5,0.5,0.0,5,0.0,0.0
Uninett2010,SM,0,B1,7,7,7,0,7,,0.0,inf,0.0,213,213,0.0,151.515152,171.03285,151.515152,0.0,0.0,0.0,0,213,0.5,0.5,0.0,5,0.0,0.0
Uninett2010,SM,0,B1,8,8,5,1,8,,0.0,inf,0.0,168,168,0.0,1.55135,21.069048,1.55135,0.0,0.0,0.0,0,168,0.5,0.5,0.0,5,0.0,0.0
Uninett2010,SM,0,B1,9,9,9,0,9,,0.0,inf,0.0,152,152,0.0,625.0,644.517699,625.0,0.0,0.0,0.0,0,152.0,0.5,0.5,0.0,5,0.0,0.0
Uninett2010,SM,0,B1,10,10,10,0,10,,0.0,inf,0.0,165,165,0.0,625.0,644.517699,625.0,0.0,0.0,0.0,0,165,0.5,0.5,0.0,5,0.0,0.0
Uninett2010,SM,0,B1,11,11,11,0,11,,0.0,inf,0.0,162,162,0.0,6.596306,26.114005,6.596306,0.0,0.0,0.0,0,162,0.5,0.5,0.0,5,0.0,0.0
Uninett2010,SM,0,B1,12,12,12,0,12,,0.0,inf,0.0,155,155,0.0,86.206897,105.724595,86.206897,0.0,0.0,0.0,0,155,0.5,0.5,0.0,5,0.0,0.0
Uninett2010,SM,0,B1,13,13,14,1,13,,0.0,inf,0.0,217,217,0.403866,1666.666667,1686.588231,1666.666667,0.0,0.0,0.0,0,217,0.5,0.5,0.0,5,0.0,0.0
Uninett2010,SM,0,B1,14,14,13,1,14,,0.0,inf,0.0,163,163,0.403866,1666.666667,1686.588231,1666.666667,0.0,0.0,0.0,0,163,0.5,0.5,0.0,5,0.0,0.0
Uninett2010,SM,0,B1,15,15,15,0,15,,0.0,inf,0.0,175,175,0.0,125.0,144.517699,125.0,0.0,0.0,0.0,0,175,0.5,0.5,0.0,5,0.0,0.0
Uninett2010,SM,0,B1,16,15,15,0,16->15,,0.790036,inf,0.0,197,197,0.790036,125.0,145.307734,125.0,0.0,0.0,0.0,0,197,0.5,0.5,0.0,5,0.0,0.0
Uninett2010,SM,0,B1,17,15,4,1,17->18->67->27->15,,15.03835,inf,0.0,203,203,3.779561,5.24659,28.543849,5.24659,0.0,0.0,0.0,0,203,0.5,0.5,0.0,5,0.0,0.0
Uninett2010,SM,0,B1,18,15,15,0,18->67->27->15,,14.316511,inf,0.0,190,190,14.316511,125.0,158.83421,125.0,0.0,0.0,0.0,0,190.0,0.5,0.5,0.0,5,0.0,0.0
Uninett2010,SM,0,B1,19,15,15,0,19->50->1->4->67->27->15,,15.490473,inf,0.0,176,176,15.490473,125.0,160.008172,125.0,0.0,0.0,0.0,0,176,0.5,0.5,0.0,5,0.0,0.0
Uninett2010,SM,0,B1,20,15,15,0,20->19->50->1->4->67->27->15,,16.403139,inf,0.0,147,147,16.403139,125.0,160.920838,125.0,0.0,0.0,0.0,0,147,0.5,0.5,0.0,5,0.0,0.0
Uninett2010,SM,0,B1,21,15,9,1,21->50->1->4->67->27->15,,15.711361,inf,0.0,170,170,13.593105,625.0,658.110804,625.0,0.0,0.0,0.0,0,170,0.5,0.5,0.0,5,0.0,0.0
Uninett2010,SM,0,B1,22,14,13,1,22->23->4->67->27->15->13->14,,19.641564,inf,0.0,152,152,18.941305,1666.666667,1705.12567,1666.666667,0.0,0.0,0.0,0,152,0.5,0.5,0.0,5,0.0,0.0
Uninett2010,SM,0,B1,23,14,15,1,23->4->67->27->15->13->14,,19.229416,inf,0.0,191,191,16.45807,125.0,160.975769,125.0,0.0,0.0,0.0,0,191,0.5,0.5,0.0,5,0.0,0.0
Uninett2010,SM,0,B1,24,14,14,0,24->42->18->67->27->15->13->14,,18.689771,inf,0.0,206,206,18.689771,1666.666667,1704.874137,1666.666667,0.0,0.0,0.0,0,206,0.5,0.5,0.0,5,0.0,0.0
Uninett2010,SM,0,B1,25,14,14,0,25->24->42->4->67->27->15->13->14,,21.497621,inf,0.0,162,162,18.820786,1666.666667,1705.005151,1666.666667,0.0,0.0,0.0,0,162,0.5,0.5,0.0,5,0.0,0.0
Uninett2010,SM,0,B1,26,14,14,0,26->17->18->67->27->15->13->14,,18.203526,inf,0.0,135,135,18.203526,1666.666667,1704.387891,1666.666667,0.0,0.0,0.0,0,135,0.5,0.5,0.0,5,0.0,0.0
Uninett2010,SM,0,B1,27,14,14,0,27->15->13->14,,4.889601,inf,0.0,133,133,4.889601,1666.666667,1691.073967,1666.666667,0.0,0.0,0.0,0,133.0,0.5,0.5,0.0,5,0.0,0.0
Uninett2010,SM,0,B1,28,13,1,1,28->12->11->4->67->27->15->13,,17.285865,inf,0.0,208,208,0.982761,5.274262,25.774722,5.274262,0.0,0.0,0.0,0,208,0.5,0.5,0.0,5,0.0,0.0
Uninett2010,SM,0,B1,29,13,13,0,29->34->30->9->27->15->13,,15.747959,inf,0.0,228,228,15.747959,1666.666667,1701.932324,1666.666667,0.0,0.0,0.0,0,228.0,0.5,0.5,0.0,5,0.0,0.0
Uninett2010,SM,0,B1,30,13,13,0,30->9->27->15->13,,5.832342,inf,0.0,173,173,5.832342,1666.666667,1692.016707,1666.666667,0.0,0.0,0.0,0,173,0.5,0.5,0.0,5,0.0,0.0
Uninett2010,SM,0,B1,31,13,13,0,31->30->9->27->15->13,,6.291098,inf,0.0,159,159,6.291098,1666.666667,1692.475463,1666.666667,0.0,0.0,0.0,0,159,0.5,0.5,0.0,5,0.0,0.0
Uninett2010,SM,0,B1,32,13,14,1,32->49->14->13,,3.294517,inf,0.0,172,172,2.890651,1666.666667,1689.075016,1666.666667,0.0,0.0,0.0,0,172,0.5,0.5,0.0,5,0.0,0.0
Uninett2010,SM,0,B1,33,12,12,0,33->35->67->4->11->12,,6.0256,inf,0.0,184,184,6.0256,86.206897,111.750196,86.206897,0.0,0.0,0.0,0,184,0.5,0.5,0.0,5,0.0,0.0
Uninett2010,SM,0,B1,34,12,12,0,34->30->40->37->36->67->4->11->12,,21.198322,inf,0.0,190,190,21.198322,86.206897,126.922918,86.206897,0.0,0.0,0.0,0,190.0,0.5,0.5,0.0,5,0.0,0.0
Uninett2010,SM,0,B1,35,12,12,0,35->67->4->11->12,,5.522408,inf,0.0,153,153,5.522408,86.206897,111.247004,86.206897,0.0,0.0,0.0,0,153,0.5,0.5,0.0,5,0.0,0.0
Uninett2010,SM,0,B1,36,12,12,0,36->67->4->11->12,,7.752648,inf,0.0,153,153,7.752648,86.206897,113.477243,86.206897,0.0,0.0,0.0,0,153,0.5,0.5,0.0,5,0.0,0.0
Uninett2010,SM,0,B1,37,12,12,0,37->36->67->4->11->12,,8.015621,inf,0.0,179,179,8.015621,86.206897,113.740216,86.206897,0.0,0.0,0.0,0,179,0.5,0.5,0.0,5,0.0,0.0
Uninett2010,SM,0,B1,38,12,4,1,38->68->2->57->12,,8.736778,inf,0.0,204,204,7.594962,5.24659,32.359251,5.24659,0.0,0.0,0.0,0,204,0.5,0.5,0.0,5,0.0,0.0
Uninett2010,SM,0,B1,39,11,1,1,39->38->68->67->4->11,,7.952261,inf,0.0,196,196,7.594962,5.274262,32.386922,5.274262,0.0,0.0,0.0,0,196,0.5,0.5,0.0,5,0.0,0.0
Uninett2010,SM,0,B1,40,11,1,1,40->37->36->67->4->11,,8.976864,inf,0.0,204,204,8.619566,5.274262,33.411526,5.274262,0.0,0.0,0.0,0,204,0.5,0.5,0.0,5,0.0,0.0
Uninett2010,SM,0,B1,41,11,11,0,41->18->42->4->11,,4.756885,inf,0.0,174,174,4.756885,6.596306,30.87089,6.596306,0.0,0.0,0.0,0,174,0.5,0.5,0.0,5,0.0,0.0
Uninett2010,SM,0,B1,42,11,11,0,42->4->11,,3.415021,inf,0.0,187,187,3.415021,6.596306,29.529026,6.596306,0.0,0.0,0.0,0,187.0,0.5,0.5,0.0,5,0.0,0.0
Uninett2010,SM,0,B1,43,11,11,0,43->67->4->11,,6.683875,inf,0.0,173,173,5.774059,6.596306,31.888063,6.596306,0.0,0.0,0.0,0,173,0.5,0.5,0.0,5,0.0,0.0
Uninett2010,SM,0,B1,44,11,11,0,44->41->18->67->4->11,,10.639832,inf,0.0,154,154,5.467502,6.596306,31.581507,6.596306,0.0,0.0,0.0,0,154,0.5,0.5,0.0,5,0.0,0.0
Uninett2010,SM,0,B1,45,10,4,1,45->47->69->67->36->37->40->10,,8.399218,inf,0.0,195,195,5.816409,5.24659,30.580698,5.24659,0.0,0.0,0.0,0,195,0.5,0.5,0.0,5,0.0,0.0
Uninett2010,SM,0,B1,46,10,10,0,46->43->18->67->27->10,,16.403169,inf,0.0,174,174,9.273608,625.0,653.791307,625.0,0.0,0.0,0.0,0,174,0.5,0.5,0.0,5,0.0,0.0
Uninett2010,SM,0,B1,47,10,10,0,47->69->67->36->37->40->10,,7.892964,inf,0.0,180,180,7.892964,625.0,652.410663,625.0,0.0,0.0,0.0,0,180,0.5,0.5,0.0,5,0.0,0.0
Uninett2010,SM,0,B1,48,10,10,0,48->35->33->38->40->10,,6.329273,inf,0.0,169,169,6.329273,625.0,650.846971,625.0,0.0,0.0,0.0,0,169,0.5,0.5,0.0,5,0.0,0.0
Uninett2010,SM,0,B1,49,10,10,0,49->32->16->9->30->10,,5.761277,inf,0.0,192,192,5.356774,625.0,649.874472,625.0,0.0,0.0,0.0,0,192,0.5,0.5,0.0,5,0.0,0.0
Uninett2010,SM,0,B1,50,14,13,1,50->1->4->67->27->15->13->14,,17.793579,inf,0.0,126,126,17.389713,1666.666667,1703.574079,1666.666667,0.0,0.0,0.0,0,126,0.5,0.5,0.0,5,0.0,0.0
Uninett2010,SM,0,B1,51,10,2,1,51->50->1->2->68->38->40->10,,11.756311,inf,0.0,148,148,0.932777,10.683761,31.134237,10.683761,0.0,0.0,0.0,0,148,0.5,0.5,0.0,5,0.0,0.0
Uninett2010,SM,0,B1,52,9,9,0,52->68->9,,8.170334,inf,0.0,183,183,7.981813,625.0,652.499512,625.0,0.0,0.0,0.0,0,183,0.5,0.5,0.0,5,0.0,0.0
Uninett2010,SM,0,B1,53,9,9,0,53->7->2->68->9,,11.996133,inf,0.0,155,155,11.996133,625.0,656.513832,625.0,0.0,0.0,0.0,0,155,0.5,0.5,0.0,5,0.0,0.0
Uninett2010,SM,0,B1,54,9,9,0,54->58->57->2->68->9,,12.785355,inf,0.0,171,171,12.785355,625.0,657.303054,625.0,0.0,0.0,0.0,0,171,0.5,0.5,0.0,5,0.0,0.0
Uninett2010,SM,0,B1,55,9,10,1,55->12->57->2->68->9,,13.417115,inf,0.0,120,120,11.639228,625.0,656.156927,625.0,0.0,0.0,0.0,0,120,0.5,0.5,0.0,5,0.0,0.0
Uninett2010,SM,0,B1,56,9,9,0,56->34->30->9,,11.262223,inf,0.0,169,169,11.262223,625.0,655.779922,625.0,0.0,0.0,0.0,0,169.0,0.5,0.5,0.0,5,0.0,0.0
Uninett2010,SM,0,B1,57,9,2,1,57->2->68->9,,12.547369,inf,0.0,178,178,0.730001,10.683761,30.93146,10.683761,0.0,0.0,0.0,0,178,0.5,0.5,0.0,5,0.0,0.0
Uninett2010,SM,0,B1,58,8,8,0,58->57->2->7->8,,1.62571,inf,0.0,193,193,1.62571,43.478261,64.62167,43.478261,0.0,0.0,0.0,0,193,0.5,0.5,0.0,5,0.0,0.0
Uninett2010,SM,0,B1,59,8,8,0,59->1->2->7->8,,5.184654,inf,0.0,208,208,5.184654,43.478261,68.180613,43.478261,0.0,0.0,0.0,0,208,0.5,0.5,0.0,5,0.0,0.0
Uninett2010,SM,0,B1,60,8,8,0,60->58->57->2->7->8,,1.907374,inf,0.0,142,142,1.907374,43.478261,64.903334,43.478261,0.0,0.0,0.0,0,142,0.5,0.5,0.0,5,0.0,0.0
Uninett2010,SM,0,B1,61,8,8,0,61->34->30->40->38->68->2->7->8,,21.166899,inf,0.0,193,193,21.106722,43.478261,84.102682,43.478261,0.0,0.0,0.0,0,193,0.5,0.5,0.0,5,0.0,0.0
Uninett2010,SM,0,B1,62,8,8,0,62->41->18->42->4->11->6->8,,6.500046,inf,0.0,182,182,5.825685,43.478261,68.821645,43.478261,0.0,0.0,0.0,0,182,0.5,0.5,0.0,5,0.0,0.0
Uninett2010,SM,0,B1,63,8,8,0,63->34->30->9->68->2->7->8,,23.737314,inf,0.0,143,143,21.106722,43.478261,84.102682,43.478261,0.0,0.0,0.0,0,143,0.5,0.5,0.0,5,0.0,0.0
Uninett2010,SM,0,B1,64,7,7,0,64->38->68->2->7,,7.773727,inf,0.0,158,158,7.773727,151.515152,178.806578,151.515152,0.0,0.0,0.0,0,158,0.5,0.5,0.0,5,0.0,0.0
Uninett2010,SM,0,B1,65,7,7,0,65->66->3->4->2->7,,2.022986,inf,0.0,160,160,2.022986,151.515152,173.055836,151.515152,0.0,0.0,0.0,0,160,0.5,0.5,0.0,5,0.0,0.0
Uninett2010,SM,0,B1,66,7,2,1,66->3->4->2->7,,1.539311,inf,0.0,192,192,1.360545,10.683761,31.562005,10.683761,0.0,0.0,0.0,0,192,0.5,0.5,0.0,5,0.0,0.0
Uninett2010,SM,0,B1,67,7,7,0,67->4->2->7,,4.103348,inf,0.0,181,181,4.103348,151.515152,175.136198,151.515152,0.0,0.0,0.0,0,181.0,0.5,0.5,0.0,5,0.0,0.0
Uninett2010,SM,0,B1,68,7,7,0,68->2->7,,4.103348,inf,0.0,151,151,4.103348,151.515152,175.136198,151.515152,0.0,0.0,0.0,0,151.0,0.5,0.5,0.0,5,0.0,0.0
Uninett2010,SM,0,B1,69,7,7,0,69->68->2->7,,4.103348,inf,0.0,132,132,4.103348,151.515152,175.136198,151.515152,0.0,0.0,0.0,0,132.0,0.5,0.5,0.0,5,0.0,0.0
Uninett2010,SM,0,B1,70,6,2,1,70->69->67->4->11->6,,5.90689,inf,0.0,198,198,5.226461,10.683761,35.427921,10.683761,0.0,0.0,0.0,0,198,0.5,0.5,0.0,5,0.0,0.0
Uninett2010,SM,0,B1,71,6,6,0,71->70->69->67->4->11->6,,8.799551,inf,0.0,172,172,6.712906,6.468305,32.69891,6.468305,0.0,0.0,0.0,0,172,0.5,0.5,0.0,5,0.0,0.0
Uninett2010,SM,0,B1,72,6,6,0,72->73->74->1->4->11->6,,2.551474,inf,0.0,178,178,2.551474,6.468305,28.537478,6.468305,0.0,0.0,0.0,0,178,0.5,0.5,0.0,5,0.0,0.0
Uninett2010,SM,0,B1,73,6,6,0,73->74->1->4->11->6,,2.249929,inf,0.0,152,152,2.249929,6.468305,28.235933,6.468305,0.0,0.0,0.0,0,152,0.5,0.5,0.0,5,0.0,0.0
Uninett2010,SM,0,B1,74,6,6,0,74->1->4->11->6,,1.443318,inf,0.0,160,160,1.443318,6.468305,27.429322,6.468305,0.0,0.0,0.0,0,160,0.5,0.5,0.0,5,0.0,0.0
Uninett2010,SM,0,B3,1,1,1,0,1,1,0.0,20.77146,0.0,204,204,0.0,1.920861,21.438559,1.920861,0.0,0.0,0.0,0,204.0,0.5,0.5,0.0,5,0.0,0.0
Uninett2010,SM,0,B3,2,2,2,0,2,2,0.0,20.752877,0.0,192,192,0.0,inf,inf,inf,0.0,0.0,0.0,0,192.0,0.5,0.5,0.0,5,0.0,0.0
Uninett2010,SM,0,B3,3,3,3,0,3,3,0.0,20.781921,0.0,221,221,0.0,1.709402,21.227101,1.709402,0.0,0.0,0.0,0,221,0.5,0.5,0.0,5,0.0,0.0
Uninett2010,SM,0,B3,4,4,4,0,4,4,0.0,20.779369,0.0,209,209,0.0,1.26167,20.779369,1.26167,0.0,0.0,0.0,0,209.0,0.5,0.5,0.0,5,0.0,0.0
Uninett2010,SM,0,B3,5,5,5,0,5,5,0.0,20.748317,0.0,189,189,0.0,inf,inf,inf,0.0,0.0,0.0,0,189,0.5,0.5,0.0,5,0.0,0.0
Uninett2010,SM,0,B3,6,6,6,0,6,6,0.0,inf,0.0,185,185,0.0,3.489184,23.006882,3.489184,0.0,0.0,0.0,0,185,0.5,0.5,0.0,5,0.0,0.0
Uninett2010,SM,0,B3,7,7,7,0,7,7,0.0,inf,0.0,213,213,0.0,7.215007,26.732706,7.215007,0.0,0.0,0.0,0,213,0.5,0.5,0.0,5,0.0,0.0
Uninett2010,SM,0,B3,8,8,8,0,8,8,0.0,inf,0.0,168,168,0.0,2.873563,22.391262,2.873563,0.0,0.0,0.0,0,168,0.5,0.5,0.0,5,0.0,0.0
Uninett2010,SM,0,B3,9,9,9,0,9,9,0.0,inf,0.0,152,152,0.0,5.662514,25.180213,5.662514,0.0,0.0,0.0,0,152.0,0.5,0.5,0.0,5,0.0,0.0
Uninett2010,SM,0,B3,10,10,10,0,10,10,0.0,inf,0.0,165,165,0.0,7.012623,26.530322,7.012623,0.0,0.0,0.0,0,165,0.5,0.5,0.0,5,0.0,0.0
Uninett2010,SM,0,B3,11,11,11,0,11,11,0.0,inf,0.0,162,162,0.0,7.012623,26.530322,7.012623,0.0,0.0,0.0,0,162,0.5,0.5,0.0,5,0.0,0.0
Uninett2010,SM,0,B3,12,12,12,0,12,12,0.0,inf,0.0,155,155,0.0,6.075334,25.593033,6.075334,0.0,0.0,0.0,0,155,0.5,0.5,0.0,5,0.0,0.0
Uninett2010,SM,0,B3,13,13,13,0,13,13,0.0,inf,0.0,217,217,0.0,4.088307,23.606006,4.088307,0.0,0.0,0.0,0,217,0.5,0.5,0.0,5,0.0,0.0
Uninett2010,SM,0,B3,14,14,14,0,14,14,0.0,inf,0.0,163,163,0.0,2.796421,22.314119,2.796421,0.0,0.0,0.0,0,163,0.5,0.5,0.0,5,0.0,0.0
Uninett2010,SM,0,B3,15,15,15,0,15,15,0.0,inf,0.0,175,175,0.0,4.56621,24.083909,4.56621,0.0,0.0,0.0,0,175,0.5,0.5,0.0,5,0.0,0.0
Uninett2010,SM,0,B3,16,15,15,0,16->15,16->15,0.790036,inf,0.0,197,197,0.790036,4.56621,24.873945,4.56621,0.0,0.0,0.0,0,197,0.5,0.5,0.0,5,0.0,0.0
Uninett2010,SM,0,B3,17,15,5,1,17->18->67->27->15,17->18->42->1->2->7->8->5,15.03835,inf,0.0,203,203,4.437284,inf,inf,inf,0.0,0.0,0.0,0,203,0.5,0.5,0.0,5,0.0,0.0
Uninett2010,SM,0,B3,18,15,2,1,18->67->27->15,18->42->1->2,14.316511,inf,0.0,190,190,3.057722,inf,inf,inf,0.0,0.0,0.0,0,190.0,0.5,0.5,0.0,5,0.0,0.0
Uninett2010,SM,0,B3,19,15,15,0,19->50->1->4->67->27->15,19->50->1->4->67->27->15,15.490473,inf,0.0,176,176,15.490473,4.56621,39.574382,4.56621,0.0,0.0,0.0,0,176,0.5,0.5,0.0,5,0.0,0.0
Uninett2010,SM,0,B3,20,15,15,0,20->19->50->1->4->67->27->15,20->19->50->1->4->67->27->15,16.403139,inf,0.0,147,147,16.403139,4.56621,40.487048,4.56621,0.0,0.0,0.0,0,147,0.5,0.5,0.0,5,0.0,0.0
Uninett2010,SM,0,B3,21,15,15,0,21->50->1->4->67->27->15,21->50->1->4->67->27->15,15.711361,inf,0.0,170,170,15.711361,4.56621,39.79527,4.56621,0.0,0.0,0.0,0,170,0.5,0.5,0.0,5,0.0,0.0
Uninett2010,SM,0,B3,22,14,14,0,22->23->4->67->27->15->13->14,22->20->19->50->1->4->67->27->15->13->14,19.641564,inf,0.0,152,152,19.345171,2.796421,41.65929,2.796421,0.0,0.0,0.0,0,152,0.5,0.5,0.0,5,0.0,0.0
Uninett2010,SM,0,B3,23,14,14,0,23->4->67->27->15->13->14,23->4->67->27->15->13->14,19.229416,inf,0.0,191,191,19.229416,2.796421,41.543535,2.796421,0.0,0.0,0.0,0,191,0.5,0.5,0.0,5,0.0,0.0
Uninett2010,SM,0,B3,24,14,3,1,24->42->18->67->27->15->13->14,24->23->4->3,18.689771,inf,0.0,206,206,5.111348,1.709402,26.338448,1.709402,0.0,0.0,0.0,0,206,0.5,0.5,0.0,5,0.0,0.0
Uninett2010,SM,0,B3,25,14,14,0,25->24->42->4->67->27->15->13->14,25->24->42->18->67->27->15->13->14,21.497621,inf,0.0,162,162,18.820786,2.796421,41.134905,2.796421,0.0,0.0,0.0,0,162,0.5,0.5,0.0,5,0.0,0.0
Uninett2010,SM,0,B3,26,14,1,1,26->17->18->67->27->15->13->14,26->17->18->42->1,18.203526,inf,0.0,135,135,4.173391,1.920861,25.611951,1.920861,0.0,0.0,0.0,0,135,0.5,0.5,0.0,5,0.0,0.0
Uninett2010,SM,0,B3,27,14,5,1,27->15->13->14,27->9->68->2->7->8->5,4.889601,inf,0.0,133,133,12.475091,inf,inf,inf,0.0,0.0,0.0,0,133.0,0.5,0.5,0.0,5,0.0,0.0
Uninett2010,SM,0,B3,28,13,13,0,28->12->11->4->67->27->15->13,28->12->11->4->67->27->15->13,17.285865,inf,0.0,208,208,17.285865,4.088307,40.891871,4.088307,0.0,0.0,0.0,0,208,0.5,0.5,0.0,5,0.0,0.0
Uninett2010,SM,0,B3,29,13,5,1,29->34->30->9->27->15->13,29->34->30->40->37->36->67->68->2->7->8->5,15.747959,inf,0.0,228,228,21.106722,inf,inf,inf,0.0,0.0,0.0,0,228.0,0.5,0.5,0.0,5,0.0,0.0
Uninett2010,SM,0,B3,30,13,13,0,30->9->27->15->13,30->9->27->15->13,5.832342,inf,0.0,173,173,5.832342,4.088307,29.438348,4.088307,0.0,0.0,0.0,0,173,0.5,0.5,0.0,5,0.0,0.0
Uninett2010,SM,0,B3,31,13,13,0,31->30->9->27->15->13,31->30->9->27->15->13,6.291098,inf,0.0,159,159,6.291098,4.088307,29.897104,4.088307,0.0,0.0,0.0,0,159,0.5,0.5,0.0,5,0.0,0.0
Uninett2010,SM,0,B3,32,13,2,1,32->49->14->13,32->16->9->68->2,3.294517,inf,0.0,172,172,14.589,inf,inf,inf,0.0,0.0,0.0,0,172,0.5,0.5,0.0,5,0.0,0.0
Uninett2010,SM,0,B3,33,12,12,0,33->35->67->4->11->12,33->35->67->4->11->12,6.0256,inf,0.0,184,184,6.0256,6.075334,31.618633,6.075334,0.0,0.0,0.0,0,184,0.5,0.5,0.0,5,0.0,0.0
Uninett2010,SM,0,B3,34,12,12,0,34->30->40->37->36->67->4->11->12,34->30->40->37->36->67->4->11->12,21.198322,inf,0.0,190,190,21.198322,6.075334,46.791355,6.075334,0.0,0.0,0.0,0,190.0,0.5,0.5,0.0,5,0.0,0.0
Uninett2010,SM,0,B3,35,12,2,1,35->67->4->11->12,35->67->68->2,5.522408,inf,0.0,153,153,4.773085,inf,inf,inf,0.0,0.0,0.0,0,153,0.5,0.5,0.0,5,0.0,0.0
Uninett2010,SM,0,B3,36,12,12,0,36->67->4->11->12,36->67->4->11->12,7.752648,inf,0.0,153,153,7.752648,6.075334,33.345681,6.075334,0.0,0.0,0.0,0,153,0.5,0.5,0.0,5,0.0,0.0
Uninett2010,SM,0,B3,37,12,12,0,37->36->67->4->11->12,37->36->67->4->11->12,8.015621,inf,0.0,179,179,8.015621,6.075334,33.608654,6.075334,0.0,0.0,0.0,0,179,0.5,0.5,0.0,5,0.0,0.0
Uninett2010,SM,0,B3,38,12,5,1,38->68->2->57->12,38->68->2->7->8->5,8.736778,inf,0.0,204,204,8.252685,inf,inf,inf,0.0,0.0,0.0,0,204,0.5,0.5,0.0,5,0.0,0.0
Uninett2010,SM,0,B3,39,11,11,0,39->38->68->67->4->11,39->38->68->67->4->11,7.952261,inf,0.0,196,196,7.952261,7.012623,34.482582,7.012623,0.0,0.0,0.0,0,196,0.5,0.5,0.0,5,0.0,0.0
Uninett2010,SM,0,B3,40,11,5,1,40->37->36->67->4->11,40->37->36->67->68->2->7->8->5,8.976864,inf,0.0,204,204,9.277289,inf,inf,inf,0.0,0.0,0.0,0,204,0.5,0.5,0.0,5,0.0,0.0
Uninett2010,SM,0,B3,41,11,11,0,41->18->42->4->11,41->18->42->4->11,4.756885,inf,0.0,174,174,4.756885,7.012623,31.287207,7.012623,0.0,0.0,0.0,0,174,0.5,0.5,0.0,5,0.0,0.0
Uninett2010,SM,0,B3,42,11,2,1,42->4->11,42->1->2,3.415021,inf,0.0,187,187,3.057722,inf,inf,inf,0.0,0.0,0.0,0,187.0,0.5,0.5,0.0,5,0.0,0.0
Uninett2010,SM,0,B3,43,11,11,0,43->67->4->11,43->18->42->4->11,6.683875,inf,0.0,173,173,5.774059,7.012623,32.30438,7.012623,0.0,0.0,0.0,0,173,0.5,0.5,0.0,5,0.0,0.0
Uninett2010,SM,0,B3,44,11,11,0,44->41->18->67->4->11,44->41->18->42->4->11,10.639832,inf,0.0,154,154,5.467502,7.012623,31.997824,7.012623,0.0,0.0,0.0,0,154,0.5,0.5,0.0,5,0.0,0.0
Uninett2010,SM,0,B3,45,10,2,1,45->47->69->67->36->37->40->10,45->47->69->68->2,8.399218,inf,0.0,195,195,5.816409,inf,inf,inf,0.0,0.0,0.0,0,195,0.5,0.5,0.0,5,0.0,0.0
Uninett2010,SM,0,B3,46,10,10,0,46->43->18->67->27->10,46->43->67->36->37->40->10,16.403169,inf,0.0,174,174,9.273608,7.012623,35.80393,7.012623,0.0,0.0,0.0,0,174,0.5,0.5,0.0,5,0.0,0.0
Uninett2010,SM,0,B3,47,10,10,0,47->69->67->36->37->40->10,47->69->67->36->37->40->10,7.892964,inf,0.0,180,180,7.892964,7.012623,34.423286,7.012623,0.0,0.0,0.0,0,180,0.5,0.5,0.0,5,0.0,0.0
Uninett2010,SM,0,B3,48,10,5,1,48->35->33->38->40->10,48->52->68->2->7->8->5,6.329273,inf,0.0,169,169,5.06438,inf,inf,inf,0.0,0.0,0.0,0,169,0.5,0.5,0.0,5,0.0,0.0
Uninett2010,SM,0,B3,49,10,10,0,49->32->16->9->30->10,49->32->16->9->27->10,5.761277,inf,0.0,192,192,5.356774,7.012623,31.887095,7.012623,0.0,0.0,0.0,0,192,0.5,0.5,0.0,5,0.0,0.0
Uninett2010,SM,0,B3,50,14,2,1,50->1->4->67->27->15->13->14,50->1->2,17.793579,inf,0.0,126,126,1.08661,inf,inf,inf,0.0,0.0,0.0,0,126,0.5,0.5,0.0,5,0.0,0.0
Uninett2010,SM,0,B3,51,10,10,0,51->50->1->2->68->38->40->10,51->6->11->4->67->36->37->40->10,11.756311,inf,0.0,148,148,11.364751,7.012623,37.895073,7.012623,0.0,0.0,0.0,0,148,0.5,0.5,0.0,5,0.0,0.0
Uninett2010,SM,0,B3,52,9,5,1,52->68->9,52->68->2->7->8->5,8.170334,inf,0.0,183,183,4.859854,inf,inf,inf,0.0,0.0,0.0,0,183,0.5,0.5,0.0,5,0.0,0.0
Uninett2010,SM,0,B3,53,9,9,0,53->7->2->68->9,53->7->2->68->9,11.996133,inf,0.0,155,155,11.996133,5.662514,37.176346,5.662514,0.0,0.0,0.0,0,155,0.5,0.5,0.0,5,0.0,0.0
Uninett2010,SM,0,B3,54,9,9,0,54->58->57->2->68->9,54->58->57->2->68->9,12.785355,inf,0.0,171,171,12.785355,5.662514,37.965568,5.662514,0.0,0.0,0.0,0,171,0.5,0.5,0.0,5,0.0,0.0
Uninett2010,SM,0,B3,55,9,2,1,55->12->57->2->68->9,55->12->11->4->2,13.417115,inf,0.0,120,120,1.207254,inf,inf,inf,0.0,0.0,0.0,0,120,0.5,0.5,0.0,5,0.0,0.0
Uninett2010,SM,0,B3,56,9,9,0,56->34->30->9,56->34->30->9,11.262223,inf,0.0,169,169,11.262223,5.662514,36.442436,5.662514,0.0,0.0,0.0,0,169.0,0.5,0.5,0.0,5,0.0,0.0
Uninett2010,SM,0,B3,57,9,9,0,57->2->68->9,57->2->68->9,12.547369,inf,0.0,178,178,12.547369,5.662514,37.727582,5.662514,0.0,0.0,0.0,0,178,0.5,0.5,0.0,5,0.0,0.0
Uninett2010,SM,0,B3,58,8,8,0,58->57->2->7->8,58->57->2->7->8,1.62571,inf,0.0,193,193,1.62571,2.873563,24.016972,2.873563,0.0,0.0,0.0,0,193,0.5,0.5,0.0,5,0.0,0.0
Uninett2010,SM,0,B3,59,8,5,1,59->1->2->7->8,59->1->2->7->8->5,5.184654,inf,0.0,208,208,5.184654,inf,inf,inf,0.0,0.0,0.0,0,208,0.5,0.5,0.0,5,0.0,0.0
Uninett2010,SM,0,B3,60,8,1,1,60->58->57->2->7->8,60->58->57->2->1,1.907374,inf,0.0,142,142,1.249651,1.920861,22.688211,1.920861,0.0,0.0,0.0,0,142,0.5,0.5,0.0,5,0.0,0.0
Uninett2010,SM,0,B3,61,8,8,0,61->34->30->40->38->68->2->7->8,61->34->30->40->37->36->67->68->2->7->8,21.166899,inf,0.0,193,193,21.106722,2.873563,43.497984,2.873563,0.0,0.0,0.0,0,193,0.5,0.5,0.0,5,0.0,0.0
Uninett2010,SM,0,B3,62,8,8,0,62->41->18->42->4->11->6->8,62->41->18->42->1->2->7->8,6.500046,inf,0.0,182,182,5.825685,2.873563,28.216947,2.873563,0.0,0.0,0.0,0,182,0.5,0.5,0.0,5,0.0,0.0
Uninett2010,SM,0,B3,63,8,2,1,63->34->30->9->68->2->7->8,63->34->30->40->37->36->67->68->2,23.737314,inf,0.0,143,143,20.448999,inf,inf,inf,0.0,0.0,0.0,0,143,0.5,0.5,0.0,5,0.0,0.0
Uninett2010,SM,0,B3,64,7,7,0,64->38->68->2->7,64->38->68->2->7,7.773727,inf,0.0,158,158,7.773727,7.215007,34.506433,7.215007,0.0,0.0,0.0,0,158,0.5,0.5,0.0,5,0.0,0.0
Uninett2010,SM,0,B3,65,7,7,0,65->66->3->4->2->7,65->66->3->4->2->7,2.022986,inf,0.0,160,160,2.022986,7.215007,28.755692,7.215007,0.0,0.0,0.0,0,160,0.5,0.5,0.0,5,0.0,0.0
Uninett2010,SM,0,B3,66,7,5,1,66->3->4->2->7,66->3->4->2->7->8->5,1.539311,inf,0.0,192,192,2.018268,inf,inf,inf,0.0,0.0,0.0,0,192,0.5,0.5,0.0,5,0.0,0.0
Uninett2010,SM,0,B3,67,7,7,0,67->4->2->7,67->68->2->7,4.103348,inf,0.0,181,181,4.103348,7.215007,30.836054,7.215007,0.0,0.0,0.0,0,181.0,0.5,0.5,0.0,5,0.0,0.0
Uninett2010,SM,0,B3,68,7,7,0,68->2->7,68->2->7,4.103348,inf,0.0,151,151,4.103348,7.215007,30.836054,7.215007,0.0,0.0,0.0,0,151.0,0.5,0.5,0.0,5,0.0,0.0
Uninett2010,SM,0,B3,69,7,2,1,69->68->2->7,69->68->2,4.103348,inf,0.0,132,132,3.924582,inf,inf,inf,0.0,0.0,0.0,0,132.0,0.5,0.5,0.0,5,0.0,0.0
Uninett2010,SM,0,B3,70,6,6,0,70->69->67->4->11->6,70->69->67->4->11->6,5.90689,inf,0.0,198,198,5.90689,3.489184,28.913773,3.489184,0.0,0.0,0.0,0,198,0.5,0.5,0.0,5,0.0,0.0
Uninett2010,SM,0,B3,71,6,6,0,71->70->69->67->4->11->6,71->72->73->74->1->4->11->6,8.799551,inf,0.0,172,172,6.712906,3.489184,29.719788,3.489184,0.0,0.0,0.0,0,172,0.5,0.5,0.0,5,0.0,0.0
Uninett2010,SM,0,B3,72,6,5,1,72->73->74->1->4->11->6,72->73->74->1->2->7->8->5,2.551474,inf,0.0,178,178,2.528768,inf,inf,inf,0.0,0.0,0.0,0,178,0.5,0.5,0.0,5,0.0,0.0
Uninett2010,SM,0,B3,73,6,2,1,73->74->1->4->11->6,73->74->1->2,2.249929,inf,0.0,152,152,1.5695,inf,inf,inf,0.0,0.0,0.0,0,152,0.5,0.5,0.0,5,0.0,0.0
Uninett2010,SM,0,B3,74,6,6,0,74->1->4->11->6,74->1->4->11->6,1.443318,inf,0.0,160,160,1.443318,3.489184,24.4502,3.489184,0.0,0.0,0.0,0,160,0.5,0.5,0.0,5,0.0,0.0
Uninett2010,SM,0,MCF_ARC,1,1,1,0,1,1,0.0,20.77146,0.0,204,204,0.0,15.25746,31.924647,12.406948,0.0,0.0,0.0,0,204.0,0.5,0.5,0.0,5,0.0,0.0
Uninett2010,SM,0,MCF_ARC,2,2,2,0,2,2,0.0,20.752877,0.0,192,192,0.0,6.572849,25.744349,6.22665,0.0,0.0,0.0,0,192.0,0.5,0.5,0.0,5,0.0,0.0
Uninett2010,SM,0,MCF_ARC,3,3,3,0,3,3,0.0,20.781921,0.0,221,221,0.0,4.365419,23.791203,4.273504,0.0,0.0,0.0,0,221,0.5,0.5,0.0,5,0.0,0.0
Uninett2010,SM,0,MCF_ARC,4,4,4,0,4,4,0.0,20.779369,0.0,209,209,0.0,16.029182,32.745212,13.227513,0.0,0.0,0.0,0,209.0,0.5,0.5,0.0,5,0.0,0.0
Uninett2010,SM,0,MCF_ARC,5,5,5,0,5,5,0.0,20.748317,0.0,189,189,0.0,2.192335,21.703014,2.185315,0.0,0.0,0.0,0,189,0.5,0.5,0.0,5,0.0,0.0
Uninett2010,SM,0,MCF_ARC,6,6,6,0,6,6,0.0,inf,0.0,185,185,0.0,11.707538,29.170208,9.65251,0.0,0.0,0.0,0,185,0.5,0.5,0.0,5,0.0,0.0
Uninett2010,SM,0,MCF_ARC,7,7,7,0,7,7,0.0,inf,0.0,213,213,0.0,8.62065,27.608314,8.090615,0.0,0.0,0.0,0,213,0.5,0.5,0.0,5,0.0,0.0
Uninett2010,SM,0,MCF_ARC,8,8,8,0,8,8,0.0,inf,0.0,168,168,0.0,6.510032,25.767699,6.25,0.0,0.0,0.0,0,168,0.5,0.5,0.0,5,0.0,0.0
Uninett2010,SM,0,MCF_ARC,9,9,9,0,9,9,0.0,inf,0.0,152,152,0.0,19.733448,38.897544,19.379845,0.0,0.0,0.0,0,152.0,0.5,0.5,0.0,5,0.0,0.0
Uninett2010,SM,0,MCF_ARC,10,10,10,0,10,10,0.0,inf,0.0,165,165,0.0,7.165532,26.433328,6.915629,0.0,0.0,0.0,0,165,0.5,0.5,0.0,5,0.0,0.0
Uninett2010,SM,0,MCF_ARC,11,11,11,0,11,11,0.0,inf,0.0,162,162,0.0,7.848928,27.293749,7.77605,0.0,0.0,0.0,0,162,0.5,0.5,0.0,5,0.0,0.0
Uninett2010,SM,0,MCF_ARC,12,12,12,0,12,12,0.0,inf,0.0,155,155,0.0,5.106494,24.478016,4.960317,0.0,0.0,0.0,0,155,0.5,0.5,0.0,5,0.0,0.0
Uninett2010,SM,0,MCF_ARC,13,13,13,0,13,13,0.0,inf,0.0,217,217,0.0,16.492215,33.291804,13.774105,0.0,0.0,0.0,0,217,0.5,0.5,0.0,5,0.0,0.0
Uninett2010,SM,0,MCF_ARC,14,14,14,0,14,14,0.0,inf,0.0,163,163,0.0,6.060384,25.245076,5.727377,0.0,0.0,0.0,0,163,0.5,0.5,0.0,5,0.0,0.0
Uninett2010,SM,0,MCF_ARC,15,15,15,0,15,15,0.0,inf,0.0,175,175,0.0,12.415057,29.517699,10.0,0.0,0.0,0.0,0,175,0.5,0.5,0.0,5,0.0,0.0
Uninett2010,SM,0,MCF_ARC,16,15,1,1,16->15,16->9->68->2->1,0.790036,inf,0.0,197,197,13.518283,15.25746,45.442929,12.406948,0.0,0.0,0.0,0,197,0.5,0.5,0.0,5,0.0,0.0
Uninett2010,SM,0,MCF_ARC,17,15,4,1,17->18->67->27->15,17->18->42->1->4,15.03835,inf,0.0,203,203,3.779561,16.029182,36.524773,13.227513,0.0,0.0,0.0,0,203,0.5,0.5,0.0,5,0.0,0.0
Uninett2010,SM,0,MCF_ARC,18,15,15,0,18->67->27->15,18->67->27->15,14.316511,inf,0.0,190,190,14.316511,12.415057,43.83421,10.0,0.0,0.0,0.0,0,190.0,0.5,0.5,0.0,5,0.0,0.0
Uninett2010,SM,0,MCF_ARC,19,15,15,0,19->50->1->4->67->27->15,19->50->1->4->67->27->15,15.490473,inf,0.0,176,176,15.490473,12.415057,45.008172,10.0,0.0,0.0,0.0,0,176,0.5,0.5,0.0,5,0.0,0.0
Uninett2010,SM,0,MCF_ARC,20,15,15,0,20->19->50->1->4->67->27->15,20->19->50->1->4->67->27->15,16.403139,inf,0.0,147,147,16.403139,12.415057,45.920838,10.0,0.0,0.0,0.0,0,147,0.5,0.5,0.0,5,0.0,0.0
Uninett2010,SM,0,MCF_ARC,21,15,15,0,21->50->1->4->67->27->15,21->50->1->4->67->68->9->27->15,15.711361,inf,0.0,170,170,15.711361,12.415057,45.229059,10.0,0.0,0.0,0.0,0,170,0.5,0.5,0.0,5,0.0,0.0
Uninett2010,SM,0,MCF_ARC,22,14,6,1,22->23->4->67->27->15->13->14,22->20->19->50->1->4->11->6,19.641564,inf,0.0,152,152,3.31863,11.707538,32.488839,9.65251,0.0,0.0,0.0,0,152,0.5,0.5,0.0,5,0.0,0.0
Uninett2010,SM,0,MCF_ARC,23,14,6,1,23->4->67->27->15->13->14,23->50->51->6,19.229416,inf,0.0,191,191,1.991133,11.707538,31.161341,9.65251,0.0,0.0,0.0,0,191,0.5,0.5,0.0,5,0.0,0.0
Uninett2010,SM,0,MCF_ARC,24,14,11,1,24->42->18->67->27->15->13->14,24->42->4->11,18.689771,inf,0.0,206,206,5.016936,7.848928,32.310684,7.77605,0.0,0.0,0.0,0,206,0.5,0.5,0.0,5,0.0,0.0
Uninett2010,SM,0,MCF_ARC,25,14,7,1,25->24->42->4->67->27->15->13->14,25->24->23->4->2->7,21.497621,inf,0.0,162,162,4.436832,8.62065,32.045146,8.090615,0.0,0.0,0.0,0,162,0.5,0.5,0.0,5,0.0,0.0
Uninett2010,SM,0,MCF_ARC,26,14,14,0,26->17->18->67->27->15->13->14,26->17->18->67->27->15->13->14,18.203526,inf,0.0,135,135,18.203526,6.060384,43.448601,5.727377,0.0,0.0,0.0,0,135,0.5,0.5,0.0,5,0.0,0.0
Uninett2010,SM,0,MCF_ARC,27,14,14,0,27->15->13->14,27->15->13->14,4.889601,inf,0.0,133,133,4.889601,6.060384,30.134677,5.727377,0.0,0.0,0.0,0,133.0,0.5,0.5,0.0,5,0.0,0.0
Uninett2010,SM,0,MCF_ARC,28,13,13,0,28->12->11->4->67->27->15->13,28->12->11->4->67->27->15->13,17.285865,inf,0.0,208,208,17.285865,16.492215,50.577668,13.774105,0.0,0.0,0.0,0,208,0.5,0.5,0.0,5,0.0,0.0
Uninett2010,SM,0,MCF_ARC,29,13,14,1,29->34->30->9->27->15->13,29->34->30->9->27->15->13->14,15.747959,inf,0.0,228,228,16.151824,6.060384,41.3969,5.727377,0.0,0.0,0.0,0,228.0,0.5,0.5,0.0,5,0.0,0.0
Uninett2010,SM,0,MCF_ARC,30,13,13,0,30->9->27->15->13,30->9->27->15->13,5.832342,inf,0.0,173,173,5.832342,16.492215,39.124145,13.774105,0.0,0.0,0.0,0,173,0.5,0.5,0.0,5,0.0,0.0
Uninett2010,SM,0,MCF_ARC,31,13,13,0,31->30->9->27->15->13,31->30->9->27->15->13,6.291098,inf,0.0,159,159,6.291098,16.492215,39.582901,13.774105,0.0,0.0,0.0,0,159,0.5,0.5,0.0,5,0.0,0.0
Uninett2010,SM,0,MCF_ARC,32,13,13,0,32->49->14->13,32->16->15->13,3.294517,inf,0.0,172,172,4.228233,16.492215,37.520036,13.774105,0.0,0.0,0.0,0,172,0.5,0.5,0.0,5,0.0,0.0
Uninett2010,SM,0,MCF_ARC,33,12,12,0,33->35->67->4->11->12,33->35->67->4->11->12,6.0256,inf,0.0,184,184,6.0256,5.106494,30.503617,4.960317,0.0,0.0,0.0,0,184,0.5,0.5,0.0,5,0.0,0.0
Uninett2010,SM,0,MCF_ARC,34,12,7,1,34->30->40->37->36->67->4->11->12,34->30->40->37->36->67->68->2->7,21.198322,inf,0.0,190,190,20.627765,8.62065,48.236078,8.090615,0.0,0.0,0.0,0,190.0,0.5,0.5,0.0,5,0.0,0.0
Uninett2010,SM,0,MCF_ARC,35,12,12,0,35->67->4->11->12,35->67->4->11->12,5.522408,inf,0.0,153,153,5.522408,5.106494,30.000425,4.960317,0.0,0.0,0.0,0,153,0.5,0.5,0.0,5,0.0,0.0
Uninett2010,SM,0,MCF_ARC,36,12,12,0,36->67->4->11->12,36->67->4->11->12,7.752648,inf,0.0,153,153,7.752648,5.106494,32.230664,4.960317,0.0,0.0,0.0,0,153,0.5,0.5,0.0,5,0.0,0.0
Uninett2010,SM,0,MCF_ARC,37,12,12,0,37->36->67->4->11->12,37->36->67->4->11->12,8.015621,inf,0.0,179,179,8.015621,5.106494,32.493637,4.960317,0.0,0.0,0.0,0,179,0.5,0.5,0.0,5,0.0,0.0
Uninett2010,SM,0,MCF_ARC,38,12,2,1,38->68->2->57->12,38->68->2,8.736778,inf,0.0,204,204,7.594962,6.572849,33.339311,6.22665,0.0,0.0,0.0,0,204,0.5,0.5,0.0,5,0.0,0.0
Uninett2010,SM,0,MCF_ARC,39,11,8,1,39->38->68->67->4->11,39->38->68->2->7->8,7.952261,inf,0.0,196,196,8.252685,6.510032,34.020384,6.25,0.0,0.0,0.0,0,196,0.5,0.5,0.0,5,0.0,0.0
Uninett2010,SM,0,MCF_ARC,40,11,5,1,40->37->36->67->4->11,40->38->68->2->7->8->5,8.976864,inf,0.0,204,204,9.337465,2.192335,31.040479,2.185315,0.0,0.0,0.0,0,204,0.5,0.5,0.0,5,0.0,0.0
Uninett2010,SM,0,MCF_ARC,41,11,4,1,41->18->42->4->11,41->18->42->4,4.756885,inf,0.0,174,174,4.399586,16.029182,37.144799,13.227513,0.0,0.0,0.0,0,174,0.5,0.5,0.0,5,0.0,0.0
Uninett2010,SM,0,MCF_ARC,42,11,3,1,42->4->11,42->1->4->3,3.415021,inf,0.0,187,187,4.042017,4.365419,27.83322,4.273504,0.0,0.0,0.0,0,187.0,0.5,0.5,0.0,5,0.0,0.0
Uninett2010,SM,0,MCF_ARC,43,11,11,0,43->67->4->11,43->18->42->4->11,6.683875,inf,0.0,173,173,5.774059,7.848928,33.067807,7.77605,0.0,0.0,0.0,0,173,0.5,0.5,0.0,5,0.0,0.0
Uninett2010,SM,0,MCF_ARC,44,11,11,0,44->41->18->67->4->11,44->41->18->42->4->11,10.639832,inf,0.0,154,154,5.467502,7.848928,32.761251,7.77605,0.0,0.0,0.0,0,154,0.5,0.5,0.0,5,0.0,0.0
Uninett2010,SM,0,MCF_ARC,45,10,10,0,45->47->69->67->36->37->40->10,45->47->69->67->36->37->40->10,8.399218,inf,0.0,195,195,8.399218,7.165532,34.832546,6.915629,0.0,0.0,0.0,0,195,0.5,0.5,0.0,5,0.0,0.0
Uninett2010,SM,0,MCF_ARC,46,10,8,1,46->43->18->67->27->10,46->43->67->69->68->2->7->8,16.403169,inf,0.0,174,174,7.348523,6.510032,33.116221,6.25,0.0,0.0,0.0,0,174,0.5,0.5,0.0,5,0.0,0.0
Uninett2010,SM,0,MCF_ARC,47,10,10,0,47->69->67->36->37->40->10,47->69->67->36->37->40->10,7.892964,inf,0.0,180,180,7.892964,7.165532,34.326292,6.915629,0.0,0.0,0.0,0,180,0.5,0.5,0.0,5,0.0,0.0
Uninett2010,SM,0,MCF_ARC,48,10,10,0,48->35->33->38->40->10,48->35->33->38->40->10,6.329273,inf,0.0,169,169,6.329273,7.165532,32.762601,6.915629,0.0,0.0,0.0,0,169,0.5,0.5,0.0,5,0.0,0.0
Uninett2010,SM,0,MCF_ARC,49,10,14,1,49->32->16->9->30->10,49->14,5.761277,inf,0.0,192,192,1.787162,6.060384,27.032238,5.727377,0.0,0.0,0.0,0,192,0.5,0.5,0.0,5,0.0,0.0
Uninett2010,SM,0,MCF_ARC,50,14,15,1,50->1->4->67->27->15->13->14,50->1->4->67->27->15,17.793579,inf,0.0,126,126,15.022234,12.415057,44.539933,10.0,0.0,0.0,0.0,0,126,0.5,0.5,0.0,5,0.0,0.0
Uninett2010,SM,0,MCF_ARC,51,10,10,0,51->50->1->2->68->38->40->10,51->50->1->4->67->36->37->40->10,11.756311,inf,0.0,148,148,11.696134,7.165532,38.129463,6.915629,0.0,0.0,0.0,0,148,0.5,0.5,0.0,5,0.0,0.0
Uninett2010,SM,0,MCF_ARC,52,9,9,0,52->68->9,52->68->9,8.170334,inf,0.0,183,183,8.170334,19.733448,47.067878,19.379845,0.0,0.0,0.0,0,183,0.5,0.5,0.0,5,0.0,0.0
Uninett2010,SM,0,MCF_ARC,53,9,9,0,53->7->2->68->9,53->7->2->68->69->67->27->9,11.996133,inf,0.0,155,155,11.996133,19.733448,50.893677,19.379845,0.0,0.0,0.0,0,155,0.5,0.5,0.0,5,0.0,0.0
Uninett2010,SM,0,MCF_ARC,54,9,9,0,54->58->57->2->68->9,54->58->57->2->68->9,12.785355,inf,0.0,171,171,12.785355,19.733448,51.682899,19.379845,0.0,0.0,0.0,0,171,0.5,0.5,0.0,5,0.0,0.0
Uninett2010,SM,0,MCF_ARC,55,9,9,0,55->12->57->2->68->9,55->12->11->4->67->68->9,13.417115,inf,0.0,120,120,13.024622,19.733448,51.922166,19.379845,0.0,0.0,0.0,0,120,0.5,0.5,0.0,5,0.0,0.0
Uninett2010,SM,0,MCF_ARC,56,9,9,0,56->34->30->9,56->34->30->9,11.262223,inf,0.0,169,169,11.262223,19.733448,50.159767,19.379845,0.0,0.0,0.0,0,169.0,0.5,0.5,0.0,5,0.0,0.0
Uninett2010,SM,0,MCF_ARC,57,9,11,1,57->2->68->9,57->2->4->11,12.547369,inf,0.0,178,178,1.0873,7.848928,28.381048,7.77605,0.0,0.0,0.0,0,178,0.5,0.5,0.0,5,0.0,0.0
Uninett2010,SM,0,MCF_ARC,58,8,8,0,58->57->2->7->8,58->57->2->7->8,1.62571,inf,0.0,193,193,1.62571,6.510032,27.393409,6.25,0.0,0.0,0.0,0,193,0.5,0.5,0.0,5,0.0,0.0
Uninett2010,SM,0,MCF_ARC,59,8,1,1,59->1->2->7->8,59->1,5.184654,inf,0.0,208,208,4.526931,15.25746,36.451577,12.406948,0.0,0.0,0.0,0,208,0.5,0.5,0.0,5,0.0,0.0
Uninett2010,SM,0,MCF_ARC,60,8,2,1,60->58->57->2->7->8,60->58->57->2,1.907374,inf,0.0,142,142,1.249651,6.572849,26.994,6.22665,0.0,0.0,0.0,0,142,0.5,0.5,0.0,5,0.0,0.0
Uninett2010,SM,0,MCF_ARC,61,8,8,0,61->34->30->40->38->68->2->7->8,61->34->30->40->37->36->67->68->2->7->8,21.166899,inf,0.0,193,193,21.106722,6.510032,46.874421,6.25,0.0,0.0,0.0,0,193,0.5,0.5,0.0,5,0.0,0.0
Uninett2010,SM,0,MCF_ARC,62,8,4,1,62->41->18->42->4->11->6->8,62->41->18->42->4,6.500046,inf,0.0,182,182,5.167962,16.029182,37.913174,13.227513,0.0,0.0,0.0,0,182,0.5,0.5,0.0,5,0.0,0.0
Uninett2010,SM,0,MCF_ARC,63,8,2,1,63->34->30->9->68->2->7->8,63->34->30->40->37->36->67->68->2,23.737314,inf,0.0,143,143,20.448999,6.572849,46.193348,6.22665,0.0,0.0,0.0,0,143,0.5,0.5,0.0,5,0.0,0.0
Uninett2010,SM,0,MCF_ARC,64,7,4,1,64->38->68->2->7,64->38->68->67->4,7.773727,inf,0.0,158,158,7.594962,16.029182,40.340174,13.227513,0.0,0.0,0.0,0,158,0.5,0.5,0.0,5,0.0,0.0
Uninett2010,SM,0,MCF_ARC,65,7,2,1,65->66->3->4->2->7,65->73->74->1->2,2.022986,inf,0.0,160,160,1.855428,6.572849,27.599777,6.22665,0.0,0.0,0.0,0,160,0.5,0.5,0.0,5,0.0,0.0
Uninett2010,SM,0,MCF_ARC,66,7,3,1,66->3->4->2->7,66->3,1.539311,inf,0.0,192,192,0.37625,4.365419,24.167453,4.273504,0.0,0.0,0.0,0,192,0.5,0.5,0.0,5,0.0,0.0
Uninett2010,SM,0,MCF_ARC,67,7,7,0,67->4->2->7,67->4->2->7,4.103348,inf,0.0,181,181,4.103348,8.62065,31.711661,8.090615,0.0,0.0,0.0,0,181.0,0.5,0.5,0.0,5,0.0,0.0
Uninett2010,SM,0,MCF_ARC,68,7,5,1,68->2->7,68->2->7->8->5,4.103348,inf,0.0,151,151,4.582306,2.192335,26.285319,2.185315,0.0,0.0,0.0,0,151.0,0.5,0.5,0.0,5,0.0,0.0
Uninett2010,SM,0,MCF_ARC,69,7,7,0,69->68->2->7,69->67->4->1->2->7,4.103348,inf,0.0,132,132,4.103348,8.62065,31.711661,8.090615,0.0,0.0,0.0,0,132.0,0.5,0.5,0.0,5,0.0,0.0
Uninett2010,SM,0,MCF_ARC,70,6,6,0,70->69->67->4->11->6,70->69->67->4->11->6,5.90689,inf,0.0,198,198,5.90689,11.707538,35.077099,9.65251,0.0,0.0,0.0,0,198,0.5,0.5,0.0,5,0.0,0.0
Uninett2010,SM,0,MCF_ARC,71,6,6,0,71->70->69->67->4->11->6,71->72->73->74->1->4->11->6,8.799551,inf,0.0,172,172,6.712906,11.707538,35.883114,9.65251,0.0,0.0,0.0,0,172,0.5,0.5,0.0,5,0.0,0.0
Uninett2010,SM,0,MCF_ARC,72,6,3,1,72->73->74->1->4->11->6,72->73->74->1->4->3,2.551474,inf,0.0,178,178,2.85534,4.365419,26.646543,4.273504,0.0,0.0,0.0,0,178,0.5,0.5,0.0,5,0.0,0.0
Uninett2010,SM,0,MCF_ARC,73,6,1,1,73->74->1->4->11->6,73->74->1,2.249929,inf,0.0,152,152,1.5695,15.25746,33.494147,12.406948,0.0,0.0,0.0,0,152,0.5,0.5,0.0,5,0.0,0.0
Uninett2010,SM,0,MCF_ARC,74,6,1,1,74->1->4->11->6,74->1,1.443318,inf,0.0,160,160,0.762889,15.25746,32.687536,12.406948,0.0,0.0,0.0,0,160,0.5,0.5,0.0,5,0.0,0.0
Uninett2010,SM,1,B1,1,1,2,1,1,,0.0,20.583342,0.0,172,172,0.0,2.211411,21.72911,2.211411,1.145767,0.0,0.0,0,172.0,0.5,0.5,0.0,5,0.0,0.0
Uninett2010,SM,1,B1,2,2,2,0,2,,0.0,20.764271,0.0,221,221,0.0,2.211411,21.72911,2.211411,0.0,0.0,0.0,0,221.0,0.5,0.5,0.0,5,0.0,0.0
Uninett2010,SM,1,B1,3,3,3,0,3,,0.0,20.630789,0.0,124,124,0.0,1.11309,20.630789,1.11309,0.0,0.0,0.0,0,124,0.5,0.5,0.0,5,0.0,0.0
Uninett2010,SM,1,B1,4,4,2,1,4,,0.0,20.5902,0.0,178,178,0.0,2.211411,21.72911,2.211411,1.13891,0.0,0.0,0,178.0,0.5,0.5,0.0,5,0.0,0.0
Uninett2010,SM,1,B1,5,5,5,0,5,,0.0,20.632029,0.0,153,153,0.0,1.826818,21.344517,1.826818,0.0,0.0,0.0,0,153,0.5,0.5,0.0,5,0.0,0.0
Uninett2010,SM,1,B1,6,6,6,0,6,,0.0,29.784639,0.0,232,232,0.0,10.26694,29.784639,10.26694,0.0,0.0,0.0,0,232,0.5,0.5,0.0,5,0.0,0.0
Uninett2010,SM,1,B1,7,7,7,0,7,,0.0,inf,0.0,145,145,0.0,7.849294,27.366992,7.849294,0.0,0.0,0.0,0,145,0.5,0.5,0.0,5,0.0,0.0
Uninett2010,SM,1,B1,8,8,5,1,8,,0.0,inf,0.0,176,176,0.0,1.826818,21.344517,1.826818,0.0,0.0,0.0,0,176,0.5,0.5,0.0,5,0.0,0.0
Uninett2010,SM,1,B1,9,9,9,0,9,,0.0,inf,0.0,158,158,0.0,106.382979,125.900678,106.382979,0.0,0.0,0.0,0,158.0,0.5,0.5,0.0,5,0.0,0.0
Uninett2010,SM,1,B1,10,10,10,0,10,,0.0,inf,0.0,182,182,0.0,833.333333,852.851032,833.333333,0.0,0.0,0.0,0,182,0.5,0.5,0.0,5,0.0,0.0
Uninett2010,SM,1,B1,11,11,11,0,11,,0.0,inf,0.0,188,188,0.0,60.97561,80.493309,60.97561,0.0,0.0,0.0,0,188,0.5,0.5,0.0,5,0.0,0.0
Uninett2010,SM,1,B1,12,12,12,0,12,,0.0,inf,0.0,166,166,0.0,5.834306,25.352005,5.834306,0.0,0.0,0.0,0,166,0.5,0.5,0.0,5,0.0,0.0
Uninett2010,SM,1,B1,13,13,13,0,13,,0.0,inf,0.0,146,146,0.0,714.285714,733.803413,714.285714,0.0,0.0,0.0,0,146,0.5,0.5,0.0,5,0.0,0.0
Uninett2010,SM,1,B1,14,14,14,0,14,,0.0,inf,0.0,130,130,0.0,714.285714,733.803413,714.285714,0.0,0.0,0.0,0,130,0.5,0.5,0.0,5,0.0,0.0
Uninett2010,SM,1,B1,15,15,15,0,15,,0.0,inf,0.0,171,171,0.0,172.413793,191.931492,172.413793,0.0,0.0,0.0,0,171,0.5,0.5,0.0,5,0.0,0.0
Uninett2010,SM,1,B1,16,15,9,1,16->15,,0.790036,inf,0.0,179,179,1.700915,106.382979,127.601592,106.382979,0.0,0.0,0.0,0,179,0.5,0.5,0.0,5,0.0,0.0
Uninett2010,SM,1,B1,17,15,15,0,17->18->67->27->15,,15.03835,inf,0.0,196,196,15.03835,172.413793,206.969842,172.413793,0.0,0.0,0.0,0,196,0.5,0.5,0.0,5,0.0,0.0
Uninett2010,SM,1,B1,18,15,1,1,18->67->27->15,,14.316511,inf,0.0,206,206,3.057722,19.455253,42.030674,19.455253,0.0,0.0,0.0,0,206.0,0.5,0.5,0.0,5,0.0,0.0
Uninett2010,SM,1,B1,19,15,15,0,19->50->1->4->67->27->15,,15.490473,inf,0.0,136,136,15.490473,172.413793,207.421965,172.413793,0.0,0.0,0.0,0,136,0.5,0.5,0.0,5,0.0,0.0
Uninett2010,SM,1,B1,20,15,15,0,20->19->50->1->4->67->27->15,,16.403139,inf,0.0,90,90,16.403139,172.413793,208.334631,172.413793,0.0,0.0,0.0,0,90,0.5,0.5,0.0,5,0.0,0.0
Uninett2010,SM,1,B1,21,15,15,0,21->50->1->4->67->27->15,,15.711361,inf,0.0,198,198,15.711361,172.413793,207.642853,172.413793,0.0,0.0,0.0,0,198,0.5,0.5,0.0,5,0.0,0.0
Uninett2010,SM,1,B1,22,15,15,0,22->23->4->67->27->15,,16.870219,inf,0.0,153,153,16.573825,172.413793,208.505317,172.413793,0.0,0.0,0.0,0,153,0.5,0.5,0.0,5,0.0,0.0
Uninett2010,SM,1,B1,23,14,13,1,23->24->42->18->67->27->15->13->14,,20.294378,inf,0.0,171,171,18.82555,714.285714,752.628963,714.285714,0.0,0.0,0.0,0,171,0.5,0.5,0.0,5,0.0,0.0
Uninett2010,SM,1,B1,24,14,14,0,24->42->18->67->27->15->13->14,,18.689771,inf,0.0,188,188,18.689771,714.285714,752.493185,714.285714,0.0,0.0,0.0,0,188,0.5,0.5,0.0,5,0.0,0.0
Uninett2010,SM,1,B1,25,14,15,1,25->24->42->4->67->27->15->13->14,,21.497621,inf,0.0,159,159,16.049441,172.413793,207.980933,172.413793,0.0,0.0,0.0,0,159,0.5,0.5,0.0,5,0.0,0.0
Uninett2010,SM,1,B1,26,14,14,0,26->17->18->67->27->15->13->14,,18.203526,inf,0.0,194,194,18.203526,714.285714,752.006939,714.285714,0.0,0.0,0.0,0,194,0.5,0.5,0.0,5,0.0,0.0
Uninett2010,SM,1,B1,27,14,14,0,27->15->13->14,,4.889601,inf,0.0,224,224,4.889601,714.285714,738.693014,714.285714,0.0,0.0,0.0,0,224.0,0.5,0.5,0.0,5,0.0,0.0
Uninett2010,SM,1,B1,28,14,14,0,28->12->11->4->67->27->15->13->14,,17.68973,inf,0.0,185,185,17.68973,714.285714,751.493143,714.285714,0.0,0.0,0.0,0,185,0.5,0.5,0.0,5,0.0,0.0
Uninett2010,SM,1,B1,29,13,13,0,29->34->30->9->27->15->13,,15.747959,inf,0.0,176,176,15.747959,714.285714,749.551372,714.285714,0.0,0.0,0.0,0,176.0,0.5,0.5,0.0,5,0.0,0.0
Uninett2010,SM,1,B1,30,13,1,1,30->9->27->15->13,,5.832342,inf,0.0,250,250,10.533382,19.455253,49.506334,19.455253,0.0,0.0,0.0,0,250,0.5,0.5,0.0,5,0.0,0.0
Uninett2010,SM,1,B1,31,13,13,0,31->30->9->27->15->13,,6.291098,inf,0.0,207,207,6.291098,714.285714,740.094511,714.285714,0.0,0.0,0.0,0,207,0.5,0.5,0.0,5,0.0,0.0
Uninett2010,SM,1,B1,32,13,13,0,32->49->14->13,,3.294517,inf,0.0,179,179,3.294517,714.285714,737.09793,714.285714,0.0,0.0,0.0,0,179,0.5,0.5,0.0,5,0.0,0.0
Uninett2010,SM,1,B1,33,13,14,1,33->38->40->10->27->15->13,,11.262688,inf,0.0,144,144,11.632916,714.285714,745.436329,714.285714,0.0,0.0,0.0,0,144,0.5,0.5,0.0,5,0.0,0.0
Uninett2010,SM,1,B1,34,12,1,1,34->30->40->37->36->67->4->11->12,,21.198322,inf,0.0,208,208,20.448999,19.455253,59.421951,19.455253,0.0,0.0,0.0,0,208.0,0.5,0.5,0.0,5,0.0,0.0
Uninett2010,SM,1,B1,35,12,12,0,35->67->4->11->12,,5.522408,inf,0.0,209,209,5.522408,5.834306,30.874413,5.834306,0.0,0.0,0.0,0,209,0.5,0.5,0.0,5,0.0,0.0
Uninett2010,SM,1,B1,36,12,12,0,36->67->4->11->12,,7.752648,inf,0.0,197,197,7.752648,5.834306,33.104652,5.834306,0.0,0.0,0.0,0,197,0.5,0.5,0.0,5,0.0,0.0
Uninett2010,SM,1,B1,37,12,12,0,37->36->67->4->11->12,,8.015621,inf,0.0,191,191,8.015621,5.834306,33.367625,5.834306,0.0,0.0,0.0,0,191,0.5,0.5,0.0,5,0.0,0.0
Uninett2010,SM,1,B1,38,13,13,0,38->40->10->27->15->13,,8.864576,inf,0.0,142,142,8.830938,714.285714,742.634351,714.285714,0.0,0.0,0.0,0,142,0.5,0.5,0.0,5,0.0,0.0
Uninett2010,SM,1,B1,39,12,4,1,39->38->68->2->57->12,,8.736778,inf,0.0,214,214,7.594962,16.286645,43.399306,16.286645,0.0,0.0,0.0,0,214,0.5,0.5,0.0,5,0.0,0.0
Uninett2010,SM,1,B1,40,12,12,0,40->37->36->67->4->11->12,,9.368889,inf,0.0,156,156,9.368889,5.834306,34.720893,5.834306,0.0,0.0,0.0,0,156,0.5,0.5,0.0,5,0.0,0.0
Uninett2010,SM,1,B1,41,11,11,0,41->18->42->4->11,,4.756885,inf,0.0,172,172,4.756885,60.97561,85.250194,60.97561,0.0,0.0,0.0,0,172,0.5,0.5,0.0,5,0.0,0.0
Uninett2010,SM,1,B1,42,11,11,0,42->4->11,,3.415021,inf,0.0,161,161,3.415021,60.97561,83.908329,60.97561,0.0,0.0,0.0,0,161.0,0.5,0.5,0.0,5,0.0,0.0
Uninett2010,SM,1,B1,43,11,11,0,43->67->4->11,,6.683875,inf,0.0,165,165,5.774059,60.97561,86.267367,60.97561,0.0,0.0,0.0,0,165,0.5,0.5,0.0,5,0.0,0.0
Uninett2010,SM,1,B1,44,11,11,0,44->41->18->67->4->11,,10.639832,inf,0.0,138,138,5.467502,60.97561,85.960811,60.97561,0.0,0.0,0.0,0,138,0.5,0.5,0.0,5,0.0,0.0
Uninett2010,SM,1,B1,45,11,11,0,45->43->18->42->4->11,,6.368509,inf,0.0,182,182,6.173708,60.97561,86.667016,60.97561,0.0,0.0,0.0,0,182,0.5,0.5,0.0,5,0.0,0.0
Uninett2010,SM,1,B1,46,11,4,1,46->43->67->4->11,,7.048098,inf,0.0,213,213,5.780983,16.286645,41.585327,16.286645,0.0,0.0,0.0,0,213,0.5,0.5,0.0,5,0.0,0.0
Uninett2010,SM,1,B1,47,10,10,0,47->69->67->36->37->40->10,,7.892964,inf,0.0,159,159,7.892964,833.333333,860.743996,833.333333,0.0,0.0,0.0,0,159,0.5,0.5,0.0,5,0.0,0.0
Uninett2010,SM,1,B1,48,10,10,0,48->35->33->38->40->10,,6.329273,inf,0.0,164,164,6.329273,833.333333,859.180305,833.333333,0.0,0.0,0.0,0,164,0.5,0.5,0.0,5,0.0,0.0
Uninett2010,SM,1,B1,49,10,10,0,49->32->16->9->30->10,,5.761277,inf,0.0,187,187,5.356774,833.333333,858.207806,833.333333,0.0,0.0,0.0,0,187,0.5,0.5,0.0,5,0.0,0.0
Uninett2010,SM,1,B1,50,10,4,1,50->1->4->67->36->37->40->30->10,,12.159542,inf,0.0,227,227,1.08661,16.286645,36.890954,16.286645,0.0,0.0,0.0,0,227,0.5,0.5,0.0,5,0.0,0.0
Uninett2010,SM,1,B1,51,10,10,0,51->50->1->4->67->36->37->40->10,,11.696134,inf,0.0,196,196,11.364751,833.333333,864.215783,833.333333,0.0,0.0,0.0,0,196,0.5,0.5,0.0,5,0.0,0.0
Uninett2010,SM,1,B1,52,9,9,0,52->68->9,,8.170334,inf,0.0,183,183,7.981813,106.382979,133.882491,106.382979,0.0,0.0,0.0,0,183,0.5,0.5,0.0,5,0.0,0.0
Uninett2010,SM,1,B1,53,10,10,0,53->7->2->68->38->40->10,,10.670915,inf,0.0,134,134,10.610739,833.333333,863.461771,833.333333,0.0,0.0,0.0,0,134,0.5,0.5,0.0,5,0.0,0.0
Uninett2010,SM,1,B1,54,9,1,1,54->58->57->2->68->9,,12.785355,inf,0.0,193,193,0.967987,19.455253,39.940939,19.455253,0.0,0.0,0.0,0,193,0.5,0.5,0.0,5,0.0,0.0
Uninett2010,SM,1,B1,55,9,4,1,55->12->11->4->67->27->9,,13.024622,inf,0.0,215,215,1.207254,16.286645,37.011598,16.286645,0.0,0.0,0.0,0,215,0.5,0.5,0.0,5,0.0,0.0
Uninett2010,SM,1,B1,56,9,9,0,56->34->30->9,,11.262223,inf,0.0,175,175,11.262223,106.382979,137.162901,106.382979,0.0,0.0,0.0,0,175.0,0.5,0.5,0.0,5,0.0,0.0
Uninett2010,SM,1,B1,57,9,9,0,57->2->68->9,,12.547369,inf,0.0,166,166,12.547369,106.382979,138.448046,106.382979,0.0,0.0,0.0,0,166,0.5,0.5,0.0,5,0.0,0.0
Uninett2010,SM,1,B1,58,8,8,0,58->57->2->7->8,,1.62571,inf,0.0,214,214,1.62571,9.541985,30.685394,9.541985,0.0,0.0,0.0,0,214,0.5,0.5,0.0,5,0.0,0.0
Uninett2010,SM,1,B1,59,9,9,0,59->1->2->68->9,,16.344299,inf,0.0,152,152,16.344299,106.382979,142.244976,106.382979,0.0,0.0,0.0,0,152,0.5,0.5,0.0,5,0.0,0.0
Uninett2010,SM,1,B1,60,8,5,1,60->58->57->2->7->8,,1.907374,inf,0.0,174,174,1.907374,1.826818,23.251891,1.826818,0.0,0.0,0.0,0,174,0.5,0.5,0.0,5,0.0,0.0
Uninett2010,SM,1,B1,61,8,8,0,61->34->30->9->68->2->7->8,,23.737314,inf,0.0,159,159,21.106722,9.541985,50.166406,9.541985,0.0,0.0,0.0,0,159,0.5,0.5,0.0,5,0.0,0.0
Uninett2010,SM,1,B1,62,8,8,0,62->41->18->67->4->2->7->8,,10.998015,inf,0.0,209,209,5.825685,9.541985,34.885369,9.541985,0.0,0.0,0.0,0,209,0.5,0.5,0.0,5,0.0,0.0
Uninett2010,SM,1,B1,63,8,8,0,63->34->30->40->38->68->2->7->8,,21.166899,inf,0.0,199,199,21.106722,9.541985,50.166406,9.541985,0.0,0.0,0.0,0,199,0.5,0.5,0.0,5,0.0,0.0
Uninett2010,SM,1,B1,64,8,8,0,64->38->68->2->7->8,,8.252685,inf,0.0,191,191,8.252685,9.541985,37.312369,9.541985,0.0,0.0,0.0,0,191,0.5,0.5,0.0,5,0.0,0.0
Uninett2010,SM,1,B1,65,7,7,0,65->66->3->4->2->7,,2.022986,inf,0.0,240,240,2.022986,7.849294,29.389978,7.849294,0.0,0.0,0.0,0,240,0.5,0.5,0.0,5,0.0,0.0
Uninett2010,SM,1,B1,66,7,7,0,66->3->4->2->7,,1.539311,inf,0.0,208,208,1.539311,7.849294,28.906303,7.849294,0.0,0.0,0.0,0,208,0.5,0.5,0.0,5,0.0,0.0
Uninett2010,SM,1,B1,67,7,1,1,67->4->2->7,,4.103348,inf,0.0,202,202,3.924582,19.455253,42.897534,19.455253,0.0,0.0,0.0,0,202.0,0.5,0.5,0.0,5,0.0,0.0
Uninett2010,SM,1,B1,68,7,4,1,68->2->7,,4.103348,inf,0.0,180,180,3.924582,16.286645,39.728926,16.286645,0.0,0.0,0.0,0,180.0,0.5,0.5,0.0,5,0.0,0.0
Uninett2010,SM,1,B1,69,7,7,0,69->68->2->7,,4.103348,inf,0.0,162,162,4.103348,7.849294,31.47034,7.849294,0.0,0.0,0.0,0,162.0,0.5,0.5,0.0,5,0.0,0.0
Uninett2010,SM,1,B1,70,6,6,0,70->69->67->4->11->6,,5.90689,35.69153,0.0,152,152,5.90689,10.26694,35.69153,10.26694,0.0,0.0,0.0,0,152,0.5,0.5,0.0,5,0.0,0.0
Uninett2010,SM,1,B1,71,6,6,0,71->72->73->74->1->4->11->6,,6.712906,36.497545,0.0,160,160,6.712906,10.26694,36.497545,10.26694,0.0,0.0,0.0,0,160,0.5,0.5,0.0,5,0.0,0.0
Uninett2010,SM,1,B1,72,6,6,0,72->73->74->1->4->11->6,,2.551474,32.336113,0.0,195,195,2.551474,10.26694,32.336113,10.26694,0.0,0.0,0.0,0,195,0.5,0.5,0.0,5,0.0,0.0
Uninett2010,SM,1,B1,73,6,6,0,73->74->1->50->51->6,,3.086009,32.870648,0.0,186,186,2.249929,10.26694,32.034568,10.26694,0.0,0.0,0.0,0,186,0.5,0.5,0.0,5,0.0,0.0
Uninett2010,SM,1,B1,74,7,7,0,74->1->2->7,,0.941654,inf,0.0,140,140,0.941654,7.849294,28.308647,7.849294,0.0,0.0,0.0,0,140,0.5,0.5,0.0,5,0.0,0.0
Uninett2010,SM,1,B3,1,1,1,0,1,1,0.0,20.583342,0.0,172,172,0.0,inf,inf,inf,0.0,0.0,0.0,0,172.0,0.5,0.5,0.0,5,0.0,0.0
Uninett2010,SM,1,B3,2,2,2,0,2,2,0.0,20.764271,0.0,221,221,0.0,1.246572,20.764271,1.246572,0.0,0.0,0.0,0,221.0,0.5,0.5,0.0,5,0.0,0.0
Uninett2010,SM,1,B3,3,3,3,0,3,3,0.0,20.630789,0.0,124,124,0.0,10.940919,30.458618,10.940919,0.0,0.0,0.0,0,124,0.5,0.5,0.0,5,0.0,0.0
Uninett2010,SM,1,B3,4,4,4,0,4,4,0.0,20.5902,0.0,178,178,0.0,inf,inf,inf,0.0,0.0,0.0,0,178.0,0.5,0.5,0.0,5,0.0,0.0
Uninett2010,SM,1,B3,5,5,5,0,5,5,0.0,20.632029,0.0,153,153,0.0,3.170577,22.688276,3.170577,0.0,0.0,0.0,0,153,0.5,0.5,0.0,5,0.0,0.0
Uninett2010,SM,1,B3,6,6,6,0,6,6,0.0,29.784639,0.0,232,232,0.0,4.009623,23.527322,4.009623,0.0,0.0,0.0,0,232,0.5,0.5,0.0,5,0.0,0.0
Uninett2010,SM,1,B3,7,7,7,0,7,7,0.0,inf,0.0,145,145,0.0,6.784261,26.301959,6.784261,0.0,0.0,0.0,0,145,0.5,0.5,0.0,5,0.0,0.0
Uninett2010,SM,1,B3,8,8,8,0,8,8,0.0,inf,0.0,176,176,0.0,2.969121,22.48682,2.969121,0.0,0.0,0.0,0,176,0.5,0.5,0.0,5,0.0,0.0
Uninett2010,SM,1,B3,9,9,9,0,9,9,0.0,inf,0.0,158,158,0.0,3.443526,22.961225,3.443526,0.0,0.0,0.0,0,158.0,0.5,0.5,0.0,5,0.0,0.0
Uninett2010,SM,1,B3,10,10,10,0,10,10,0.0,inf,0.0,182,182,0.0,3.410641,22.92834,3.410641,0.0,0.0,0.0,0,182,0.5,0.5,0.0,5,0.0,0.0
Uninett2010,SM,1,B3,11,11,11,0,11,11,0.0,inf,0.0,188,188,0.0,6.476684,25.994383,6.476684,0.0,0.0,0.0,0,188,0.5,0.5,0.0,5,0.0,0.0
Uninett2010,SM,1,B3,12,12,12,0,12,12,0.0,inf,0.0,166,166,0.0,3.045067,22.562766,3.045067,0.0,0.0,0.0,0,166,0.5,0.5,0.0,5,0.0,0.0
Uninett2010,SM,1,B3,13,13,13,0,13,13,0.0,inf,0.0,146,146,0.0,2.649709,22.167407,2.649709,0.0,0.0,0.0,0,146,0.5,0.5,0.0,5,0.0,0.0
Uninett2010,SM,1,B3,14,14,14,0,14,14,0.0,inf,0.0,130,130,0.0,5.040323,24.558021,5.040323,0.0,0.0,0.0,0,130,0.5,0.5,0.0,5,0.0,0.0
Uninett2010,SM,1,B3,15,15,15,0,15,15,0.0,inf,0.0,171,171,0.0,3.924647,23.442346,3.924647,0.0,0.0,0.0,0,171,0.5,0.5,0.0,5,0.0,0.0
Uninett2010,SM,1,B3,16,15,4,1,16->15,16->9->27->67->4,0.790036,inf,0.0,179,179,13.518283,inf,inf,inf,0.0,0.0,0.0,0,179,0.5,0.5,0.0,5,0.0,0.0
Uninett2010,SM,1,B3,17,15,15,0,17->18->67->27->15,17->18->67->27->15,15.03835,inf,0.0,196,196,15.03835,3.924647,38.480696,3.924647,0.0,0.0,0.0,0,196,0.5,0.5,0.0,5,0.0,0.0
Uninett2010,SM,1,B3,18,15,1,1,18->67->27->15,18->42->1,14.316511,inf,0.0,206,206,3.057722,inf,inf,inf,0.0,0.0,0.0,0,206.0,0.5,0.5,0.0,5,0.0,0.0
Uninett2010,SM,1,B3,19,15,15,0,19->50->1->4->67->27->15,19->50->1->4->67->27->15,15.490473,inf,0.0,136,136,15.490473,3.924647,38.932818,3.924647,0.0,0.0,0.0,0,136,0.5,0.5,0.0,5,0.0,0.0
Uninett2010,SM,1,B3,20,15,3,1,20->19->50->1->4->67->27->15,20->19->50->1->4->3,16.403139,inf,0.0,90,90,3.45181,10.940919,33.910428,10.940919,0.0,0.0,0.0,0,90,0.5,0.5,0.0,5,0.0,0.0
Uninett2010,SM,1,B3,21,15,15,0,21->50->1->4->67->27->15,21->50->1->4->67->27->15,15.711361,inf,0.0,198,198,15.711361,3.924647,39.153706,3.924647,0.0,0.0,0.0,0,198,0.5,0.5,0.0,5,0.0,0.0
Uninett2010,SM,1,B3,22,15,15,0,22->23->4->67->27->15,22->20->19->50->1->4->67->27->15,16.870219,inf,0.0,153,153,16.573825,3.924647,40.016171,3.924647,0.0,0.0,0.0,0,153,0.5,0.5,0.0,5,0.0,0.0
Uninett2010,SM,1,B3,23,14,14,0,23->24->42->18->67->27->15->13->14,23->4->67->27->15->13->14,20.294378,inf,0.0,171,171,19.229416,5.040323,43.787437,5.040323,0.0,0.0,0.0,0,171,0.5,0.5,0.0,5,0.0,0.0
Uninett2010,SM,1,B3,24,14,14,0,24->42->18->67->27->15->13->14,24->42->18->67->27->15->13->14,18.689771,inf,0.0,188,188,18.689771,5.040323,43.247793,5.040323,0.0,0.0,0.0,0,188,0.5,0.5,0.0,5,0.0,0.0
Uninett2010,SM,1,B3,25,14,4,1,25->24->42->4->67->27->15->13->14,25->24->23->4,21.497621,inf,0.0,159,159,4.258067,inf,inf,inf,0.0,0.0,0.0,0,159,0.5,0.5,0.0,5,0.0,0.0
Uninett2010,SM,1,B3,26,14,14,0,26->17->18->67->27->15->13->14,26->17->18->67->27->15->13->14,18.203526,inf,0.0,194,194,18.203526,5.040323,42.761547,5.040323,0.0,0.0,0.0,0,194,0.5,0.5,0.0,5,0.0,0.0
Uninett2010,SM,1,B3,27,14,1,1,27->15->13->14,27->67->4->1,4.889601,inf,0.0,224,224,11.817368,inf,inf,inf,0.0,0.0,0.0,0,224.0,0.5,0.5,0.0,5,0.0,0.0
Uninett2010,SM,1,B3,28,14,14,0,28->12->11->4->67->27->15->13->14,28->12->11->4->67->27->15->13->14,17.68973,inf,0.0,185,185,17.68973,5.040323,42.247752,5.040323,0.0,0.0,0.0,0,185,0.5,0.5,0.0,5,0.0,0.0
Uninett2010,SM,1,B3,29,13,13,0,29->34->30->9->27->15->13,29->34->30->9->27->15->13,15.747959,inf,0.0,176,176,15.747959,2.649709,37.915366,2.649709,0.0,0.0,0.0,0,176.0,0.5,0.5,0.0,5,0.0,0.0
Uninett2010,SM,1,B3,30,13,3,1,30->9->27->15->13,30->40->37->36->67->4->3,5.832342,inf,0.0,250,250,11.517677,10.940919,41.976295,10.940919,0.0,0.0,0.0,0,250,0.5,0.5,0.0,5,0.0,0.0
Uninett2010,SM,1,B3,31,13,4,1,31->30->9->27->15->13,31->30->40->37->36->67->4,6.291098,inf,0.0,207,207,10.992139,inf,inf,inf,0.0,0.0,0.0,0,207,0.5,0.5,0.0,5,0.0,0.0
Uninett2010,SM,1,B3,32,13,13,0,32->49->14->13,32->49->14->13,3.294517,inf,0.0,179,179,3.294517,2.649709,25.461924,2.649709,0.0,0.0,0.0,0,179,0.5,0.5,0.0,5,0.0,0.0
Uninett2010,SM,1,B3,33,13,13,0,33->38->40->10->27->15->13,33->38->40->30->9->27->15->13,11.262688,inf,0.0,144,144,11.22905,2.649709,33.396458,2.649709,0.0,0.0,0.0,0,144,0.5,0.5,0.0,5,0.0,0.0
Uninett2010,SM,1,B3,34,12,12,0,34->30->40->37->36->67->4->11->12,34->30->40->37->36->67->4->11->12,21.198322,inf,0.0,208,208,21.198322,3.045067,43.761088,3.045067,0.0,0.0,0.0,0,208.0,0.5,0.5,0.0,5,0.0,0.0
Uninett2010,SM,1,B3,35,12,4,1,35->67->4->11->12,35->67->4,5.522408,inf,0.0,209,209,4.773085,inf,inf,inf,0.0,0.0,0.0,0,209,0.5,0.5,0.0,5,0.0,0.0
Uninett2010,SM,1,B3,36,12,12,0,36->67->4->11->12,36->67->4->11->12,7.752648,inf,0.0,197,197,7.752648,3.045067,30.315414,3.045067,0.0,0.0,0.0,0,197,0.5,0.5,0.0,5,0.0,0.0
Uninett2010,SM,1,B3,37,12,12,0,37->36->67->4->11->12,37->36->67->4->11->12,8.015621,inf,0.0,191,191,8.015621,3.045067,30.578387,3.045067,0.0,0.0,0.0,0,191,0.5,0.5,0.0,5,0.0,0.0
Uninett2010,SM,1,B3,38,13,1,1,38->40->10->27->15->13,38->68->2->1,8.864576,inf,0.0,142,142,7.594962,inf,inf,inf,0.0,0.0,0.0,0,142,0.5,0.5,0.0,5,0.0,0.0
Uninett2010,SM,1,B3,39,12,1,1,39->38->68->2->57->12,39->38->68->2->1,8.736778,inf,0.0,214,214,7.594962,inf,inf,inf,0.0,0.0,0.0,0,214,0.5,0.5,0.0,5,0.0,0.0
Uninett2010,SM,1,B3,40,12,3,1,40->37->36->67->4->11->12,40->37->36->67->4->3,9.368889,inf,0.0,156,156,9.603861,10.940919,40.062478,10.940919,0.0,0.0,0.0,0,156,0.5,0.5,0.0,5,0.0,0.0
Uninett2010,SM,1,B3,41,11,11,0,41->18->42->4->11,41->18->42->4->11,4.756885,inf,0.0,172,172,4.756885,6.476684,30.751268,6.476684,0.0,0.0,0.0,0,172,0.5,0.5,0.0,5,0.0,0.0
Uninett2010,SM,1,B3,42,11,11,0,42->4->11,42->4->11,3.415021,inf,0.0,161,161,3.415021,6.476684,29.409404,6.476684,0.0,0.0,0.0,0,161.0,0.5,0.5,0.0,5,0.0,0.0
Uninett2010,SM,1,B3,43,11,11,0,43->67->4->11,43->18->42->4->11,6.683875,inf,0.0,165,165,5.774059,6.476684,31.768441,6.476684,0.0,0.0,0.0,0,165,0.5,0.5,0.0,5,0.0,0.0
Uninett2010,SM,1,B3,44,11,4,1,44->41->18->67->4->11,44->41->18->42->4,10.639832,inf,0.0,138,138,5.110203,inf,inf,inf,0.0,0.0,0.0,0,138,0.5,0.5,0.0,5,0.0,0.0
Uninett2010,SM,1,B3,45,11,11,0,45->43->18->42->4->11,45->47->69->67->4->11,6.368509,inf,0.0,182,182,6.173708,6.476684,32.168091,6.476684,0.0,0.0,0.0,0,182,0.5,0.5,0.0,5,0.0,0.0
Uninett2010,SM,1,B3,46,11,1,1,46->43->67->4->11,46->43->18->42->1,7.048098,inf,0.0,213,213,5.780983,inf,inf,inf,0.0,0.0,0.0,0,213,0.5,0.5,0.0,5,0.0,0.0
Uninett2010,SM,1,B3,47,10,3,1,47->69->67->36->37->40->10,47->69->67->4->3,7.892964,inf,0.0,159,159,6.29445,10.940919,36.753068,10.940919,0.0,0.0,0.0,0,159,0.5,0.5,0.0,5,0.0,0.0
Uninett2010,SM,1,B3,48,10,1,1,48->35->33->38->40->10,48->52->68->2->1,6.329273,inf,0.0,164,164,4.406657,inf,inf,inf,0.0,0.0,0.0,0,164,0.5,0.5,0.0,5,0.0,0.0
Uninett2010,SM,1,B3,49,10,10,0,49->32->16->9->30->10,49->32->16->9->27->10,5.761277,inf,0.0,187,187,5.356774,3.410641,28.285114,3.410641,0.0,0.0,0.0,0,187,0.5,0.5,0.0,5,0.0,0.0
Uninett2010,SM,1,B3,50,10,10,0,50->1->4->67->36->37->40->30->10,50->1->4->67->36->37->40->10,12.159542,inf,0.0,227,227,11.518584,3.410641,34.446924,3.410641,0.0,0.0,0.0,0,227,0.5,0.5,0.0,5,0.0,0.0
Uninett2010,SM,1,B3,51,10,4,1,51->50->1->4->67->36->37->40->10,51->6->11->4,11.696134,inf,0.0,196,196,0.932777,inf,inf,inf,0.0,0.0,0.0,0,196,0.5,0.5,0.0,5,0.0,0.0
Uninett2010,SM,1,B3,52,9,1,1,52->68->9,52->68->2->1,8.170334,inf,0.0,183,183,4.202131,inf,inf,inf,0.0,0.0,0.0,0,183,0.5,0.5,0.0,5,0.0,0.0
Uninett2010,SM,1,B3,53,10,10,0,53->7->2->68->38->40->10,53->7->2->4->67->36->37->40->10,10.670915,inf,0.0,134,134,10.610739,3.410641,33.539079,3.410641,0.0,0.0,0.0,0,134,0.5,0.5,0.0,5,0.0,0.0
Uninett2010,SM,1,B3,54,9,9,0,54->58->57->2->68->9,54->58->57->2->68->9,12.785355,inf,0.0,193,193,12.785355,3.443526,35.74658,3.443526,0.0,0.0,0.0,0,193,0.5,0.5,0.0,5,0.0,0.0
Uninett2010,SM,1,B3,55,9,9,0,55->12->11->4->67->27->9,55->12->11->4->2->68->9,13.024622,inf,0.0,215,215,13.024622,3.443526,35.985847,3.443526,0.0,0.0,0.0,0,215,0.5,0.5,0.0,5,0.0,0.0
Uninett2010,SM,1,B3,56,9,4,1,56->34->30->9,56->34->30->40->37->36->67->4,11.262223,inf,0.0,175,175,20.448999,inf,inf,inf,0.0,0.0,0.0,0,175.0,0.5,0.5,0.0,5,0.0,0.0
Uninett2010,SM,1,B3,57,9,9,0,57->2->68->9,57->2->68->9,12.547369,inf,0.0,166,166,12.547369,3.443526,35.508594,3.443526,0.0,0.0,0.0,0,166,0.5,0.5,0.0,5,0.0,0.0
Uninett2010,SM,1,B3,58,8,5,1,58->57->2->7->8,58->57->2->7->8->5,1.62571,inf,0.0,214,214,1.62571,3.170577,24.313986,3.170577,0.0,0.0,0.0,0,214,0.5,0.5,0.0,5,0.0,0.0
Uninett2010,SM,1,B3,59,9,3,1,59->1->2->68->9,59->1->4->3,16.344299,inf,0.0,152,152,5.511226,10.940919,35.969843,10.940919,0.0,0.0,0.0,0,152,0.5,0.5,0.0,5,0.0,0.0
Uninett2010,SM,1,B3,60,8,8,0,60->58->57->2->7->8,60->58->57->2->7->8,1.907374,inf,0.0,174,174,1.907374,2.969121,24.394194,2.969121,0.0,0.0,0.0,0,174,0.5,0.5,0.0,5,0.0,0.0
Uninett2010,SM,1,B3,61,8,5,1,61->34->30->9->68->2->7->8,61->34->30->40->37->36->67->68->2->7->8->5,23.737314,inf,0.0,159,159,21.106722,3.170577,43.794998,3.170577,0.0,0.0,0.0,0,159,0.5,0.5,0.0,5,0.0,0.0
Uninett2010,SM,1,B3,62,8,5,1,62->41->18->67->4->2->7->8,62->41->18->42->1->2->7->8->5,10.998015,inf,0.0,209,209,5.825685,3.170577,28.513961,3.170577,0.0,0.0,0.0,0,209,0.5,0.5,0.0,5,0.0,0.0
Uninett2010,SM,1,B3,63,8,8,0,63->34->30->40->38->68->2->7->8,63->34->30->40->37->36->67->68->2->7->8,21.166899,inf,0.0,199,199,21.106722,2.969121,43.593542,2.969121,0.0,0.0,0.0,0,199,0.5,0.5,0.0,5,0.0,0.0
Uninett2010,SM,1,B3,64,8,8,0,64->38->68->2->7->8,64->38->68->2->7->8,8.252685,inf,0.0,191,191,8.252685,2.969121,30.739505,2.969121,0.0,0.0,0.0,0,191,0.5,0.5,0.0,5,0.0,0.0
Uninett2010,SM,1,B3,65,7,1,1,65->66->3->4->2->7,65->66->3->4->1,2.022986,inf,0.0,240,240,1.84422,inf,inf,inf,0.0,0.0,0.0,0,240,0.5,0.5,0.0,5,0.0,0.0
Uninett2010,SM,1,B3,66,7,7,0,66->3->4->2->7,66->3->4->2->7,1.539311,inf,0.0,208,208,1.539311,6.784261,27.84127,6.784261,0.0,0.0,0.0,0,208,0.5,0.5,0.0,5,0.0,0.0
Uninett2010,SM,1,B3,67,7,7,0,67->4->2->7,67->68->2->7,4.103348,inf,0.0,202,202,4.103348,6.784261,30.405307,6.784261,0.0,0.0,0.0,0,202.0,0.5,0.5,0.0,5,0.0,0.0
Uninett2010,SM,1,B3,68,7,7,0,68->2->7,68->2->7,4.103348,inf,0.0,180,180,4.103348,6.784261,30.405307,6.784261,0.0,0.0,0.0,0,180.0,0.5,0.5,0.0,5,0.0,0.0
Uninett2010,SM,1,B3,69,7,4,1,69->68->2->7,69->67->4,4.103348,inf,0.0,162,162,3.924582,inf,inf,inf,0.0,0.0,0.0,0,162.0,0.5,0.5,0.0,5,0.0,0.0
Uninett2010,SM,1,B3,70,6,1,1,70->69->67->4->11->6,70->69->67->4->1,5.90689,35.69153,0.0,152,152,5.226461,inf,inf,inf,inf,0.0,0.0,0,152,0.5,0.5,0.0,5,0.0,0.0
Uninett2010,SM,1,B3,71,6,6,0,71->72->73->74->1->4->11->6,71->72->73->74->1->4->11->6,6.712906,36.497545,0.0,160,160,6.712906,4.009623,30.240228,4.009623,0.0,0.0,0.0,0,160,0.5,0.5,0.0,5,0.0,0.0
Uninett2010,SM,1,B3,72,6,6,0,72->73->74->1->4->11->6,72->73->74->1->4->11->6,2.551474,32.336113,0.0,195,195,2.551474,4.009623,26.078796,4.009623,0.0,0.0,0.0,0,195,0.5,0.5,0.0,5,0.0,0.0
Uninett2010,SM,1,B3,73,6,6,0,73->74->1->50->51->6,73->74->1->4->11->6,3.086009,32.870648,0.0,186,186,2.249929,4.009623,25.777251,4.009623,0.0,0.0,0.0,0,186,0.5,0.5,0.0,5,0.0,0.0
Uninett2010,SM,1,B3,74,7,7,0,74->1->2->7,74->1->2->7,0.941654,inf,0.0,140,140,0.941654,6.784261,27.243614,6.784261,0.0,0.0,0.0,0,140,0.5,0.5,0.0,5,0.0,0.0
Uninett2010,SM,1,MCF_ARC,1,1,1,0,1,1,0.0,20.583342,0.0,172,172,0.0,6.701755,26.079379,6.56168,0.0,0.0,0.0,0,172.0,0.5,0.5,0.0,5,0.0,0.0
Uninett2010,SM,1,MCF_ARC,2,2,2,0,2,2,0.0,20.764271,0.0,221,221,0.0,15.991084,32.815571,13.297872,0.0,0.0,0.0,0,221.0,0.5,0.5,0.0,5,0.0,0.0
Uninett2010,SM,1,MCF_ARC,3,3,3,0,3,3,0.0,20.630789,0.0,124,124,0.0,2.231419,21.742888,2.225189,0.0,0.0,0.0,0,124,0.5,0.5,0.0,5,0.0,0.0
Uninett2010,SM,1,MCF_ARC,4,4,4,0,4,4,0.0,20.5902,0.0,178,178,0.0,8.733674,27.245674,7.727975,0.0,0.0,0.0,0,178.0,0.5,0.5,0.0,5,0.0,0.0
Uninett2010,SM,1,MCF_ARC,5,5,5,0,5,5,0.0,20.632029,0.0,153,153,0.0,1.793538,21.30853,1.790831,0.0,0.0,0.0,0,153,0.5,0.5,0.0,5,0.0,0.0
Uninett2010,SM,1,MCF_ARC,6,6,6,0,6,6,0.0,29.784639,0.0,232,232,0.0,9.892004,28.108764,8.591065,0.0,0.0,0.0,0,232,0.5,0.5,0.0,5,0.0,0.0
Uninett2010,SM,1,MCF_ARC,7,7,7,0,7,7,0.0,inf,0.0,145,145,0.0,6.387053,25.563648,6.045949,0.0,0.0,0.0,0,145,0.5,0.5,0.0,5,0.0,0.0
Uninett2010,SM,1,MCF_ARC,8,8,8,0,8,8,0.0,inf,0.0,176,176,0.0,5.94902,25.141996,5.624297,0.0,0.0,0.0,0,176,0.5,0.5,0.0,5,0.0,0.0
Uninett2010,SM,1,MCF_ARC,9,9,9,0,9,9,0.0,inf,0.0,158,158,0.0,7.966337,27.245674,7.727975,0.0,0.0,0.0,0,158.0,0.5,0.5,0.0,5,0.0,0.0
Uninett2010,SM,1,MCF_ARC,10,10,10,0,10,10,0.0,inf,0.0,182,182,0.0,14.36422,31.118627,11.600928,0.0,0.0,0.0,0,182,0.5,0.5,0.0,5,0.0,0.0
Uninett2010,SM,1,MCF_ARC,11,11,11,0,11,11,0.0,inf,0.0,188,188,0.0,7.966337,27.245674,7.727975,0.0,0.0,0.0,0,188,0.5,0.5,0.0,5,0.0,0.0
Uninett2010,SM,1,MCF_ARC,12,12,12,0,12,12,0.0,inf,0.0,166,166,0.0,6.832649,26.211139,6.69344,0.0,0.0,0.0,0,166,0.5,0.5,0.0,5,0.0,0.0
Uninett2010,SM,1,MCF_ARC,13,13,13,0,13,13,0.0,inf,0.0,146,146,0.0,13.743338,30.579646,11.061947,0.0,0.0,0.0,0,146,0.5,0.5,0.0,5,0.0,0.0
Uninett2010,SM,1,MCF_ARC,14,14,14,0,14,14,0.0,inf,0.0,130,130,0.0,17.654542,35.804344,16.286645,0.0,0.0,0.0,0,130,0.5,0.5,0.0,5,0.0,0.0
Uninett2010,SM,1,MCF_ARC,15,15,15,0,15,15,0.0,inf,0.0,171,171,0.0,15.347381,32.538532,13.020833,0.0,0.0,0.0,0,171,0.5,0.5,0.0,5,0.0,0.0
Uninett2010,SM,1,MCF_ARC,16,15,15,0,16->15,16->15,0.790036,inf,0.0,179,179,0.790036,15.347381,33.328568,13.020833,0.0,0.0,0.0,0,179,0.5,0.5,0.0,5,0.0,0.0
Uninett2010,SM,1,MCF_ARC,17,15,7,1,17->18->67->27->15,17->18->42->4->2->7,15.03835,inf,0.0,196,196,3.958326,6.387053,29.521974,6.045949,0.0,0.0,0.0,0,196,0.5,0.5,0.0,5,0.0,0.0
Uninett2010,SM,1,MCF_ARC,18,15,15,0,18->67->27->15,18->67->27->15,14.316511,inf,0.0,206,206,14.316511,15.347381,46.855043,13.020833,0.0,0.0,0.0,0,206.0,0.5,0.5,0.0,5,0.0,0.0
Uninett2010,SM,1,MCF_ARC,19,15,15,0,19->50->1->4->67->27->15,19->50->1->4->67->27->15,15.490473,inf,0.0,136,136,15.490473,15.347381,48.029005,13.020833,0.0,0.0,0.0,0,136,0.5,0.5,0.0,5,0.0,0.0
Uninett2010,SM,1,MCF_ARC,20,15,15,0,20->19->50->1->4->67->27->15,20->19->50->1->4->67->68->9->27->15,16.403139,inf,0.0,90,90,16.403139,15.347381,48.941671,13.020833,0.0,0.0,0.0,0,90,0.5,0.5,0.0,5,0.0,0.0
Uninett2010,SM,1,MCF_ARC,21,15,2,1,21->50->1->4->67->27->15,21->50->1->4->2,15.711361,inf,0.0,198,198,1.775737,15.991084,34.591308,13.297872,0.0,0.0,0.0,0,198,0.5,0.5,0.0,5,0.0,0.0
Uninett2010,SM,1,MCF_ARC,22,15,6,1,22->23->4->67->27->15,22->20->19->50->51->6,16.870219,inf,0.0,153,153,1.981491,9.892004,30.090255,8.591065,0.0,0.0,0.0,0,153,0.5,0.5,0.0,5,0.0,0.0
Uninett2010,SM,1,MCF_ARC,23,14,2,1,23->24->42->18->67->27->15->13->14,23->4->1->2,20.294378,inf,0.0,171,171,2.522447,15.991084,35.338018,13.297872,0.0,0.0,0.0,0,171,0.5,0.5,0.0,5,0.0,0.0
Uninett2010,SM,1,MCF_ARC,24,14,14,0,24->42->18->67->27->15->13->14,24->42->18->67->27->15->13->14,18.689771,inf,0.0,188,188,18.689771,17.654542,54.494115,16.286645,0.0,0.0,0.0,0,188,0.5,0.5,0.0,5,0.0,0.0
Uninett2010,SM,1,MCF_ARC,25,14,4,1,25->24->42->4->67->27->15->13->14,25->24->23->50->1->4,21.497621,inf,0.0,159,159,4.383464,8.733674,31.629138,7.727975,0.0,0.0,0.0,0,159,0.5,0.5,0.0,5,0.0,0.0
Uninett2010,SM,1,MCF_ARC,26,14,14,0,26->17->18->67->27->15->13->14,26->17->18->67->27->15->13->14,18.203526,inf,0.0,194,194,18.203526,17.654542,54.00787,16.286645,0.0,0.0,0.0,0,194,0.5,0.5,0.0,5,0.0,0.0
Uninett2010,SM,1,MCF_ARC,27,14,13,1,27->15->13->14,27->15->13,4.889601,inf,0.0,224,224,4.485735,13.743338,35.065381,11.061947,0.0,0.0,0.0,0,224.0,0.5,0.5,0.0,5,0.0,0.0
Uninett2010,SM,1,MCF_ARC,28,14,14,0,28->12->11->4->67->27->15->13->14,28->12->11->4->67->27->15->13->14,17.68973,inf,0.0,185,185,17.68973,17.654542,53.494074,16.286645,0.0,0.0,0.0,0,185,0.5,0.5,0.0,5,0.0,0.0
Uninett2010,SM,1,MCF_ARC,29,13,13,0,29->34->30->9->27->15->13,29->34->30->9->27->15->13,15.747959,inf,0.0,176,176,15.747959,13.743338,46.327604,11.061947,0.0,0.0,0.0,0,176.0,0.5,0.5,0.0,5,0.0,0.0
Uninett2010,SM,1,MCF_ARC,30,13,15,1,30->9->27->15->13,30->9->27->15,5.832342,inf,0.0,250,250,3.464862,15.347381,36.003394,13.020833,0.0,0.0,0.0,0,250,0.5,0.5,0.0,5,0.0,0.0
Uninett2010,SM,1,MCF_ARC,31,13,13,0,31->30->9->27->15->13,31->30->9->27->15->13,6.291098,inf,0.0,207,207,6.291098,13.743338,36.870744,11.061947,0.0,0.0,0.0,0,207,0.5,0.5,0.0,5,0.0,0.0
Uninett2010,SM,1,MCF_ARC,32,13,13,0,32->49->14->13,32->49->14->13,3.294517,inf,0.0,179,179,3.294517,13.743338,33.874162,11.061947,0.0,0.0,0.0,0,179,0.5,0.5,0.0,5,0.0,0.0
Uninett2010,SM,1,MCF_ARC,33,13,5,1,33->38->40->10->27->15->13,33->35->67->4->1->2->7->8->5,11.262688,inf,0.0,144,144,5.934001,1.793538,27.24253,1.790831,0.0,0.0,0.0,0,144,0.5,0.5,0.0,5,0.0,0.0
Uninett2010,SM,1,MCF_ARC,34,12,10,1,34->30->40->37->36->67->4->11->12,34->30->10,21.198322,inf,0.0,208,208,10.455167,14.36422,41.573794,11.600928,0.0,0.0,0.0,0,208.0,0.5,0.5,0.0,5,0.0,0.0
Uninett2010,SM,1,MCF_ARC,35,12,3,1,35->67->4->11->12,35->67->4->3,5.522408,inf,0.0,209,209,5.75738,2.231419,27.500268,2.225189,0.0,0.0,0.0,0,209,0.5,0.5,0.0,5,0.0,0.0
Uninett2010,SM,1,MCF_ARC,36,12,2,1,36->67->4->11->12,36->67->69->68->2,7.752648,inf,0.0,197,197,7.003325,15.991084,39.818896,13.297872,0.0,0.0,0.0,0,197,0.5,0.5,0.0,5,0.0,0.0
Uninett2010,SM,1,MCF_ARC,37,12,12,0,37->36->67->4->11->12,37->36->67->68->2->1->4->11->12,8.015621,inf,0.0,191,191,8.015621,6.832649,34.22676,6.69344,0.0,0.0,0.0,0,191,0.5,0.5,0.0,5,0.0,0.0
Uninett2010,SM,1,MCF_ARC,38,13,14,1,38->40->10->27->15->13,38->40->30->9->27->15->13->14,8.864576,inf,0.0,142,142,9.234804,17.654542,45.039148,16.286645,0.0,0.0,0.0,0,142,0.5,0.5,0.0,5,0.0,0.0
Uninett2010,SM,1,MCF_ARC,39,12,12,0,39->38->68->2->57->12,39->38->68->67->4->11->12,8.736778,inf,0.0,214,214,8.344285,6.832649,34.555424,6.69344,0.0,0.0,0.0,0,214,0.5,0.5,0.0,5,0.0,0.0
Uninett2010,SM,1,MCF_ARC,40,12,12,0,40->37->36->67->4->11->12,40->37->36->67->4->11->12,9.368889,inf,0.0,156,156,9.368889,6.832649,35.580028,6.69344,0.0,0.0,0.0,0,156,0.5,0.5,0.0,5,0.0,0.0
Uninett2010,SM,1,MCF_ARC,41,11,11,0,41->18->42->4->11,41->18->42->4->11,4.756885,inf,0.0,172,172,4.756885,7.966337,32.002559,7.727975,0.0,0.0,0.0,0,172,0.5,0.5,0.0,5,0.0,0.0
Uninett2010,SM,1,MCF_ARC,42,11,2,1,42->4->11,42->4->2,3.415021,inf,0.0,161,161,3.057722,15.991084,35.873293,13.297872,0.0,0.0,0.0,0,161.0,0.5,0.5,0.0,5,0.0,0.0
Uninett2010,SM,1,MCF_ARC,43,11,1,1,43->67->4->11,43->18->42->4->1,6.683875,inf,0.0,165,165,5.41676,6.701755,31.496138,6.56168,0.0,0.0,0.0,0,165,0.5,0.5,0.0,5,0.0,0.0
Uninett2010,SM,1,MCF_ARC,44,11,11,0,44->41->18->67->4->11,44->41->18->42->4->11,10.639832,inf,0.0,138,138,5.467502,7.966337,32.713176,7.727975,0.0,0.0,0.0,0,138,0.5,0.5,0.0,5,0.0,0.0
Uninett2010,SM,1,MCF_ARC,45,11,11,0,45->43->18->42->4->11,45->47->69->67->4->11,6.368509,inf,0.0,182,182,6.173708,7.966337,33.419382,7.727975,0.0,0.0,0.0,0,182,0.5,0.5,0.0,5,0.0,0.0
Uninett2010,SM,1,MCF_ARC,46,11,11,0,46->43->67->4->11,46->43->18->42->4->11,7.048098,inf,0.0,213,213,6.138282,7.966337,33.383956,7.727975,0.0,0.0,0.0,0,213,0.5,0.5,0.0,5,0.0,0.0
Uninett2010,SM,1,MCF_ARC,47,10,4,1,47->69->67->36->37->40->10,47->69->67->4,7.892964,inf,0.0,159,159,5.310155,8.733674,32.555829,7.727975,0.0,0.0,0.0,0,159,0.5,0.5,0.0,5,0.0,0.0
Uninett2010,SM,1,MCF_ARC,48,10,10,0,48->35->33->38->40->10,48->35->33->38->40->10,6.329273,inf,0.0,164,164,6.329273,14.36422,37.4479,11.600928,0.0,0.0,0.0,0,164,0.5,0.5,0.0,5,0.0,0.0
Uninett2010,SM,1,MCF_ARC,49,10,10,0,49->32->16->9->30->10,49->32->16->9->27->10,5.761277,inf,0.0,187,187,5.356774,14.36422,36.4754,11.600928,0.0,0.0,0.0,0,187,0.5,0.5,0.0,5,0.0,0.0
Uninett2010,SM,1,MCF_ARC,50,10,1,1,50->1->4->67->36->37->40->30->10,50->1,12.159542,inf,0.0,227,227,1.08661,6.701755,27.165989,6.56168,0.0,0.0,0.0,0,227,0.5,0.5,0.0,5,0.0,0.0
Uninett2010,SM,1,MCF_ARC,51,10,10,0,51->50->1->4->67->36->37->40->10,51->50->1->4->67->36->37->40->10,11.696134,inf,0.0,196,196,11.696134,14.36422,42.814761,11.600928,0.0,0.0,0.0,0,196,0.5,0.5,0.0,5,0.0,0.0
Uninett2010,SM,1,MCF_ARC,52,9,4,1,52->68->9,52->68->67->4,8.170334,inf,0.0,183,183,4.202131,8.733674,31.447805,7.727975,0.0,0.0,0.0,0,183,0.5,0.5,0.0,5,0.0,0.0
Uninett2010,SM,1,MCF_ARC,53,10,7,1,53->7->2->68->38->40->10,53->7,10.670915,inf,0.0,134,134,0.0,6.387053,25.563648,6.045949,0.0,0.0,0.0,0,134,0.5,0.5,0.0,5,0.0,0.0
Uninett2010,SM,1,MCF_ARC,54,9,9,0,54->58->57->2->68->9,54->58->57->2->68->9,12.785355,inf,0.0,193,193,12.785355,7.966337,40.031029,7.727975,0.0,0.0,0.0,0,193,0.5,0.5,0.0,5,0.0,0.0
Uninett2010,SM,1,MCF_ARC,55,9,9,0,55->12->11->4->67->27->9,55->12->11->4->2->68->9,13.024622,inf,0.0,215,215,13.024622,7.966337,40.270296,7.727975,0.0,0.0,0.0,0,215,0.5,0.5,0.0,5,0.0,0.0
Uninett2010,SM,1,MCF_ARC,56,9,9,0,56->34->30->9,56->34->30->9,11.262223,inf,0.0,175,175,11.262223,7.966337,38.507897,7.727975,0.0,0.0,0.0,0,175.0,0.5,0.5,0.0,5,0.0,0.0
Uninett2010,SM,1,MCF_ARC,57,9,14,1,57->2->68->9,57->2->68->67->27->15->13->14,12.547369,inf,0.0,166,166,17.43697,17.654542,53.241314,16.286645,0.0,0.0,0.0,0,166,0.5,0.5,0.0,5,0.0,0.0
Uninett2010,SM,1,MCF_ARC,58,8,12,1,58->57->2->7->8,58->57->12,1.62571,inf,0.0,214,214,0.649802,6.832649,26.860941,6.69344,0.0,0.0,0.0,0,214,0.5,0.5,0.0,5,0.0,0.0
Uninett2010,SM,1,MCF_ARC,59,9,9,0,59->1->2->68->9,59->1->4->67->27->9,16.344299,inf,0.0,152,152,16.344299,7.966337,43.589973,7.727975,0.0,0.0,0.0,0,152,0.5,0.5,0.0,5,0.0,0.0
Uninett2010,SM,1,MCF_ARC,60,8,8,0,60->58->57->2->7->8,60->58->57->2->7->8,1.907374,inf,0.0,174,174,1.907374,5.94902,27.04937,5.624297,0.0,0.0,0.0,0,174,0.5,0.5,0.0,5,0.0,0.0
Uninett2010,SM,1,MCF_ARC,61,8,8,0,61->34->30->9->68->2->7->8,61->34->30->40->37->36->67->4->1->2->7->8,23.737314,inf,0.0,159,159,21.106722,5.94902,46.248718,5.624297,0.0,0.0,0.0,0,159,0.5,0.5,0.0,5,0.0,0.0
Uninett2010,SM,1,MCF_ARC,62,8,6,1,62->41->18->67->4->2->7->8,62->41->18->42->1->4->11->6,10.998015,inf,0.0,209,209,5.848391,9.892004,33.957155,8.591065,0.0,0.0,0.0,0,209,0.5,0.5,0.0,5,0.0,0.0
Uninett2010,SM,1,MCF_ARC,63,8,8,0,63->34->30->40->38->68->2->7->8,63->34->30->40->37->36->67->68->2->7->8,21.166899,inf,0.0,199,199,21.106722,5.94902,46.248718,5.624297,0.0,0.0,0.0,0,199,0.5,0.5,0.0,5,0.0,0.0
Uninett2010,SM,1,MCF_ARC,64,8,8,0,64->38->68->2->7->8,64->38->68->2->7->8,8.252685,inf,0.0,191,191,8.252685,5.94902,33.394681,5.624297,0.0,0.0,0.0,0,191,0.5,0.5,0.0,5,0.0,0.0
Uninett2010,SM,1,MCF_ARC,65,7,3,1,65->66->3->4->2->7,65->66->3,2.022986,inf,0.0,240,240,0.859925,2.231419,22.602813,2.225189,0.0,0.0,0.0,0,240,0.5,0.5,0.0,5,0.0,0.0
Uninett2010,SM,1,MCF_ARC,66,7,1,1,66->3->4->2->7,66->3->4->1,1.539311,inf,0.0,208,208,1.360545,6.701755,27.439924,6.56168,0.0,0.0,0.0,0,208,0.5,0.5,0.0,5,0.0,0.0
Uninett2010,SM,1,MCF_ARC,67,7,7,0,67->4->2->7,67->68->2->7,4.103348,inf,0.0,202,202,4.103348,6.387053,29.666996,6.045949,0.0,0.0,0.0,0,202.0,0.5,0.5,0.0,5,0.0,0.0
Uninett2010,SM,1,MCF_ARC,68,7,7,0,68->2->7,68->2->7,4.103348,inf,0.0,180,180,4.103348,6.387053,29.666996,6.045949,0.0,0.0,0.0,0,180.0,0.5,0.5,0.0,5,0.0,0.0
Uninett2010,SM,1,MCF_ARC,69,7,4,1,69->68->2->7,69->67->4,4.103348,inf,0.0,162,162,3.924582,8.733674,31.170257,7.727975,0.0,0.0,0.0,0,162.0,0.5,0.5,0.0,5,0.0,0.0
Uninett2010,SM,1,MCF_ARC,70,6,6,0,70->69->67->4->11->6,70->69->67->4->11->6,5.90689,35.69153,0.0,152,152,5.90689,9.892004,34.015654,8.591065,0.0,0.0,0.0,0,152,0.5,0.5,0.0,5,0.0,0.0
Uninett2010,SM,1,MCF_ARC,71,6,6,0,71->72->73->74->1->4->11->6,71->72->73->74->1->4->11->6,6.712906,36.497545,0.0,160,160,6.712906,9.892004,34.82167,8.591065,0.0,0.0,0.0,0,160,0.5,0.5,0.0,5,0.0,0.0
Uninett2010,SM,1,MCF_ARC,72,6,5,1,72->73->74->1->4->11->6,72->73->74->1->4->2->7->8->5,2.551474,32.336113,0.0,195,195,2.528768,1.793538,23.837298,1.790831,0.0,0.0,0.0,0,195,0.5,0.5,0.0,5,0.0,0.0
Uninett2010,SM,1,MCF_ARC,73,6,1,1,73->74->1->50->51->6,73->74->1,3.086009,32.870648,0.0,186,186,1.5695,6.701755,27.648878,6.56168,0.0,0.0,0.0,0,186,0.5,0.5,0.0,5,0.0,0.0
Uninett2010,SM,1,MCF_ARC,74,7,4,1,74->1->2->7,74->1->4,0.941654,inf,0.0,140,140,0.762889,8.733674,28.008563,7.727975,0.0,0.0,0.0,0,140,0.5,0.5,0.0,5,0.0,0.0
Uninett2010,SM,2,B1,1,1,2,1,1,,0.0,20.517899,0.0,153,153,0.0,1.963865,21.481564,1.963865,0.963665,0.0,0.0,0,153.0,0.5,0.5,0.0,5,0.0,0.0
Uninett2010,SM,2,B1,2,2,2,0,2,,0.0,20.688385,0.0,205,205,0.0,1.963865,21.481564,1.963865,0.0,0.0,0.0,0,205.0,0.5,0.5,0.0,5,0.0,0.0
Uninett2010,SM,2,B1,3,3,3,0,3,,0.0,20.649945,0.0,176,176,0.0,1.132246,20.649945,1.132246,0.0,0.0,0.0,0,176,0.5,0.5,0.0,5,0.0,0.0
Uninett2010,SM,2,B1,4,4,2,1,4,,0.0,20.662387,0.0,192,192,0.0,1.963865,21.481564,1.963865,0.819176,0.0,0.0,0,192.0,0.5,0.5,0.0,5,0.0,0.0
Uninett2010,SM,2,B1,5,5,5,0,5,,0.0,20.629798,0.0,160,160,0.0,1.440507,20.958206,1.440507,0.0,0.0,0.0,0,160,0.5,0.5,0.0,5,0.0,0.0
Uninett2010,SM,2,B1,6,6,6,0,6,,0.0,inf,0.0,202,202,0.0,13.404826,32.922525,13.404826,0.0,0.0,0.0,0,202,0.5,0.5,0.0,5,0.0,0.0
Uninett2010,SM,2,B1,7,7,7,0,7,,0.0,inf,0.0,204,204,0.0,16.556291,36.07399,16.556291,0.0,0.0,0.0,0,204,0.5,0.5,0.0,5,0.0,0.0
Uninett2010,SM,2,B1,8,8,8,0,8,,0.0,inf,0.0,175,175,0.0,61.728395,81.246094,61.728395,0.0,0.0,0.0,0,175,0.5,0.5,0.0,5,0.0,0.0
Uninett2010,SM,2,B1,9,9,9,0,9,,0.0,inf,0.0,209,209,0.0,714.285714,733.803413,714.285714,0.0,0.0,0.0,0,209.0,0.5,0.5,0.0,5,0.0,0.0
Uninett2010,SM,2,B1,10,10,10,0,10,,0.0,inf,0.0,179,179,0.0,40.650407,60.168105,40.650407,0.0,0.0,0.0,0,179,0.5,0.5,0.0,5,0.0,0.0
Uninett2010,SM,2,B1,11,11,11,0,11,,0.0,inf,0.0,220,220,0.0,161.290323,180.808021,161.290323,0.0,0.0,0.0,0,220,0.5,0.5,0.0,5,0.0,0.0
Uninett2010,SM,2,B1,12,12,12,0,12,,0.0,inf,0.0,188,188,0.0,16.447368,35.965067,16.447368,0.0,0.0,0.0,0,188,0.5,0.5,0.0,5,0.0,0.0
Uninett2010,SM,2,B1,13,13,13,0,13,,0.0,inf,0.0,181,181,0.0,5000.0,5019.517699,5000.0,0.0,0.0,0.0,0,181,0.5,0.5,0.0,5,0.0,0.0
Uninett2010,SM,2,B1,14,14,14,0,14,,0.0,inf,0.0,211,211,0.0,833.333333,852.851032,833.333333,0.0,0.0,0.0,0,211,0.5,0.5,0.0,5,0.0,0.0
Uninett2010,SM,2,B1,15,15,15,0,15,,0.0,inf,0.0,173,173,0.0,161.290323,180.808021,161.290323,0.0,0.0,0.0,0,173,0.5,0.5,0.0,5,0.0,0.0
Uninett2010,SM,2,B1,16,15,9,1,16->15,,0.790036,inf,0.0,200,200,1.700915,714.285714,735.504328,714.285714,0.0,0.0,0.0,0,200,0.5,0.5,0.0,5,0.0,0.0
Uninett2010,SM,2,B1,17,15,15,0,17->18->67->27->15,,15.03835,inf,0.0,185,185,15.03835,161.290323,195.846371,161.290323,0.0,0.0,0.0,0,185,0.5,0.5,0.0,5,0.0,0.0
Uninett2010,SM,2,B1,18,15,15,0,18->67->27->15,,14.316511,inf,0.0,186,186,14.316511,161.290323,195.124532,161.290323,0.0,0.0,0.0,0,186.0,0.5,0.5,0.0,5,0.0,0.0
Uninett2010,SM,2,B1,19,15,4,1,19->50->1->4->67->27->15,,15.490473,inf,0.0,207,207,1.554849,16.778523,37.851071,16.778523,0.0,0.0,0.0,0,207,0.5,0.5,0.0,5,0.0,0.0
Uninett2010,SM,2,B1,20,15,15,0,20->22->23->4->67->27->15,,17.040905,inf,0.0,127,127,16.403139,161.290323,197.211161,161.290323,0.0,0.0,0.0,0,127,0.5,0.5,0.0,5,0.0,0.0
Uninett2010,SM,2,B1,21,15,4,1,21->50->1->4->67->27->15,,15.711361,inf,0.0,216,216,1.775737,16.778523,38.071959,16.778523,0.0,0.0,0.0,0,216,0.5,0.5,0.0,5,0.0,0.0
Uninett2010,SM,2,B1,22,14,14,0,22->23->24->42->18->67->27->15->13->14,,20.706526,inf,0.0,184,184,19.345171,833.333333,872.196203,833.333333,0.0,0.0,0.0,0,184,0.5,0.5,0.0,5,0.0,0.0
Uninett2010,SM,2,B1,23,14,14,0,23->4->67->27->15->13->14,,19.229416,inf,0.0,168,168,19.229416,833.333333,872.080448,833.333333,0.0,0.0,0.0,0,168,0.5,0.5,0.0,5,0.0,0.0
Uninett2010,SM,2,B1,24,14,14,0,24->42->18->67->27->15->13->14,,18.689771,inf,0.0,184,184,18.689771,833.333333,871.540804,833.333333,0.0,0.0,0.0,0,184,0.5,0.5,0.0,5,0.0,0.0
Uninett2010,SM,2,B1,25,14,13,1,25->24->42->4->67->27->15->13->14,,21.497621,inf,0.0,171,171,18.41692,5000.0,5037.934619,5000.0,0.0,0.0,0.0,0,171,0.5,0.5,0.0,5,0.0,0.0
Uninett2010,SM,2,B1,26,14,14,0,26->17->18->67->27->15->13->14,,18.203526,inf,0.0,177,177,18.203526,833.333333,871.054558,833.333333,0.0,0.0,0.0,0,177,0.5,0.5,0.0,5,0.0,0.0
Uninett2010,SM,2,B1,27,14,13,1,27->15->13->14,,4.889601,inf,0.0,196,196,4.485735,5000.0,5024.003434,5000.0,0.0,0.0,0.0,0,196.0,0.5,0.5,0.0,5,0.0,0.0
Uninett2010,SM,2,B1,28,13,13,0,28->12->11->4->67->27->15->13,,17.285865,inf,0.0,146,146,17.285865,5000.0,5036.803563,5000.0,0.0,0.0,0.0,0,146,0.5,0.5,0.0,5,0.0,0.0
Uninett2010,SM,2,B1,29,13,13,0,29->34->30->9->27->15->13,,15.747959,inf,0.0,196,196,15.747959,5000.0,5035.265657,5000.0,0.0,0.0,0.0,0,196.0,0.5,0.5,0.0,5,0.0,0.0
Uninett2010,SM,2,B1,30,13,14,1,30->9->27->15->13,,5.832342,inf,0.0,134,134,6.236207,833.333333,859.08724,833.333333,0.0,0.0,0.0,0,134,0.5,0.5,0.0,5,0.0,0.0
Uninett2010,SM,2,B1,31,13,15,1,31->30->9->27->15->13,,6.291098,inf,0.0,172,172,3.923618,161.290323,184.73164,161.290323,0.0,0.0,0.0,0,172,0.5,0.5,0.0,5,0.0,0.0
Uninett2010,SM,2,B1,32,13,15,1,32->49->14->13,,3.294517,inf,0.0,210,210,1.860753,161.290323,182.668775,161.290323,0.0,0.0,0.0,0,210,0.5,0.5,0.0,5,0.0,0.0
Uninett2010,SM,2,B1,33,13,13,0,33->38->40->10->27->15->13,,11.262688,inf,0.0,169,169,11.22905,5000.0,5030.746749,5000.0,0.0,0.0,0.0,0,169,0.5,0.5,0.0,5,0.0,0.0
Uninett2010,SM,2,B1,34,12,12,0,34->30->9->68->67->4->11->12,,23.828914,inf,0.0,193,193,21.198322,16.447368,57.16339,16.447368,0.0,0.0,0.0,0,193.0,0.5,0.5,0.0,5,0.0,0.0
Uninett2010,SM,2,B1,35,12,12,0,35->67->4->11->12,,5.522408,inf,0.0,191,191,5.522408,16.447368,41.487476,16.447368,0.0,0.0,0.0,0,191,0.5,0.5,0.0,5,0.0,0.0
Uninett2010,SM,2,B1,36,12,12,0,36->67->4->11->12,,7.752648,inf,0.0,122,122,7.752648,16.447368,43.717715,16.447368,0.0,0.0,0.0,0,122,0.5,0.5,0.0,5,0.0,0.0
Uninett2010,SM,2,B1,37,12,12,0,37->36->67->4->11->12,,8.015621,inf,0.0,202,202,8.015621,16.447368,43.980688,16.447368,0.0,0.0,0.0,0,202,0.5,0.5,0.0,5,0.0,0.0
Uninett2010,SM,2,B1,38,12,12,0,38->68->67->4->11->12,,8.344285,inf,0.0,196,196,8.344285,16.447368,44.309352,16.447368,0.0,0.0,0.0,0,196,0.5,0.5,0.0,5,0.0,0.0
Uninett2010,SM,2,B1,39,12,1,1,39->38->68->67->4->11->12,,8.344285,inf,0.0,238,238,7.594962,208.333333,235.445994,208.333333,0.0,0.0,0.0,0,238,0.5,0.5,0.0,5,0.0,0.0
Uninett2010,SM,2,B1,40,11,1,1,40->37->36->67->4->11,,8.976864,inf,0.0,167,167,8.619566,208.333333,236.470598,208.333333,0.0,0.0,0.0,0,167,0.5,0.5,0.0,5,0.0,0.0
Uninett2010,SM,2,B1,41,11,11,0,41->18->42->4->11,,4.756885,inf,0.0,173,173,4.756885,161.290323,185.564907,161.290323,0.0,0.0,0.0,0,173,0.5,0.5,0.0,5,0.0,0.0
Uninett2010,SM,2,B1,42,11,11,0,42->4->11,,3.415021,inf,0.0,215,215,3.415021,161.290323,184.223042,161.290323,0.0,0.0,0.0,0,215.0,0.5,0.5,0.0,5,0.0,0.0
Uninett2010,SM,2,B1,43,11,11,0,43->18->42->4->11,,5.774059,inf,0.0,198,198,5.774059,161.290323,186.58208,161.290323,0.0,0.0,0.0,0,198,0.5,0.5,0.0,5,0.0,0.0
Uninett2010,SM,2,B1,44,11,1,1,44->41->18->42->4->11,,5.467502,inf,0.0,258,258,5.110203,208.333333,232.961235,208.333333,0.0,0.0,0.0,0,258,0.5,0.5,0.0,5,0.0,0.0
Uninett2010,SM,2,B1,45,10,10,0,45->47->69->68->38->40->10,,8.459394,inf,0.0,173,173,8.399218,40.650407,68.567323,40.650407,0.0,0.0,0.0,0,173,0.5,0.5,0.0,5,0.0,0.0
Uninett2010,SM,2,B1,46,10,1,1,46->43->67->36->37->40->10,,9.273608,inf,0.0,166,166,5.780983,208.333333,233.632015,208.333333,0.0,0.0,0.0,0,166,0.5,0.5,0.0,5,0.0,0.0
Uninett2010,SM,2,B1,47,10,10,0,47->69->68->38->40->10,,7.95314,inf,0.0,165,165,7.892964,40.650407,68.06107,40.650407,0.0,0.0,0.0,0,165,0.5,0.5,0.0,5,0.0,0.0
Uninett2010,SM,2,B1,48,10,10,0,48->35->33->38->40->10,,6.329273,inf,0.0,185,185,6.329273,40.650407,66.497378,40.650407,0.0,0.0,0.0,0,185,0.5,0.5,0.0,5,0.0,0.0
Uninett2010,SM,2,B1,49,10,10,0,49->32->16->9->30->10,,5.761277,inf,0.0,164,164,5.356774,40.650407,65.524879,40.650407,0.0,0.0,0.0,0,164,0.5,0.5,0.0,5,0.0,0.0
Uninett2010,SM,2,B1,50,10,4,1,50->1->4->67->36->37->40->10,,11.518584,inf,0.0,181,181,1.08661,16.778523,37.382832,16.778523,0.0,0.0,0.0,0,181,0.5,0.5,0.0,5,0.0,0.0
Uninett2010,SM,2,B1,51,9,9,0,51->50->1->2->68->9,,13.081529,inf,0.0,161,161,12.750145,714.285714,746.553558,714.285714,0.0,0.0,0.0,0,161,0.5,0.5,0.0,5,0.0,0.0
Uninett2010,SM,2,B1,52,9,10,1,52->68->9,,8.170334,inf,0.0,199,199,6.533798,40.650407,66.701904,40.650407,0.0,0.0,0.0,0,199,0.5,0.5,0.0,5,0.0,0.0
Uninett2010,SM,2,B1,53,9,4,1,53->7->2->68->9,,11.996133,inf,0.0,205,205,0.178765,16.778523,36.474988,16.778523,0.0,0.0,0.0,0,205,0.5,0.5,0.0,5,0.0,0.0
Uninett2010,SM,2,B1,54,9,4,1,54->58->57->2->68->9,,12.785355,inf,0.0,197,197,0.967987,16.778523,37.26421,16.778523,0.0,0.0,0.0,0,197,0.5,0.5,0.0,5,0.0,0.0
Uninett2010,SM,2,B1,55,10,9,1,55->12->57->2->68->38->40->10,,12.091897,inf,0.0,146,146,13.024622,714.285714,746.828035,714.285714,0.0,0.0,0.0,0,146,0.5,0.5,0.0,5,0.0,0.0
Uninett2010,SM,2,B1,56,9,9,0,56->34->30->9,,11.262223,inf,0.0,202,202,11.262223,714.285714,745.065636,714.285714,0.0,0.0,0.0,0,202.0,0.5,0.5,0.0,5,0.0,0.0
Uninett2010,SM,2,B1,57,8,8,0,57->2->7->8,,1.387724,inf,0.0,187,187,1.387724,61.728395,82.633818,61.728395,0.0,0.0,0.0,0,187,0.5,0.5,0.0,5,0.0,0.0
Uninett2010,SM,2,B1,58,8,8,0,58->57->2->7->8,,1.62571,inf,0.0,178,178,1.62571,61.728395,82.871804,61.728395,0.0,0.0,0.0,0,178,0.5,0.5,0.0,5,0.0,0.0
Uninett2010,SM,2,B1,59,9,9,0,59->1->2->68->9,,16.344299,inf,0.0,143,143,16.344299,714.285714,750.147712,714.285714,0.0,0.0,0.0,0,143,0.5,0.5,0.0,5,0.0,0.0
Uninett2010,SM,2,B1,60,8,8,0,60->58->57->2->7->8,,1.907374,inf,0.0,174,174,1.907374,61.728395,83.153468,61.728395,0.0,0.0,0.0,0,174,0.5,0.5,0.0,5,0.0,0.0
Uninett2010,SM,2,B1,61,8,5,1,61->34->30->9->68->2->7->8,,23.737314,inf,0.0,205,205,21.106722,1.440507,42.064928,1.440507,0.0,0.0,0.0,0,205,0.5,0.5,0.0,5,0.0,0.0
Uninett2010,SM,2,B1,62,8,8,0,62->41->18->42->1->2->7->8,,5.825685,inf,0.0,179,179,5.825685,61.728395,87.071779,61.728395,0.0,0.0,0.0,0,179,0.5,0.5,0.0,5,0.0,0.0
Uninett2010,SM,2,B1,63,8,8,0,63->34->30->9->68->2->7->8,,23.737314,inf,0.0,150,150,21.106722,61.728395,102.352816,61.728395,0.0,0.0,0.0,0,150,0.5,0.5,0.0,5,0.0,0.0
Uninett2010,SM,2,B1,64,7,1,1,64->38->68->2->7,,7.773727,inf,0.0,151,151,7.594962,208.333333,235.445994,208.333333,0.0,0.0,0.0,0,151,0.5,0.5,0.0,5,0.0,0.0
Uninett2010,SM,2,B1,65,7,7,0,65->73->74->1->2->7,,2.034193,inf,0.0,203,203,2.022986,16.556291,38.096976,16.556291,0.0,0.0,0.0,0,203,0.5,0.5,0.0,5,0.0,0.0
Uninett2010,SM,2,B1,66,7,7,0,66->3->4->2->7,,1.539311,inf,0.0,189,189,1.539311,16.556291,37.613301,16.556291,0.0,0.0,0.0,0,189,0.5,0.5,0.0,5,0.0,0.0
Uninett2010,SM,2,B1,67,7,7,0,67->4->2->7,,4.103348,inf,0.0,180,180,4.103348,16.556291,40.177338,16.556291,0.0,0.0,0.0,0,180.0,0.5,0.5,0.0,5,0.0,0.0
Uninett2010,SM,2,B1,68,7,7,0,68->2->7,,4.103348,inf,0.0,226,226,4.103348,16.556291,40.177338,16.556291,0.0,0.0,0.0,0,226.0,0.5,0.5,0.0,5,0.0,0.0
Uninett2010,SM,2,B1,69,6,6,0,69->67->4->11->6,,4.605011,inf,0.0,195,195,4.605011,13.404826,37.527536,13.404826,0.0,0.0,0.0,0,195.0,0.5,0.5,0.0,5,0.0,0.0
Uninett2010,SM,2,B1,70,6,6,0,70->69->67->4->11->6,,5.90689,inf,0.0,207,207,5.90689,13.404826,38.829415,13.404826,0.0,0.0,0.0,0,207,0.5,0.5,0.0,5,0.0,0.0
Uninett2010,SM,2,B1,71,7,1,1,71->72->73->74->1->2->7,,6.211242,inf,0.0,168,168,6.032477,208.333333,233.883509,208.333333,0.0,0.0,0.0,0,168,0.5,0.5,0.0,5,0.0,0.0
Uninett2010,SM,2,B1,72,6,6,0,72->73->74->1->4->11->6,,2.551474,inf,0.0,181,181,2.551474,13.404826,35.473998,13.404826,0.0,0.0,0.0,0,181,0.5,0.5,0.0,5,0.0,0.0
Uninett2010,SM,2,B1,73,6,11,1,73->74->1->4->11->6,,2.249929,inf,0.0,247,247,1.926799,161.290323,182.73482,161.290323,0.0,0.0,0.0,0,247,0.5,0.5,0.0,5,0.0,0.0
Uninett2010,SM,2,B1,74,6,6,0,74->1->4->11->6,,1.443318,inf,0.0,206,206,1.443318,13.404826,34.365842,13.404826,0.0,0.0,0.0,0,206,0.5,0.5,0.0,5,0.0,0.0
Uninett2010,SM,2,B3,1,1,1,0,1,1,0.0,20.517899,0.0,153,153,0.0,inf,inf,inf,0.0,0.0,0.0,0,153.0,0.5,0.5,0.0,5,0.0,0.0
Uninett2010,SM,2,B3,2,2,2,0,2,2,0.0,20.688385,0.0,205,205,0.0,1.170686,20.688385,1.170686,0.0,0.0,0.0,0,205.0,0.5,0.5,0.0,5,0.0,0.0
Uninett2010,SM,2,B3,3,3,3,0,3,3,0.0,20.649945,0.0,176,176,0.0,inf,inf,inf,0.0,0.0,0.0,0,176,0.5,0.5,0.0,5,0.0,0.0
Uninett2010,SM,2,B3,4,4,4,0,4,4,0.0,20.662387,0.0,192,192,0.0,4.336513,23.854212,4.336513,0.0,0.0,0.0,0,192.0,0.5,0.5,0.0,5,0.0,0.0
Uninett2010,SM,2,B3,5,5,5,0,5,5,0.0,20.629798,0.0,160,160,0.0,1.83756,21.355259,1.83756,0.0,0.0,0.0,0,160,0.5,0.5,0.0,5,0.0,0.0
Uninett2010,SM,2,B3,6,6,6,0,6,6,0.0,inf,0.0,202,202,0.0,3.912363,23.430062,3.912363,0.0,0.0,0.0,0,202,0.5,0.5,0.0,5,0.0,0.0
Uninett2010,SM,2,B3,7,7,7,0,7,7,0.0,inf,0.0,204,204,0.0,3.351206,22.868905,3.351206,0.0,0.0,0.0,0,204,0.5,0.5,0.0,5,0.0,0.0
Uninett2010,SM,2,B3,8,8,8,0,8,8,0.0,inf,0.0,175,175,0.0,6.016847,25.534546,6.016847,0.0,0.0,0.0,0,175,0.5,0.5,0.0,5,0.0,0.0
Uninett2010,SM,2,B3,9,9,9,0,9,9,0.0,inf,0.0,209,209,0.0,3.443526,22.961225,3.443526,0.0,0.0,0.0,0,209.0,0.5,0.5,0.0,5,0.0,0.0
Uninett2010,SM,2,B3,10,10,10,0,10,10,0.0,inf,0.0,179,179,0.0,3.943218,23.460916,3.943218,0.0,0.0,0.0,0,179,0.5,0.5,0.0,5,0.0,0.0
Uninett2010,SM,2,B3,11,11,11,0,11,11,0.0,inf,0.0,220,220,0.0,3.949447,23.467146,3.949447,0.0,0.0,0.0,0,220,0.5,0.5,0.0,5,0.0,0.0
Uninett2010,SM,2,B3,12,12,12,0,12,12,0.0,inf,0.0,188,188,0.0,3.971406,23.489105,3.971406,0.0,0.0,0.0,0,188,0.5,0.5,0.0,5,0.0,0.0
Uninett2010,SM,2,B3,13,13,13,0,13,13,0.0,inf,0.0,181,181,0.0,5.518764,25.036463,5.518764,0.0,0.0,0.0,0,181,0.5,0.5,0.0,5,0.0,0.0
Uninett2010,SM,2,B3,14,14,14,0,14,14,0.0,inf,0.0,211,211,0.0,3.075031,22.59273,3.075031,0.0,0.0,0.0,0,211,0.5,0.5,0.0,5,0.0,0.0
Uninett2010,SM,2,B3,15,15,15,0,15,15,0.0,inf,0.0,173,173,0.0,6.613757,26.131455,6.613757,0.0,0.0,0.0,0,173,0.5,0.5,0.0,5,0.0,0.0
Uninett2010,SM,2,B3,16,15,3,1,16->15,16->9->27->67->4->3,0.790036,inf,0.0,200,200,14.502578,inf,inf,inf,0.0,0.0,0.0,0,200,0.5,0.5,0.0,5,0.0,0.0
Uninett2010,SM,2,B3,17,15,15,0,17->18->67->27->15,17->18->67->27->15,15.03835,inf,0.0,185,185,15.03835,6.613757,41.169805,6.613757,0.0,0.0,0.0,0,185,0.5,0.5,0.0,5,0.0,0.0
Uninett2010,SM,2,B3,18,15,1,1,18->67->27->15,18->42->1,14.316511,inf,0.0,186,186,3.057722,inf,inf,inf,0.0,0.0,0.0,0,186.0,0.5,0.5,0.0,5,0.0,0.0
Uninett2010,SM,2,B3,19,15,15,0,19->50->1->4->67->27->15,19->50->1->4->67->27->15,15.490473,inf,0.0,207,207,15.490473,6.613757,41.621928,6.613757,0.0,0.0,0.0,0,207,0.5,0.5,0.0,5,0.0,0.0
Uninett2010,SM,2,B3,20,15,15,0,20->22->23->4->67->27->15,20->19->50->1->4->67->27->15,17.040905,inf,0.0,127,127,16.403139,6.613757,42.534595,6.613757,0.0,0.0,0.0,0,127,0.5,0.5,0.0,5,0.0,0.0
Uninett2010,SM,2,B3,21,15,15,0,21->50->1->4->67->27->15,21->50->1->4->67->27->15,15.711361,inf,0.0,216,216,15.711361,6.613757,41.842816,6.613757,0.0,0.0,0.0,0,216,0.5,0.5,0.0,5,0.0,0.0
Uninett2010,SM,2,B3,22,14,4,1,22->23->24->42->18->67->27->15->13->14,22->20->19->50->1->4,20.706526,inf,0.0,184,184,2.638201,4.336513,26.492414,4.336513,0.0,0.0,0.0,0,184,0.5,0.5,0.0,5,0.0,0.0
Uninett2010,SM,2,B3,23,14,14,0,23->4->67->27->15->13->14,23->4->67->27->15->13->14,19.229416,inf,0.0,168,168,19.229416,3.075031,41.822145,3.075031,0.0,0.0,0.0,0,168,0.5,0.5,0.0,5,0.0,0.0
Uninett2010,SM,2,B3,24,14,14,0,24->42->18->67->27->15->13->14,24->42->18->67->27->15->13->14,18.689771,inf,0.0,184,184,18.689771,3.075031,41.282501,3.075031,0.0,0.0,0.0,0,184,0.5,0.5,0.0,5,0.0,0.0
Uninett2010,SM,2,B3,25,14,14,0,25->24->42->4->67->27->15->13->14,25->24->42->18->67->27->15->13->14,21.497621,inf,0.0,171,171,18.820786,3.075031,41.413516,3.075031,0.0,0.0,0.0,0,171,0.5,0.5,0.0,5,0.0,0.0
Uninett2010,SM,2,B3,26,14,3,1,26->17->18->67->27->15->13->14,26->17->18->42->4->3,18.203526,inf,0.0,177,177,5.157686,inf,inf,inf,0.0,0.0,0.0,0,177,0.5,0.5,0.0,5,0.0,0.0
Uninett2010,SM,2,B3,27,14,1,1,27->15->13->14,27->67->4->1,4.889601,inf,0.0,196,196,11.817368,inf,inf,inf,0.0,0.0,0.0,0,196.0,0.5,0.5,0.0,5,0.0,0.0
Uninett2010,SM,2,B3,28,13,13,0,28->12->11->4->67->27->15->13,28->12->11->4->67->27->15->13,17.285865,inf,0.0,146,146,17.285865,5.518764,42.322327,5.518764,0.0,0.0,0.0,0,146,0.5,0.5,0.0,5,0.0,0.0
Uninett2010,SM,2,B3,29,13,1,1,29->34->30->9->27->15->13,29->34->30->40->37->36->67->4->1,15.747959,inf,0.0,196,196,20.448999,inf,inf,inf,0.0,0.0,0.0,0,196.0,0.5,0.5,0.0,5,0.0,0.0
Uninett2010,SM,2,B3,30,13,3,1,30->9->27->15->13,30->40->37->36->67->4->3,5.832342,inf,0.0,134,134,11.517677,inf,inf,inf,0.0,0.0,0.0,0,134,0.5,0.5,0.0,5,0.0,0.0
Uninett2010,SM,2,B3,31,13,13,0,31->30->9->27->15->13,31->30->9->27->15->13,6.291098,inf,0.0,172,172,6.291098,5.518764,31.327561,5.518764,0.0,0.0,0.0,0,172,0.5,0.5,0.0,5,0.0,0.0
Uninett2010,SM,2,B3,32,13,13,0,32->49->14->13,32->49->14->13,3.294517,inf,0.0,210,210,3.294517,5.518764,28.330979,5.518764,0.0,0.0,0.0,0,210,0.5,0.5,0.0,5,0.0,0.0
Uninett2010,SM,2,B3,33,13,13,0,33->38->40->10->27->15->13,33->38->40->30->9->27->15->13,11.262688,inf,0.0,169,169,11.22905,5.518764,36.265513,5.518764,0.0,0.0,0.0,0,169,0.5,0.5,0.0,5,0.0,0.0
Uninett2010,SM,2,B3,34,12,12,0,34->30->9->68->67->4->11->12,34->30->40->37->36->67->4->11->12,23.828914,inf,0.0,193,193,21.198322,3.971406,44.687427,3.971406,0.0,0.0,0.0,0,193.0,0.5,0.5,0.0,5,0.0,0.0
Uninett2010,SM,2,B3,35,12,3,1,35->67->4->11->12,35->67->4->3,5.522408,inf,0.0,191,191,5.75738,inf,inf,inf,0.0,0.0,0.0,0,191,0.5,0.5,0.0,5,0.0,0.0
Uninett2010,SM,2,B3,36,12,12,0,36->67->4->11->12,36->67->4->11->12,7.752648,inf,0.0,122,122,7.752648,3.971406,31.241752,3.971406,0.0,0.0,0.0,0,122,0.5,0.5,0.0,5,0.0,0.0
Uninett2010,SM,2,B3,37,12,12,0,37->36->67->4->11->12,37->36->67->4->11->12,8.015621,inf,0.0,202,202,8.015621,3.971406,31.504725,3.971406,0.0,0.0,0.0,0,202,0.5,0.5,0.0,5,0.0,0.0
Uninett2010,SM,2,B3,38,12,12,0,38->68->67->4->11->12,38->68->67->4->11->12,8.344285,inf,0.0,196,196,8.344285,3.971406,31.83339,3.971406,0.0,0.0,0.0,0,196,0.5,0.5,0.0,5,0.0,0.0
Uninett2010,SM,2,B3,39,12,1,1,39->38->68->67->4->11->12,39->38->68->2->1,8.344285,inf,0.0,238,238,7.594962,inf,inf,inf,0.0,0.0,0.0,0,238,0.5,0.5,0.0,5,0.0,0.0
Uninett2010,SM,2,B3,40,11,3,1,40->37->36->67->4->11,40->37->36->67->4->3,8.976864,inf,0.0,167,167,9.603861,inf,inf,inf,0.0,0.0,0.0,0,167,0.5,0.5,0.0,5,0.0,0.0
Uninett2010,SM,2,B3,41,11,11,0,41->18->42->4->11,41->18->42->4->11,4.756885,inf,0.0,173,173,4.756885,3.949447,28.224031,3.949447,0.0,0.0,0.0,0,173,0.5,0.5,0.0,5,0.0,0.0
Uninett2010,SM,2,B3,42,11,11,0,42->4->11,42->4->11,3.415021,inf,0.0,215,215,3.415021,3.949447,26.882167,3.949447,0.0,0.0,0.0,0,215.0,0.5,0.5,0.0,5,0.0,0.0
Uninett2010,SM,2,B3,43,11,11,0,43->18->42->4->11,43->18->42->4->11,5.774059,inf,0.0,198,198,5.774059,3.949447,29.241204,3.949447,0.0,0.0,0.0,0,198,0.5,0.5,0.0,5,0.0,0.0
Uninett2010,SM,2,B3,44,11,1,1,44->41->18->42->4->11,44->41->18->42->1,5.467502,inf,0.0,258,258,5.110203,inf,inf,inf,0.0,0.0,0.0,0,258,0.5,0.5,0.0,5,0.0,0.0
Uninett2010,SM,2,B3,45,10,3,1,45->47->69->68->38->40->10,45->47->69->67->4->3,8.459394,inf,0.0,173,173,6.800704,inf,inf,inf,0.0,0.0,0.0,0,173,0.5,0.5,0.0,5,0.0,0.0
Uninett2010,SM,2,B3,46,10,10,0,46->43->67->36->37->40->10,46->43->67->36->37->40->10,9.273608,inf,0.0,166,166,9.273608,3.943218,32.734525,3.943218,0.0,0.0,0.0,0,166,0.5,0.5,0.0,5,0.0,0.0
Uninett2010,SM,2,B3,47,10,4,1,47->69->68->38->40->10,47->69->67->4,7.95314,inf,0.0,165,165,5.310155,4.336513,29.164367,4.336513,0.0,0.0,0.0,0,165,0.5,0.5,0.0,5,0.0,0.0
Uninett2010,SM,2,B3,48,10,1,1,48->35->33->38->40->10,48->52->68->2->1,6.329273,inf,0.0,185,185,4.406657,inf,inf,inf,0.0,0.0,0.0,0,185,0.5,0.5,0.0,5,0.0,0.0
Uninett2010,SM,2,B3,49,10,10,0,49->32->16->9->30->10,49->32->16->9->27->10,5.761277,inf,0.0,164,164,5.356774,3.943218,28.81769,3.943218,0.0,0.0,0.0,0,164,0.5,0.5,0.0,5,0.0,0.0
Uninett2010,SM,2,B3,50,10,10,0,50->1->4->67->36->37->40->10,50->1->4->67->36->37->40->10,11.518584,inf,0.0,181,181,11.518584,3.943218,34.9795,3.943218,0.0,0.0,0.0,0,181,0.5,0.5,0.0,5,0.0,0.0
Uninett2010,SM,2,B3,51,9,9,0,51->50->1->2->68->9,51->6->11->4->2->68->9,13.081529,inf,0.0,161,161,12.750145,3.443526,35.71137,3.443526,0.0,0.0,0.0,0,161,0.5,0.5,0.0,5,0.0,0.0
Uninett2010,SM,2,B3,52,9,1,1,52->68->9,52->68->2->1,8.170334,inf,0.0,199,199,4.202131,inf,inf,inf,0.0,0.0,0.0,0,199,0.5,0.5,0.0,5,0.0,0.0
Uninett2010,SM,2,B3,53,9,9,0,53->7->2->68->9,53->7->2->68->9,11.996133,inf,0.0,205,205,11.996133,3.443526,34.957358,3.443526,0.0,0.0,0.0,0,205,0.5,0.5,0.0,5,0.0,0.0
Uninett2010,SM,2,B3,54,9,9,0,54->58->57->2->68->9,54->58->57->2->68->9,12.785355,inf,0.0,197,197,12.785355,3.443526,35.74658,3.443526,0.0,0.0,0.0,0,197,0.5,0.5,0.0,5,0.0,0.0
Uninett2010,SM,2,B3,55,10,10,0,55->12->57->2->68->38->40->10,55->12->11->4->67->36->37->40->10,12.091897,inf,0.0,146,146,11.639228,3.943218,35.100144,3.943218,0.0,0.0,0.0,0,146,0.5,0.5,0.0,5,0.0,0.0
Uninett2010,SM,2,B3,56,9,3,1,56->34->30->9,56->34->30->40->37->36->67->4->3,11.262223,inf,0.0,202,202,21.433294,inf,inf,inf,0.0,0.0,0.0,0,202.0,0.5,0.5,0.0,5,0.0,0.0
Uninett2010,SM,2,B3,57,8,8,0,57->2->7->8,57->2->7->8,1.387724,inf,0.0,187,187,1.387724,6.016847,26.92227,6.016847,0.0,0.0,0.0,0,187,0.5,0.5,0.0,5,0.0,0.0
Uninett2010,SM,2,B3,58,8,8,0,58->57->2->7->8,58->57->2->7->8,1.62571,inf,0.0,178,178,1.62571,6.016847,27.160256,6.016847,0.0,0.0,0.0,0,178,0.5,0.5,0.0,5,0.0,0.0
Uninett2010,SM,2,B3,59,9,4,1,59->1->2->68->9,59->1->4,16.344299,inf,0.0,143,143,4.526931,4.336513,28.381143,4.336513,0.0,0.0,0.0,0,143,0.5,0.5,0.0,5,0.0,0.0
Uninett2010,SM,2,B3,60,8,8,0,60->58->57->2->7->8,60->58->57->2->7->8,1.907374,inf,0.0,174,174,1.907374,6.016847,27.44192,6.016847,0.0,0.0,0.0,0,174,0.5,0.5,0.0,5,0.0,0.0
Uninett2010,SM,2,B3,61,8,5,1,61->34->30->9->68->2->7->8,61->34->30->40->37->36->67->68->2->7->8->5,23.737314,inf,0.0,205,205,21.106722,1.83756,42.461981,1.83756,0.0,0.0,0.0,0,205,0.5,0.5,0.0,5,0.0,0.0
Uninett2010,SM,2,B3,62,8,8,0,62->41->18->42->1->2->7->8,62->41->18->42->1->2->7->8,5.825685,inf,0.0,179,179,5.825685,6.016847,31.360231,6.016847,0.0,0.0,0.0,0,179,0.5,0.5,0.0,5,0.0,0.0
Uninett2010,SM,2,B3,63,8,5,1,63->34->30->9->68->2->7->8,63->34->30->40->37->36->67->68->2->7->8->5,23.737314,inf,0.0,150,150,21.106722,1.83756,42.461981,1.83756,0.0,0.0,0.0,0,150,0.5,0.5,0.0,5,0.0,0.0
Uninett2010,SM,2,B3,64,7,4,1,64->38->68->2->7,64->38->68->67->4,7.773727,inf,0.0,151,151,7.594962,4.336513,31.449174,4.336513,0.0,0.0,0.0,0,151,0.5,0.5,0.0,5,0.0,0.0
Uninett2010,SM,2,B3,65,7,7,0,65->73->74->1->2->7,65->66->3->4->2->7,2.034193,inf,0.0,203,203,2.022986,3.351206,24.891891,3.351206,0.0,0.0,0.0,0,203,0.5,0.5,0.0,5,0.0,0.0
Uninett2010,SM,2,B3,66,7,7,0,66->3->4->2->7,66->3->4->2->7,1.539311,inf,0.0,189,189,1.539311,3.351206,24.408216,3.351206,0.0,0.0,0.0,0,189,0.5,0.5,0.0,5,0.0,0.0
Uninett2010,SM,2,B3,67,7,3,1,67->4->2->7,67->4->3,4.103348,inf,0.0,180,180,4.908877,inf,inf,inf,0.0,0.0,0.0,0,180.0,0.5,0.5,0.0,5,0.0,0.0
Uninett2010,SM,2,B3,68,7,1,1,68->2->7,68->2->1,4.103348,inf,0.0,226,226,3.924582,inf,inf,inf,0.0,0.0,0.0,0,226.0,0.5,0.5,0.0,5,0.0,0.0
Uninett2010,SM,2,B3,69,6,6,0,69->67->4->11->6,69->67->4->11->6,4.605011,inf,0.0,195,195,4.605011,3.912363,28.035073,3.912363,0.0,0.0,0.0,0,195.0,0.5,0.5,0.0,5,0.0,0.0
Uninett2010,SM,2,B3,70,6,6,0,70->69->67->4->11->6,70->69->67->4->11->6,5.90689,inf,0.0,207,207,5.90689,3.912363,29.336952,3.912363,0.0,0.0,0.0,0,207,0.5,0.5,0.0,5,0.0,0.0
Uninett2010,SM,2,B3,71,7,7,0,71->72->73->74->1->2->7,71->72->73->74->1->2->7,6.211242,inf,0.0,168,168,6.211242,3.351206,29.080147,3.351206,0.0,0.0,0.0,0,168,0.5,0.5,0.0,5,0.0,0.0
Uninett2010,SM,2,B3,72,6,3,1,72->73->74->1->4->11->6,72->73->65->66->3,2.551474,inf,0.0,181,181,1.447398,inf,inf,inf,0.0,0.0,0.0,0,181,0.5,0.5,0.0,5,0.0,0.0
Uninett2010,SM,2,B3,73,6,1,1,73->74->1->4->11->6,73->74->1,2.249929,inf,0.0,247,247,1.5695,inf,inf,inf,0.0,0.0,0.0,0,247,0.5,0.5,0.0,5,0.0,0.0
Uninett2010,SM,2,B3,74,6,6,0,74->1->4->11->6,74->1->4->11->6,1.443318,inf,0.0,206,206,1.443318,3.912363,24.87338,3.912363,0.0,0.0,0.0,0,206,0.5,0.5,0.0,5,0.0,0.0
Uninett2010,SM,2,MCF_ARC,1,1,1,0,1,1,0.0,20.517899,0.0,153,153,0.0,5.208657,24.448665,4.930966,0.0,0.0,0.0,0,153.0,0.5,0.5,0.0,5,0.0,0.0
Uninett2010,SM,2,MCF_ARC,2,2,2,0,2,2,0.0,20.688385,0.0,205,205,0.0,6.79957,26.088001,6.570302,0.0,0.0,0.0,0,205.0,0.5,0.5,0.0,5,0.0,0.0
Uninett2010,SM,2,MCF_ARC,3,3,3,0,3,3,0.0,20.649945,0.0,176,176,0.0,4.002932,23.420899,3.903201,0.0,0.0,0.0,0,176,0.5,0.5,0.0,5,0.0,0.0
Uninett2010,SM,2,MCF_ARC,4,4,4,0,4,4,0.0,20.662387,0.0,192,192,0.0,9.588926,27.809573,8.291874,0.0,0.0,0.0,0,192.0,0.5,0.5,0.0,5,0.0,0.0
Uninett2010,SM,2,MCF_ARC,5,5,5,0,5,5,0.0,20.629798,0.0,160,160,0.0,1.843543,21.355259,1.83756,0.0,0.0,0.0,0,160,0.5,0.5,0.0,5,0.0,0.0
Uninett2010,SM,2,MCF_ARC,6,6,6,0,6,6,0.0,inf,0.0,202,202,0.0,15.861546,32.922525,13.404826,0.0,0.0,0.0,0,202,0.5,0.5,0.0,5,0.0,0.0
Uninett2010,SM,2,MCF_ARC,7,7,7,0,7,7,0.0,inf,0.0,204,204,0.0,9.046827,27.556284,8.038585,0.0,0.0,0.0,0,204,0.5,0.5,0.0,5,0.0,0.0
Uninett2010,SM,2,MCF_ARC,8,8,8,0,8,8,0.0,inf,0.0,175,175,0.0,8.359977,27.257637,7.739938,0.0,0.0,0.0,0,175,0.5,0.5,0.0,5,0.0,0.0
Uninett2010,SM,2,MCF_ARC,9,9,9,0,9,9,0.0,inf,0.0,209,209,0.0,13.573898,30.458618,10.940919,0.0,0.0,0.0,0,209.0,0.5,0.5,0.0,5,0.0,0.0
Uninett2010,SM,2,MCF_ARC,10,10,10,0,10,10,0.0,inf,0.0,179,179,0.0,16.383404,33.885515,14.367816,0.0,0.0,0.0,0,179,0.5,0.5,0.0,5,0.0,0.0
Uninett2010,SM,2,MCF_ARC,11,11,11,0,11,11,0.0,inf,0.0,220,220,0.0,14.294585,31.118627,11.600928,0.0,0.0,0.0,0,220,0.5,0.5,0.0,5,0.0,0.0
Uninett2010,SM,2,MCF_ARC,12,12,12,0,12,12,0.0,inf,0.0,188,188,0.0,5.012916,24.284143,4.766444,0.0,0.0,0.0,0,188,0.5,0.5,0.0,5,0.0,0.0
Uninett2010,SM,2,MCF_ARC,13,13,13,0,13,13,0.0,inf,0.0,181,181,0.0,17.744939,35.857568,16.339869,0.0,0.0,0.0,0,181,0.5,0.5,0.0,5,0.0,0.0
Uninett2010,SM,2,MCF_ARC,14,14,14,0,14,14,0.0,inf,0.0,211,211,0.0,10.568203,28.351621,8.833922,0.0,0.0,0.0,0,211,0.5,0.5,0.0,5,0.0,0.0
Uninett2010,SM,2,MCF_ARC,15,15,15,0,15,15,0.0,inf,0.0,173,173,0.0,6.30272,25.49856,5.980861,0.0,0.0,0.0,0,173,0.5,0.5,0.0,5,0.0,0.0
Uninett2010,SM,2,MCF_ARC,16,15,15,0,16->15,16->15,0.790036,inf,0.0,200,200,0.790036,6.30272,26.288596,5.980861,0.0,0.0,0.0,0,200,0.5,0.5,0.0,5,0.0,0.0
Uninett2010,SM,2,MCF_ARC,17,15,15,0,17->18->67->27->15,17->18->67->27->15,15.03835,inf,0.0,185,185,15.03835,6.30272,40.53691,5.980861,0.0,0.0,0.0,0,185,0.5,0.5,0.0,5,0.0,0.0
Uninett2010,SM,2,MCF_ARC,18,15,2,1,18->67->27->15,18->42->4->2,14.316511,inf,0.0,186,186,3.057722,6.79957,29.145723,6.570302,0.0,0.0,0.0,0,186.0,0.5,0.5,0.0,5,0.0,0.0
Uninett2010,SM,2,MCF_ARC,19,15,15,0,19->50->1->4->67->27->15,19->50->1->4->67->27->15,15.490473,inf,0.0,207,207,15.490473,6.30272,40.989033,5.980861,0.0,0.0,0.0,0,207,0.5,0.5,0.0,5,0.0,0.0
Uninett2010,SM,2,MCF_ARC,20,15,15,0,20->22->23->4->67->27->15,20->19->50->1->4->67->27->15,17.040905,inf,0.0,127,127,16.403139,6.30272,41.901699,5.980861,0.0,0.0,0.0,0,127,0.5,0.5,0.0,5,0.0,0.0
Uninett2010,SM,2,MCF_ARC,21,15,8,1,21->50->1->4->67->27->15,21->50->51->6->8,15.711361,inf,0.0,216,216,1.77068,8.359977,29.028317,7.739938,0.0,0.0,0.0,0,216,0.5,0.5,0.0,5,0.0,0.0
Uninett2010,SM,2,MCF_ARC,22,14,14,0,22->23->24->42->18->67->27->15->13->14,22->23->4->2->68->67->27->15->13->14,20.706526,inf,0.0,184,184,19.641564,10.568203,47.993185,8.833922,0.0,0.0,0.0,0,184,0.5,0.5,0.0,5,0.0,0.0
Uninett2010,SM,2,MCF_ARC,23,14,1,1,23->4->67->27->15->13->14,23->50->1,19.229416,inf,0.0,168,168,2.647843,5.208657,27.096509,4.930966,0.0,0.0,0.0,0,168,0.5,0.5,0.0,5,0.0,0.0
Uninett2010,SM,2,MCF_ARC,24,14,14,0,24->42->18->67->27->15->13->14,24->42->18->67->27->15->13->14,18.689771,inf,0.0,184,184,18.689771,10.568203,47.041392,8.833922,0.0,0.0,0.0,0,184,0.5,0.5,0.0,5,0.0,0.0
Uninett2010,SM,2,MCF_ARC,25,14,14,0,25->24->42->4->67->27->15->13->14,25->24->42->18->67->36->37->40->30->9->27->15->13->14,21.497621,inf,0.0,171,171,18.883406,10.568203,47.235027,8.833922,0.0,0.0,0.0,0,171,0.5,0.5,0.0,5,0.0,0.0
Uninett2010,SM,2,MCF_ARC,26,14,2,1,26->17->18->67->27->15->13->14,26->17->18->42->1->2,18.203526,inf,0.0,177,177,4.173391,6.79957,30.261392,6.570302,0.0,0.0,0.0,0,177,0.5,0.5,0.0,5,0.0,0.0
Uninett2010,SM,2,MCF_ARC,27,14,14,0,27->15->13->14,27->15->13->14,4.889601,inf,0.0,196,196,4.889601,10.568203,33.241222,8.833922,0.0,0.0,0.0,0,196.0,0.5,0.5,0.0,5,0.0,0.0
Uninett2010,SM,2,MCF_ARC,28,13,13,0,28->12->11->4->67->27->15->13,28->12->11->4->67->69->68->9->27->15->13,17.285865,inf,0.0,146,146,17.285865,17.744939,53.143433,16.339869,0.0,0.0,0.0,0,146,0.5,0.5,0.0,5,0.0,0.0
Uninett2010,SM,2,MCF_ARC,29,13,13,0,29->34->30->9->27->15->13,29->34->30->9->27->15->13,15.747959,inf,0.0,196,196,15.747959,17.744939,51.605527,16.339869,0.0,0.0,0.0,0,196.0,0.5,0.5,0.0,5,0.0,0.0
Uninett2010,SM,2,MCF_ARC,30,13,13,0,30->9->27->15->13,30->9->27->15->13,5.832342,inf,0.0,134,134,5.832342,17.744939,41.68991,16.339869,0.0,0.0,0.0,0,134,0.5,0.5,0.0,5,0.0,0.0
Uninett2010,SM,2,MCF_ARC,31,13,13,0,31->30->9->27->15->13,31->30->9->27->15->13,6.291098,inf,0.0,172,172,6.291098,17.744939,42.148666,16.339869,0.0,0.0,0.0,0,172,0.5,0.5,0.0,5,0.0,0.0
Uninett2010,SM,2,MCF_ARC,32,13,4,1,32->49->14->13,32->16->9->68->67->4,3.294517,inf,0.0,210,210,14.589,9.588926,42.398573,8.291874,0.0,0.0,0.0,0,210,0.5,0.5,0.0,5,0.0,0.0
Uninett2010,SM,2,MCF_ARC,33,13,13,0,33->38->40->10->27->15->13,33->38->40->30->9->27->15->13,11.262688,inf,0.0,169,169,11.22905,17.744939,47.086618,16.339869,0.0,0.0,0.0,0,169,0.5,0.5,0.0,5,0.0,0.0
Uninett2010,SM,2,MCF_ARC,34,12,12,0,34->30->9->68->67->4->11->12,34->30->40->37->36->67->4->11->12,23.828914,inf,0.0,193,193,21.198322,5.012916,45.482465,4.766444,0.0,0.0,0.0,0,193.0,0.5,0.5,0.0,5,0.0,0.0
Uninett2010,SM,2,MCF_ARC,35,12,4,1,35->67->4->11->12,35->67->4,5.522408,inf,0.0,191,191,4.773085,9.588926,32.582658,8.291874,0.0,0.0,0.0,0,191,0.5,0.5,0.0,5,0.0,0.0
Uninett2010,SM,2,MCF_ARC,36,12,12,0,36->67->4->11->12,36->67->69->68->2->1->4->11->12,7.752648,inf,0.0,122,122,7.752648,5.012916,32.036791,4.766444,0.0,0.0,0.0,0,122,0.5,0.5,0.0,5,0.0,0.0
Uninett2010,SM,2,MCF_ARC,37,12,12,0,37->36->67->4->11->12,37->36->67->4->11->12,8.015621,inf,0.0,202,202,8.015621,5.012916,32.299764,4.766444,0.0,0.0,0.0,0,202,0.5,0.5,0.0,5,0.0,0.0
Uninett2010,SM,2,MCF_ARC,38,12,2,1,38->68->67->4->11->12,38->68->2,8.344285,inf,0.0,196,196,7.594962,6.79957,33.682963,6.570302,0.0,0.0,0.0,0,196,0.5,0.5,0.0,5,0.0,0.0
Uninett2010,SM,2,MCF_ARC,39,12,12,0,39->38->68->67->4->11->12,39->38->68->67->4->11->12,8.344285,inf,0.0,238,238,8.344285,5.012916,32.628428,4.766444,0.0,0.0,0.0,0,238,0.5,0.5,0.0,5,0.0,0.0
Uninett2010,SM,2,MCF_ARC,40,11,11,0,40->37->36->67->4->11,40->37->36->67->4->11,8.976864,inf,0.0,167,167,8.976864,14.294585,40.095491,11.600928,0.0,0.0,0.0,0,167,0.5,0.5,0.0,5,0.0,0.0
Uninett2010,SM,2,MCF_ARC,41,11,11,0,41->18->42->4->11,41->18->42->4->11,4.756885,inf,0.0,173,173,4.756885,14.294585,35.875512,11.600928,0.0,0.0,0.0,0,173,0.5,0.5,0.0,5,0.0,0.0
Uninett2010,SM,2,MCF_ARC,42,11,11,0,42->4->11,42->1->4->11,3.415021,inf,0.0,215,215,3.415021,14.294585,34.533648,11.600928,0.0,0.0,0.0,0,215.0,0.5,0.5,0.0,5,0.0,0.0
Uninett2010,SM,2,MCF_ARC,43,11,11,0,43->18->42->4->11,43->67->4->11,5.774059,inf,0.0,198,198,6.683875,14.294585,37.802502,11.600928,0.0,0.0,0.0,0,198,0.5,0.5,0.0,5,0.0,0.0
Uninett2010,SM,2,MCF_ARC,44,11,3,1,44->41->18->42->4->11,44->41->18->42->4->3,5.467502,inf,0.0,258,258,6.094498,4.002932,29.515398,3.903201,0.0,0.0,0.0,0,258,0.5,0.5,0.0,5,0.0,0.0
Uninett2010,SM,2,MCF_ARC,45,10,4,1,45->47->69->68->38->40->10,45->47->69->67->4,8.459394,inf,0.0,173,173,5.816409,9.588926,33.625982,8.291874,0.0,0.0,0.0,0,173,0.5,0.5,0.0,5,0.0,0.0
Uninett2010,SM,2,MCF_ARC,46,10,3,1,46->43->67->36->37->40->10,46->43->18->42->4->3,9.273608,inf,0.0,166,166,6.765278,4.002932,30.186177,3.903201,0.0,0.0,0.0,0,166,0.5,0.5,0.0,5,0.0,0.0
Uninett2010,SM,2,MCF_ARC,47,10,10,0,47->69->68->38->40->10,47->69->67->36->37->40->10,7.95314,inf,0.0,165,165,7.892964,16.383404,41.778479,14.367816,0.0,0.0,0.0,0,165,0.5,0.5,0.0,5,0.0,0.0
Uninett2010,SM,2,MCF_ARC,48,10,10,0,48->35->33->38->40->10,48->35->33->38->40->10,6.329273,inf,0.0,185,185,6.329273,16.383404,40.214788,14.367816,0.0,0.0,0.0,0,185,0.5,0.5,0.0,5,0.0,0.0
Uninett2010,SM,2,MCF_ARC,49,10,10,0,49->32->16->9->30->10,49->14->13->15->27->10,5.761277,inf,0.0,164,164,8.158416,16.383404,42.043931,14.367816,0.0,0.0,0.0,0,164,0.5,0.5,0.0,5,0.0,0.0
Uninett2010,SM,2,MCF_ARC,50,10,10,0,50->1->4->67->36->37->40->10,50->1->4->67->36->37->40->10,11.518584,inf,0.0,181,181,11.518584,16.383404,45.404099,14.367816,0.0,0.0,0.0,0,181,0.5,0.5,0.0,5,0.0,0.0
Uninett2010,SM,2,MCF_ARC,51,9,9,0,51->50->1->2->68->9,51->50->1->2->68->9,13.081529,inf,0.0,161,161,13.081529,13.573898,43.540146,10.940919,0.0,0.0,0.0,0,161,0.5,0.5,0.0,5,0.0,0.0
Uninett2010,SM,2,MCF_ARC,52,9,9,0,52->68->9,52->68->9,8.170334,inf,0.0,199,199,8.170334,13.573898,38.628952,10.940919,0.0,0.0,0.0,0,199,0.5,0.5,0.0,5,0.0,0.0
Uninett2010,SM,2,MCF_ARC,53,9,9,0,53->7->2->68->9,53->7->2->4->67->36->37->40->30->9,11.996133,inf,0.0,205,205,12.058754,13.573898,42.517372,10.940919,0.0,0.0,0.0,0,205,0.5,0.5,0.0,5,0.0,0.0
Uninett2010,SM,2,MCF_ARC,54,9,9,0,54->58->57->2->68->9,54->58->57->2->68->9,12.785355,inf,0.0,197,197,12.785355,13.573898,43.243973,10.940919,0.0,0.0,0.0,0,197,0.5,0.5,0.0,5,0.0,0.0
Uninett2010,SM,2,MCF_ARC,55,10,10,0,55->12->57->2->68->38->40->10,55->12->11->4->2->68->67->36->37->40->10,12.091897,inf,0.0,146,146,11.639228,16.383404,45.524743,14.367816,0.0,0.0,0.0,0,146,0.5,0.5,0.0,5,0.0,0.0
Uninett2010,SM,2,MCF_ARC,56,9,1,1,56->34->30->9,56->34->30->10->40->38->68->67->4->1,11.262223,inf,0.0,202,202,20.947317,5.208657,45.395983,4.930966,0.0,0.0,0.0,0,202.0,0.5,0.5,0.0,5,0.0,0.0
Uninett2010,SM,2,MCF_ARC,57,8,8,0,57->2->7->8,57->2->7->8,1.387724,inf,0.0,187,187,1.387724,8.359977,28.645361,7.739938,0.0,0.0,0.0,0,187,0.5,0.5,0.0,5,0.0,0.0
Uninett2010,SM,2,MCF_ARC,58,8,8,0,58->57->2->7->8,58->57->2->7->8,1.62571,inf,0.0,178,178,1.62571,8.359977,28.883347,7.739938,0.0,0.0,0.0,0,178,0.5,0.5,0.0,5,0.0,0.0
Uninett2010,SM,2,MCF_ARC,59,9,2,1,59->1->2->68->9,59->1->2,16.344299,inf,0.0,143,143,4.526931,6.79957,30.614932,6.570302,0.0,0.0,0.0,0,143,0.5,0.5,0.0,5,0.0,0.0
Uninett2010,SM,2,MCF_ARC,60,8,8,0,60->58->57->2->7->8,60->58->57->2->7->8,1.907374,inf,0.0,174,174,1.907374,8.359977,29.165011,7.739938,0.0,0.0,0.0,0,174,0.5,0.5,0.0,5,0.0,0.0
Uninett2010,SM,2,MCF_ARC,61,8,5,1,61->34->30->9->68->2->7->8,61->34->30->40->37->36->67->68->2->7->8->5,23.737314,inf,0.0,205,205,21.106722,1.843543,42.461981,1.83756,0.0,0.0,0.0,0,205,0.5,0.5,0.0,5,0.0,0.0
Uninett2010,SM,2,MCF_ARC,62,8,4,1,62->41->18->42->1->2->7->8,62->41->18->42->4,5.825685,inf,0.0,179,179,5.167962,9.588926,32.977535,8.291874,0.0,0.0,0.0,0,179,0.5,0.5,0.0,5,0.0,0.0
Uninett2010,SM,2,MCF_ARC,63,8,5,1,63->34->30->9->68->2->7->8,63->34->30->40->37->36->67->4->2->7->8->5,23.737314,inf,0.0,150,150,21.106722,1.843543,42.461981,1.83756,0.0,0.0,0.0,0,150,0.5,0.5,0.0,5,0.0,0.0
Uninett2010,SM,2,MCF_ARC,64,7,7,0,64->38->68->2->7,64->38->68->2->7,7.773727,inf,0.0,151,151,7.773727,9.046827,35.330011,8.038585,0.0,0.0,0.0,0,151,0.5,0.5,0.0,5,0.0,0.0
Uninett2010,SM,2,MCF_ARC,65,7,3,1,65->73->74->1->2->7,65->66->3,2.034193,inf,0.0,203,203,0.859925,4.002932,24.280825,3.903201,0.0,0.0,0.0,0,203,0.5,0.5,0.0,5,0.0,0.0
Uninett2010,SM,2,MCF_ARC,66,7,7,0,66->3->4->2->7,66->3->4->2->7,1.539311,inf,0.0,189,189,1.539311,9.046827,29.095595,8.038585,0.0,0.0,0.0,0,189,0.5,0.5,0.0,5,0.0,0.0
Uninett2010,SM,2,MCF_ARC,67,7,1,1,67->4->2->7,67->4->1,4.103348,inf,0.0,180,180,3.924582,5.208657,28.373248,4.930966,0.0,0.0,0.0,0,180.0,0.5,0.5,0.0,5,0.0,0.0
Uninett2010,SM,2,MCF_ARC,68,7,7,0,68->2->7,68->2->7,4.103348,inf,0.0,226,226,4.103348,9.046827,31.659632,8.038585,0.0,0.0,0.0,0,226.0,0.5,0.5,0.0,5,0.0,0.0
Uninett2010,SM,2,MCF_ARC,69,6,6,0,69->67->4->11->6,69->67->4->11->6,4.605011,inf,0.0,195,195,4.605011,15.861546,37.527536,13.404826,0.0,0.0,0.0,0,195.0,0.5,0.5,0.0,5,0.0,0.0
Uninett2010,SM,2,MCF_ARC,70,6,6,0,70->69->67->4->11->6,70->69->67->4->11->6,5.90689,inf,0.0,207,207,5.90689,15.861546,38.829415,13.404826,0.0,0.0,0.0,0,207,0.5,0.5,0.0,5,0.0,0.0
Uninett2010,SM,2,MCF_ARC,71,7,7,0,71->72->73->74->1->2->7,71->72->73->74->1->2->7,6.211242,inf,0.0,168,168,6.211242,9.046827,33.767526,8.038585,0.0,0.0,0.0,0,168,0.5,0.5,0.0,5,0.0,0.0
Uninett2010,SM,2,MCF_ARC,72,6,6,0,72->73->74->1->4->11->6,72->73->74->1->4->11->6,2.551474,inf,0.0,181,181,2.551474,15.861546,35.473998,13.404826,0.0,0.0,0.0,0,181,0.5,0.5,0.0,5,0.0,0.0
Uninett2010,SM,2,MCF_ARC,73,6,1,1,73->74->1->4->11->6,73->74->1,2.249929,inf,0.0,247,247,1.5695,5.208657,26.018165,4.930966,0.0,0.0,0.0,0,247,0.5,0.5,0.0,5,0.0,0.0
Uninett2010,SM,2,MCF_ARC,74,6,6,0,74->1->4->11->6,74->1->4->11->6,1.443318,inf,0.0,206,206,1.443318,15.861546,34.365842,13.404826,0.0,0.0,0.0,0,206,0.5,0.5,0.0,5,0.0,0.0
Uninett2010,SM,3,B1,1,1,4,1,1,,0.0,20.629304,0.0,162,162,0.0,3.813883,23.331581,3.813883,2.702277,0.0,0.0,0,162.0,0.5,0.5,0.0,5,0.0,0.0
Uninett2010,SM,3,B1,2,2,2,0,2,,0.0,20.735429,0.0,178,178,0.0,4.420866,23.938565,4.420866,0.0,0.0,0.0,0,178.0,0.5,0.5,0.0,5,0.0,0.0
Uninett2010,SM,3,B1,3,3,3,0,3,,0.0,20.668447,0.0,199,199,0.0,1.150748,20.668447,1.150748,0.0,0.0,0.0,0,199,0.5,0.5,0.0,5,0.0,0.0
Uninett2010,SM,3,B1,4,4,4,0,4,,0.0,20.772089,0.0,202,202,0.0,3.813883,23.331581,3.813883,0.0,0.0,0.0,0,202.0,0.5,0.5,0.0,5,0.0,0.0
Uninett2010,SM,3,B1,5,5,5,0,5,,0.0,20.743189,0.0,192,192,0.0,1.876173,21.393871,1.876173,0.0,0.0,0.0,0,192,0.5,0.5,0.0,5,0.0,0.0
Uninett2010,SM,3,B1,6,6,6,0,6,,0.0,34.715267,0.0,194,194,0.0,15.197568,34.715267,15.197568,0.0,0.0,0.0,0,194,0.5,0.5,0.0,5,0.0,0.0
Uninett2010,SM,3,B1,7,7,7,0,7,,0.0,inf,0.0,183,183,0.0,6.738544,26.256243,6.738544,0.0,0.0,0.0,0,183,0.5,0.5,0.0,5,0.0,0.0
Uninett2010,SM,3,B1,8,8,5,1,8,,0.0,inf,0.0,141,141,0.0,1.876173,21.393871,1.876173,0.0,0.0,0.0,0,141,0.5,0.5,0.0,5,0.0,0.0
Uninett2010,SM,3,B1,9,9,9,0,9,,0.0,inf,0.0,182,182,0.0,178.571429,198.089127,178.571429,0.0,0.0,0.0,0,182.0,0.5,0.5,0.0,5,0.0,0.0
Uninett2010,SM,3,B1,10,10,10,0,10,,0.0,inf,0.0,157,157,0.0,12.468828,31.986527,12.468828,0.0,0.0,0.0,0,157,0.5,0.5,0.0,5,0.0,0.0
Uninett2010,SM,3,B1,11,11,11,0,11,,0.0,inf,0.0,210,210,0.0,5000.0,5019.517699,5000.0,0.0,0.0,0.0,0,210,0.5,0.5,0.0,5,0.0,0.0
Uninett2010,SM,3,B1,12,12,12,0,12,,0.0,inf,0.0,181,181,0.0,8.976661,28.49436,8.976661,0.0,0.0,0.0,0,181,0.5,0.5,0.0,5,0.0,0.0
Uninett2010,SM,3,B1,13,13,13,0,13,,0.0,inf,0.0,162,162,0.0,121.95122,141.468918,121.95122,0.0,0.0,0.0,0,162,0.5,0.5,0.0,5,0.0,0.0
Uninett2010,SM,3,B1,14,14,14,0,14,,0.0,inf,0.0,202,202,0.0,142.857143,162.374842,142.857143,0.0,0.0,0.0,0,202,0.5,0.5,0.0,5,0.0,0.0
Uninett2010,SM,3,B1,15,15,15,0,15,,0.0,inf,0.0,181,181,0.0,1666.666667,1686.184365,1666.666667,0.0,0.0,0.0,0,181,0.5,0.5,0.0,5,0.0,0.0
Uninett2010,SM,3,B1,16,15,15,0,16->15,,0.790036,inf,0.0,172,172,0.790036,1666.666667,1686.974401,1666.666667,0.0,0.0,0.0,0,172,0.5,0.5,0.0,5,0.0,0.0
Uninett2010,SM,3,B1,17,15,15,0,17->18->67->27->15,,15.03835,inf,0.0,180,180,15.03835,1666.666667,1701.222715,1666.666667,0.0,0.0,0.0,0,180,0.5,0.5,0.0,5,0.0,0.0
Uninett2010,SM,3,B1,18,15,9,1,18->67->27->15,,14.316511,inf,0.0,188,188,12.198255,178.571429,210.287383,178.571429,0.0,0.0,0.0,0,188.0,0.5,0.5,0.0,5,0.0,0.0
Uninett2010,SM,3,B1,19,15,2,1,19->50->1->4->67->27->15,,15.490473,inf,0.0,199,199,1.554849,4.420866,25.493414,4.420866,0.0,0.0,0.0,0,199,0.5,0.5,0.0,5,0.0,0.0
Uninett2010,SM,3,B1,20,15,15,0,20->19->50->1->4->67->27->15,,16.403139,inf,0.0,167,167,16.403139,1666.666667,1702.587505,1666.666667,0.0,0.0,0.0,0,167,0.5,0.5,0.0,5,0.0,0.0
Uninett2010,SM,3,B1,21,15,4,1,21->50->1->4->67->27->15,,15.711361,inf,0.0,185,185,1.775737,3.813883,25.107318,3.813883,0.0,0.0,0.0,0,185,0.5,0.5,0.0,5,0.0,0.0
Uninett2010,SM,3,B1,22,14,14,0,22->23->50->1->4->67->27->15->13->14,,19.766961,inf,0.0,159,159,19.345171,142.857143,181.720012,142.857143,0.0,0.0,0.0,0,159,0.5,0.5,0.0,5,0.0,0.0
Uninett2010,SM,3,B1,23,14,15,1,23->4->67->27->15->13->14,,19.229416,inf,0.0,162,162,16.45807,1666.666667,1702.642436,1666.666667,0.0,0.0,0.0,0,162,0.5,0.5,0.0,5,0.0,0.0
Uninett2010,SM,3,B1,24,14,14,0,24->42->4->67->27->15->13->14,,21.366606,inf,0.0,141,141,18.689771,142.857143,181.064613,142.857143,0.0,0.0,0.0,0,141,0.5,0.5,0.0,5,0.0,0.0
Uninett2010,SM,3,B1,25,14,14,0,25->24->42->4->67->27->15->13->14,,21.497621,inf,0.0,128,128,18.820786,142.857143,181.195628,142.857143,0.0,0.0,0.0,0,128,0.5,0.5,0.0,5,0.0,0.0
Uninett2010,SM,3,B1,26,14,14,0,26->17->18->67->27->15->13->14,,18.203526,inf,0.0,175,175,18.203526,142.857143,180.578367,142.857143,0.0,0.0,0.0,0,175,0.5,0.5,0.0,5,0.0,0.0
Uninett2010,SM,3,B1,27,14,14,0,27->15->13->14,,4.889601,inf,0.0,196,196,4.889601,142.857143,167.264443,142.857143,0.0,0.0,0.0,0,196.0,0.5,0.5,0.0,5,0.0,0.0
Uninett2010,SM,3,B1,28,13,13,0,28->12->11->4->67->27->15->13,,17.285865,inf,0.0,175,175,17.285865,121.95122,158.754783,121.95122,0.0,0.0,0.0,0,175,0.5,0.5,0.0,5,0.0,0.0
Uninett2010,SM,3,B1,29,13,13,0,29->34->30->9->27->15->13,,15.747959,inf,0.0,196,196,15.747959,121.95122,157.216877,121.95122,0.0,0.0,0.0,0,196.0,0.5,0.5,0.0,5,0.0,0.0
Uninett2010,SM,3,B1,30,13,13,0,30->9->27->15->13,,5.832342,inf,0.0,113,113,5.832342,121.95122,147.30126,121.95122,0.0,0.0,0.0,0,113,0.5,0.5,0.0,5,0.0,0.0
Uninett2010,SM,3,B1,31,13,13,0,31->30->9->27->15->13,,6.291098,inf,0.0,187,187,6.291098,121.95122,147.760016,121.95122,0.0,0.0,0.0,0,187,0.5,0.5,0.0,5,0.0,0.0
Uninett2010,SM,3,B1,32,13,13,0,32->49->14->13,,3.294517,inf,0.0,158,158,3.294517,121.95122,144.763435,121.95122,0.0,0.0,0.0,0,158,0.5,0.5,0.0,5,0.0,0.0
Uninett2010,SM,3,B1,33,13,15,1,33->38->68->9->27->15->13,,18.447013,inf,0.0,191,191,8.861571,1666.666667,1695.045936,1666.666667,0.0,0.0,0.0,0,191,0.5,0.5,0.0,5,0.0,0.0
Uninett2010,SM,3,B1,34,12,12,0,34->30->9->68->2->57->12,,24.221407,inf,0.0,179,179,21.198322,8.976661,49.692682,8.976661,0.0,0.0,0.0,0,179.0,0.5,0.5,0.0,5,0.0,0.0
Uninett2010,SM,3,B1,35,12,12,0,35->67->4->11->12,,5.522408,inf,0.0,170,170,5.522408,8.976661,34.016768,8.976661,0.0,0.0,0.0,0,170,0.5,0.5,0.0,5,0.0,0.0
Uninett2010,SM,3,B1,36,12,12,0,36->67->4->11->12,,7.752648,inf,0.0,181,181,7.752648,8.976661,36.247007,8.976661,0.0,0.0,0.0,0,181,0.5,0.5,0.0,5,0.0,0.0
Uninett2010,SM,3,B1,37,12,11,1,37->36->67->4->11->12,,8.015621,inf,0.0,168,168,7.623597,5000.0,5027.141295,5000.0,0.0,0.0,0.0,0,168,0.5,0.5,0.0,5,0.0,0.0
Uninett2010,SM,3,B1,38,12,11,1,38->68->2->57->12,,8.736778,inf,0.0,162,162,7.952261,5000.0,5027.46996,5000.0,0.0,0.0,0.0,0,162,0.5,0.5,0.0,5,0.0,0.0
Uninett2010,SM,3,B1,39,12,12,0,39->38->37->36->67->4->11->12,,8.536068,inf,0.0,188,188,8.344285,8.976661,36.838644,8.976661,0.0,0.0,0.0,0,188,0.5,0.5,0.0,5,0.0,0.0
Uninett2010,SM,3,B1,40,11,11,0,40->37->36->67->4->11,,8.976864,inf,0.0,145,145,8.976864,5000.0,5028.494563,5000.0,0.0,0.0,0.0,0,145,0.5,0.5,0.0,5,0.0,0.0
Uninett2010,SM,3,B1,41,11,1,1,41->18->42->4->11,,4.756885,inf,0.0,190,190,4.399586,131.578947,155.496233,131.578947,0.0,0.0,0.0,0,190,0.5,0.5,0.0,5,0.0,0.0
Uninett2010,SM,3,B1,42,11,11,0,42->4->11,,3.415021,inf,0.0,156,156,3.415021,5000.0,5022.93272,5000.0,0.0,0.0,0.0,0,156.0,0.5,0.5,0.0,5,0.0,0.0
Uninett2010,SM,3,B1,43,11,1,1,43->67->4->11,,6.683875,inf,0.0,182,182,5.41676,131.578947,156.513406,131.578947,0.0,0.0,0.0,0,182,0.5,0.5,0.0,5,0.0,0.0
Uninett2010,SM,3,B1,44,11,11,0,44->41->18->42->4->11,,5.467502,inf,0.0,158,158,5.467502,5000.0,5024.985201,5000.0,0.0,0.0,0.0,0,158,0.5,0.5,0.0,5,0.0,0.0
Uninett2010,SM,3,B1,45,11,1,1,45->43->67->4->11,,7.278325,inf,0.0,195,195,5.816409,131.578947,156.913055,131.578947,0.0,0.0,0.0,0,195,0.5,0.5,0.0,5,0.0,0.0
Uninett2010,SM,3,B1,46,10,10,0,46->43->18->67->36->37->40->10,,13.536122,inf,0.0,195,195,9.273608,12.468828,41.260135,12.468828,0.0,0.0,0.0,0,195,0.5,0.5,0.0,5,0.0,0.0
Uninett2010,SM,3,B1,47,10,10,0,47->69->67->36->37->40->10,,7.892964,inf,0.0,199,199,7.892964,12.468828,39.879491,12.468828,0.0,0.0,0.0,0,199,0.5,0.5,0.0,5,0.0,0.0
Uninett2010,SM,3,B1,48,10,10,0,48->35->33->38->40->10,,6.329273,inf,0.0,181,181,6.329273,12.468828,38.315799,12.468828,0.0,0.0,0.0,0,181,0.5,0.5,0.0,5,0.0,0.0
Uninett2010,SM,3,B1,49,10,10,0,49->32->16->9->30->10,,5.761277,inf,0.0,187,187,5.356774,12.468828,37.3433,12.468828,0.0,0.0,0.0,0,187,0.5,0.5,0.0,5,0.0,0.0
Uninett2010,SM,3,B1,50,10,2,1,50->1->4->67->27->10,,14.385631,inf,0.0,177,177,1.08661,4.420866,25.025175,4.420866,0.0,0.0,0.0,0,177,0.5,0.5,0.0,5,0.0,0.0
Uninett2010,SM,3,B1,51,9,2,1,51->50->1->2->68->9,,13.081529,inf,0.0,219,219,0.932777,4.420866,24.871342,4.420866,0.0,0.0,0.0,0,219,0.5,0.5,0.0,5,0.0,0.0
Uninett2010,SM,3,B1,52,9,9,0,52->68->9,,8.170334,inf,0.0,181,181,7.981813,178.571429,206.07094,178.571429,0.0,0.0,0.0,0,181,0.5,0.5,0.0,5,0.0,0.0
Uninett2010,SM,3,B1,53,9,4,1,53->7->2->68->9,,11.996133,inf,0.0,188,188,0.178765,3.813883,23.510347,3.813883,0.0,0.0,0.0,0,188,0.5,0.5,0.0,5,0.0,0.0
Uninett2010,SM,3,B1,54,9,9,0,54->58->57->2->68->9,,12.785355,inf,0.0,167,167,12.785355,178.571429,210.874483,178.571429,0.0,0.0,0.0,0,167,0.5,0.5,0.0,5,0.0,0.0
Uninett2010,SM,3,B1,55,10,1,1,55->12->11->4->67->27->10,,14.506275,inf,0.0,137,137,1.207254,131.578947,152.3039,131.578947,0.0,0.0,0.0,0,137,0.5,0.5,0.0,5,0.0,0.0
Uninett2010,SM,3,B1,56,9,9,0,56->34->30->9,,11.262223,inf,0.0,168,168,11.262223,178.571429,209.351351,178.571429,0.0,0.0,0.0,0,168.0,0.5,0.5,0.0,5,0.0,0.0
Uninett2010,SM,3,B1,57,9,9,0,57->2->68->9,,12.547369,inf,0.0,170,170,12.547369,178.571429,210.636496,178.571429,0.0,0.0,0.0,0,170,0.5,0.5,0.0,5,0.0,0.0
Uninett2010,SM,3,B1,58,8,8,0,58->57->2->7->8,,1.62571,inf,0.0,169,169,1.62571,24.038462,45.181871,24.038462,0.0,0.0,0.0,0,169,0.5,0.5,0.0,5,0.0,0.0
Uninett2010,SM,3,B1,59,8,8,0,59->1->2->7->8,,5.184654,inf,0.0,139,139,5.184654,24.038462,48.740814,24.038462,0.0,0.0,0.0,0,139,0.5,0.5,0.0,5,0.0,0.0
Uninett2010,SM,3,B1,60,8,5,1,60->58->57->2->7->8,,1.907374,inf,0.0,142,142,1.907374,1.876173,23.301246,1.876173,0.0,0.0,0.0,0,142,0.5,0.5,0.0,5,0.0,0.0
Uninett2010,SM,3,B1,61,8,8,0,61->34->30->9->68->2->7->8,,23.737314,inf,0.0,201,201,21.106722,24.038462,64.662883,24.038462,0.0,0.0,0.0,0,201,0.5,0.5,0.0,5,0.0,0.0
Uninett2010,SM,3,B1,62,8,8,0,62->41->18->42->4->11->6->8,,6.500046,inf,0.0,156,156,5.825685,24.038462,49.381846,24.038462,0.0,0.0,0.0,0,156,0.5,0.5,0.0,5,0.0,0.0
Uninett2010,SM,3,B1,63,8,8,0,63->34->30->9->68->2->7->8,,23.737314,inf,0.0,172,172,21.106722,24.038462,64.662883,24.038462,0.0,0.0,0.0,0,172,0.5,0.5,0.0,5,0.0,0.0
Uninett2010,SM,3,B1,64,8,8,0,64->38->68->2->7->8,,8.252685,inf,0.0,151,151,8.252685,24.038462,51.808845,24.038462,0.0,0.0,0.0,0,151,0.5,0.5,0.0,5,0.0,0.0
Uninett2010,SM,3,B1,65,7,7,0,65->73->74->1->2->7,,2.034193,inf,0.0,146,146,2.022986,6.738544,28.279229,6.738544,0.0,0.0,0.0,0,146,0.5,0.5,0.0,5,0.0,0.0
Uninett2010,SM,3,B1,66,7,7,0,66->3->4->2->7,,1.539311,inf,0.0,177,177,1.539311,6.738544,27.795554,6.738544,0.0,0.0,0.0,0,177,0.5,0.5,0.0,5,0.0,0.0
Uninett2010,SM,3,B1,67,7,1,1,67->4->2->7,,4.103348,inf,0.0,191,191,3.924582,131.578947,155.021229,131.578947,0.0,0.0,0.0,0,191.0,0.5,0.5,0.0,5,0.0,0.0
Uninett2010,SM,3,B1,68,7,7,0,68->2->7,,4.103348,inf,0.0,155,155,4.103348,6.738544,30.359591,6.738544,0.0,0.0,0.0,0,155.0,0.5,0.5,0.0,5,0.0,0.0
Uninett2010,SM,3,B1,69,7,7,0,69->68->2->7,,4.103348,inf,0.0,201,201,4.103348,6.738544,30.359591,6.738544,0.0,0.0,0.0,0,201.0,0.5,0.5,0.0,5,0.0,0.0
Uninett2010,SM,3,B1,70,7,1,1,70->69->68->2->7,,5.405227,inf,0.0,159,159,5.226461,131.578947,156.323108,131.578947,0.0,0.0,0.0,0,159,0.5,0.5,0.0,5,0.0,0.0
Uninett2010,SM,3,B1,71,6,6,0,71->72->73->74->1->4->11->6,,6.712906,41.428173,0.0,200,200,6.712906,15.197568,41.428173,15.197568,0.0,0.0,0.0,0,200,0.5,0.5,0.0,5,0.0,0.0
Uninett2010,SM,3,B1,72,6,6,0,72->73->74->1->4->11->6,,2.551474,37.266741,0.0,185,185,2.551474,15.197568,37.266741,15.197568,0.0,0.0,0.0,0,185,0.5,0.5,0.0,5,0.0,0.0
Uninett2010,SM,3,B1,73,6,6,0,73->74->1->4->11->6,,2.249929,36.965196,0.0,174,174,2.249929,15.197568,36.965196,15.197568,0.0,0.0,0.0,0,174,0.5,0.5,0.0,5,0.0,0.0
Uninett2010,SM,3,B1,74,6,6,0,74->1->4->11->6,,1.443318,36.158585,0.0,186,186,1.443318,15.197568,36.158585,15.197568,0.0,0.0,0.0,0,186,0.5,0.5,0.0,5,0.0,0.0
Uninett2010,SM,3,B3,1,1,1,0,1,1,0.0,20.629304,0.0,162,162,0.0,inf,inf,inf,0.0,0.0,0.0,0,162.0,0.5,0.5,0.0,5,0.0,0.0
Uninett2010,SM,3,B3,2,2,2,0,2,2,0.0,20.735429,0.0,178,178,0.0,inf,inf,inf,0.0,0.0,0.0,0,178.0,0.5,0.5,0.0,5,0.0,0.0
Uninett2010,SM,3,B3,3,3,3,0,3,3,0.0,20.668447,0.0,199,199,0.0,inf,inf,inf,0.0,0.0,0.0,0,199,0.5,0.5,0.0,5,0.0,0.0
Uninett2010,SM,3,B3,4,4,4,0,4,4,0.0,20.772089,0.0,202,202,0.0,1.25439,20.772089,1.25439,0.0,0.0,0.0,0,202.0,0.5,0.5,0.0,5,0.0,0.0
Uninett2010,SM,3,B3,5,5,5,0,5,5,0.0,20.743189,0.0,192,192,0.0,3.289474,22.807173,3.289474,0.0,0.0,0.0,0,192,0.5,0.5,0.0,5,0.0,0.0
Uninett2010,SM,3,B3,6,6,6,0,6,6,0.0,34.715267,0.0,194,194,0.0,4.170142,23.687841,4.170142,0.0,0.0,0.0,0,194,0.5,0.5,0.0,5,0.0,0.0
Uninett2010,SM,3,B3,7,7,7,0,7,7,0.0,inf,0.0,183,183,0.0,3.328895,22.846594,3.328895,0.0,0.0,0.0,0,183,0.5,0.5,0.0,5,0.0,0.0
Uninett2010,SM,3,B3,8,8,8,0,8,8,0.0,inf,0.0,141,141,0.0,3.695492,23.21319,3.695492,0.0,0.0,0.0,0,141,0.5,0.5,0.0,5,0.0,0.0
Uninett2010,SM,3,B3,9,9,9,0,9,9,0.0,inf,0.0,182,182,0.0,2.820079,22.337778,2.820079,0.0,0.0,0.0,0,182.0,0.5,0.5,0.0,5,0.0,0.0
Uninett2010,SM,3,B3,10,10,10,0,10,10,0.0,inf,0.0,157,157,0.0,3.0012,22.518899,3.0012,0.0,0.0,0.0,0,157,0.5,0.5,0.0,5,0.0,0.0
Uninett2010,SM,3,B3,11,11,11,0,11,11,0.0,inf,0.0,210,210,0.0,7.132668,26.650366,7.132668,0.0,0.0,0.0,0,210,0.5,0.5,0.0,5,0.0,0.0
Uninett2010,SM,3,B3,12,12,12,0,12,12,0.0,inf,0.0,181,181,0.0,6.738544,26.256243,6.738544,0.0,0.0,0.0,0,181,0.5,0.5,0.0,5,0.0,0.0
Uninett2010,SM,3,B3,13,13,13,0,13,13,0.0,inf,0.0,162,162,0.0,3.152585,22.670284,3.152585,0.0,0.0,0.0,0,162,0.5,0.5,0.0,5,0.0,0.0
Uninett2010,SM,3,B3,14,14,14,0,14,14,0.0,inf,0.0,202,202,0.0,5.91716,25.434859,5.91716,0.0,0.0,0.0,0,202,0.5,0.5,0.0,5,0.0,0.0
Uninett2010,SM,3,B3,15,15,15,0,15,15,0.0,inf,0.0,181,181,0.0,2.935995,22.453694,2.935995,0.0,0.0,0.0,0,181,0.5,0.5,0.0,5,0.0,0.0
Uninett2010,SM,3,B3,16,15,2,1,16->15,16->9->68->2,0.790036,inf,0.0,172,172,13.518283,inf,inf,inf,0.0,0.0,0.0,0,172,0.5,0.5,0.0,5,0.0,0.0
Uninett2010,SM,3,B3,17,15,15,0,17->18->67->27->15,17->18->67->27->15,15.03835,inf,0.0,180,180,15.03835,2.935995,37.492044,2.935995,0.0,0.0,0.0,0,180,0.5,0.5,0.0,5,0.0,0.0
Uninett2010,SM,3,B3,18,15,1,1,18->67->27->15,18->42->1,14.316511,inf,0.0,188,188,3.057722,inf,inf,inf,0.0,0.0,0.0,0,188.0,0.5,0.5,0.0,5,0.0,0.0
Uninett2010,SM,3,B3,19,15,3,1,19->50->1->4->67->27->15,19->50->1->4->3,15.490473,inf,0.0,199,199,2.539144,inf,inf,inf,0.0,0.0,0.0,0,199,0.5,0.5,0.0,5,0.0,0.0
Uninett2010,SM,3,B3,20,15,15,0,20->19->50->1->4->67->27->15,20->19->50->1->4->67->27->15,16.403139,inf,0.0,167,167,16.403139,2.935995,38.856833,2.935995,0.0,0.0,0.0,0,167,0.5,0.5,0.0,5,0.0,0.0
Uninett2010,SM,3,B3,21,15,15,0,21->50->1->4->67->27->15,21->50->1->4->67->27->15,15.711361,inf,0.0,185,185,15.711361,2.935995,38.165055,2.935995,0.0,0.0,0.0,0,185,0.5,0.5,0.0,5,0.0,0.0
Uninett2010,SM,3,B3,22,14,14,0,22->23->50->1->4->67->27->15->13->14,22->20->19->50->1->4->67->27->15->13->14,19.766961,inf,0.0,159,159,19.345171,5.91716,44.780029,5.91716,0.0,0.0,0.0,0,159,0.5,0.5,0.0,5,0.0,0.0
Uninett2010,SM,3,B3,23,14,14,0,23->4->67->27->15->13->14,23->4->67->27->15->13->14,19.229416,inf,0.0,162,162,19.229416,5.91716,44.664274,5.91716,0.0,0.0,0.0,0,162,0.5,0.5,0.0,5,0.0,0.0
Uninett2010,SM,3,B3,24,14,14,0,24->42->4->67->27->15->13->14,24->42->18->67->27->15->13->14,21.366606,inf,0.0,141,141,18.689771,5.91716,44.12463,5.91716,0.0,0.0,0.0,0,141,0.5,0.5,0.0,5,0.0,0.0
Uninett2010,SM,3,B3,25,14,3,1,25->24->42->4->67->27->15->13->14,25->24->23->4->3,21.497621,inf,0.0,128,128,5.242362,inf,inf,inf,0.0,0.0,0.0,0,128,0.5,0.5,0.0,5,0.0,0.0
Uninett2010,SM,3,B3,26,14,14,0,26->17->18->67->27->15->13->14,26->17->18->67->27->15->13->14,18.203526,inf,0.0,175,175,18.203526,5.91716,43.638384,5.91716,0.0,0.0,0.0,0,175,0.5,0.5,0.0,5,0.0,0.0
Uninett2010,SM,3,B3,27,14,1,1,27->15->13->14,27->67->4->1,4.889601,inf,0.0,196,196,11.817368,inf,inf,inf,0.0,0.0,0.0,0,196.0,0.5,0.5,0.0,5,0.0,0.0
Uninett2010,SM,3,B3,28,13,13,0,28->12->11->4->67->27->15->13,28->12->11->4->67->27->15->13,17.285865,inf,0.0,175,175,17.285865,3.152585,39.956148,3.152585,0.0,0.0,0.0,0,175,0.5,0.5,0.0,5,0.0,0.0
Uninett2010,SM,3,B3,29,13,1,1,29->34->30->9->27->15->13,29->34->30->40->37->36->67->4->1,15.747959,inf,0.0,196,196,20.448999,inf,inf,inf,0.0,0.0,0.0,0,196.0,0.5,0.5,0.0,5,0.0,0.0
Uninett2010,SM,3,B3,30,13,3,1,30->9->27->15->13,30->40->37->36->67->4->3,5.832342,inf,0.0,113,113,11.517677,inf,inf,inf,0.0,0.0,0.0,0,113,0.5,0.5,0.0,5,0.0,0.0
Uninett2010,SM,3,B3,31,13,13,0,31->30->9->27->15->13,31->30->9->27->15->13,6.291098,inf,0.0,187,187,6.291098,3.152585,28.961382,3.152585,0.0,0.0,0.0,0,187,0.5,0.5,0.0,5,0.0,0.0
Uninett2010,SM,3,B3,32,13,13,0,32->49->14->13,32->49->14->13,3.294517,inf,0.0,158,158,3.294517,3.152585,25.9648,3.152585,0.0,0.0,0.0,0,158,0.5,0.5,0.0,5,0.0,0.0
Uninett2010,SM,3,B3,33,13,2,1,33->38->68->9->27->15->13,33->35->67->68->2,18.447013,inf,0.0,191,191,5.276277,inf,inf,inf,0.0,0.0,0.0,0,191,0.5,0.5,0.0,5,0.0,0.0
Uninett2010,SM,3,B3,34,12,3,1,34->30->9->68->2->57->12,34->30->40->37->36->67->4->3,24.221407,inf,0.0,179,179,21.433294,inf,inf,inf,0.0,0.0,0.0,0,179.0,0.5,0.5,0.0,5,0.0,0.0
Uninett2010,SM,3,B3,35,12,12,0,35->67->4->11->12,35->67->4->11->12,5.522408,inf,0.0,170,170,5.522408,6.738544,31.778652,6.738544,0.0,0.0,0.0,0,170,0.5,0.5,0.0,5,0.0,0.0
Uninett2010,SM,3,B3,36,12,12,0,36->67->4->11->12,36->67->4->11->12,7.752648,inf,0.0,181,181,7.752648,6.738544,34.008891,6.738544,0.0,0.0,0.0,0,181,0.5,0.5,0.0,5,0.0,0.0
Uninett2010,SM,3,B3,37,12,12,0,37->36->67->4->11->12,37->36->67->4->11->12,8.015621,inf,0.0,168,168,8.015621,6.738544,34.271864,6.738544,0.0,0.0,0.0,0,168,0.5,0.5,0.0,5,0.0,0.0
Uninett2010,SM,3,B3,38,12,12,0,38->68->2->57->12,38->68->67->4->11->12,8.736778,inf,0.0,162,162,8.344285,6.738544,34.600528,6.738544,0.0,0.0,0.0,0,162,0.5,0.5,0.0,5,0.0,0.0
Uninett2010,SM,3,B3,39,12,1,1,39->38->37->36->67->4->11->12,39->38->68->2->1,8.536068,inf,0.0,188,188,7.594962,inf,inf,inf,0.0,0.0,0.0,0,188,0.5,0.5,0.0,5,0.0,0.0
Uninett2010,SM,3,B3,40,11,11,0,40->37->36->67->4->11,40->37->36->67->4->11,8.976864,inf,0.0,145,145,8.976864,7.132668,35.627231,7.132668,0.0,0.0,0.0,0,145,0.5,0.5,0.0,5,0.0,0.0
Uninett2010,SM,3,B3,41,11,11,0,41->18->42->4->11,41->18->42->4->11,4.756885,inf,0.0,190,190,4.756885,7.132668,31.407252,7.132668,0.0,0.0,0.0,0,190,0.5,0.5,0.0,5,0.0,0.0
Uninett2010,SM,3,B3,42,11,11,0,42->4->11,42->4->11,3.415021,inf,0.0,156,156,3.415021,7.132668,30.065387,7.132668,0.0,0.0,0.0,0,156.0,0.5,0.5,0.0,5,0.0,0.0
Uninett2010,SM,3,B3,43,11,3,1,43->67->4->11,43->18->42->4->3,6.683875,inf,0.0,182,182,6.401055,inf,inf,inf,0.0,0.0,0.0,0,182,0.5,0.5,0.0,5,0.0,0.0
Uninett2010,SM,3,B3,44,11,11,0,44->41->18->42->4->11,44->41->18->42->4->11,5.467502,inf,0.0,158,158,5.467502,7.132668,32.117868,7.132668,0.0,0.0,0.0,0,158,0.5,0.5,0.0,5,0.0,0.0
Uninett2010,SM,3,B3,45,11,1,1,45->43->67->4->11,45->47->69->67->4->1,7.278325,inf,0.0,195,195,5.816409,inf,inf,inf,0.0,0.0,0.0,0,195,0.5,0.5,0.0,5,0.0,0.0
Uninett2010,SM,3,B3,46,10,10,0,46->43->18->67->36->37->40->10,46->43->67->36->37->40->10,13.536122,inf,0.0,195,195,9.273608,3.0012,31.792508,3.0012,0.0,0.0,0.0,0,195,0.5,0.5,0.0,5,0.0,0.0
Uninett2010,SM,3,B3,47,10,2,1,47->69->67->36->37->40->10,47->69->68->2,7.892964,inf,0.0,199,199,5.310155,inf,inf,inf,0.0,0.0,0.0,0,199,0.5,0.5,0.0,5,0.0,0.0
Uninett2010,SM,3,B3,48,10,1,1,48->35->33->38->40->10,48->52->68->2->1,6.329273,inf,0.0,181,181,4.406657,inf,inf,inf,0.0,0.0,0.0,0,181,0.5,0.5,0.0,5,0.0,0.0
Uninett2010,SM,3,B3,49,10,3,1,49->32->16->9->30->10,49->32->16->9->27->67->4->3,5.761277,inf,0.0,187,187,16.676784,inf,inf,inf,0.0,0.0,0.0,0,187,0.5,0.5,0.0,5,0.0,0.0
Uninett2010,SM,3,B3,50,10,10,0,50->1->4->67->27->10,50->1->4->67->36->37->40->10,14.385631,inf,0.0,177,177,11.518584,3.0012,34.037483,3.0012,0.0,0.0,0.0,0,177,0.5,0.5,0.0,5,0.0,0.0
Uninett2010,SM,3,B3,51,9,3,1,51->50->1->2->68->9,51->6->11->4->3,13.081529,inf,0.0,219,219,1.917072,inf,inf,inf,0.0,0.0,0.0,0,219,0.5,0.5,0.0,5,0.0,0.0
Uninett2010,SM,3,B3,52,9,1,1,52->68->9,52->68->2->1,8.170334,inf,0.0,181,181,4.202131,inf,inf,inf,0.0,0.0,0.0,0,181,0.5,0.5,0.0,5,0.0,0.0
Uninett2010,SM,3,B3,53,9,9,0,53->7->2->68->9,53->7->2->68->9,11.996133,inf,0.0,188,188,11.996133,2.820079,34.333911,2.820079,0.0,0.0,0.0,0,188,0.5,0.5,0.0,5,0.0,0.0
Uninett2010,SM,3,B3,54,9,9,0,54->58->57->2->68->9,54->58->57->2->68->9,12.785355,inf,0.0,167,167,12.785355,2.820079,35.123133,2.820079,0.0,0.0,0.0,0,167,0.5,0.5,0.0,5,0.0,0.0
Uninett2010,SM,3,B3,55,10,10,0,55->12->11->4->67->27->10,55->12->11->4->67->36->37->40->10,14.506275,inf,0.0,137,137,11.639228,3.0012,34.158127,3.0012,0.0,0.0,0.0,0,137,0.5,0.5,0.0,5,0.0,0.0
Uninett2010,SM,3,B3,56,9,2,1,56->34->30->9,56->34->30->40->37->36->67->68->2,11.262223,inf,0.0,168,168,20.448999,inf,inf,inf,0.0,0.0,0.0,0,168.0,0.5,0.5,0.0,5,0.0,0.0
Uninett2010,SM,3,B3,57,9,9,0,57->2->68->9,57->2->68->9,12.547369,inf,0.0,170,170,12.547369,2.820079,34.885147,2.820079,0.0,0.0,0.0,0,170,0.5,0.5,0.0,5,0.0,0.0
Uninett2010,SM,3,B3,58,8,8,0,58->57->2->7->8,58->57->2->7->8,1.62571,inf,0.0,169,169,1.62571,3.695492,24.838901,3.695492,0.0,0.0,0.0,0,169,0.5,0.5,0.0,5,0.0,0.0
Uninett2010,SM,3,B3,59,8,5,1,59->1->2->7->8,59->1->2->7->8->5,5.184654,inf,0.0,139,139,5.184654,3.289474,27.991826,3.289474,0.0,0.0,0.0,0,139,0.5,0.5,0.0,5,0.0,0.0
Uninett2010,SM,3,B3,60,8,8,0,60->58->57->2->7->8,60->58->57->2->7->8,1.907374,inf,0.0,142,142,1.907374,3.695492,25.120565,3.695492,0.0,0.0,0.0,0,142,0.5,0.5,0.0,5,0.0,0.0
Uninett2010,SM,3,B3,61,8,5,1,61->34->30->9->68->2->7->8,61->34->30->40->37->36->67->68->2->7->8->5,23.737314,inf,0.0,201,201,21.106722,3.289474,43.913895,3.289474,0.0,0.0,0.0,0,201,0.5,0.5,0.0,5,0.0,0.0
Uninett2010,SM,3,B3,62,8,8,0,62->41->18->42->4->11->6->8,62->41->18->42->1->2->7->8,6.500046,inf,0.0,156,156,5.825685,3.695492,29.038876,3.695492,0.0,0.0,0.0,0,156,0.5,0.5,0.0,5,0.0,0.0
Uninett2010,SM,3,B3,63,8,5,1,63->34->30->9->68->2->7->8,63->34->30->40->37->36->67->68->2->7->8->5,23.737314,inf,0.0,172,172,21.106722,3.289474,43.913895,3.289474,0.0,0.0,0.0,0,172,0.5,0.5,0.0,5,0.0,0.0
Uninett2010,SM,3,B3,64,8,8,0,64->38->68->2->7->8,64->38->68->2->7->8,8.252685,inf,0.0,151,151,8.252685,3.695492,31.465875,3.695492,0.0,0.0,0.0,0,151,0.5,0.5,0.0,5,0.0,0.0
Uninett2010,SM,3,B3,65,7,3,1,65->73->74->1->2->7,65->66->3,2.034193,inf,0.0,146,146,0.859925,inf,inf,inf,0.0,0.0,0.0,0,146,0.5,0.5,0.0,5,0.0,0.0
Uninett2010,SM,3,B3,66,7,7,0,66->3->4->2->7,66->3->4->2->7,1.539311,inf,0.0,177,177,1.539311,3.328895,24.385904,3.328895,0.0,0.0,0.0,0,177,0.5,0.5,0.0,5,0.0,0.0
Uninett2010,SM,3,B3,67,7,7,0,67->4->2->7,67->68->2->7,4.103348,inf,0.0,191,191,4.103348,3.328895,26.949941,3.328895,0.0,0.0,0.0,0,191.0,0.5,0.5,0.0,5,0.0,0.0
Uninett2010,SM,3,B3,68,7,2,1,68->2->7,68->2,4.103348,inf,0.0,155,155,3.924582,inf,inf,inf,0.0,0.0,0.0,0,155.0,0.5,0.5,0.0,5,0.0,0.0
Uninett2010,SM,3,B3,69,7,1,1,69->68->2->7,69->67->4->1,4.103348,inf,0.0,201,201,3.924582,inf,inf,inf,0.0,0.0,0.0,0,201.0,0.5,0.5,0.0,5,0.0,0.0
Uninett2010,SM,3,B3,70,7,7,0,70->69->68->2->7,70->69->68->2->7,5.405227,inf,0.0,159,159,5.405227,3.328895,28.25182,3.328895,0.0,0.0,0.0,0,159,0.5,0.5,0.0,5,0.0,0.0
Uninett2010,SM,3,B3,71,6,6,0,71->72->73->74->1->4->11->6,71->72->73->74->1->4->11->6,6.712906,41.428173,0.0,200,200,6.712906,4.170142,30.400746,4.170142,0.0,0.0,0.0,0,200,0.5,0.5,0.0,5,0.0,0.0
Uninett2010,SM,3,B3,72,6,6,0,72->73->74->1->4->11->6,72->73->74->1->4->11->6,2.551474,37.266741,0.0,185,185,2.551474,4.170142,26.239314,4.170142,0.0,0.0,0.0,0,185,0.5,0.5,0.0,5,0.0,0.0
Uninett2010,SM,3,B3,73,6,1,1,73->74->1->4->11->6,73->74->1,2.249929,36.965196,0.0,174,174,1.5695,inf,inf,inf,inf,0.0,0.0,0,174,0.5,0.5,0.0,5,0.0,0.0
Uninett2010,SM,3,B3,74,6,6,0,74->1->4->11->6,74->1->4->11->6,1.443318,36.158585,0.0,186,186,1.443318,4.170142,25.131158,4.170142,0.0,0.0,0.0,0,186,0.5,0.5,0.0,5,0.0,0.0
Uninett2010,SM,3,MCF_ARC,1,1,1,0,1,1,0.0,20.629304,0.0,162,162,0.0,15.745446,32.745212,13.227513,0.0,0.0,0.0,0,162.0,0.5,0.5,0.0,5,0.0,0.0
Uninett2010,SM,3,MCF_ARC,2,2,2,0,2,2,0.0,20.735429,0.0,178,178,0.0,12.224455,29.497739,9.98004,0.0,0.0,0.0,0,178.0,0.5,0.5,0.0,5,0.0,0.0
Uninett2010,SM,3,MCF_ARC,3,3,3,0,3,3,0.0,20.668447,0.0,199,199,0.0,4.901629,24.279604,4.761905,0.0,0.0,0.0,0,199,0.5,0.5,0.0,5,0.0,0.0
Uninett2010,SM,3,MCF_ARC,4,4,4,0,4,4,0.0,20.772089,0.0,202,202,0.0,7.482501,26.859843,7.342144,0.0,0.0,0.0,0,202.0,0.5,0.5,0.0,5,0.0,0.0
Uninett2010,SM,3,MCF_ARC,5,5,5,0,5,5,0.0,20.743189,0.0,192,192,0.0,2.408213,21.904334,2.386635,0.0,0.0,0.0,0,192,0.5,0.5,0.0,5,0.0,0.0
Uninett2010,SM,3,MCF_ARC,6,6,6,0,6,6,0.0,34.715267,0.0,194,194,0.0,19.51185,38.457093,18.939394,0.0,0.0,0.0,0,194,0.5,0.5,0.0,5,0.0,0.0
Uninett2010,SM,3,MCF_ARC,7,7,7,0,7,7,0.0,inf,0.0,183,183,0.0,11.62229,29.096243,9.578544,0.0,0.0,0.0,0,183,0.5,0.5,0.0,5,0.0,0.0
Uninett2010,SM,3,MCF_ARC,8,8,8,0,8,8,0.0,inf,0.0,141,141,0.0,6.621596,25.822869,6.30517,0.0,0.0,0.0,0,141,0.5,0.5,0.0,5,0.0,0.0
Uninett2010,SM,3,MCF_ARC,9,9,9,0,9,9,0.0,inf,0.0,182,182,0.0,6.683459,25.944434,6.426735,0.0,0.0,0.0,0,182.0,0.5,0.5,0.0,5,0.0,0.0
Uninett2010,SM,3,MCF_ARC,10,10,10,0,10,10,0.0,inf,0.0,157,157,0.0,9.12272,27.837166,8.319468,0.0,0.0,0.0,0,157,0.5,0.5,0.0,5,0.0,0.0
Uninett2010,SM,3,MCF_ARC,11,11,11,0,11,11,0.0,inf,0.0,210,210,0.0,6.998631,26.220112,6.702413,0.0,0.0,0.0,0,210,0.5,0.5,0.0,5,0.0,0.0
Uninett2010,SM,3,MCF_ARC,12,12,12,0,12,12,0.0,inf,0.0,181,181,0.0,7.593452,27.070569,7.55287,0.0,0.0,0.0,0,181,0.5,0.5,0.0,5,0.0,0.0
Uninett2010,SM,3,MCF_ARC,13,13,13,0,13,13,0.0,inf,0.0,162,162,0.0,5.286473,24.64065,5.122951,0.0,0.0,0.0,0,162,0.5,0.5,0.0,5,0.0,0.0
Uninett2010,SM,3,MCF_ARC,14,14,14,0,14,14,0.0,inf,0.0,202,202,0.0,5.78597,25.012204,5.494505,0.0,0.0,0.0,0,202,0.5,0.5,0.0,5,0.0,0.0
Uninett2010,SM,3,MCF_ARC,15,15,15,0,15,15,0.0,inf,0.0,181,181,0.0,6.025424,25.21246,5.694761,0.0,0.0,0.0,0,181,0.5,0.5,0.0,5,0.0,0.0
Uninett2010,SM,3,MCF_ARC,16,15,15,0,16->15,16->15,0.790036,inf,0.0,172,172,0.790036,6.025424,26.002495,5.694761,0.0,0.0,0.0,0,172,0.5,0.5,0.0,5,0.0,0.0
Uninett2010,SM,3,MCF_ARC,17,15,4,1,17->18->67->27->15,17->18->42->4,15.03835,inf,0.0,180,180,3.779561,7.482501,30.639404,7.342144,0.0,0.0,0.0,0,180,0.5,0.5,0.0,5,0.0,0.0
Uninett2010,SM,3,MCF_ARC,18,15,15,0,18->67->27->15,18->67->68->9->27->15,14.316511,inf,0.0,188,188,14.316511,6.025424,39.528971,5.694761,0.0,0.0,0.0,0,188.0,0.5,0.5,0.0,5,0.0,0.0
Uninett2010,SM,3,MCF_ARC,19,15,6,1,19->50->1->4->67->27->15,19->50->51->6,15.490473,inf,0.0,199,199,0.898138,19.51185,39.355231,18.939394,0.0,0.0,0.0,0,199,0.5,0.5,0.0,5,0.0,0.0
Uninett2010,SM,3,MCF_ARC,20,15,15,0,20->19->50->1->4->67->27->15,20->19->50->1->4->67->27->15,16.403139,inf,0.0,167,167,16.403139,6.025424,41.615599,5.694761,0.0,0.0,0.0,0,167,0.5,0.5,0.0,5,0.0,0.0
Uninett2010,SM,3,MCF_ARC,21,15,6,1,21->50->1->4->67->27->15,21->50->1->4->11->6,15.711361,inf,0.0,185,185,2.456166,19.51185,40.913258,18.939394,0.0,0.0,0.0,0,185,0.5,0.5,0.0,5,0.0,0.0
Uninett2010,SM,3,MCF_ARC,22,14,14,0,22->23->50->1->4->67->27->15->13->14,22->20->19->50->1->2->4->67->27->15->13->14,19.766961,inf,0.0,159,159,19.345171,5.78597,44.357375,5.494505,0.0,0.0,0.0,0,159,0.5,0.5,0.0,5,0.0,0.0
Uninett2010,SM,3,MCF_ARC,23,14,14,0,23->4->67->27->15->13->14,23->50->1->4->67->27->15->13->14,19.229416,inf,0.0,162,162,19.354813,5.78597,44.367017,5.494505,0.0,0.0,0.0,0,162,0.5,0.5,0.0,5,0.0,0.0
Uninett2010,SM,3,MCF_ARC,24,14,4,1,24->42->4->67->27->15->13->14,24->23->4,21.366606,inf,0.0,141,141,4.127053,7.482501,30.986895,7.342144,0.0,0.0,0.0,0,141,0.5,0.5,0.0,5,0.0,0.0
Uninett2010,SM,3,MCF_ARC,25,14,14,0,25->24->42->4->67->27->15->13->14,25->24->42->18->67->68->9->27->15->13->14,21.497621,inf,0.0,128,128,18.820786,5.78597,43.83299,5.494505,0.0,0.0,0.0,0,128,0.5,0.5,0.0,5,0.0,0.0
Uninett2010,SM,3,MCF_ARC,26,14,14,0,26->17->18->67->27->15->13->14,26->17->18->67->27->15->13->14,18.203526,inf,0.0,175,175,18.203526,5.78597,43.21573,5.494505,0.0,0.0,0.0,0,175,0.5,0.5,0.0,5,0.0,0.0
Uninett2010,SM,3,MCF_ARC,27,14,5,1,27->15->13->14,27->9->68->2->7->8->5,4.889601,inf,0.0,196,196,12.475091,2.408213,34.379425,2.386635,0.0,0.0,0.0,0,196.0,0.5,0.5,0.0,5,0.0,0.0
Uninett2010,SM,3,MCF_ARC,28,13,13,0,28->12->11->4->67->27->15->13,28->12->11->4->67->27->15->13,17.285865,inf,0.0,175,175,17.285865,5.286473,41.926514,5.122951,0.0,0.0,0.0,0,175,0.5,0.5,0.0,5,0.0,0.0
Uninett2010,SM,3,MCF_ARC,29,13,13,0,29->34->30->9->27->15->13,29->34->30->9->27->15->13,15.747959,inf,0.0,196,196,15.747959,5.286473,40.388608,5.122951,0.0,0.0,0.0,0,196.0,0.5,0.5,0.0,5,0.0,0.0
Uninett2010,SM,3,MCF_ARC,30,13,13,0,30->9->27->15->13,30->9->27->15->13,5.832342,inf,0.0,113,113,5.832342,5.286473,30.472991,5.122951,0.0,0.0,0.0,0,113,0.5,0.5,0.0,5,0.0,0.0
Uninett2010,SM,3,MCF_ARC,31,13,9,1,31->30->9->27->15->13,31->30->9,6.291098,inf,0.0,187,187,1.805362,6.683459,27.749797,6.426735,0.0,0.0,0.0,0,187,0.5,0.5,0.0,5,0.0,0.0
Uninett2010,SM,3,MCF_ARC,32,13,13,0,32->49->14->13,32->49->14->13,3.294517,inf,0.0,158,158,3.294517,5.286473,27.935166,5.122951,0.0,0.0,0.0,0,158,0.5,0.5,0.0,5,0.0,0.0
Uninett2010,SM,3,MCF_ARC,33,13,10,1,33->38->68->9->27->15->13,33->38->40->10,18.447013,inf,0.0,191,191,5.2953,9.12272,33.132467,8.319468,0.0,0.0,0.0,0,191,0.5,0.5,0.0,5,0.0,0.0
Uninett2010,SM,3,MCF_ARC,34,12,12,0,34->30->9->68->2->57->12,34->30->40->37->36->67->4->11->12,24.221407,inf,0.0,179,179,21.198322,7.593452,48.268891,7.55287,0.0,0.0,0.0,0,179.0,0.5,0.5,0.0,5,0.0,0.0
Uninett2010,SM,3,MCF_ARC,35,12,8,1,35->67->4->11->12,35->67->68->2->7->8,5.522408,inf,0.0,170,170,5.430809,6.621596,31.253678,6.30517,0.0,0.0,0.0,0,170,0.5,0.5,0.0,5,0.0,0.0
Uninett2010,SM,3,MCF_ARC,36,12,11,1,36->67->4->11->12,36->67->4->11,7.752648,inf,0.0,181,181,7.360624,6.998631,33.580735,6.702413,0.0,0.0,0.0,0,181,0.5,0.5,0.0,5,0.0,0.0
Uninett2010,SM,3,MCF_ARC,37,12,12,0,37->36->67->4->11->12,37->36->67->4->11->12,8.015621,inf,0.0,168,168,8.015621,7.593452,35.08619,7.55287,0.0,0.0,0.0,0,168,0.5,0.5,0.0,5,0.0,0.0
Uninett2010,SM,3,MCF_ARC,38,12,12,0,38->68->2->57->12,38->68->67->4->11->12,8.736778,inf,0.0,162,162,8.344285,7.593452,35.414854,7.55287,0.0,0.0,0.0,0,162,0.5,0.5,0.0,5,0.0,0.0
Uninett2010,SM,3,MCF_ARC,39,12,12,0,39->38->37->36->67->4->11->12,39->38->68->67->4->11->12,8.536068,inf,0.0,188,188,8.344285,7.593452,35.414854,7.55287,0.0,0.0,0.0,0,188,0.5,0.5,0.0,5,0.0,0.0
Uninett2010,SM,3,MCF_ARC,40,11,11,0,40->37->36->67->4->11,40->37->36->67->4->11,8.976864,inf,0.0,145,145,8.976864,6.998631,35.196976,6.702413,0.0,0.0,0.0,0,145,0.5,0.5,0.0,5,0.0,0.0
Uninett2010,SM,3,MCF_ARC,41,11,2,1,41->18->42->4->11,41->18->42->4->2,4.756885,inf,0.0,190,190,4.399586,12.224455,33.897325,9.98004,0.0,0.0,0.0,0,190,0.5,0.5,0.0,5,0.0,0.0
Uninett2010,SM,3,MCF_ARC,42,11,11,0,42->4->11,42->4->11,3.415021,inf,0.0,156,156,3.415021,6.998631,29.635132,6.702413,0.0,0.0,0.0,0,156.0,0.5,0.5,0.0,5,0.0,0.0
Uninett2010,SM,3,MCF_ARC,43,11,7,1,43->67->4->11,43->18->42->1->2->7,6.683875,inf,0.0,182,182,5.595525,11.62229,34.691768,9.578544,0.0,0.0,0.0,0,182,0.5,0.5,0.0,5,0.0,0.0
Uninett2010,SM,3,MCF_ARC,44,11,11,0,44->41->18->42->4->11,44->41->18->42->4->11,5.467502,inf,0.0,158,158,5.467502,6.998631,31.687614,6.702413,0.0,0.0,0.0,0,158,0.5,0.5,0.0,5,0.0,0.0
Uninett2010,SM,3,MCF_ARC,45,11,7,1,45->43->67->4->11,45->47->69->68->2->7,7.278325,inf,0.0,195,195,5.995174,11.62229,35.091417,9.578544,0.0,0.0,0.0,0,195,0.5,0.5,0.0,5,0.0,0.0
Uninett2010,SM,3,MCF_ARC,46,10,10,0,46->43->18->67->36->37->40->10,46->43->67->36->37->40->10,13.536122,inf,0.0,195,195,9.273608,9.12272,37.110775,8.319468,0.0,0.0,0.0,0,195,0.5,0.5,0.0,5,0.0,0.0
Uninett2010,SM,3,MCF_ARC,47,10,10,0,47->69->67->36->37->40->10,47->69->67->36->37->40->10,7.892964,inf,0.0,199,199,7.892964,9.12272,35.730131,8.319468,0.0,0.0,0.0,0,199,0.5,0.5,0.0,5,0.0,0.0
Uninett2010,SM,3,MCF_ARC,48,10,4,1,48->35->33->38->40->10,48->52->68->2->4,6.329273,inf,0.0,181,181,4.406657,7.482501,31.2665,7.342144,0.0,0.0,0.0,0,181,0.5,0.5,0.0,5,0.0,0.0
Uninett2010,SM,3,MCF_ARC,49,10,2,1,49->32->16->9->30->10,49->32->16->9->68->2,5.761277,inf,0.0,187,187,15.692489,12.224455,45.190228,9.98004,0.0,0.0,0.0,0,187,0.5,0.5,0.0,5,0.0,0.0
Uninett2010,SM,3,MCF_ARC,50,10,2,1,50->1->4->67->27->10,50->1->2,14.385631,inf,0.0,177,177,1.08661,12.224455,30.584349,9.98004,0.0,0.0,0.0,0,177,0.5,0.5,0.0,5,0.0,0.0
Uninett2010,SM,3,MCF_ARC,51,9,8,1,51->50->1->2->68->9,51->6->8,13.081529,inf,0.0,219,219,0.904003,6.621596,26.726872,6.30517,0.0,0.0,0.0,0,219,0.5,0.5,0.0,5,0.0,0.0
Uninett2010,SM,3,MCF_ARC,52,9,9,0,52->68->9,52->68->9,8.170334,inf,0.0,181,181,8.170334,6.683459,34.114768,6.426735,0.0,0.0,0.0,0,181,0.5,0.5,0.0,5,0.0,0.0
Uninett2010,SM,3,MCF_ARC,53,9,9,0,53->7->2->68->9,53->7->2->68->9,11.996133,inf,0.0,188,188,11.996133,6.683459,37.940567,6.426735,0.0,0.0,0.0,0,188,0.5,0.5,0.0,5,0.0,0.0
Uninett2010,SM,3,MCF_ARC,54,9,2,1,54->58->57->2->68->9,54->58->57->2,12.785355,inf,0.0,167,167,0.967987,12.224455,30.465726,9.98004,0.0,0.0,0.0,0,167,0.5,0.5,0.0,5,0.0,0.0
Uninett2010,SM,3,MCF_ARC,55,10,10,0,55->12->11->4->67->27->10,55->12->11->4->67->36->37->40->10,14.506275,inf,0.0,137,137,11.639228,9.12272,39.476394,8.319468,0.0,0.0,0.0,0,137,0.5,0.5,0.0,5,0.0,0.0
Uninett2010,SM,3,MCF_ARC,56,9,9,0,56->34->30->9,56->34->30->9,11.262223,inf,0.0,168,168,11.262223,6.683459,37.206657,6.426735,0.0,0.0,0.0,0,168.0,0.5,0.5,0.0,5,0.0,0.0
Uninett2010,SM,3,MCF_ARC,57,9,15,1,57->2->68->9,57->2->4->67->27->15,12.547369,inf,0.0,170,170,14.665625,6.025424,39.878084,5.694761,0.0,0.0,0.0,0,170,0.5,0.5,0.0,5,0.0,0.0
Uninett2010,SM,3,MCF_ARC,58,8,8,0,58->57->2->7->8,58->57->2->7->8,1.62571,inf,0.0,169,169,1.62571,6.621596,27.448579,6.30517,0.0,0.0,0.0,0,169,0.5,0.5,0.0,5,0.0,0.0
Uninett2010,SM,3,MCF_ARC,59,8,1,1,59->1->2->7->8,59->1,5.184654,inf,0.0,139,139,4.526931,15.745446,37.272143,13.227513,0.0,0.0,0.0,0,139,0.5,0.5,0.0,5,0.0,0.0
Uninett2010,SM,3,MCF_ARC,60,8,1,1,60->58->57->2->7->8,60->58->57->2->1,1.907374,inf,0.0,142,142,1.249651,15.745446,33.994863,13.227513,0.0,0.0,0.0,0,142,0.5,0.5,0.0,5,0.0,0.0
Uninett2010,SM,3,MCF_ARC,61,8,5,1,61->34->30->9->68->2->7->8,61->34->30->40->37->36->67->4->1->2->7->8->5,23.737314,inf,0.0,201,201,21.106722,2.408213,43.011056,2.386635,0.0,0.0,0.0,0,201,0.5,0.5,0.0,5,0.0,0.0
Uninett2010,SM,3,MCF_ARC,62,8,1,1,62->41->18->42->4->11->6->8,62->41->18->42->4->1,6.500046,inf,0.0,156,156,5.167962,15.745446,37.913174,13.227513,0.0,0.0,0.0,0,156,0.5,0.5,0.0,5,0.0,0.0
Uninett2010,SM,3,MCF_ARC,63,8,8,0,63->34->30->9->68->2->7->8,63->34->30->40->37->36->67->68->2->7->8,23.737314,inf,0.0,172,172,21.106722,6.621596,46.929592,6.30517,0.0,0.0,0.0,0,172,0.5,0.5,0.0,5,0.0,0.0
Uninett2010,SM,3,MCF_ARC,64,8,3,1,64->38->68->2->7->8,64->38->37->36->67->4->3,8.252685,inf,0.0,151,151,8.77104,4.901629,33.050643,4.761905,0.0,0.0,0.0,0,151,0.5,0.5,0.0,5,0.0,0.0
Uninett2010,SM,3,MCF_ARC,65,7,3,1,65->73->74->1->2->7,65->66->3,2.034193,inf,0.0,146,146,0.859925,4.901629,25.139529,4.761905,0.0,0.0,0.0,0,146,0.5,0.5,0.0,5,0.0,0.0
Uninett2010,SM,3,MCF_ARC,66,7,3,1,66->3->4->2->7,66->3,1.539311,inf,0.0,177,177,0.37625,4.901629,24.655854,4.761905,0.0,0.0,0.0,0,177,0.5,0.5,0.0,5,0.0,0.0
Uninett2010,SM,3,MCF_ARC,67,7,7,0,67->4->2->7,67->68->2->7,4.103348,inf,0.0,191,191,4.103348,11.62229,33.199591,9.578544,0.0,0.0,0.0,0,191.0,0.5,0.5,0.0,5,0.0,0.0
Uninett2010,SM,3,MCF_ARC,68,7,7,0,68->2->7,68->67->4->2->7,4.103348,inf,0.0,155,155,4.103348,11.62229,33.199591,9.578544,0.0,0.0,0.0,0,155.0,0.5,0.5,0.0,5,0.0,0.0
Uninett2010,SM,3,MCF_ARC,69,7,1,1,69->68->2->7,69->67->4->1,4.103348,inf,0.0,201,201,3.924582,15.745446,36.669794,13.227513,0.0,0.0,0.0,0,201.0,0.5,0.5,0.0,5,0.0,0.0
Uninett2010,SM,3,MCF_ARC,70,7,4,1,70->69->68->2->7,70->69->67->18->42->4,5.405227,inf,0.0,159,159,8.66507,7.482501,35.524913,7.342144,0.0,0.0,0.0,0,159,0.5,0.5,0.0,5,0.0,0.0
Uninett2010,SM,3,MCF_ARC,71,6,6,0,71->72->73->74->1->4->11->6,71->72->73->74->1->4->11->6,6.712906,41.428173,0.0,200,200,6.712906,19.51185,45.169998,18.939394,0.0,0.0,0.0,0,200,0.5,0.5,0.0,5,0.0,0.0
Uninett2010,SM,3,MCF_ARC,72,6,3,1,72->73->74->1->4->11->6,72->73->74->1->4->3,2.551474,37.266741,0.0,185,185,2.85534,4.901629,27.134943,4.761905,0.0,0.0,0.0,0,185,0.5,0.5,0.0,5,0.0,0.0
Uninett2010,SM,3,MCF_ARC,73,6,6,0,73->74->1->4->11->6,73->74->1->4->11->6,2.249929,36.965196,0.0,174,174,2.249929,19.51185,40.707021,18.939394,0.0,0.0,0.0,0,174,0.5,0.5,0.0,5,0.0,0.0
Uninett2010,SM,3,MCF_ARC,74,6,1,1,74->1->4->11->6,74->1,1.443318,36.158585,0.0,186,186,0.762889,15.745446,33.508101,13.227513,0.0,0.0,0.0,0,186,0.5,0.5,0.0,5,0.0,0.0
Uninett2010,SM,4,B1,1,1,1,0,1,,0.0,20.638775,0.0,164,164,0.0,2.915452,22.433151,2.915452,0.0,0.0,0.0,0,164.0,0.5,0.5,0.0,5,0.0,0.0
Uninett2010,SM,4,B1,2,2,4,1,2,,0.0,20.63752,0.0,171,171,0.0,3.676471,23.194169,3.676471,2.55665,0.0,0.0,0,171.0,0.5,0.5,0.0,5,0.0,0.0
Uninett2010,SM,4,B1,3,3,3,0,3,,0.0,20.533752,0.0,151,151,0.0,1.016054,20.533752,1.016054,0.0,0.0,0.0,0,151,0.5,0.5,0.0,5,0.0,0.0
Uninett2010,SM,4,B1,4,4,4,0,4,,0.0,20.691408,0.0,204,204,0.0,3.676471,23.194169,3.676471,0.0,0.0,0.0,0,204.0,0.5,0.5,0.0,5,0.0,0.0
Uninett2010,SM,4,B1,5,5,5,0,5,,0.0,20.621452,0.0,150,150,0.0,1.408451,20.92615,1.408451,0.0,0.0,0.0,0,150,0.5,0.5,0.0,5,0.0,0.0
Uninett2010,SM,4,B1,6,6,6,0,6,,0.0,30.155997,0.0,151,151,0.0,10.638298,30.155997,10.638298,0.0,0.0,0.0,0,151,0.5,0.5,0.0,5,0.0,0.0
Uninett2010,SM,4,B1,7,7,7,0,7,,0.0,inf,0.0,160,160,0.0,178.571429,198.089127,178.571429,0.0,0.0,0.0,0,160,0.5,0.5,0.0,5,0.0,0.0
Uninett2010,SM,4,B1,8,8,5,1,8,,0.0,inf,0.0,196,196,0.0,1.408451,20.92615,1.408451,0.0,0.0,0.0,0,196,0.5,0.5,0.0,5,0.0,0.0
Uninett2010,SM,4,B1,9,9,9,0,9,,0.0,inf,0.0,182,182,0.0,250.0,269.517699,250.0,0.0,0.0,0.0,0,182.0,0.5,0.5,0.0,5,0.0,0.0
Uninett2010,SM,4,B1,10,10,10,0,10,,0.0,inf,0.0,215,215,0.0,200.0,219.517699,200.0,0.0,0.0,0.0,0,215,0.5,0.5,0.0,5,0.0,0.0
Uninett2010,SM,4,B1,11,11,11,0,11,,0.0,inf,0.0,197,197,0.0,10.504202,30.021901,10.504202,0.0,0.0,0.0,0,197,0.5,0.5,0.0,5,0.0,0.0
Uninett2010,SM,4,B1,12,12,12,0,12,,0.0,inf,0.0,272,272,0.0,34.482759,54.000457,34.482759,0.0,0.0,0.0,0,272,0.5,0.5,0.0,5,0.0,0.0
Uninett2010,SM,4,B1,13,13,13,0,13,,0.0,inf,0.0,191,191,0.0,500.0,519.517699,500.0,0.0,0.0,0.0,0,191,0.5,0.5,0.0,5,0.0,0.0
Uninett2010,SM,4,B1,14,14,13,1,14,,0.0,inf,0.0,172,172,0.403866,500.0,519.921565,500.0,0.0,0.0,0.0,0,172,0.5,0.5,0.0,5,0.0,0.0
Uninett2010,SM,4,B1,15,15,15,0,15,,0.0,inf,0.0,191,191,0.0,131.578947,151.096646,131.578947,0.0,0.0,0.0,0,191,0.5,0.5,0.0,5,0.0,0.0
Uninett2010,SM,4,B1,16,15,15,0,16->15,,0.790036,inf,0.0,243,243,0.790036,131.578947,151.886682,131.578947,0.0,0.0,0.0,0,243,0.5,0.5,0.0,5,0.0,0.0
Uninett2010,SM,4,B1,17,15,15,0,17->18->67->27->15,,15.03835,inf,0.0,160,160,15.03835,131.578947,166.134996,131.578947,0.0,0.0,0.0,0,160,0.5,0.5,0.0,5,0.0,0.0
Uninett2010,SM,4,B1,18,15,9,1,18->67->27->15,,14.316511,inf,0.0,195,195,12.198255,250.0,281.715954,250.0,0.0,0.0,0.0,0,195.0,0.5,0.5,0.0,5,0.0,0.0
Uninett2010,SM,4,B1,19,15,15,0,19->50->1->4->67->27->15,,15.490473,inf,0.0,175,175,15.490473,131.578947,166.587119,131.578947,0.0,0.0,0.0,0,175,0.5,0.5,0.0,5,0.0,0.0
Uninett2010,SM,4,B1,20,15,1,1,20->19->50->1->4->67->27->15,,16.403139,inf,0.0,187,187,2.467515,2.915452,24.900666,2.915452,0.0,0.0,0.0,0,187,0.5,0.5,0.0,5,0.0,0.0
Uninett2010,SM,4,B1,21,15,15,0,21->50->1->4->67->27->15,,15.711361,inf,0.0,160,160,15.711361,131.578947,166.808007,131.578947,0.0,0.0,0.0,0,160,0.5,0.5,0.0,5,0.0,0.0
Uninett2010,SM,4,B1,22,14,14,0,22->23->24->42->18->67->27->15->13->14,,20.706526,inf,0.0,199,199,19.345171,192.307692,231.170562,192.307692,0.0,0.0,0.0,0,199,0.5,0.5,0.0,5,0.0,0.0
Uninett2010,SM,4,B1,23,14,14,0,23->4->67->27->15->13->14,,19.229416,inf,0.0,224,224,19.229416,192.307692,231.054807,192.307692,0.0,0.0,0.0,0,224,0.5,0.5,0.0,5,0.0,0.0
Uninett2010,SM,4,B1,24,14,13,1,24->42->18->67->27->15->13->14,,18.689771,inf,0.0,182,182,18.285906,500.0,537.803604,500.0,0.0,0.0,0.0,0,182,0.5,0.5,0.0,5,0.0,0.0
Uninett2010,SM,4,B1,25,14,2,1,25->24->42->18->67->27->15->13->14,,18.820786,inf,0.0,232,232,4.258067,21.276596,45.052362,21.276596,0.0,0.0,0.0,0,232,0.5,0.5,0.0,5,0.0,0.0
Uninett2010,SM,4,B1,26,14,14,0,26->17->18->67->27->15->13->14,,18.203526,inf,0.0,236,236,18.203526,192.307692,230.028917,192.307692,0.0,0.0,0.0,0,236,0.5,0.5,0.0,5,0.0,0.0
Uninett2010,SM,4,B1,27,13,13,0,27->15->13,,4.485735,inf,0.0,193,193,4.485735,500.0,524.003434,500.0,0.0,0.0,0.0,0,193.0,0.5,0.5,0.0,5,0.0,0.0
Uninett2010,SM,4,B1,28,13,14,1,28->12->11->4->67->27->15->13,,17.285865,inf,0.0,201,201,17.68973,192.307692,229.515121,192.307692,0.0,0.0,0.0,0,201,0.5,0.5,0.0,5,0.0,0.0
Uninett2010,SM,4,B1,29,13,14,1,29->34->30->9->27->15->13,,15.747959,inf,0.0,194,194,16.151824,192.307692,227.977216,192.307692,0.0,0.0,0.0,0,194.0,0.5,0.5,0.0,5,0.0,0.0
Uninett2010,SM,4,B1,30,13,15,1,30->9->27->15->13,,5.832342,inf,0.0,221,221,3.464862,131.578947,154.561508,131.578947,0.0,0.0,0.0,0,221,0.5,0.5,0.0,5,0.0,0.0
Uninett2010,SM,4,B1,31,15,9,1,31->30->9->27->15,,3.923618,inf,0.0,131,131,1.805362,250.0,271.323061,250.0,0.0,0.0,0.0,0,131,0.5,0.5,0.0,5,0.0,0.0
Uninett2010,SM,4,B1,32,13,13,0,32->49->14->13,,3.294517,inf,0.0,170,170,3.294517,500.0,522.812215,500.0,0.0,0.0,0.0,0,170,0.5,0.5,0.0,5,0.0,0.0
Uninett2010,SM,4,B1,33,12,12,0,33->35->67->4->11->12,,6.0256,inf,0.0,177,177,6.0256,34.482759,60.026058,34.482759,0.0,0.0,0.0,0,177,0.5,0.5,0.0,5,0.0,0.0
Uninett2010,SM,4,B1,34,12,11,1,34->30->9->68->2->57->12,,24.221407,inf,0.0,188,188,20.806298,10.504202,50.828199,10.504202,0.0,0.0,0.0,0,188.0,0.5,0.5,0.0,5,0.0,0.0
Uninett2010,SM,4,B1,35,12,12,0,35->67->4->11->12,,5.522408,inf,0.0,192,192,5.522408,34.482759,59.522866,34.482759,0.0,0.0,0.0,0,192,0.5,0.5,0.0,5,0.0,0.0
Uninett2010,SM,4,B1,36,12,12,0,36->67->4->11->12,,7.752648,inf,0.0,193,193,7.752648,34.482759,61.753105,34.482759,0.0,0.0,0.0,0,193,0.5,0.5,0.0,5,0.0,0.0
Uninett2010,SM,4,B1,37,12,12,0,37->36->67->4->11->12,,8.015621,inf,0.0,193,193,8.015621,34.482759,62.016078,34.482759,0.0,0.0,0.0,0,193,0.5,0.5,0.0,5,0.0,0.0
Uninett2010,SM,4,B1,38,11,11,0,38->68->67->4->11,,7.952261,inf,0.0,169,169,7.952261,10.504202,37.974161,10.504202,0.0,0.0,0.0,0,169,0.5,0.5,0.0,5,0.0,0.0
Uninett2010,SM,4,B1,39,11,11,0,39->38->68->67->4->11,,7.952261,inf,0.0,187,187,7.952261,10.504202,37.974161,10.504202,0.0,0.0,0.0,0,187,0.5,0.5,0.0,5,0.0,0.0
Uninett2010,SM,4,B1,40,13,13,0,40->10->27->15->13,,7.779796,inf,0.0,146,146,7.746158,500.0,527.263857,500.0,0.0,0.0,0.0,0,146,0.5,0.5,0.0,5,0.0,0.0
Uninett2010,SM,4,B1,41,11,2,1,41->18->42->4->11,,4.756885,inf,0.0,207,207,4.399586,21.276596,45.193881,21.276596,0.0,0.0,0.0,0,207,0.5,0.5,0.0,5,0.0,0.0
Uninett2010,SM,4,B1,42,11,4,1,42->4->11,,3.415021,inf,0.0,177,177,3.057722,3.676471,26.251891,3.676471,0.0,0.0,0.0,0,177.0,0.5,0.5,0.0,5,0.0,0.0
Uninett2010,SM,4,B1,43,11,11,0,43->67->4->11,,6.683875,inf,0.0,117,117,5.774059,10.504202,35.795959,10.504202,0.0,0.0,0.0,0,117,0.5,0.5,0.0,5,0.0,0.0
Uninett2010,SM,4,B1,44,11,2,1,44->41->18->42->4->11,,5.467502,inf,0.0,151,151,5.110203,21.276596,45.904498,21.276596,0.0,0.0,0.0,0,151,0.5,0.5,0.0,5,0.0,0.0
Uninett2010,SM,4,B1,45,11,11,0,45->47->69->67->4->11,,6.173708,inf,0.0,182,182,6.173708,10.504202,36.195608,10.504202,0.0,0.0,0.0,0,182,0.5,0.5,0.0,5,0.0,0.0
Uninett2010,SM,4,B1,46,10,2,1,46->43->67->36->37->40->10,,9.273608,inf,0.0,187,187,5.780983,21.276596,46.575278,21.276596,0.0,0.0,0.0,0,187,0.5,0.5,0.0,5,0.0,0.0
Uninett2010,SM,4,B1,47,10,10,0,47->69->68->38->40->10,,7.95314,inf,0.0,163,163,7.892964,200.0,227.410663,200.0,0.0,0.0,0.0,0,163,0.5,0.5,0.0,5,0.0,0.0
Uninett2010,SM,4,B1,48,10,10,0,48->35->33->38->40->10,,6.329273,inf,0.0,163,163,6.329273,200.0,225.846971,200.0,0.0,0.0,0.0,0,163,0.5,0.5,0.0,5,0.0,0.0
Uninett2010,SM,4,B1,49,10,10,0,49->32->16->9->30->10,,5.761277,inf,0.0,204,204,5.356774,200.0,224.874472,200.0,0.0,0.0,0.0,0,204,0.5,0.5,0.0,5,0.0,0.0
Uninett2010,SM,4,B1,50,10,10,0,50->1->4->67->36->37->40->10,,11.518584,inf,0.0,159,159,11.518584,200.0,231.036283,200.0,0.0,0.0,0.0,0,159,0.5,0.5,0.0,5,0.0,0.0
Uninett2010,SM,4,B1,51,10,10,0,51->50->1->2->68->38->40->10,,11.756311,inf,0.0,147,147,11.364751,200.0,230.88245,200.0,0.0,0.0,0.0,0,147,0.5,0.5,0.0,5,0.0,0.0
Uninett2010,SM,4,B1,52,9,2,1,52->68->9,,8.170334,inf,0.0,240,240,4.202131,21.276596,44.996426,21.276596,0.0,0.0,0.0,0,240,0.5,0.5,0.0,5,0.0,0.0
Uninett2010,SM,4,B1,53,9,1,1,53->7->2->68->9,,11.996133,inf,0.0,177,177,0.178765,2.915452,22.611916,2.915452,0.0,0.0,0.0,0,177,0.5,0.5,0.0,5,0.0,0.0
Uninett2010,SM,4,B1,54,9,1,1,54->58->57->2->68->9,,12.785355,inf,0.0,185,185,0.967987,2.915452,23.401138,2.915452,0.0,0.0,0.0,0,185,0.5,0.5,0.0,5,0.0,0.0
Uninett2010,SM,4,B1,55,9,9,0,55->12->57->2->68->9,,13.417115,inf,0.0,150,150,13.024622,250.0,282.542321,250.0,0.0,0.0,0.0,0,150,0.5,0.5,0.0,5,0.0,0.0
Uninett2010,SM,4,B1,56,9,9,0,56->34->30->9,,11.262223,inf,0.0,177,177,11.262223,250.0,280.779922,250.0,0.0,0.0,0.0,0,177.0,0.5,0.5,0.0,5,0.0,0.0
Uninett2010,SM,4,B1,57,9,9,0,57->2->68->9,,12.547369,inf,0.0,175,175,12.547369,250.0,282.065068,250.0,0.0,0.0,0.0,0,175,0.5,0.5,0.0,5,0.0,0.0
Uninett2010,SM,4,B1,58,8,8,0,58->57->2->7->8,,1.62571,inf,0.0,186,186,1.62571,37.037037,58.180446,37.037037,0.0,0.0,0.0,0,186,0.5,0.5,0.0,5,0.0,0.0
Uninett2010,SM,4,B1,59,9,9,0,59->1->2->68->9,,16.344299,inf,0.0,142,142,16.344299,250.0,285.861997,250.0,0.0,0.0,0.0,0,142,0.5,0.5,0.0,5,0.0,0.0
Uninett2010,SM,4,B1,60,8,8,0,60->58->57->2->7->8,,1.907374,inf,0.0,174,174,1.907374,37.037037,58.46211,37.037037,0.0,0.0,0.0,0,174,0.5,0.5,0.0,5,0.0,0.0
Uninett2010,SM,4,B1,61,8,8,0,61->34->30->9->68->2->7->8,,23.737314,inf,0.0,197,197,21.106722,37.037037,77.661458,37.037037,0.0,0.0,0.0,0,197,0.5,0.5,0.0,5,0.0,0.0
Uninett2010,SM,4,B1,62,8,8,0,62->41->18->42->4->11->6->8,,6.500046,inf,0.0,187,187,5.825685,37.037037,62.380421,37.037037,0.0,0.0,0.0,0,187,0.5,0.5,0.0,5,0.0,0.0
Uninett2010,SM,4,B1,63,8,8,0,63->34->30->40->38->68->2->7->8,,21.166899,inf,0.0,221,221,21.106722,37.037037,77.661458,37.037037,0.0,0.0,0.0,0,221,0.5,0.5,0.0,5,0.0,0.0
Uninett2010,SM,4,B1,64,8,8,0,64->38->68->2->7->8,,8.252685,inf,0.0,164,164,8.252685,37.037037,64.807421,37.037037,0.0,0.0,0.0,0,164,0.5,0.5,0.0,5,0.0,0.0
Uninett2010,SM,4,B1,65,7,7,0,65->66->3->4->2->7,,2.022986,inf,0.0,186,186,2.022986,178.571429,200.112113,178.571429,0.0,0.0,0.0,0,186,0.5,0.5,0.0,5,0.0,0.0
Uninett2010,SM,4,B1,66,7,7,0,66->3->4->2->7,,1.539311,inf,0.0,199,199,1.539311,178.571429,199.628438,178.571429,0.0,0.0,0.0,0,199,0.5,0.5,0.0,5,0.0,0.0
Uninett2010,SM,4,B1,67,7,7,0,67->4->2->7,,4.103348,inf,0.0,157,157,4.103348,178.571429,202.192475,178.571429,0.0,0.0,0.0,0,157.0,0.5,0.5,0.0,5,0.0,0.0
Uninett2010,SM,4,B1,68,7,4,1,68->2->7,,4.103348,inf,0.0,232,232,3.924582,3.676471,27.118752,3.676471,0.0,0.0,0.0,0,232.0,0.5,0.5,0.0,5,0.0,0.0
Uninett2010,SM,4,B1,69,7,7,0,69->68->2->7,,4.103348,inf,0.0,199,199,4.103348,178.571429,202.192475,178.571429,0.0,0.0,0.0,0,199.0,0.5,0.5,0.0,5,0.0,0.0
Uninett2010,SM,4,B1,70,6,6,0,70->69->67->4->11->6,,5.90689,36.062887,0.0,231,231,5.90689,10.638298,36.062887,10.638298,0.0,0.0,0.0,0,231,0.5,0.5,0.0,5,0.0,0.0
Uninett2010,SM,4,B1,71,7,7,0,71->72->73->74->1->2->7,,6.211242,inf,0.0,159,159,6.211242,178.571429,204.30037,178.571429,0.0,0.0,0.0,0,159,0.5,0.5,0.0,5,0.0,0.0
Uninett2010,SM,4,B1,72,6,6,0,72->73->74->1->4->11->6,,2.551474,32.70747,0.0,185,185,2.551474,10.638298,32.70747,10.638298,0.0,0.0,0.0,0,185,0.5,0.5,0.0,5,0.0,0.0
Uninett2010,SM,4,B1,73,6,6,0,73->74->1->4->11->6,,2.249929,32.405925,0.0,215,215,2.249929,10.638298,32.405925,10.638298,0.0,0.0,0.0,0,215,0.5,0.5,0.0,5,0.0,0.0
Uninett2010,SM,4,B1,74,6,6,0,74->1->4->11->6,,1.443318,31.599314,0.0,180,180,1.443318,10.638298,31.599314,10.638298,0.0,0.0,0.0,0,180,0.5,0.5,0.0,5,0.0,0.0
Uninett2010,SM,4,B3,1,1,1,0,1,1,0.0,20.638775,0.0,164,164,0.0,3.30033,22.818029,3.30033,0.0,0.0,0.0,0,164.0,0.5,0.5,0.0,5,0.0,0.0
Uninett2010,SM,4,B3,2,2,2,0,2,2,0.0,20.63752,0.0,171,171,0.0,inf,inf,inf,0.0,0.0,0.0,0,171.0,0.5,0.5,0.0,5,0.0,0.0
Uninett2010,SM,4,B3,3,3,3,0,3,3,0.0,20.533752,0.0,151,151,0.0,inf,inf,inf,0.0,0.0,0.0,0,151,0.5,0.5,0.0,5,0.0,0.0
Uninett2010,SM,4,B3,4,4,4,0,4,4,0.0,20.691408,0.0,204,204,0.0,1.173709,20.691408,1.173709,0.0,0.0,0.0,0,204.0,0.5,0.5,0.0,5,0.0,0.0
Uninett2010,SM,4,B3,5,5,5,0,5,5,0.0,20.621452,0.0,150,150,0.0,2.994012,22.511711,2.994012,0.0,0.0,0.0,0,150,0.5,0.5,0.0,5,0.0,0.0
Uninett2010,SM,4,B3,6,6,6,0,6,6,0.0,30.155997,0.0,151,151,0.0,3.649635,23.167334,3.649635,0.0,0.0,0.0,0,151,0.5,0.5,0.0,5,0.0,0.0
Uninett2010,SM,4,B3,7,7,7,0,7,7,0.0,inf,0.0,160,160,0.0,6.150062,25.66776,6.150062,0.0,0.0,0.0,0,160,0.5,0.5,0.0,5,0.0,0.0
Uninett2010,SM,4,B3,8,8,8,0,8,8,0.0,inf,0.0,196,196,0.0,2.48139,21.999088,2.48139,0.0,0.0,0.0,0,196,0.5,0.5,0.0,5,0.0,0.0
Uninett2010,SM,4,B3,9,9,9,0,9,9,0.0,inf,0.0,182,182,0.0,3.484321,23.002019,3.484321,0.0,0.0,0.0,0,182.0,0.5,0.5,0.0,5,0.0,0.0
Uninett2010,SM,4,B3,10,10,10,0,10,10,0.0,inf,0.0,215,215,0.0,6.944444,26.462143,6.944444,0.0,0.0,0.0,0,215,0.5,0.5,0.0,5,0.0,0.0
Uninett2010,SM,4,B3,11,11,11,0,11,11,0.0,inf,0.0,197,197,0.0,3.858025,23.375724,3.858025,0.0,0.0,0.0,0,197,0.5,0.5,0.0,5,0.0,0.0
Uninett2010,SM,4,B3,12,12,12,0,12,12,0.0,inf,0.0,272,272,0.0,4.739336,24.257035,4.739336,0.0,0.0,0.0,0,272,0.5,0.5,0.0,5,0.0,0.0
Uninett2010,SM,4,B3,13,13,13,0,13,13,0.0,inf,0.0,191,191,0.0,3.610108,23.127807,3.610108,0.0,0.0,0.0,0,191,0.5,0.5,0.0,5,0.0,0.0
Uninett2010,SM,4,B3,14,14,14,0,14,14,0.0,inf,0.0,172,172,0.0,4.306632,23.824331,4.306632,0.0,0.0,0.0,0,172,0.5,0.5,0.0,5,0.0,0.0
Uninett2010,SM,4,B3,15,15,15,0,15,15,0.0,inf,0.0,191,191,0.0,4.00641,23.524109,4.00641,0.0,0.0,0.0,0,191,0.5,0.5,0.0,5,0.0,0.0
Uninett2010,SM,4,B3,16,15,2,1,16->15,16->9->68->2,0.790036,inf,0.0,243,243,13.518283,inf,inf,inf,0.0,0.0,0.0,0,243,0.5,0.5,0.0,5,0.0,0.0
Uninett2010,SM,4,B3,17,15,1,1,17->18->67->27->15,17->18->42->1,15.03835,inf,0.0,160,160,3.779561,3.30033,26.59759,3.30033,0.0,0.0,0.0,0,160,0.5,0.5,0.0,5,0.0,0.0
Uninett2010,SM,4,B3,18,15,15,0,18->67->27->15,18->67->27->15,14.316511,inf,0.0,195,195,14.316511,4.00641,37.84062,4.00641,0.0,0.0,0.0,0,195.0,0.5,0.5,0.0,5,0.0,0.0
Uninett2010,SM,4,B3,19,15,15,0,19->50->1->4->67->27->15,19->50->1->4->67->27->15,15.490473,inf,0.0,175,175,15.490473,4.00641,39.014582,4.00641,0.0,0.0,0.0,0,175,0.5,0.5,0.0,5,0.0,0.0
Uninett2010,SM,4,B3,20,15,15,0,20->19->50->1->4->67->27->15,20->19->50->1->4->67->27->15,16.403139,inf,0.0,187,187,16.403139,4.00641,39.927248,4.00641,0.0,0.0,0.0,0,187,0.5,0.5,0.0,5,0.0,0.0
Uninett2010,SM,4,B3,21,15,15,0,21->50->1->4->67->27->15,21->50->1->4->67->27->15,15.711361,inf,0.0,160,160,15.711361,4.00641,39.23547,4.00641,0.0,0.0,0.0,0,160,0.5,0.5,0.0,5,0.0,0.0
Uninett2010,SM,4,B3,22,14,14,0,22->23->24->42->18->67->27->15->13->14,22->20->19->50->1->4->67->27->15->13->14,20.706526,inf,0.0,199,199,19.345171,4.306632,43.169502,4.306632,0.0,0.0,0.0,0,199,0.5,0.5,0.0,5,0.0,0.0
Uninett2010,SM,4,B3,23,14,14,0,23->4->67->27->15->13->14,23->4->67->27->15->13->14,19.229416,inf,0.0,224,224,19.229416,4.306632,43.053747,4.306632,0.0,0.0,0.0,0,224,0.5,0.5,0.0,5,0.0,0.0
Uninett2010,SM,4,B3,24,14,2,1,24->42->18->67->27->15->13->14,24->23->4->2,18.689771,inf,0.0,182,182,4.127053,inf,inf,inf,0.0,0.0,0.0,0,182,0.5,0.5,0.0,5,0.0,0.0
Uninett2010,SM,4,B3,25,14,14,0,25->24->42->18->67->27->15->13->14,25->24->42->18->67->27->15->13->14,18.820786,inf,0.0,232,232,18.820786,4.306632,42.645117,4.306632,0.0,0.0,0.0,0,232,0.5,0.5,0.0,5,0.0,0.0
Uninett2010,SM,4,B3,26,14,3,1,26->17->18->67->27->15->13->14,26->17->18->42->4->3,18.203526,inf,0.0,236,236,5.157686,inf,inf,inf,0.0,0.0,0.0,0,236,0.5,0.5,0.0,5,0.0,0.0
Uninett2010,SM,4,B3,27,13,13,0,27->15->13,27->15->13,4.485735,inf,0.0,193,193,4.485735,3.610108,27.613543,3.610108,0.0,0.0,0.0,0,193.0,0.5,0.5,0.0,5,0.0,0.0
Uninett2010,SM,4,B3,28,13,13,0,28->12->11->4->67->27->15->13,28->12->11->4->67->27->15->13,17.285865,inf,0.0,201,201,17.285865,3.610108,40.413672,3.610108,0.0,0.0,0.0,0,201,0.5,0.5,0.0,5,0.0,0.0
Uninett2010,SM,4,B3,29,13,13,0,29->34->30->9->27->15->13,29->34->30->9->27->15->13,15.747959,inf,0.0,194,194,15.747959,3.610108,38.875766,3.610108,0.0,0.0,0.0,0,194.0,0.5,0.5,0.0,5,0.0,0.0
Uninett2010,SM,4,B3,30,13,2,1,30->9->27->15->13,30->40->37->36->67->68->2,5.832342,inf,0.0,221,221,10.533382,inf,inf,inf,0.0,0.0,0.0,0,221,0.5,0.5,0.0,5,0.0,0.0
Uninett2010,SM,4,B3,31,15,3,1,31->30->9->27->15,31->30->40->37->36->67->4->3,3.923618,inf,0.0,131,131,11.976434,inf,inf,inf,0.0,0.0,0.0,0,131,0.5,0.5,0.0,5,0.0,0.0
Uninett2010,SM,4,B3,32,13,1,1,32->49->14->13,32->16->9->68->2->1,3.294517,inf,0.0,170,170,14.589,3.30033,37.407029,3.30033,0.0,0.0,0.0,0,170,0.5,0.5,0.0,5,0.0,0.0
Uninett2010,SM,4,B3,33,12,2,1,33->35->67->4->11->12,33->35->67->68->2,6.0256,inf,0.0,177,177,5.276277,inf,inf,inf,0.0,0.0,0.0,0,177,0.5,0.5,0.0,5,0.0,0.0
Uninett2010,SM,4,B3,34,12,12,0,34->30->9->68->2->57->12,34->30->40->37->36->67->4->11->12,24.221407,inf,0.0,188,188,21.198322,4.739336,45.455358,4.739336,0.0,0.0,0.0,0,188.0,0.5,0.5,0.0,5,0.0,0.0
Uninett2010,SM,4,B3,35,12,12,0,35->67->4->11->12,35->67->4->11->12,5.522408,inf,0.0,192,192,5.522408,4.739336,29.779444,4.739336,0.0,0.0,0.0,0,192,0.5,0.5,0.0,5,0.0,0.0
Uninett2010,SM,4,B3,36,12,12,0,36->67->4->11->12,36->67->4->11->12,7.752648,inf,0.0,193,193,7.752648,4.739336,32.009683,4.739336,0.0,0.0,0.0,0,193,0.5,0.5,0.0,5,0.0,0.0
Uninett2010,SM,4,B3,37,12,3,1,37->36->67->4->11->12,37->36->67->4->3,8.015621,inf,0.0,193,193,8.250593,inf,inf,inf,0.0,0.0,0.0,0,193,0.5,0.5,0.0,5,0.0,0.0
Uninett2010,SM,4,B3,38,11,11,0,38->68->67->4->11,38->68->67->4->11,7.952261,inf,0.0,169,169,7.952261,3.858025,31.327984,3.858025,0.0,0.0,0.0,0,169,0.5,0.5,0.0,5,0.0,0.0
Uninett2010,SM,4,B3,39,11,2,1,39->38->68->67->4->11,39->38->68->2,7.952261,inf,0.0,187,187,7.594962,inf,inf,inf,0.0,0.0,0.0,0,187,0.5,0.5,0.0,5,0.0,0.0
Uninett2010,SM,4,B3,40,13,3,1,40->10->27->15->13,40->37->36->67->4->3,7.779796,inf,0.0,146,146,9.603861,inf,inf,inf,0.0,0.0,0.0,0,146,0.5,0.5,0.0,5,0.0,0.0
Uninett2010,SM,4,B3,41,11,3,1,41->18->42->4->11,41->18->42->4->3,4.756885,inf,0.0,207,207,5.383881,inf,inf,inf,0.0,0.0,0.0,0,207,0.5,0.5,0.0,5,0.0,0.0
Uninett2010,SM,4,B3,42,11,11,0,42->4->11,42->4->11,3.415021,inf,0.0,177,177,3.415021,3.858025,26.790744,3.858025,0.0,0.0,0.0,0,177.0,0.5,0.5,0.0,5,0.0,0.0
Uninett2010,SM,4,B3,43,11,1,1,43->67->4->11,43->18->42->1,6.683875,inf,0.0,117,117,5.41676,3.30033,28.234789,3.30033,0.0,0.0,0.0,0,117,0.5,0.5,0.0,5,0.0,0.0
Uninett2010,SM,4,B3,44,11,11,0,44->41->18->42->4->11,44->41->18->42->4->11,5.467502,inf,0.0,151,151,5.467502,3.858025,28.843226,3.858025,0.0,0.0,0.0,0,151,0.5,0.5,0.0,5,0.0,0.0
Uninett2010,SM,4,B3,45,11,11,0,45->47->69->67->4->11,45->47->69->67->4->11,6.173708,inf,0.0,182,182,6.173708,3.858025,29.549431,3.858025,0.0,0.0,0.0,0,182,0.5,0.5,0.0,5,0.0,0.0
Uninett2010,SM,4,B3,46,10,10,0,46->43->67->36->37->40->10,46->43->67->36->37->40->10,9.273608,inf,0.0,187,187,9.273608,6.944444,35.735752,6.944444,0.0,0.0,0.0,0,187,0.5,0.5,0.0,5,0.0,0.0
Uninett2010,SM,4,B3,47,10,2,1,47->69->68->38->40->10,47->69->68->2,7.95314,inf,0.0,163,163,5.310155,inf,inf,inf,0.0,0.0,0.0,0,163,0.5,0.5,0.0,5,0.0,0.0
Uninett2010,SM,4,B3,48,10,3,1,48->35->33->38->40->10,48->52->68->67->4->3,6.329273,inf,0.0,163,163,5.390952,inf,inf,inf,0.0,0.0,0.0,0,163,0.5,0.5,0.0,5,0.0,0.0
Uninett2010,SM,4,B3,49,10,10,0,49->32->16->9->30->10,49->32->16->9->27->10,5.761277,inf,0.0,204,204,5.356774,6.944444,31.818917,6.944444,0.0,0.0,0.0,0,204,0.5,0.5,0.0,5,0.0,0.0
Uninett2010,SM,4,B3,50,10,10,0,50->1->4->67->36->37->40->10,50->1->4->67->36->37->40->10,11.518584,inf,0.0,159,159,11.518584,6.944444,37.980727,6.944444,0.0,0.0,0.0,0,159,0.5,0.5,0.0,5,0.0,0.0
Uninett2010,SM,4,B3,51,10,10,0,51->50->1->2->68->38->40->10,51->6->11->4->67->36->37->40->10,11.756311,inf,0.0,147,147,11.364751,6.944444,37.826894,6.944444,0.0,0.0,0.0,0,147,0.5,0.5,0.0,5,0.0,0.0
Uninett2010,SM,4,B3,52,9,3,1,52->68->9,52->68->67->4->3,8.170334,inf,0.0,240,240,5.186426,inf,inf,inf,0.0,0.0,0.0,0,240,0.5,0.5,0.0,5,0.0,0.0
Uninett2010,SM,4,B3,53,9,9,0,53->7->2->68->9,53->7->2->68->9,11.996133,inf,0.0,177,177,11.996133,3.484321,34.998153,3.484321,0.0,0.0,0.0,0,177,0.5,0.5,0.0,5,0.0,0.0
Uninett2010,SM,4,B3,54,9,9,0,54->58->57->2->68->9,54->58->57->2->68->9,12.785355,inf,0.0,185,185,12.785355,3.484321,35.787375,3.484321,0.0,0.0,0.0,0,185,0.5,0.5,0.0,5,0.0,0.0
Uninett2010,SM,4,B3,55,9,9,0,55->12->57->2->68->9,55->12->11->4->2->68->9,13.417115,inf,0.0,150,150,13.024622,3.484321,36.026642,3.484321,0.0,0.0,0.0,0,150,0.5,0.5,0.0,5,0.0,0.0
Uninett2010,SM,4,B3,56,9,2,1,56->34->30->9,56->34->30->40->37->36->67->68->2,11.262223,inf,0.0,177,177,20.448999,inf,inf,inf,0.0,0.0,0.0,0,177.0,0.5,0.5,0.0,5,0.0,0.0
Uninett2010,SM,4,B3,57,9,9,0,57->2->68->9,57->2->68->9,12.547369,inf,0.0,175,175,12.547369,3.484321,35.549388,3.484321,0.0,0.0,0.0,0,175,0.5,0.5,0.0,5,0.0,0.0
Uninett2010,SM,4,B3,58,8,8,0,58->57->2->7->8,58->57->2->7->8,1.62571,inf,0.0,186,186,1.62571,2.48139,23.624799,2.48139,0.0,0.0,0.0,0,186,0.5,0.5,0.0,5,0.0,0.0
Uninett2010,SM,4,B3,59,9,1,1,59->1->2->68->9,59->1,16.344299,inf,0.0,142,142,4.526931,3.30033,27.344959,3.30033,0.0,0.0,0.0,0,142,0.5,0.5,0.0,5,0.0,0.0
Uninett2010,SM,4,B3,60,8,8,0,60->58->57->2->7->8,60->58->57->2->7->8,1.907374,inf,0.0,174,174,1.907374,2.48139,23.906463,2.48139,0.0,0.0,0.0,0,174,0.5,0.5,0.0,5,0.0,0.0
Uninett2010,SM,4,B3,61,8,8,0,61->34->30->9->68->2->7->8,61->34->30->40->37->36->67->68->2->7->8,23.737314,inf,0.0,197,197,21.106722,2.48139,43.105811,2.48139,0.0,0.0,0.0,0,197,0.5,0.5,0.0,5,0.0,0.0
Uninett2010,SM,4,B3,62,8,5,1,62->41->18->42->4->11->6->8,62->41->18->42->1->2->7->8->5,6.500046,inf,0.0,187,187,5.825685,2.994012,28.337396,2.994012,0.0,0.0,0.0,0,187,0.5,0.5,0.0,5,0.0,0.0
Uninett2010,SM,4,B3,63,8,5,1,63->34->30->40->38->68->2->7->8,63->34->30->40->37->36->67->68->2->7->8->5,21.166899,inf,0.0,221,221,21.106722,2.994012,43.618433,2.994012,0.0,0.0,0.0,0,221,0.5,0.5,0.0,5,0.0,0.0
Uninett2010,SM,4,B3,64,8,5,1,64->38->68->2->7->8,64->38->68->2->7->8->5,8.252685,inf,0.0,164,164,8.252685,2.994012,30.764396,2.994012,0.0,0.0,0.0,0,164,0.5,0.5,0.0,5,0.0,0.0
Uninett2010,SM,4,B3,65,7,7,0,65->66->3->4->2->7,65->66->3->4->2->7,2.022986,inf,0.0,186,186,2.022986,6.150062,27.690746,6.150062,0.0,0.0,0.0,0,186,0.5,0.5,0.0,5,0.0,0.0
Uninett2010,SM,4,B3,66,7,7,0,66->3->4->2->7,66->3->4->2->7,1.539311,inf,0.0,199,199,1.539311,6.150062,27.207071,6.150062,0.0,0.0,0.0,0,199,0.5,0.5,0.0,5,0.0,0.0
Uninett2010,SM,4,B3,67,7,2,1,67->4->2->7,67->68->2,4.103348,inf,0.0,157,157,3.924582,inf,inf,inf,0.0,0.0,0.0,0,157.0,0.5,0.5,0.0,5,0.0,0.0
Uninett2010,SM,4,B3,68,7,3,1,68->2->7,68->67->4->3,4.103348,inf,0.0,232,232,4.908877,inf,inf,inf,0.0,0.0,0.0,0,232.0,0.5,0.5,0.0,5,0.0,0.0
Uninett2010,SM,4,B3,69,7,7,0,69->68->2->7,69->68->2->7,4.103348,inf,0.0,199,199,4.103348,6.150062,29.771108,6.150062,0.0,0.0,0.0,0,199.0,0.5,0.5,0.0,5,0.0,0.0
Uninett2010,SM,4,B3,70,6,6,0,70->69->67->4->11->6,70->69->67->4->11->6,5.90689,36.062887,0.0,231,231,5.90689,3.649635,29.074224,3.649635,0.0,0.0,0.0,0,231,0.5,0.5,0.0,5,0.0,0.0
Uninett2010,SM,4,B3,71,7,7,0,71->72->73->74->1->2->7,71->72->73->74->1->2->7,6.211242,inf,0.0,159,159,6.211242,6.150062,31.879002,6.150062,0.0,0.0,0.0,0,159,0.5,0.5,0.0,5,0.0,0.0
Uninett2010,SM,4,B3,72,6,6,0,72->73->74->1->4->11->6,72->73->74->1->4->11->6,2.551474,32.70747,0.0,185,185,2.551474,3.649635,25.718808,3.649635,0.0,0.0,0.0,0,185,0.5,0.5,0.0,5,0.0,0.0
Uninett2010,SM,4,B3,73,6,6,0,73->74->1->4->11->6,73->74->1->4->11->6,2.249929,32.405925,0.0,215,215,2.249929,3.649635,25.417263,3.649635,0.0,0.0,0.0,0,215,0.5,0.5,0.0,5,0.0,0.0
Uninett2010,SM,4,B3,74,6,3,1,74->1->4->11->6,74->1->4->3,1.443318,31.599314,0.0,180,180,1.747184,inf,inf,inf,inf,0.0,0.0,0,180,0.5,0.5,0.0,5,0.0,0.0
Uninett2010,SM,4,MCF_ARC,1,1,1,0,1,1,0.0,20.638775,0.0,164,164,0.0,7.278059,26.764076,7.246377,0.0,0.0,0.0,0,164.0,0.5,0.5,0.0,5,0.0,0.0
Uninett2010,SM,4,MCF_ARC,2,2,2,0,2,2,0.0,20.63752,0.0,171,171,0.0,8.429697,27.269637,7.751938,0.0,0.0,0.0,0,171.0,0.5,0.5,0.0,5,0.0,0.0
Uninett2010,SM,4,MCF_ARC,3,3,3,0,3,3,0.0,20.533752,0.0,151,151,0.0,1.55994,21.070012,1.552313,0.0,0.0,0.0,0,151,0.5,0.5,0.0,5,0.0,0.0
Uninett2010,SM,4,MCF_ARC,4,4,4,0,4,4,0.0,20.691408,0.0,204,204,0.0,7.078113,26.462143,6.944444,0.0,0.0,0.0,0,204.0,0.5,0.5,0.0,5,0.0,0.0
Uninett2010,SM,4,MCF_ARC,5,5,5,0,5,5,0.0,20.621452,0.0,150,150,0.0,1.916391,21.422461,1.904762,0.0,0.0,0.0,0,150,0.5,0.5,0.0,5,0.0,0.0
Uninett2010,SM,4,MCF_ARC,6,6,6,0,6,6,0.0,30.155997,0.0,151,151,0.0,9.747401,27.92106,8.403361,0.0,0.0,0.0,0,151,0.5,0.5,0.0,5,0.0,0.0
Uninett2010,SM,4,MCF_ARC,7,7,7,0,7,7,0.0,inf,0.0,160,160,0.0,8.225313,27.174667,7.656968,0.0,0.0,0.0,0,160,0.5,0.5,0.0,5,0.0,0.0
Uninett2010,SM,4,MCF_ARC,8,8,8,0,8,8,0.0,inf,0.0,196,196,0.0,6.149815,25.434859,5.91716,0.0,0.0,0.0,0,196,0.5,0.5,0.0,5,0.0,0.0
Uninett2010,SM,4,MCF_ARC,9,9,9,0,9,9,0.0,inf,0.0,182,182,0.0,10.905119,28.367256,8.849558,0.0,0.0,0.0,0,182.0,0.5,0.5,0.0,5,0.0,0.0
Uninett2010,SM,4,MCF_ARC,10,10,10,0,10,10,0.0,inf,0.0,215,215,0.0,7.044788,26.414251,6.896552,0.0,0.0,0.0,0,215,0.5,0.5,0.0,5,0.0,0.0
Uninett2010,SM,4,MCF_ARC,11,11,11,0,11,11,0.0,inf,0.0,197,197,0.0,12.398593,29.497739,9.98004,0.0,0.0,0.0,0,197,0.5,0.5,0.0,5,0.0,0.0
Uninett2010,SM,4,MCF_ARC,12,12,12,0,12,12,0.0,inf,0.0,272,272,0.0,16.273438,33.406588,13.888889,0.0,0.0,0.0,0,272,0.5,0.5,0.0,5,0.0,0.0
Uninett2010,SM,4,MCF_ARC,13,13,13,0,13,13,0.0,inf,0.0,191,191,0.0,15.301475,32.175927,12.658228,0.0,0.0,0.0,0,191,0.5,0.5,0.0,5,0.0,0.0
Uninett2010,SM,4,MCF_ARC,14,14,14,0,14,14,0.0,inf,0.0,172,172,0.0,17.882953,36.128995,16.611296,0.0,0.0,0.0,0,172,0.5,0.5,0.0,5,0.0,0.0
Uninett2010,SM,4,MCF_ARC,15,15,15,0,15,15,0.0,inf,0.0,191,191,0.0,16.731738,35.49214,15.974441,0.0,0.0,0.0,0,191,0.5,0.5,0.0,5,0.0,0.0
Uninett2010,SM,4,MCF_ARC,16,15,15,0,16->15,16->15,0.790036,inf,0.0,243,243,0.790036,16.731738,36.282175,15.974441,0.0,0.0,0.0,0,243,0.5,0.5,0.0,5,0.0,0.0
Uninett2010,SM,4,MCF_ARC,17,15,15,0,17->18->67->27->15,17->18->67->27->15,15.03835,inf,0.0,160,160,15.03835,16.731738,50.53049,15.974441,0.0,0.0,0.0,0,160,0.5,0.5,0.0,5,0.0,0.0
Uninett2010,SM,4,MCF_ARC,18,15,15,0,18->67->27->15,18->67->27->15,14.316511,inf,0.0,195,195,14.316511,16.731738,49.808651,15.974441,0.0,0.0,0.0,0,195.0,0.5,0.5,0.0,5,0.0,0.0
Uninett2010,SM,4,MCF_ARC,19,15,15,0,19->50->1->4->67->27->15,19->50->1->4->67->27->15,15.490473,inf,0.0,175,175,15.490473,16.731738,50.982612,15.974441,0.0,0.0,0.0,0,175,0.5,0.5,0.0,5,0.0,0.0
Uninett2010,SM,4,MCF_ARC,20,15,7,1,20->19->50->1->4->67->27->15,20->19->50->1->2->7,16.403139,inf,0.0,187,187,2.646281,8.225313,29.820947,7.656968,0.0,0.0,0.0,0,187,0.5,0.5,0.0,5,0.0,0.0
Uninett2010,SM,4,MCF_ARC,21,15,14,1,21->50->1->4->67->27->15,21->50->1->4->67->27->15->13->14,15.711361,inf,0.0,160,160,18.482706,17.882953,54.6117,16.611296,0.0,0.0,0.0,0,160,0.5,0.5,0.0,5,0.0,0.0
Uninett2010,SM,4,MCF_ARC,22,14,14,0,22->23->24->42->18->67->27->15->13->14,22->20->19->50->1->4->67->27->15->13->14,20.706526,inf,0.0,199,199,19.345171,17.882953,55.474165,16.611296,0.0,0.0,0.0,0,199,0.5,0.5,0.0,5,0.0,0.0
Uninett2010,SM,4,MCF_ARC,23,14,11,1,23->4->67->27->15->13->14,23->4->11,19.229416,inf,0.0,224,224,2.879745,12.398593,32.377484,9.98004,0.0,0.0,0.0,0,224,0.5,0.5,0.0,5,0.0,0.0
Uninett2010,SM,4,MCF_ARC,24,14,9,1,24->42->18->67->27->15->13->14,24->42->18->67->27->9,18.689771,inf,0.0,182,182,13.80017,10.905119,42.167427,8.849558,0.0,0.0,0.0,0,182,0.5,0.5,0.0,5,0.0,0.0
Uninett2010,SM,4,MCF_ARC,25,14,14,0,25->24->42->18->67->27->15->13->14,25->24->42->18->67->27->15->13->14,18.820786,inf,0.0,232,232,18.820786,17.882953,54.94978,16.611296,0.0,0.0,0.0,0,232,0.5,0.5,0.0,5,0.0,0.0
Uninett2010,SM,4,MCF_ARC,26,14,14,0,26->17->18->67->27->15->13->14,26->17->18->67->27->15->13->14,18.203526,inf,0.0,236,236,18.203526,17.882953,54.33252,16.611296,0.0,0.0,0.0,0,236,0.5,0.5,0.0,5,0.0,0.0
Uninett2010,SM,4,MCF_ARC,27,13,5,1,27->15->13,27->67->68->2->7->8->5,4.485735,inf,0.0,193,193,12.475091,1.916391,33.897552,1.904762,0.0,0.0,0.0,0,193.0,0.5,0.5,0.0,5,0.0,0.0
Uninett2010,SM,4,MCF_ARC,28,13,13,0,28->12->11->4->67->27->15->13,28->12->11->4->67->27->15->13,17.285865,inf,0.0,201,201,17.285865,15.301475,49.461791,12.658228,0.0,0.0,0.0,0,201,0.5,0.5,0.0,5,0.0,0.0
Uninett2010,SM,4,MCF_ARC,29,13,13,0,29->34->30->9->27->15->13,29->34->30->9->27->15->13,15.747959,inf,0.0,194,194,15.747959,15.301475,47.923885,12.658228,0.0,0.0,0.0,0,194.0,0.5,0.5,0.0,5,0.0,0.0
Uninett2010,SM,4,MCF_ARC,30,13,13,0,30->9->27->15->13,30->9->27->15->13,5.832342,inf,0.0,221,221,5.832342,15.301475,38.008268,12.658228,0.0,0.0,0.0,0,221,0.5,0.5,0.0,5,0.0,0.0
Uninett2010,SM,4,MCF_ARC,31,15,15,0,31->30->9->27->15,31->30->9->27->15,3.923618,inf,0.0,131,131,3.923618,16.731738,39.415758,15.974441,0.0,0.0,0.0,0,131,0.5,0.5,0.0,5,0.0,0.0
Uninett2010,SM,4,MCF_ARC,32,13,13,0,32->49->14->13,32->49->14->13,3.294517,inf,0.0,170,170,3.294517,15.301475,35.470443,12.658228,0.0,0.0,0.0,0,170,0.5,0.5,0.0,5,0.0,0.0
Uninett2010,SM,4,MCF_ARC,33,12,12,0,33->35->67->4->11->12,33->35->67->4->11->12,6.0256,inf,0.0,177,177,6.0256,16.273438,39.432188,13.888889,0.0,0.0,0.0,0,177,0.5,0.5,0.0,5,0.0,0.0
Uninett2010,SM,4,MCF_ARC,34,12,5,1,34->30->9->68->2->57->12,34->30->40->38->68->2->7->8->5,24.221407,inf,0.0,188,188,21.166899,1.916391,42.589359,1.904762,0.0,0.0,0.0,0,188.0,0.5,0.5,0.0,5,0.0,0.0
Uninett2010,SM,4,MCF_ARC,35,12,12,0,35->67->4->11->12,35->67->4->11->12,5.522408,inf,0.0,192,192,5.522408,16.273438,38.928996,13.888889,0.0,0.0,0.0,0,192,0.5,0.5,0.0,5,0.0,0.0
Uninett2010,SM,4,MCF_ARC,36,12,6,1,36->67->4->11->12,36->67->4->11->6,7.752648,inf,0.0,193,193,7.683754,9.747401,35.604814,8.403361,0.0,0.0,0.0,0,193,0.5,0.5,0.0,5,0.0,0.0
Uninett2010,SM,4,MCF_ARC,37,12,12,0,37->36->67->4->11->12,37->36->67->4->11->12,8.015621,inf,0.0,193,193,8.015621,16.273438,41.422208,13.888889,0.0,0.0,0.0,0,193,0.5,0.5,0.0,5,0.0,0.0
Uninett2010,SM,4,MCF_ARC,38,11,11,0,38->68->67->4->11,38->68->67->4->11,7.952261,inf,0.0,169,169,7.952261,12.398593,37.45,9.98004,0.0,0.0,0.0,0,169,0.5,0.5,0.0,5,0.0,0.0
Uninett2010,SM,4,MCF_ARC,39,11,4,1,39->38->68->67->4->11,39->38->37->36->67->68->2->4,7.952261,inf,0.0,187,187,7.786745,7.078113,34.248888,6.944444,0.0,0.0,0.0,0,187,0.5,0.5,0.0,5,0.0,0.0
Uninett2010,SM,4,MCF_ARC,40,13,10,1,40->10->27->15->13,40->10,7.779796,inf,0.0,146,146,1.812408,7.044788,28.226659,6.896552,0.0,0.0,0.0,0,146,0.5,0.5,0.0,5,0.0,0.0
Uninett2010,SM,4,MCF_ARC,41,11,1,1,41->18->42->4->11,41->18->42->1,4.756885,inf,0.0,207,207,4.399586,7.278059,31.163662,7.246377,0.0,0.0,0.0,0,207,0.5,0.5,0.0,5,0.0,0.0
Uninett2010,SM,4,MCF_ARC,42,11,11,0,42->4->11,42->4->11,3.415021,inf,0.0,177,177,3.415021,12.398593,32.912759,9.98004,0.0,0.0,0.0,0,177.0,0.5,0.5,0.0,5,0.0,0.0
Uninett2010,SM,4,MCF_ARC,43,11,11,0,43->67->4->11,43->18->42->4->11,6.683875,inf,0.0,117,117,5.774059,12.398593,35.271797,9.98004,0.0,0.0,0.0,0,117,0.5,0.5,0.0,5,0.0,0.0
Uninett2010,SM,4,MCF_ARC,44,11,11,0,44->41->18->42->4->11,44->41->18->42->4->11,5.467502,inf,0.0,151,151,5.467502,12.398593,34.965241,9.98004,0.0,0.0,0.0,0,151,0.5,0.5,0.0,5,0.0,0.0
Uninett2010,SM,4,MCF_ARC,45,11,1,1,45->47->69->67->4->11,45->47->69->67->4->1,6.173708,inf,0.0,182,182,5.816409,7.278059,32.580485,7.246377,0.0,0.0,0.0,0,182,0.5,0.5,0.0,5,0.0,0.0
Uninett2010,SM,4,MCF_ARC,46,10,10,0,46->43->67->36->37->40->10,46->43->67->36->37->40->10,9.273608,inf,0.0,187,187,9.273608,7.044788,35.687859,6.896552,0.0,0.0,0.0,0,187,0.5,0.5,0.0,5,0.0,0.0
Uninett2010,SM,4,MCF_ARC,47,10,3,1,47->69->68->38->40->10,47->69->67->4->3,7.95314,inf,0.0,163,163,6.29445,1.55994,27.364462,1.552313,0.0,0.0,0.0,0,163,0.5,0.5,0.0,5,0.0,0.0
Uninett2010,SM,4,MCF_ARC,48,10,4,1,48->35->33->38->40->10,48->52->68->67->4,6.329273,inf,0.0,163,163,4.406657,7.078113,30.8688,6.944444,0.0,0.0,0.0,0,163,0.5,0.5,0.0,5,0.0,0.0
Uninett2010,SM,4,MCF_ARC,49,10,10,0,49->32->16->9->30->10,49->32->16->9->27->10,5.761277,inf,0.0,204,204,5.356774,7.044788,31.771024,6.896552,0.0,0.0,0.0,0,204,0.5,0.5,0.0,5,0.0,0.0
Uninett2010,SM,4,MCF_ARC,50,10,10,0,50->1->4->67->36->37->40->10,50->1->4->67->36->37->40->10,11.518584,inf,0.0,159,159,11.518584,7.044788,37.932834,6.896552,0.0,0.0,0.0,0,159,0.5,0.5,0.0,5,0.0,0.0
Uninett2010,SM,4,MCF_ARC,51,10,6,1,51->50->1->2->68->38->40->10,51->6,11.756311,inf,0.0,147,147,0.252348,9.747401,28.173409,8.403361,0.0,0.0,0.0,0,147,0.5,0.5,0.0,5,0.0,0.0
Uninett2010,SM,4,MCF_ARC,52,9,2,1,52->68->9,52->68->67->4->1->2,8.170334,inf,0.0,240,240,4.202131,8.429697,31.471768,7.751938,0.0,0.0,0.0,0,240,0.5,0.5,0.0,5,0.0,0.0
Uninett2010,SM,4,MCF_ARC,53,9,9,0,53->7->2->68->9,53->7->2->68->9,11.996133,inf,0.0,177,177,11.996133,10.905119,40.36339,8.849558,0.0,0.0,0.0,0,177,0.5,0.5,0.0,5,0.0,0.0
Uninett2010,SM,4,MCF_ARC,54,9,9,0,54->58->57->2->68->9,54->58->57->2->1->4->67->68->9,12.785355,inf,0.0,185,185,12.785355,10.905119,41.152612,8.849558,0.0,0.0,0.0,0,185,0.5,0.5,0.0,5,0.0,0.0
Uninett2010,SM,4,MCF_ARC,55,9,12,1,55->12->57->2->68->9,55->12,13.417115,inf,0.0,150,150,0.457931,16.273438,33.864519,13.888889,0.0,0.0,0.0,0,150,0.5,0.5,0.0,5,0.0,0.0
Uninett2010,SM,4,MCF_ARC,56,9,3,1,56->34->30->9,56->34->30->9->68->2->4->3,11.262223,inf,0.0,177,177,24.063886,1.55994,45.133898,1.552313,0.0,0.0,0.0,0,177.0,0.5,0.5,0.0,5,0.0,0.0
Uninett2010,SM,4,MCF_ARC,57,9,9,0,57->2->68->9,57->2->68->9,12.547369,inf,0.0,175,175,12.547369,10.905119,40.914625,8.849558,0.0,0.0,0.0,0,175,0.5,0.5,0.0,5,0.0,0.0
Uninett2010,SM,4,MCF_ARC,58,8,8,0,58->57->2->7->8,58->57->2->7->8,1.62571,inf,0.0,186,186,1.62571,6.149815,27.060569,5.91716,0.0,0.0,0.0,0,186,0.5,0.5,0.0,5,0.0,0.0
Uninett2010,SM,4,MCF_ARC,59,9,9,0,59->1->2->68->9,59->1->4->67->27->9,16.344299,inf,0.0,142,142,16.344299,10.905119,44.711555,8.849558,0.0,0.0,0.0,0,142,0.5,0.5,0.0,5,0.0,0.0
Uninett2010,SM,4,MCF_ARC,60,8,2,1,60->58->57->2->7->8,60->58->57->2,1.907374,inf,0.0,174,174,1.249651,8.429697,28.519288,7.751938,0.0,0.0,0.0,0,174,0.5,0.5,0.0,5,0.0,0.0
Uninett2010,SM,4,MCF_ARC,61,8,8,0,61->34->30->9->68->2->7->8,61->34->30->40->37->36->67->68->2->7->8,23.737314,inf,0.0,197,197,21.106722,6.149815,46.541581,5.91716,0.0,0.0,0.0,0,197,0.5,0.5,0.0,5,0.0,0.0
Uninett2010,SM,4,MCF_ARC,62,8,8,0,62->41->18->42->4->11->6->8,62->41->18->42->4->2->7->8,6.500046,inf,0.0,187,187,5.825685,6.149815,31.260544,5.91716,0.0,0.0,0.0,0,187,0.5,0.5,0.0,5,0.0,0.0
Uninett2010,SM,4,MCF_ARC,63,8,8,0,63->34->30->40->38->68->2->7->8,63->34->30->40->37->36->67->4->2->7->8,21.166899,inf,0.0,221,221,21.106722,6.149815,46.541581,5.91716,0.0,0.0,0.0,0,221,0.5,0.5,0.0,5,0.0,0.0
Uninett2010,SM,4,MCF_ARC,64,8,2,1,64->38->68->2->7->8,64->38->68->2,8.252685,inf,0.0,164,164,7.594962,8.429697,34.864599,7.751938,0.0,0.0,0.0,0,164,0.5,0.5,0.0,5,0.0,0.0
Uninett2010,SM,4,MCF_ARC,65,7,2,1,65->66->3->4->2->7,65->73->74->1->2,2.022986,inf,0.0,186,186,1.855428,8.429697,29.125065,7.751938,0.0,0.0,0.0,0,186,0.5,0.5,0.0,5,0.0,0.0
Uninett2010,SM,4,MCF_ARC,66,7,4,1,66->3->4->2->7,66->3->4,1.539311,inf,0.0,199,199,1.360545,7.078113,27.822689,6.944444,0.0,0.0,0.0,0,199,0.5,0.5,0.0,5,0.0,0.0
Uninett2010,SM,4,MCF_ARC,67,7,7,0,67->4->2->7,67->68->2->7,4.103348,inf,0.0,157,157,4.103348,8.225313,31.278014,7.656968,0.0,0.0,0.0,0,157.0,0.5,0.5,0.0,5,0.0,0.0
Uninett2010,SM,4,MCF_ARC,68,7,7,0,68->2->7,68->2->7,4.103348,inf,0.0,232,232,4.103348,8.225313,31.278014,7.656968,0.0,0.0,0.0,0,232.0,0.5,0.5,0.0,5,0.0,0.0
Uninett2010,SM,4,MCF_ARC,69,7,7,0,69->68->2->7,69->67->68->2->7,4.103348,inf,0.0,199,199,4.103348,8.225313,31.278014,7.656968,0.0,0.0,0.0,0,199.0,0.5,0.5,0.0,5,0.0,0.0
Uninett2010,SM,4,MCF_ARC,70,6,6,0,70->69->67->4->11->6,70->69->67->4->11->6,5.90689,36.062887,0.0,231,231,5.90689,9.747401,33.82795,8.403361,0.0,0.0,0.0,0,231,0.5,0.5,0.0,5,0.0,0.0
Uninett2010,SM,4,MCF_ARC,71,7,4,1,71->72->73->74->1->2->7,71->72->73->74->1->2->4,6.211242,inf,0.0,159,159,6.032477,7.078113,32.49462,6.944444,0.0,0.0,0.0,0,159,0.5,0.5,0.0,5,0.0,0.0
Uninett2010,SM,4,MCF_ARC,72,6,1,1,72->73->74->1->4->11->6,72->73->74->1,2.551474,32.70747,0.0,185,185,1.871045,7.278059,28.63512,7.246377,0.0,0.0,0.0,0,185,0.5,0.5,0.0,5,0.0,0.0
Uninett2010,SM,4,MCF_ARC,73,6,6,0,73->74->1->4->11->6,73->74->1->4->11->6,2.249929,32.405925,0.0,215,215,2.249929,9.747401,30.170989,8.403361,0.0,0.0,0.0,0,215,0.5,0.5,0.0,5,0.0,0.0
Uninett2010,SM,4,MCF_ARC,74,6,1,1,74->1->4->11->6,74->1,1.443318,31.599314,0.0,180,180,0.762889,7.278059,27.526964,7.246377,0.0,0.0,0.0,0,180,0.5,0.5,0.0,5,0.0,0.0
CrlNetworkServices,SM,0,B1,1,1,1,0,1,,0.0,28.959909,0.0,204.0,204.0,0.0,1.280738,28.959909,1.280738,0.0,0.0,0.0,0,204.0,0.5,0.5,0.05,5,0.0,0.0
CrlNetworkServices,SM,0,B1,2,2,2,0,2,,0.0,28.940524,0.0,192.0,192.0,0.0,17.921147,45.600318,17.921147,0.0,0.0,0.0,0,192.0,0.5,0.5,0.05,5,0.0,0.0
CrlNetworkServices,SM,0,B1,3,3,3,0,3,,0.0,33.936994,0.0,221.0,221.0,0.0,40.322581,68.001752,40.322581,0.0,0.0,0.0,0,221.0,0.5,0.5,0.05,5,0.0,0.0
CrlNetworkServices,SM,0,B1,4,4,4,0,4,,0.0,inf,0.0,209.0,209.0,0.0,21.551724,49.230896,21.551724,0.0,0.0,0.0,0,209.0,0.5,0.5,0.05,5,0.0,0.0
CrlNetworkServices,SM,0,B1,5,5,5,0,5,,0.0,inf,0.0,189.0,189.0,0.0,9.363296,37.042467,9.363296,0.0,0.0,0.0,0,189.0,0.5,0.5,0.05,5,0.0,0.0
CrlNetworkServices,SM,0,B1,6,6,6,0,6,,0.0,inf,0.0,185.0,185.0,0.0,128.205128,155.8843,128.205128,0.0,0.0,0.0,0,185.0,0.5,0.5,0.05,5,0.0,0.0
CrlNetworkServices,SM,0,B1,7,7,2,1,7,,0.0,inf,0.0,213.0,213.0,9.448297,17.921147,55.048615,17.921147,0.0,0.0,0.0,0,213.0,0.5,0.5,0.05,5,0.0,0.0
CrlNetworkServices,SM,0,B1,8,7,7,0,8->7,,2.927897,inf,0.0,168.0,168.0,2.927897,1250.0,1280.607068,1250.0,0.0,0.0,0.0,0,168.0,0.5,0.5,0.05,5,0.0,0.0
CrlNetworkServices,SM,0,B1,9,7,7,0,9->7,,11.613081,inf,0.0,152.0,152.0,11.613081,1250.0,1289.292252,1250.0,0.0,0.0,0.0,0,152.0,0.5,0.5,0.05,5,0.0,0.0
CrlNetworkServices,SM,0,B1,10,7,7,0,10->9->7,,17.334046,inf,0.0,165.0,165.0,17.334046,1250.0,1295.013218,1250.0,0.0,0.0,0.0,0,165.0,0.5,0.5,0.05,5,0.0,0.0
CrlNetworkServices,SM,0,B1,11,7,7,0,11->14->7,,12.697715,inf,0.0,162.0,162.0,12.697715,1250.0,1290.376887,1250.0,0.0,0.0,0.0,0,162.0,0.5,0.5,0.05,5,0.0,0.0
CrlNetworkServices,SM,0,B1,12,7,2,1,12->11->14->7,,21.637615,inf,0.0,155.0,155.0,31.085912,17.921147,76.68623,17.921147,0.0,0.0,0.0,0,155.0,0.5,0.5,0.05,5,0.0,0.0
CrlNetworkServices,SM,0,B1,13,6,6,0,13->9->7->6,,21.92336,inf,0.0,217.0,217.0,21.92336,128.205128,177.80766,128.205128,0.0,0.0,0.0,0,217.0,0.5,0.5,0.05,5,0.0,0.0
CrlNetworkServices,SM,0,B1,14,7,2,1,14->7,,8.816157,inf,0.0,163.0,163.0,18.264454,17.921147,63.864773,17.921147,0.0,0.0,0.0,0,163.0,0.5,0.5,0.05,5,0.0,0.0
CrlNetworkServices,SM,0,B1,15,6,6,0,15->19->10->9->7->6,,27.763235,inf,0.0,175.0,175.0,23.768954,128.205128,179.653254,128.205128,0.0,0.0,0.0,0,175.0,0.5,0.5,0.05,5,0.0,0.0
CrlNetworkServices,SM,0,B1,16,6,6,0,16->17->18->19->10->9->7->6,,28.012873,inf,0.0,197.0,197.0,28.012873,128.205128,183.897173,128.205128,0.0,0.0,0.0,0,197.0,0.5,0.5,0.05,5,0.0,0.0
CrlNetworkServices,SM,0,B1,17,6,6,0,17->18->19->10->9->7->6,,26.715269,inf,0.0,203.0,203.0,26.715269,128.205128,182.599569,128.205128,0.0,0.0,0.0,0,203.0,0.5,0.5,0.05,5,0.0,0.0
CrlNetworkServices,SM,0,B1,18,6,7,1,18->19->10->9->7->6,,25.270715,inf,0.0,190.0,190.0,21.651509,1250.0,1299.330681,1250.0,0.0,0.0,0.0,0,190.0,0.5,0.5,0.05,5,0.0,0.0
CrlNetworkServices,SM,0,B1,19,5,5,0,19->10->9->7->8->5,,25.190308,inf,0.0,176.0,176.0,25.190308,9.363296,62.232775,9.363296,0.0,0.0,0.0,0,176.0,0.5,0.5,0.05,5,0.0,0.0
CrlNetworkServices,SM,0,B1,20,5,7,1,20->14->7->8->5,,17.110572,inf,0.0,147.0,147.0,12.999735,1250.0,1290.678907,1250.0,0.0,0.0,0.0,0,147.0,0.5,0.5,0.05,5,0.0,0.0
CrlNetworkServices,SM,0,B1,21,5,5,0,21->20->14->7->8->5,,20.956698,inf,0.0,170.0,170.0,20.956698,9.363296,57.999165,9.363296,0.0,0.0,0.0,0,170.0,0.5,0.5,0.05,5,0.0,0.0
CrlNetworkServices,SM,0,B1,22,5,5,0,22->21->20->14->7->8->5,,22.408833,inf,0.0,152.0,152.0,22.408833,9.363296,59.451301,9.363296,0.0,0.0,0.0,0,152.0,0.5,0.5,0.05,5,0.0,0.0
CrlNetworkServices,SM,0,B1,23,5,5,0,23->22->21->20->14->7->8->5,,31.27586,inf,0.0,191.0,191.0,31.27586,9.363296,68.318328,9.363296,0.0,0.0,0.0,0,191.0,0.5,0.5,0.05,5,0.0,0.0
CrlNetworkServices,SM,0,B1,24,5,2,1,24->33->32->28->27->26->20->14->7->8->5,,56.720916,inf,0.0,206.0,206.0,16.86474,17.921147,62.465058,17.921147,0.0,0.0,0.0,0,206.0,0.5,0.5,0.05,5,0.0,0.0
CrlNetworkServices,SM,0,B1,25,4,4,0,25->3->4,,1.816433,inf,0.0,162.0,162.0,1.816433,21.551724,51.047329,21.551724,0.0,0.0,0.0,0,162.0,0.5,0.5,0.05,5,0.0,0.0
CrlNetworkServices,SM,0,B1,26,4,3,1,26->20->14->7->2->1->4,,60.534702,inf,0.0,135.0,135.0,16.959936,40.322581,84.961689,40.322581,0.0,0.0,0.0,0,135.0,0.5,0.5,0.05,5,0.0,0.0
CrlNetworkServices,SM,0,B1,27,4,4,0,27->28->32->33->24->25->3->4,,16.058189,inf,0.0,133.0,133.0,16.058189,21.551724,65.289085,21.551724,0.0,0.0,0.0,0,133.0,0.5,0.5,0.05,5,0.0,0.0
CrlNetworkServices,SM,0,B1,28,4,4,0,28->32->33->24->25->3->4,,8.190841,inf,0.0,208.0,208.0,8.190841,21.551724,57.421736,21.551724,0.0,0.0,0.0,0,208.0,0.5,0.5,0.05,5,0.0,0.0
CrlNetworkServices,SM,0,B1,29,4,4,0,29->28->32->33->24->25->3->4,,9.266402,inf,0.0,228.0,228.0,9.266402,21.551724,58.497297,21.551724,0.0,0.0,0.0,0,228.0,0.5,0.5,0.05,5,0.0,0.0
CrlNetworkServices,SM,0,B1,30,3,3,0,30->29->28->32->33->24->25->3,,8.552987,42.48998,0.0,173.0,173.0,8.552987,40.322581,76.554739,40.322581,0.0,0.0,0.0,0,173.0,0.5,0.5,0.05,5,0.0,0.0
CrlNetworkServices,SM,0,B1,31,3,3,0,31->33->24->25->3,,48.866149,82.803143,0.0,159.0,159.0,48.866149,40.322581,116.867901,40.322581,0.0,0.0,0.0,0,159.0,0.5,0.5,0.05,5,0.0,0.0
CrlNetworkServices,SM,0,B1,32,3,3,0,32->33->24->25->3,,6.219754,40.156747,0.0,172.0,172.0,6.219754,40.322581,74.221506,40.322581,0.0,0.0,0.0,0,172.0,0.5,0.5,0.05,5,0.0,0.0
CrlNetworkServices,SM,0,B1,33,3,3,0,33->24->25->3,,5.978415,39.915409,0.0,184.0,184.0,5.978415,40.322581,73.980167,40.322581,0.0,0.0,0.0,0,184.0,0.5,0.5,0.05,5,0.0,0.0
CrlNetworkServices,SM,0,B3,1,1,1,0,1,1,0.0,28.959909,0.0,204.0,204.0,0.0,4.314064,31.993235,4.314064,0.0,0.0,0.0,0,204.0,0.5,0.5,0.05,5,0.0,0.0
CrlNetworkServices,SM,0,B3,2,2,2,0,2,2,0.0,28.940524,0.0,192.0,192.0,0.0,inf,inf,inf,0.0,0.0,0.0,0,192.0,0.5,0.5,0.05,5,0.0,0.0
CrlNetworkServices,SM,0,B3,3,3,3,0,3,3,0.0,33.936994,0.0,221.0,221.0,0.0,3.136763,30.815934,3.136763,0.0,0.0,0.0,0,221.0,0.5,0.5,0.05,5,0.0,0.0
CrlNetworkServices,SM,0,B3,4,4,4,0,4,4,0.0,inf,0.0,209.0,209.0,0.0,7.173601,34.852773,7.173601,0.0,0.0,0.0,0,209.0,0.5,0.5,0.05,5,0.0,0.0
CrlNetworkServices,SM,0,B3,5,5,5,0,5,5,0.0,inf,0.0,189.0,189.0,0.0,6.6313,34.310471,6.6313,0.0,0.0,0.0,0,189.0,0.5,0.5,0.05,5,0.0,0.0
CrlNetworkServices,SM,0,B3,6,6,6,0,6,6,0.0,inf,0.0,185.0,185.0,0.0,4.766444,32.445616,4.766444,0.0,0.0,0.0,0,185.0,0.5,0.5,0.05,5,0.0,0.0
CrlNetworkServices,SM,0,B3,7,7,7,0,7,7,0.0,inf,0.0,213.0,213.0,0.0,7.70416,35.383332,7.70416,0.0,0.0,0.0,0,213.0,0.5,0.5,0.05,5,0.0,0.0
CrlNetworkServices,SM,0,B3,8,7,1,1,8->7,8->7->2->1,2.927897,inf,0.0,168.0,168.0,17.689035,4.314064,49.682271,4.314064,0.0,0.0,0.0,0,168.0,0.5,0.5,0.05,5,0.0,0.0
CrlNetworkServices,SM,0,B3,9,7,7,0,9->7,9->7,11.613081,inf,0.0,152.0,152.0,11.613081,7.70416,46.996413,7.70416,0.0,0.0,0.0,0,152.0,0.5,0.5,0.05,5,0.0,0.0
CrlNetworkServices,SM,0,B3,10,7,7,0,10->9->7,10->9->7,17.334046,inf,0.0,165.0,165.0,17.334046,7.70416,52.717378,7.70416,0.0,0.0,0.0,0,165.0,0.5,0.5,0.05,5,0.0,0.0
CrlNetworkServices,SM,0,B3,11,7,7,0,11->14->7,11->14->7,12.697715,inf,0.0,162.0,162.0,12.697715,7.70416,48.081047,7.70416,0.0,0.0,0.0,0,162.0,0.5,0.5,0.05,5,0.0,0.0
CrlNetworkServices,SM,0,B3,12,7,2,1,12->11->14->7,12->11->14->7->2,21.637615,inf,0.0,155.0,155.0,31.085912,inf,inf,inf,0.0,0.0,0.0,0,155.0,0.5,0.5,0.05,5,0.0,0.0
CrlNetworkServices,SM,0,B3,13,6,2,1,13->9->7->6,13->9->7->2,21.92336,inf,0.0,217.0,217.0,27.752451,inf,inf,inf,0.0,0.0,0.0,0,217.0,0.5,0.5,0.05,5,0.0,0.0
CrlNetworkServices,SM,0,B3,14,7,7,0,14->7,14->7,8.816157,inf,0.0,163.0,163.0,8.816157,7.70416,44.199489,7.70416,0.0,0.0,0.0,0,163.0,0.5,0.5,0.05,5,0.0,0.0
CrlNetworkServices,SM,0,B3,15,6,1,1,15->19->10->9->7->6,15->22->21->20->14->7->2->1,27.763235,inf,0.0,175.0,175.0,34.910887,4.314064,66.904122,4.314064,0.0,0.0,0.0,0,175.0,0.5,0.5,0.05,5,0.0,0.0
CrlNetworkServices,SM,0,B3,16,6,6,0,16->17->18->19->10->9->7->6,16->17->18->19->10->9->7->6,28.012873,inf,0.0,197.0,197.0,28.012873,4.766444,60.458489,4.766444,0.0,0.0,0.0,0,197.0,0.5,0.5,0.05,5,0.0,0.0
CrlNetworkServices,SM,0,B3,17,6,6,0,17->18->19->10->9->7->6,17->18->19->10->9->7->6,26.715269,inf,0.0,203.0,203.0,26.715269,4.766444,59.160885,4.766444,0.0,0.0,0.0,0,203.0,0.5,0.5,0.05,5,0.0,0.0
CrlNetworkServices,SM,0,B3,18,6,6,0,18->19->10->9->7->6,18->19->10->9->7->6,25.270715,inf,0.0,190.0,190.0,25.270715,4.766444,57.71633,4.766444,0.0,0.0,0.0,0,190.0,0.5,0.5,0.05,5,0.0,0.0
CrlNetworkServices,SM,0,B3,19,5,5,0,19->10->9->7->8->5,19->10->9->7->8->5,25.190308,inf,0.0,176.0,176.0,25.190308,6.6313,59.500779,6.6313,0.0,0.0,0.0,0,176.0,0.5,0.5,0.05,5,0.0,0.0
CrlNetworkServices,SM,0,B3,20,5,5,0,20->14->7->8->5,20->14->7->8->5,17.110572,inf,0.0,147.0,147.0,17.110572,6.6313,51.421043,6.6313,0.0,0.0,0.0,0,147.0,0.5,0.5,0.05,5,0.0,0.0
CrlNetworkServices,SM,0,B3,21,5,5,0,21->20->14->7->8->5,21->20->14->7->8->5,20.956698,inf,0.0,170.0,170.0,20.956698,6.6313,55.267169,6.6313,0.0,0.0,0.0,0,170.0,0.5,0.5,0.05,5,0.0,0.0
CrlNetworkServices,SM,0,B3,22,5,5,0,22->21->20->14->7->8->5,22->21->20->14->7->8->5,22.408833,inf,0.0,152.0,152.0,22.408833,6.6313,56.719304,6.6313,0.0,0.0,0.0,0,152.0,0.5,0.5,0.05,5,0.0,0.0
CrlNetworkServices,SM,0,B3,23,5,2,1,23->22->21->20->14->7->8->5,23->22->21->20->14->7->2,31.27586,inf,0.0,191.0,191.0,36.61332,inf,inf,inf,0.0,0.0,0.0,0,191.0,0.5,0.5,0.05,5,0.0,0.0
CrlNetworkServices,SM,0,B3,24,5,1,1,24->33->32->28->27->26->20->14->7->8->5,24->25->3->4->1,56.720916,inf,0.0,206.0,206.0,11.551898,4.314064,43.545133,4.314064,0.0,0.0,0.0,0,206.0,0.5,0.5,0.05,5,0.0,0.0
CrlNetworkServices,SM,0,B3,25,4,4,0,25->3->4,25->3->4,1.816433,inf,0.0,162.0,162.0,1.816433,7.173601,36.669206,7.173601,0.0,0.0,0.0,0,162.0,0.5,0.5,0.05,5,0.0,0.0
CrlNetworkServices,SM,0,B3,26,4,4,0,26->20->14->7->2->1->4,26->27->28->32->33->24->25->3->4,60.534702,inf,0.0,135.0,135.0,18.388414,7.173601,53.241186,7.173601,0.0,0.0,0.0,0,135.0,0.5,0.5,0.05,5,0.0,0.0
CrlNetworkServices,SM,0,B3,27,4,4,0,27->28->32->33->24->25->3->4,27->28->32->33->24->25->3->4,16.058189,inf,0.0,133.0,133.0,16.058189,7.173601,50.910962,7.173601,0.0,0.0,0.0,0,133.0,0.5,0.5,0.05,5,0.0,0.0
CrlNetworkServices,SM,0,B3,28,4,4,0,28->32->33->24->25->3->4,28->32->33->24->25->3->4,8.190841,inf,0.0,208.0,208.0,8.190841,7.173601,43.043613,7.173601,0.0,0.0,0.0,0,208.0,0.5,0.5,0.05,5,0.0,0.0
CrlNetworkServices,SM,0,B3,29,4,2,1,29->28->32->33->24->25->3->4,29->28->32->33->24->25->3->4->1->2,9.266402,inf,0.0,228.0,228.0,19.393884,inf,inf,inf,0.0,0.0,0.0,0,228.0,0.5,0.5,0.05,5,0.0,0.0
CrlNetworkServices,SM,0,B3,30,3,3,0,30->29->28->32->33->24->25->3,30->29->28->32->33->24->25->3,8.552987,42.48998,0.0,173.0,173.0,8.552987,3.136763,39.368921,3.136763,0.0,0.0,0.0,0,173.0,0.5,0.5,0.05,5,0.0,0.0
CrlNetworkServices,SM,0,B3,31,3,2,1,31->33->24->25->3,31->33->24->25->3->4->1->2,48.866149,82.803143,0.0,159.0,159.0,60.422109,inf,inf,inf,inf,0.0,0.0,0,159.0,0.5,0.5,0.05,5,0.0,0.0
CrlNetworkServices,SM,0,B3,32,3,3,0,32->33->24->25->3,32->33->24->25->3,6.219754,40.156747,0.0,172.0,172.0,6.219754,3.136763,37.035688,3.136763,0.0,0.0,0.0,0,172.0,0.5,0.5,0.05,5,0.0,0.0
CrlNetworkServices,SM,0,B3,33,3,3,0,33->24->25->3,33->24->25->3,5.978415,39.915409,0.0,184.0,184.0,5.978415,3.136763,36.79435,3.136763,0.0,0.0,0.0,0,184.0,0.5,0.5,0.05,5,0.0,0.0
CrlNetworkServices,SM,1,B1,1,1,1,0,1,,0.0,28.857305,0.0,172.0,172.0,0.0,1.418842,29.098014,1.418842,0.0,0.0,0.0,0,172.0,0.5,0.5,0.05,5,0.0,0.0
CrlNetworkServices,SM,1,B1,2,2,2,0,2,,0.0,29.041198,0.0,221.0,221.0,0.0,4.520796,32.199967,4.520796,0.0,0.0,0.0,0,221.0,0.5,0.5,0.05,5,0.0,0.0
CrlNetworkServices,SM,1,B1,3,3,3,0,3,,0.0,32.802122,0.0,124.0,124.0,0.0,27.624309,55.303481,27.624309,0.0,0.0,0.0,0,124.0,0.5,0.5,0.05,5,0.0,0.0
CrlNetworkServices,SM,1,B1,4,4,4,0,4,,0.0,inf,0.0,178.0,178.0,0.0,15.673981,43.353153,15.673981,0.0,0.0,0.0,0,178.0,0.5,0.5,0.05,5,0.0,0.0
CrlNetworkServices,SM,1,B1,5,5,5,0,5,,0.0,inf,0.0,153.0,153.0,0.0,263.157895,290.837066,263.157895,0.0,0.0,0.0,0,153.0,0.5,0.5,0.05,5,0.0,0.0
CrlNetworkServices,SM,1,B1,6,6,6,0,6,,0.0,inf,0.0,232.0,232.0,0.0,81.967213,109.646385,81.967213,0.0,0.0,0.0,0,232.0,0.5,0.5,0.05,5,0.0,0.0
CrlNetworkServices,SM,1,B1,7,7,7,0,7,,0.0,inf,0.0,145.0,145.0,0.0,5000.0,5027.679172,5000.0,0.0,0.0,0.0,0,145.0,0.5,0.5,0.05,5,0.0,0.0
CrlNetworkServices,SM,1,B1,8,7,2,1,8->7,,2.927897,inf,0.0,176.0,176.0,12.376193,4.520796,44.576161,4.520796,0.0,0.0,0.0,0,176.0,0.5,0.5,0.05,5,0.0,0.0
CrlNetworkServices,SM,1,B1,9,7,7,0,9->7,,11.613081,inf,0.0,158.0,158.0,11.613081,5000.0,5039.292252,5000.0,0.0,0.0,0.0,0,158.0,0.5,0.5,0.05,5,0.0,0.0
CrlNetworkServices,SM,1,B1,10,7,7,0,10->9->7,,17.334046,inf,0.0,182.0,182.0,17.334046,5000.0,5045.013218,5000.0,0.0,0.0,0.0,0,182.0,0.5,0.5,0.05,5,0.0,0.0
CrlNetworkServices,SM,1,B1,11,7,7,0,11->14->7,,12.697715,inf,0.0,188.0,188.0,12.697715,5000.0,5040.376887,5000.0,0.0,0.0,0.0,0,188.0,0.5,0.5,0.05,5,0.0,0.0
CrlNetworkServices,SM,1,B1,12,7,2,1,12->11->14->7,,21.637615,inf,0.0,166.0,166.0,31.085912,4.520796,63.285879,4.520796,0.0,0.0,0.0,0,166.0,0.5,0.5,0.05,5,0.0,0.0
CrlNetworkServices,SM,1,B1,13,7,7,0,13->9->7,,18.304154,inf,0.0,146.0,146.0,18.304154,5000.0,5045.983326,5000.0,0.0,0.0,0.0,0,146.0,0.5,0.5,0.05,5,0.0,0.0
CrlNetworkServices,SM,1,B1,14,6,6,0,14->7->6,,12.435363,inf,0.0,130.0,130.0,12.435363,81.967213,122.081748,81.967213,0.0,0.0,0.0,0,130.0,0.5,0.5,0.05,5,0.0,0.0
CrlNetworkServices,SM,1,B1,15,6,2,1,15->19->10->9->7->6,,27.763235,inf,0.0,171.0,171.0,29.598045,4.520796,61.798012,4.520796,0.0,0.0,0.0,0,171.0,0.5,0.5,0.05,5,0.0,0.0
CrlNetworkServices,SM,1,B1,16,6,6,0,16->17->18->19->10->9->7->6,,28.012873,inf,0.0,179.0,179.0,28.012873,81.967213,137.659258,81.967213,0.0,0.0,0.0,0,179.0,0.5,0.5,0.05,5,0.0,0.0
CrlNetworkServices,SM,1,B1,17,6,6,0,17->18->19->10->9->7->6,,26.715269,inf,0.0,196.0,196.0,26.715269,81.967213,136.361654,81.967213,0.0,0.0,0.0,0,196.0,0.5,0.5,0.05,5,0.0,0.0
CrlNetworkServices,SM,1,B1,18,6,6,0,18->19->10->9->7->6,,25.270715,inf,0.0,206.0,206.0,25.270715,81.967213,134.917099,81.967213,0.0,0.0,0.0,0,206.0,0.5,0.5,0.05,5,0.0,0.0
CrlNetworkServices,SM,1,B1,19,5,7,1,19->10->9->7->8->5,,25.190308,inf,0.0,136.0,136.0,21.079471,5000.0,5048.758642,5000.0,0.0,0.0,0.0,0,136.0,0.5,0.5,0.05,5,0.0,0.0
CrlNetworkServices,SM,1,B1,20,5,5,0,20->14->7->8->5,,17.110572,inf,0.0,90.0,90.0,17.110572,263.157895,307.947638,263.157895,0.0,0.0,0.0,0,90.0,0.5,0.5,0.05,5,0.0,0.0
CrlNetworkServices,SM,1,B1,21,5,5,0,21->20->14->7->8->5,,20.956698,inf,0.0,198.0,198.0,20.956698,263.157895,311.793764,263.157895,0.0,0.0,0.0,0,198.0,0.5,0.5,0.05,5,0.0,0.0
CrlNetworkServices,SM,1,B1,22,5,5,0,22->21->20->14->7->8->5,,22.408833,inf,0.0,153.0,153.0,22.408833,263.157895,313.245899,263.157895,0.0,0.0,0.0,0,153.0,0.5,0.5,0.05,5,0.0,0.0
CrlNetworkServices,SM,1,B1,23,5,5,0,23->22->21->20->14->7->8->5,,31.27586,inf,0.0,171.0,171.0,31.27586,263.157895,322.112927,263.157895,0.0,0.0,0.0,0,171.0,0.5,0.5,0.05,5,0.0,0.0
CrlNetworkServices,SM,1,B1,24,5,5,0,24->25->3->4->1->2->7->8->5,,30.423873,inf,0.0,188.0,188.0,30.423873,263.157895,321.260939,263.157895,0.0,0.0,0.0,0,188.0,0.5,0.5,0.05,5,0.0,0.0
CrlNetworkServices,SM,1,B1,25,4,3,1,25->3->4,,1.816433,inf,0.0,159.0,159.0,0.387956,27.624309,55.691437,27.624309,0.0,0.0,0.0,0,159.0,0.5,0.5,0.05,5,0.0,0.0
CrlNetworkServices,SM,1,B1,26,4,4,0,26->27->28->32->33->24->25->3->4,,18.388414,inf,0.0,194.0,194.0,18.388414,15.673981,61.741566,15.673981,0.0,0.0,0.0,0,194.0,0.5,0.5,0.05,5,0.0,0.0
CrlNetworkServices,SM,1,B1,27,4,4,0,27->28->32->33->24->25->3->4,,16.058189,inf,0.0,224.0,224.0,16.058189,15.673981,59.411342,15.673981,0.0,0.0,0.0,0,224.0,0.5,0.5,0.05,5,0.0,0.0
CrlNetworkServices,SM,1,B1,28,4,4,0,28->32->33->24->25->3->4,,8.190841,inf,0.0,185.0,185.0,8.190841,15.673981,51.543994,15.673981,0.0,0.0,0.0,0,185.0,0.5,0.5,0.05,5,0.0,0.0
CrlNetworkServices,SM,1,B1,29,4,4,0,29->28->32->33->24->25->3->4,,9.266402,inf,0.0,176.0,176.0,9.266402,15.673981,52.619554,15.673981,0.0,0.0,0.0,0,176.0,0.5,0.5,0.05,5,0.0,0.0
CrlNetworkServices,SM,1,B1,30,3,3,0,30->29->28->32->33->24->25->3,,8.552987,41.355109,0.0,250.0,250.0,8.552987,27.624309,63.856468,27.624309,0.0,0.0,0.0,0,250.0,0.5,0.5,0.05,5,0.0,0.0
CrlNetworkServices,SM,1,B1,31,3,3,0,31->33->24->25->3,,48.866149,81.668271,0.0,207.0,207.0,48.866149,27.624309,104.16963,27.624309,0.0,0.0,0.0,0,207.0,0.5,0.5,0.05,5,0.0,0.0
CrlNetworkServices,SM,1,B1,32,3,3,0,32->33->24->25->3,,6.219754,39.021876,0.0,179.0,179.0,6.219754,27.624309,61.523235,27.624309,0.0,0.0,0.0,0,179.0,0.5,0.5,0.05,5,0.0,0.0
CrlNetworkServices,SM,1,B1,33,4,1,1,33->24->25->3->4,,7.406893,inf,0.0,144.0,144.0,12.221533,1.418842,41.319547,1.418842,0.0,0.0,0.0,0,144.0,0.5,0.5,0.05,5,0.0,0.0
CrlNetworkServices,SM,1,B3,1,1,1,0,1,1,0.0,28.857305,0.0,172.0,172.0,0.0,18.248175,45.927347,18.248175,0.0,0.0,0.0,0,172.0,0.5,0.5,0.05,5,0.0,0.0
CrlNetworkServices,SM,1,B3,2,2,2,0,2,2,0.0,29.041198,0.0,221.0,221.0,0.0,6.934813,34.613984,6.934813,0.0,0.0,0.0,0,221.0,0.5,0.5,0.05,5,0.0,0.0
CrlNetworkServices,SM,1,B3,3,3,3,0,3,3,0.0,32.802122,0.0,124.0,124.0,0.0,5.122951,32.802122,5.122951,0.0,0.0,0.0,0,124.0,0.5,0.5,0.05,5,0.0,0.0
CrlNetworkServices,SM,1,B3,4,4,4,0,4,4,0.0,inf,0.0,178.0,178.0,0.0,5.592841,33.272013,5.592841,0.0,0.0,0.0,0,178.0,0.5,0.5,0.05,5,0.0,0.0
CrlNetworkServices,SM,1,B3,5,5,5,0,5,5,0.0,inf,0.0,153.0,153.0,0.0,6.418485,34.097657,6.418485,0.0,0.0,0.0,0,153.0,0.5,0.5,0.05,5,0.0,0.0
CrlNetworkServices,SM,1,B3,6,6,6,0,6,6,0.0,inf,0.0,232.0,232.0,0.0,5.643341,33.322512,5.643341,0.0,0.0,0.0,0,232.0,0.5,0.5,0.05,5,0.0,0.0
CrlNetworkServices,SM,1,B3,7,7,7,0,7,7,0.0,inf,0.0,145.0,145.0,0.0,7.342144,35.021315,7.342144,0.0,0.0,0.0,0,145.0,0.5,0.5,0.05,5,0.0,0.0
CrlNetworkServices,SM,1,B3,8,7,2,1,8->7,8->7->2,2.927897,inf,0.0,176.0,176.0,12.376193,6.934813,46.990178,6.934813,0.0,0.0,0.0,0,176.0,0.5,0.5,0.05,5,0.0,0.0
CrlNetworkServices,SM,1,B3,9,7,7,0,9->7,9->7,11.613081,inf,0.0,158.0,158.0,11.613081,7.342144,46.634396,7.342144,0.0,0.0,0.0,0,158.0,0.5,0.5,0.05,5,0.0,0.0
CrlNetworkServices,SM,1,B3,10,7,7,0,10->9->7,10->9->7,17.334046,inf,0.0,182.0,182.0,17.334046,7.342144,52.355362,7.342144,0.0,0.0,0.0,0,182.0,0.5,0.5,0.05,5,0.0,0.0
CrlNetworkServices,SM,1,B3,11,7,7,0,11->14->7,11->14->7,12.697715,inf,0.0,188.0,188.0,12.697715,7.342144,47.719031,7.342144,0.0,0.0,0.0,0,188.0,0.5,0.5,0.05,5,0.0,0.0
CrlNetworkServices,SM,1,B3,12,7,1,1,12->11->14->7,12->33->24->25->3->4->1,21.637615,inf,0.0,166.0,166.0,27.507225,18.248175,73.434572,18.248175,0.0,0.0,0.0,0,166.0,0.5,0.5,0.05,5,0.0,0.0
CrlNetworkServices,SM,1,B3,13,7,7,0,13->9->7,13->9->7,18.304154,inf,0.0,146.0,146.0,18.304154,7.342144,53.32547,7.342144,0.0,0.0,0.0,0,146.0,0.5,0.5,0.05,5,0.0,0.0
CrlNetworkServices,SM,1,B3,14,6,2,1,14->7->6,14->7->2,12.435363,inf,0.0,130.0,130.0,18.264454,6.934813,52.878439,6.934813,0.0,0.0,0.0,0,130.0,0.5,0.5,0.05,5,0.0,0.0
CrlNetworkServices,SM,1,B3,15,6,6,0,15->19->10->9->7->6,15->22->21->20->14->7->6,27.763235,inf,0.0,171.0,171.0,23.768954,5.643341,57.091466,5.643341,0.0,0.0,0.0,0,171.0,0.5,0.5,0.05,5,0.0,0.0
CrlNetworkServices,SM,1,B3,16,6,6,0,16->17->18->19->10->9->7->6,16->17->18->19->10->9->7->6,28.012873,inf,0.0,179.0,179.0,28.012873,5.643341,61.335386,5.643341,0.0,0.0,0.0,0,179.0,0.5,0.5,0.05,5,0.0,0.0
CrlNetworkServices,SM,1,B3,17,6,6,0,17->18->19->10->9->7->6,17->18->19->10->9->7->6,26.715269,inf,0.0,196.0,196.0,26.715269,5.643341,60.037782,5.643341,0.0,0.0,0.0,0,196.0,0.5,0.5,0.05,5,0.0,0.0
CrlNetworkServices,SM,1,B3,18,6,1,1,18->19->10->9->7->6,18->19->10->9->7->2->1,25.270715,inf,0.0,206.0,206.0,36.412648,18.248175,82.339994,18.248175,0.0,0.0,0.0,0,206.0,0.5,0.5,0.05,5,0.0,0.0
CrlNetworkServices,SM,1,B3,19,5,5,0,19->10->9->7->8->5,19->10->9->7->8->5,25.190308,inf,0.0,136.0,136.0,25.190308,6.418485,59.287964,6.418485,0.0,0.0,0.0,0,136.0,0.5,0.5,0.05,5,0.0,0.0
CrlNetworkServices,SM,1,B3,20,5,2,1,20->14->7->8->5,20->14->7->2,17.110572,inf,0.0,90.0,90.0,22.448032,6.934813,57.062016,6.934813,0.0,0.0,0.0,0,90.0,0.5,0.5,0.05,5,0.0,0.0
CrlNetworkServices,SM,1,B3,21,5,1,1,21->20->14->7->8->5,21->20->14->7->2->1,20.956698,inf,0.0,198.0,198.0,31.607,18.248175,77.534346,18.248175,0.0,0.0,0.0,0,198.0,0.5,0.5,0.05,5,0.0,0.0
CrlNetworkServices,SM,1,B3,22,5,5,0,22->21->20->14->7->8->5,22->21->20->14->7->8->5,22.408833,inf,0.0,153.0,153.0,22.408833,6.418485,56.50649,6.418485,0.0,0.0,0.0,0,153.0,0.5,0.5,0.05,5,0.0,0.0
CrlNetworkServices,SM,1,B3,23,5,5,0,23->22->21->20->14->7->8->5,23->22->21->20->14->7->8->5,31.27586,inf,0.0,171.0,171.0,31.27586,6.418485,65.373517,6.418485,0.0,0.0,0.0,0,171.0,0.5,0.5,0.05,5,0.0,0.0
CrlNetworkServices,SM,1,B3,24,5,5,0,24->25->3->4->1->2->7->8->5,24->25->3->4->1->2->7->8->5,30.423873,inf,0.0,188.0,188.0,30.423873,6.418485,64.52153,6.418485,0.0,0.0,0.0,0,188.0,0.5,0.5,0.05,5,0.0,0.0
CrlNetworkServices,SM,1,B3,25,4,4,0,25->3->4,25->3->4,1.816433,inf,0.0,159.0,159.0,1.816433,5.592841,35.088446,5.592841,0.0,0.0,0.0,0,159.0,0.5,0.5,0.05,5,0.0,0.0
CrlNetworkServices,SM,1,B3,26,4,2,1,26->27->28->32->33->24->25->3->4,26->27->28->32->33->24->25->3->4->1->2,18.388414,inf,0.0,194.0,194.0,28.515896,6.934813,63.129881,6.934813,0.0,0.0,0.0,0,194.0,0.5,0.5,0.05,5,0.0,0.0
CrlNetworkServices,SM,1,B3,27,4,1,1,27->28->32->33->24->25->3->4,27->28->32->33->24->25->3->4->1,16.058189,inf,0.0,224.0,224.0,20.87283,18.248175,66.800177,18.248175,0.0,0.0,0.0,0,224.0,0.5,0.5,0.05,5,0.0,0.0
CrlNetworkServices,SM,1,B3,28,4,4,0,28->32->33->24->25->3->4,28->32->33->24->25->3->4,8.190841,inf,0.0,185.0,185.0,8.190841,5.592841,41.462853,5.592841,0.0,0.0,0.0,0,185.0,0.5,0.5,0.05,5,0.0,0.0
CrlNetworkServices,SM,1,B3,29,4,4,0,29->28->32->33->24->25->3->4,29->28->32->33->24->25->3->4,9.266402,inf,0.0,176.0,176.0,9.266402,5.592841,42.538414,5.592841,0.0,0.0,0.0,0,176.0,0.5,0.5,0.05,5,0.0,0.0
CrlNetworkServices,SM,1,B3,30,3,3,0,30->29->28->32->33->24->25->3,30->29->28->32->33->24->25->3,8.552987,41.355109,0.0,250.0,250.0,8.552987,5.122951,41.355109,5.122951,0.0,0.0,0.0,0,250.0,0.5,0.5,0.05,5,0.0,0.0
CrlNetworkServices,SM,1,B3,31,3,3,0,31->33->24->25->3,31->33->24->25->3,48.866149,81.668271,0.0,207.0,207.0,48.866149,5.122951,81.668271,5.122951,0.0,0.0,0.0,0,207.0,0.5,0.5,0.05,5,0.0,0.0
CrlNetworkServices,SM,1,B3,32,3,3,0,32->33->24->25->3,32->33->24->25->3,6.219754,39.021876,0.0,179.0,179.0,6.219754,5.122951,39.021876,5.122951,0.0,0.0,0.0,0,179.0,0.5,0.5,0.05,5,0.0,0.0
CrlNetworkServices,SM,1,B3,33,4,4,0,33->24->25->3->4,33->24->25->3->4,7.406893,inf,0.0,144.0,144.0,7.406893,5.592841,40.678905,5.592841,0.0,0.0,0.0,0,144.0,0.5,0.5,0.05,5,0.0,0.0
CrlNetworkServices,SM,2,B1,1,1,1,0,1,,0.0,28.743228,0.0,153.0,153.0,0.0,1.31096,28.990131,1.31096,0.0,0.0,0.0,0,153.0,0.5,0.5,0.05,5,0.0,0.0
CrlNetworkServices,SM,2,B1,2,2,2,0,2,,0.0,28.934507,0.0,205.0,205.0,0.0,4.681648,32.360819,4.681648,0.0,0.0,0.0,0,205.0,0.5,0.5,0.05,5,0.0,0.0
CrlNetworkServices,SM,2,B1,3,3,3,0,3,,0.0,34.791547,0.0,176.0,176.0,0.0,12.722646,40.401818,12.722646,0.0,0.0,0.0,0,176.0,0.5,0.5,0.05,5,0.0,0.0
CrlNetworkServices,SM,2,B1,4,4,4,0,4,,0.0,inf,0.0,192.0,192.0,0.0,151.515152,179.194323,151.515152,0.0,0.0,0.0,0,192.0,0.5,0.5,0.05,5,0.0,0.0
CrlNetworkServices,SM,2,B1,5,5,6,1,5,,0.0,inf,0.0,160.0,160.0,3.055709,625.0,655.734881,625.0,0.0,0.0,0.0,0,160.0,0.5,0.5,0.05,5,0.0,0.0
CrlNetworkServices,SM,2,B1,6,6,6,0,6,,0.0,inf,0.0,202.0,202.0,0.0,625.0,652.679172,625.0,0.0,0.0,0.0,0,202.0,0.5,0.5,0.05,5,0.0,0.0
CrlNetworkServices,SM,2,B1,7,7,7,0,7,,0.0,inf,0.0,204.0,204.0,0.0,1000.0,1027.679172,1000.0,0.0,0.0,0.0,0,204.0,0.5,0.5,0.05,5,0.0,0.0
CrlNetworkServices,SM,2,B1,8,7,2,1,8->7,,2.927897,inf,0.0,175.0,175.0,12.376193,4.681648,44.737013,4.681648,0.0,0.0,0.0,0,175.0,0.5,0.5,0.05,5,0.0,0.0
CrlNetworkServices,SM,2,B1,9,7,7,0,9->7,,11.613081,inf,0.0,209.0,209.0,11.613081,1000.0,1039.292252,1000.0,0.0,0.0,0.0,0,209.0,0.5,0.5,0.05,5,0.0,0.0
CrlNetworkServices,SM,2,B1,10,7,7,0,10->9->7,,17.334046,inf,0.0,179.0,179.0,17.334046,1000.0,1045.013218,1000.0,0.0,0.0,0.0,0,179.0,0.5,0.5,0.05,5,0.0,0.0
CrlNetworkServices,SM,2,B1,11,7,2,1,11->14->7,,12.697715,inf,0.0,220.0,220.0,22.146012,4.681648,54.506832,4.681648,0.0,0.0,0.0,0,220.0,0.5,0.5,0.05,5,0.0,0.0
CrlNetworkServices,SM,2,B1,12,7,2,1,12->11->14->7,,21.637615,inf,0.0,188.0,188.0,31.085912,4.681648,63.446731,4.681648,0.0,0.0,0.0,0,188.0,0.5,0.5,0.05,5,0.0,0.0
CrlNetworkServices,SM,2,B1,13,6,6,0,13->9->7->6,,21.92336,inf,0.0,181.0,181.0,21.92336,625.0,674.602531,625.0,0.0,0.0,0.0,0,181.0,0.5,0.5,0.05,5,0.0,0.0
CrlNetworkServices,SM,2,B1,14,6,7,1,14->7->6,,12.435363,inf,0.0,211.0,211.0,8.816157,1000.0,1036.495329,1000.0,0.0,0.0,0.0,0,211.0,0.5,0.5,0.05,5,0.0,0.0
CrlNetworkServices,SM,2,B1,15,6,6,0,15->19->10->9->7->6,,27.763235,inf,0.0,173.0,173.0,23.768954,625.0,676.448125,625.0,0.0,0.0,0.0,0,173.0,0.5,0.5,0.05,5,0.0,0.0
CrlNetworkServices,SM,2,B1,16,6,7,1,16->17->18->19->10->9->7->6,,28.012873,inf,0.0,200.0,200.0,24.393668,1000.0,1052.072839,1000.0,0.0,0.0,0.0,0,200.0,0.5,0.5,0.05,5,0.0,0.0
CrlNetworkServices,SM,2,B1,17,6,6,0,17->18->19->10->9->7->6,,26.715269,inf,0.0,185.0,185.0,26.715269,625.0,679.394441,625.0,0.0,0.0,0.0,0,185.0,0.5,0.5,0.05,5,0.0,0.0
CrlNetworkServices,SM,2,B1,18,5,5,0,18->19->10->9->7->8->5,,25.762346,inf,0.0,186.0,186.0,25.762346,24.630542,78.072059,24.630542,0.0,0.0,0.0,0,186.0,0.5,0.5,0.05,5,0.0,0.0
CrlNetworkServices,SM,2,B1,19,5,5,0,19->10->9->7->8->5,,25.190308,inf,0.0,207.0,207.0,25.190308,24.630542,77.500021,24.630542,0.0,0.0,0.0,0,207.0,0.5,0.5,0.05,5,0.0,0.0
CrlNetworkServices,SM,2,B1,20,6,6,0,20->14->7->6,,16.618941,inf,0.0,127.0,127.0,16.618941,625.0,669.298112,625.0,0.0,0.0,0.0,0,127.0,0.5,0.5,0.05,5,0.0,0.0
CrlNetworkServices,SM,2,B1,21,5,5,0,21->20->14->7->8->5,,20.956698,inf,0.0,216.0,216.0,20.956698,24.630542,73.266411,24.630542,0.0,0.0,0.0,0,216.0,0.5,0.5,0.05,5,0.0,0.0
CrlNetworkServices,SM,2,B1,22,5,5,0,22->21->20->14->7->8->5,,22.408833,inf,0.0,184.0,184.0,22.408833,24.630542,74.718547,24.630542,0.0,0.0,0.0,0,184.0,0.5,0.5,0.05,5,0.0,0.0
CrlNetworkServices,SM,2,B1,23,5,5,0,23->22->21->20->14->7->8->5,,31.27586,inf,0.0,168.0,168.0,31.27586,24.630542,83.585574,24.630542,0.0,0.0,0.0,0,168.0,0.5,0.5,0.05,5,0.0,0.0
CrlNetworkServices,SM,2,B1,24,4,4,0,24->25->3->4,,6.737257,inf,0.0,184.0,184.0,6.737257,151.515152,185.93158,151.515152,0.0,0.0,0.0,0,184.0,0.5,0.5,0.05,5,0.0,0.0
CrlNetworkServices,SM,2,B1,25,4,4,0,25->3->4,,1.816433,inf,0.0,171.0,171.0,1.816433,151.515152,181.010756,151.515152,0.0,0.0,0.0,0,171.0,0.5,0.5,0.05,5,0.0,0.0
CrlNetworkServices,SM,2,B1,26,4,1,1,26->20->14->7->2->1->4,,60.534702,inf,0.0,177.0,177.0,23.203054,1.31096,52.193186,1.31096,0.0,0.0,0.0,0,177.0,0.5,0.5,0.05,5,0.0,0.0
CrlNetworkServices,SM,2,B1,27,4,4,0,27->28->32->33->24->25->3->4,,16.058189,inf,0.0,196.0,196.0,16.058189,151.515152,195.252512,151.515152,0.0,0.0,0.0,0,196.0,0.5,0.5,0.05,5,0.0,0.0
CrlNetworkServices,SM,2,B1,28,4,4,0,28->32->33->24->25->3->4,,8.190841,inf,0.0,146.0,146.0,8.190841,151.515152,187.385164,151.515152,0.0,0.0,0.0,0,146.0,0.5,0.5,0.05,5,0.0,0.0
CrlNetworkServices,SM,2,B1,29,4,3,1,29->28->32->33->24->25->3->4,,9.266402,inf,0.0,196.0,196.0,7.837924,12.722646,48.239742,12.722646,0.0,0.0,0.0,0,196.0,0.5,0.5,0.05,5,0.0,0.0
CrlNetworkServices,SM,2,B1,30,3,4,1,30->29->28->32->33->24->25->3,,8.552987,43.344534,0.0,134.0,134.0,9.981464,151.515152,189.175787,151.515152,145.831253,0.0,0.0,0,134.0,0.5,0.5,0.05,5,0.0,0.0
CrlNetworkServices,SM,2,B1,31,3,3,0,31->33->24->25->3,,48.866149,83.657696,0.0,172.0,172.0,48.866149,12.722646,89.267967,12.722646,0.0,0.0,0.0,0,172.0,0.5,0.5,0.05,5,0.0,0.0
CrlNetworkServices,SM,2,B1,32,3,3,0,32->33->24->25->3,,6.219754,41.011301,0.0,210.0,210.0,6.219754,12.722646,46.621572,12.722646,0.0,0.0,0.0,0,210.0,0.5,0.5,0.05,5,0.0,0.0
CrlNetworkServices,SM,2,B1,33,3,3,0,33->24->25->3,,5.978415,40.769962,0.0,169.0,169.0,5.978415,12.722646,46.380233,12.722646,0.0,0.0,0.0,0,169.0,0.5,0.5,0.05,5,0.0,0.0
CrlNetworkServices,SM,2,B3,1,1,1,0,1,1,0.0,28.743228,0.0,153.0,153.0,0.0,7.763975,35.443147,7.763975,0.0,0.0,0.0,0,153.0,0.5,0.5,0.05,5,0.0,0.0
CrlNetworkServices,SM,2,B3,2,2,2,0,2,2,0.0,28.934507,0.0,205.0,205.0,0.0,17.361111,45.040283,17.361111,0.0,0.0,0.0,0,205.0,0.5,0.5,0.05,5,0.0,0.0
CrlNetworkServices,SM,2,B3,3,3,3,0,3,3,0.0,34.791547,0.0,176.0,176.0,0.0,7.112376,34.791547,7.112376,0.0,0.0,0.0,0,176.0,0.5,0.5,0.05,5,0.0,0.0
CrlNetworkServices,SM,2,B3,4,4,4,0,4,4,0.0,inf,0.0,192.0,192.0,0.0,6.265664,33.944836,6.265664,0.0,0.0,0.0,0,192.0,0.5,0.5,0.05,5,0.0,0.0
CrlNetworkServices,SM,2,B3,5,5,5,0,5,5,0.0,inf,0.0,160.0,160.0,0.0,3.779289,31.458461,3.779289,0.0,0.0,0.0,0,160.0,0.5,0.5,0.05,5,0.0,0.0
CrlNetworkServices,SM,2,B3,6,6,6,0,6,6,0.0,inf,0.0,202.0,202.0,0.0,6.188119,33.86729,6.188119,0.0,0.0,0.0,0,202.0,0.5,0.5,0.05,5,0.0,0.0
CrlNetworkServices,SM,2,B3,7,7,7,0,7,7,0.0,inf,0.0,204.0,204.0,0.0,5.208333,32.887505,5.208333,0.0,0.0,0.0,0,204.0,0.5,0.5,0.05,5,0.0,0.0
CrlNetworkServices,SM,2,B3,8,7,2,1,8->7,8->7->2,2.927897,inf,0.0,175.0,175.0,12.376193,17.361111,57.416476,17.361111,0.0,0.0,0.0,0,175.0,0.5,0.5,0.05,5,0.0,0.0
CrlNetworkServices,SM,2,B3,9,7,7,0,9->7,9->7,11.613081,inf,0.0,209.0,209.0,11.613081,5.208333,44.500586,5.208333,0.0,0.0,0.0,0,209.0,0.5,0.5,0.05,5,0.0,0.0
CrlNetworkServices,SM,2,B3,10,7,7,0,10->9->7,10->9->7,17.334046,inf,0.0,179.0,179.0,17.334046,5.208333,50.221551,5.208333,0.0,0.0,0.0,0,179.0,0.5,0.5,0.05,5,0.0,0.0
CrlNetworkServices,SM,2,B3,11,7,7,0,11->14->7,11->14->7,12.697715,inf,0.0,220.0,220.0,12.697715,5.208333,45.58522,5.208333,0.0,0.0,0.0,0,220.0,0.5,0.5,0.05,5,0.0,0.0
CrlNetworkServices,SM,2,B3,12,7,1,1,12->11->14->7,12->33->24->25->3->4->1,21.637615,inf,0.0,188.0,188.0,27.507225,7.763975,62.950372,7.763975,0.0,0.0,0.0,0,188.0,0.5,0.5,0.05,5,0.0,0.0
CrlNetworkServices,SM,2,B3,13,6,6,0,13->9->7->6,13->9->7->6,21.92336,inf,0.0,181.0,181.0,21.92336,6.188119,55.79065,6.188119,0.0,0.0,0.0,0,181.0,0.5,0.5,0.05,5,0.0,0.0
CrlNetworkServices,SM,2,B3,14,6,1,1,14->7->6,14->7->2->1,12.435363,inf,0.0,211.0,211.0,23.577296,7.763975,59.020443,7.763975,0.0,0.0,0.0,0,211.0,0.5,0.5,0.05,5,0.0,0.0
CrlNetworkServices,SM,2,B3,15,6,6,0,15->19->10->9->7->6,15->22->21->20->14->7->6,27.763235,inf,0.0,173.0,173.0,23.768954,6.188119,57.636244,6.188119,0.0,0.0,0.0,0,173.0,0.5,0.5,0.05,5,0.0,0.0
CrlNetworkServices,SM,2,B3,16,6,2,1,16->17->18->19->10->9->7->6,16->17->18->19->10->9->7->2,28.012873,inf,0.0,200.0,200.0,33.841965,17.361111,78.882247,17.361111,0.0,0.0,0.0,0,200.0,0.5,0.5,0.05,5,0.0,0.0
CrlNetworkServices,SM,2,B3,17,6,6,0,17->18->19->10->9->7->6,17->18->19->10->9->7->6,26.715269,inf,0.0,185.0,185.0,26.715269,6.188119,60.58256,6.188119,0.0,0.0,0.0,0,185.0,0.5,0.5,0.05,5,0.0,0.0
CrlNetworkServices,SM,2,B3,18,5,5,0,18->19->10->9->7->8->5,18->19->10->9->7->8->5,25.762346,inf,0.0,186.0,186.0,25.762346,3.779289,57.220807,3.779289,0.0,0.0,0.0,0,186.0,0.5,0.5,0.05,5,0.0,0.0
CrlNetworkServices,SM,2,B3,19,5,5,0,19->10->9->7->8->5,19->10->9->7->8->5,25.190308,inf,0.0,207.0,207.0,25.190308,3.779289,56.648769,3.779289,0.0,0.0,0.0,0,207.0,0.5,0.5,0.05,5,0.0,0.0
CrlNetworkServices,SM,2,B3,20,6,6,0,20->14->7->6,20->14->7->6,16.618941,inf,0.0,127.0,127.0,16.618941,6.188119,50.486231,6.188119,0.0,0.0,0.0,0,127.0,0.5,0.5,0.05,5,0.0,0.0
CrlNetworkServices,SM,2,B3,21,5,1,1,21->20->14->7->8->5,21->20->14->7->2->1,20.956698,inf,0.0,216.0,216.0,31.607,7.763975,67.050146,7.763975,0.0,0.0,0.0,0,216.0,0.5,0.5,0.05,5,0.0,0.0
CrlNetworkServices,SM,2,B3,22,5,5,0,22->21->20->14->7->8->5,22->21->20->14->7->8->5,22.408833,inf,0.0,184.0,184.0,22.408833,3.779289,53.867294,3.779289,0.0,0.0,0.0,0,184.0,0.5,0.5,0.05,5,0.0,0.0
CrlNetworkServices,SM,2,B3,23,5,2,1,23->22->21->20->14->7->8->5,23->22->21->20->14->7->2,31.27586,inf,0.0,168.0,168.0,36.61332,17.361111,81.653603,17.361111,0.0,0.0,0.0,0,168.0,0.5,0.5,0.05,5,0.0,0.0
CrlNetworkServices,SM,2,B3,24,4,4,0,24->25->3->4,24->25->3->4,6.737257,inf,0.0,184.0,184.0,6.737257,6.265664,40.682093,6.265664,0.0,0.0,0.0,0,184.0,0.5,0.5,0.05,5,0.0,0.0
CrlNetworkServices,SM,2,B3,25,4,4,0,25->3->4,25->3->4,1.816433,inf,0.0,171.0,171.0,1.816433,6.265664,35.761269,6.265664,0.0,0.0,0.0,0,171.0,0.5,0.5,0.05,5,0.0,0.0
CrlNetworkServices,SM,2,B3,26,4,4,0,26->20->14->7->2->1->4,26->27->28->32->33->24->25->3->4,60.534702,inf,0.0,177.0,177.0,18.388414,6.265664,52.333249,6.265664,0.0,0.0,0.0,0,177.0,0.5,0.5,0.05,5,0.0,0.0
CrlNetworkServices,SM,2,B3,27,4,1,1,27->28->32->33->24->25->3->4,27->28->32->33->24->25->3->4->1,16.058189,inf,0.0,196.0,196.0,20.87283,7.763975,56.315977,7.763975,0.0,0.0,0.0,0,196.0,0.5,0.5,0.05,5,0.0,0.0
CrlNetworkServices,SM,2,B3,28,4,4,0,28->32->33->24->25->3->4,28->32->33->24->25->3->4,8.190841,inf,0.0,146.0,146.0,8.190841,6.265664,42.135676,6.265664,0.0,0.0,0.0,0,146.0,0.5,0.5,0.05,5,0.0,0.0
CrlNetworkServices,SM,2,B3,29,4,2,1,29->28->32->33->24->25->3->4,29->28->32->33->24->25->3->4->1->2,9.266402,inf,0.0,196.0,196.0,19.393884,17.361111,64.434167,17.361111,0.0,0.0,0.0,0,196.0,0.5,0.5,0.05,5,0.0,0.0
CrlNetworkServices,SM,2,B3,30,3,3,0,30->29->28->32->33->24->25->3,30->29->28->32->33->24->25->3,8.552987,43.344534,0.0,134.0,134.0,8.552987,7.112376,43.344534,7.112376,0.0,0.0,0.0,0,134.0,0.5,0.5,0.05,5,0.0,0.0
CrlNetworkServices,SM,2,B3,31,3,3,0,31->33->24->25->3,31->33->24->25->3,48.866149,83.657696,0.0,172.0,172.0,48.866149,7.112376,83.657696,7.112376,0.0,0.0,0.0,0,172.0,0.5,0.5,0.05,5,0.0,0.0
CrlNetworkServices,SM,2,B3,32,3,3,0,32->33->24->25->3,32->33->24->25->3,6.219754,41.011301,0.0,210.0,210.0,6.219754,7.112376,41.011301,7.112376,0.0,0.0,0.0,0,210.0,0.5,0.5,0.05,5,0.0,0.0
CrlNetworkServices,SM,2,B3,33,3,3,0,33->24->25->3,33->24->25->3,5.978415,40.769962,0.0,169.0,169.0,5.978415,7.112376,40.769962,7.112376,0.0,0.0,0.0,0,169.0,0.5,0.5,0.05,5,0.0,0.0
CrlNetworkServices,SM,2,MCF_ARC,1,1,1,0,1,1,0.0,28.743228,0.0,153.0,153.0,0.0,1.835741,29.504655,1.825484,0.0,0.0,0.0,0,153.0,0.5,0.5,0.05,5,0.0,0.0
CrlNetworkServices,SM,2,MCF_ARC,2,2,2,0,2,2,0.0,28.934507,0.0,205.0,205.0,0.0,15.874837,40.734002,13.05483,0.0,0.0,0.0,0,205.0,0.5,0.5,0.05,5,0.0,0.0
CrlNetworkServices,SM,2,MCF_ARC,3,3,3,0,3,3,0.0,34.791547,0.0,176.0,176.0,0.0,7.313703,34.791547,7.112376,0.0,0.0,0.0,0,176.0,0.5,0.5,0.05,5,0.0,0.0
CrlNetworkServices,SM,2,MCF_ARC,4,4,4,0,4,4,0.0,inf,0.0,192.0,192.0,0.0,6.586541,33.944836,6.265664,0.0,0.0,0.0,0,192.0,0.5,0.5,0.05,5,0.0,0.0
CrlNetworkServices,SM,2,MCF_ARC,5,5,5,0,5,5,0.0,inf,0.0,160.0,160.0,0.0,17.72697,43.159048,15.479876,0.0,0.0,0.0,0,160.0,0.5,0.5,0.05,5,0.0,0.0
CrlNetworkServices,SM,2,MCF_ARC,6,6,6,0,6,6,0.0,inf,0.0,202.0,202.0,0.0,17.80079,43.653612,15.974441,0.0,0.0,0.0,0,202.0,0.5,0.5,0.05,5,0.0,0.0
CrlNetworkServices,SM,2,MCF_ARC,7,7,7,0,7,7,0.0,inf,0.0,204.0,204.0,0.0,19.490218,46.547096,18.867925,0.0,0.0,0.0,0,204.0,0.5,0.5,0.05,5,0.0,0.0
CrlNetworkServices,SM,2,MCF_ARC,8,7,7,0,8->7,8->7,2.927897,inf,0.0,175.0,175.0,2.927897,19.490218,49.474993,18.867925,0.0,0.0,0.0,0,175.0,0.5,0.5,0.05,5,0.0,0.0
CrlNetworkServices,SM,2,MCF_ARC,9,7,7,0,9->7,9->7,11.613081,inf,0.0,209.0,209.0,11.613081,19.490218,58.160177,18.867925,0.0,0.0,0.0,0,209.0,0.5,0.5,0.05,5,0.0,0.0
CrlNetworkServices,SM,2,MCF_ARC,10,7,7,0,10->9->7,10->9->7,17.334046,inf,0.0,179.0,179.0,17.334046,19.490218,63.881142,18.867925,0.0,0.0,0.0,0,179.0,0.5,0.5,0.05,5,0.0,0.0
CrlNetworkServices,SM,2,MCF_ARC,11,7,2,1,11->14->7,11->12->33->24->25->3->4->1->2,12.697715,inf,0.0,220.0,220.0,41.759966,15.874837,82.493968,13.05483,0.0,0.0,0.0,0,220.0,0.5,0.5,0.05,5,0.0,0.0
CrlNetworkServices,SM,2,MCF_ARC,12,7,2,1,12->11->14->7,12->11->14->7->2,21.637615,inf,0.0,188.0,188.0,31.085912,15.874837,71.819914,13.05483,0.0,0.0,0.0,0,188.0,0.5,0.5,0.05,5,0.0,0.0
CrlNetworkServices,SM,2,MCF_ARC,13,6,6,0,13->9->7->6,13->9->7->6,21.92336,inf,0.0,181.0,181.0,21.92336,17.80079,65.576972,15.974441,0.0,0.0,0.0,0,181.0,0.5,0.5,0.05,5,0.0,0.0
CrlNetworkServices,SM,2,MCF_ARC,14,6,6,0,14->7->6,14->7->6,12.435363,inf,0.0,211.0,211.0,12.435363,17.80079,56.088975,15.974441,0.0,0.0,0.0,0,211.0,0.5,0.5,0.05,5,0.0,0.0
CrlNetworkServices,SM,2,MCF_ARC,15,6,6,0,15->19->10->9->7->6,15->22->21->20->14->7->6,27.763235,inf,0.0,173.0,173.0,23.768954,17.80079,67.422566,15.974441,0.0,0.0,0.0,0,173.0,0.5,0.5,0.05,5,0.0,0.0
CrlNetworkServices,SM,2,MCF_ARC,16,6,6,0,16->17->18->19->10->9->7->6,16->17->18->19->10->9->7->6,28.012873,inf,0.0,200.0,200.0,28.012873,17.80079,71.666486,15.974441,0.0,0.0,0.0,0,200.0,0.5,0.5,0.05,5,0.0,0.0
CrlNetworkServices,SM,2,MCF_ARC,17,6,2,1,17->18->19->10->9->7->6,17->18->19->10->9->7->2,26.715269,inf,0.0,185.0,185.0,32.54436,15.874837,73.278362,13.05483,0.0,0.0,0.0,0,185.0,0.5,0.5,0.05,5,0.0,0.0
CrlNetworkServices,SM,2,MCF_ARC,18,5,5,0,18->19->10->9->7->8->5,18->19->10->9->7->8->5,25.762346,inf,0.0,186.0,186.0,25.762346,17.72697,68.921393,15.479876,0.0,0.0,0.0,0,186.0,0.5,0.5,0.05,5,0.0,0.0
CrlNetworkServices,SM,2,MCF_ARC,19,5,5,0,19->10->9->7->8->5,19->10->9->7->8->5,25.190308,inf,0.0,207.0,207.0,25.190308,17.72697,68.349355,15.479876,0.0,0.0,0.0,0,207.0,0.5,0.5,0.05,5,0.0,0.0
CrlNetworkServices,SM,2,MCF_ARC,20,6,2,1,20->14->7->6,20->14->7->2,16.618941,inf,0.0,127.0,127.0,22.448032,15.874837,63.182034,13.05483,0.0,0.0,0.0,0,127.0,0.5,0.5,0.05,5,0.0,0.0
CrlNetworkServices,SM,2,MCF_ARC,21,5,5,0,21->20->14->7->8->5,21->20->14->7->8->5,20.956698,inf,0.0,216.0,216.0,20.956698,17.72697,64.115745,15.479876,0.0,0.0,0.0,0,216.0,0.5,0.5,0.05,5,0.0,0.0
CrlNetworkServices,SM,2,MCF_ARC,22,5,7,1,22->21->20->14->7->8->5,22->21->20->14->7,22.408833,inf,0.0,184.0,184.0,18.297997,19.490218,64.845093,18.867925,0.0,0.0,0.0,0,184.0,0.5,0.5,0.05,5,0.0,0.0
CrlNetworkServices,SM,2,MCF_ARC,23,5,5,0,23->22->21->20->14->7->8->5,23->22->21->20->14->7->8->5,31.27586,inf,0.0,168.0,168.0,31.27586,17.72697,74.434908,15.479876,0.0,0.0,0.0,0,168.0,0.5,0.5,0.05,5,0.0,0.0
CrlNetworkServices,SM,2,MCF_ARC,24,4,4,0,24->25->3->4,24->25->3->4,6.737257,inf,0.0,184.0,184.0,6.737257,6.586541,40.682093,6.265664,0.0,0.0,0.0,0,184.0,0.5,0.5,0.05,5,0.0,0.0
CrlNetworkServices,SM,2,MCF_ARC,25,4,4,0,25->3->4,25->3->4,1.816433,inf,0.0,171.0,171.0,1.816433,6.586541,35.761269,6.265664,0.0,0.0,0.0,0,171.0,0.5,0.5,0.05,5,0.0,0.0
CrlNetworkServices,SM,2,MCF_ARC,26,4,4,0,26->20->14->7->2->1->4,26->27->28->32->33->24->25->3->4,60.534702,inf,0.0,177.0,177.0,18.388414,6.586541,52.333249,6.265664,0.0,0.0,0.0,0,177.0,0.5,0.5,0.05,5,0.0,0.0
CrlNetworkServices,SM,2,MCF_ARC,27,4,1,1,27->28->32->33->24->25->3->4,27->28->32->33->24->25->3->4->1,16.058189,inf,0.0,196.0,196.0,20.87283,1.835741,50.377485,1.825484,0.0,0.0,0.0,0,196.0,0.5,0.5,0.05,5,0.0,0.0
CrlNetworkServices,SM,2,MCF_ARC,28,4,4,0,28->32->33->24->25->3->4,28->32->33->24->25->3->4,8.190841,inf,0.0,146.0,146.0,8.190841,6.586541,42.135676,6.265664,0.0,0.0,0.0,0,146.0,0.5,0.5,0.05,5,0.0,0.0
CrlNetworkServices,SM,2,MCF_ARC,29,4,1,1,29->28->32->33->24->25->3->4,29->28->32->33->24->25->3->4->1,9.266402,inf,0.0,196.0,196.0,14.081043,1.835741,43.585698,1.825484,0.0,0.0,0.0,0,196.0,0.5,0.5,0.05,5,0.0,0.0
CrlNetworkServices,SM,2,MCF_ARC,30,3,3,0,30->29->28->32->33->24->25->3,30->29->28->32->33->24->25->3,8.552987,43.344534,0.0,134.0,134.0,8.552987,7.313703,43.344534,7.112376,0.0,0.0,0.0,0,134.0,0.5,0.5,0.05,5,0.0,0.0
CrlNetworkServices,SM,2,MCF_ARC,31,3,3,0,31->33->24->25->3,31->33->24->25->3,48.866149,83.657696,0.0,172.0,172.0,48.866149,7.313703,83.657696,7.112376,0.0,0.0,0.0,0,172.0,0.5,0.5,0.05,5,0.0,0.0
CrlNetworkServices,SM,2,MCF_ARC,32,3,3,0,32->33->24->25->3,32->33->24->25->3,6.219754,41.011301,0.0,210.0,210.0,6.219754,7.313703,41.011301,7.112376,0.0,0.0,0.0,0,210.0,0.5,0.5,0.05,5,0.0,0.0
CrlNetworkServices,SM,2,MCF_ARC,33,3,3,0,33->24->25->3,33->24->25->3,5.978415,40.769962,0.0,169.0,169.0,5.978415,7.313703,40.769962,7.112376,0.0,0.0,0.0,0,169.0,0.5,0.5,0.05,5,0.0,0.0
CrlNetworkServices,SM,3,B1,1,1,1,0,1,,0.0,28.838189,0.0,162.0,162.0,0.0,1.159017,28.838189,1.159017,0.0,0.0,0.0,0,162.0,0.5,0.5,0.05,5,0.0,0.0
CrlNetworkServices,SM,3,B1,2,2,2,0,2,,0.0,28.960566,0.0,178.0,178.0,0.0,15.52795,43.207122,15.52795,0.0,0.0,0.0,0,178.0,0.5,0.5,0.05,5,0.0,0.0
CrlNetworkServices,SM,3,B1,3,3,3,0,3,,0.0,31.055269,0.0,199.0,199.0,0.0,121.95122,149.630391,121.95122,0.0,0.0,0.0,0,199.0,0.5,0.5,0.05,5,0.0,0.0
CrlNetworkServices,SM,3,B1,4,4,4,0,4,,0.0,inf,0.0,202.0,202.0,0.0,16.286645,43.965816,16.286645,0.0,0.0,0.0,0,202.0,0.5,0.5,0.05,5,0.0,0.0
CrlNetworkServices,SM,3,B1,5,5,5,0,5,,0.0,inf,0.0,192.0,192.0,0.0,15.10574,42.784912,15.10574,0.0,0.0,0.0,0,192.0,0.5,0.5,0.05,5,0.0,0.0
CrlNetworkServices,SM,3,B1,6,6,6,0,6,,0.0,inf,0.0,194.0,194.0,0.0,43.478261,71.157432,43.478261,0.0,0.0,0.0,0,194.0,0.5,0.5,0.05,5,0.0,0.0
CrlNetworkServices,SM,3,B1,7,7,2,1,7,,0.0,inf,0.0,183.0,183.0,9.448297,15.52795,52.655419,15.52795,0.0,0.0,0.0,0,183.0,0.5,0.5,0.05,5,0.0,0.0
CrlNetworkServices,SM,3,B1,8,7,7,0,8->7,,2.927897,inf,0.0,141.0,141.0,2.927897,625.0,655.607068,625.0,0.0,0.0,0.0,0,141.0,0.5,0.5,0.05,5,0.0,0.0
CrlNetworkServices,SM,3,B1,9,7,2,1,9->7,,11.613081,inf,0.0,182.0,182.0,21.061378,15.52795,64.268499,15.52795,0.0,0.0,0.0,0,182.0,0.5,0.5,0.05,5,0.0,0.0
CrlNetworkServices,SM,3,B1,10,7,7,0,10->9->7,,17.334046,inf,0.0,157.0,157.0,17.334046,625.0,670.013218,625.0,0.0,0.0,0.0,0,157.0,0.5,0.5,0.05,5,0.0,0.0
CrlNetworkServices,SM,3,B1,11,7,2,1,11->14->7,,12.697715,inf,0.0,210.0,210.0,22.146012,15.52795,65.353134,15.52795,0.0,0.0,0.0,0,210.0,0.5,0.5,0.05,5,0.0,0.0
CrlNetworkServices,SM,3,B1,12,7,7,0,12->11->14->7,,21.637615,inf,0.0,181.0,181.0,21.637615,625.0,674.316787,625.0,0.0,0.0,0.0,0,181.0,0.5,0.5,0.05,5,0.0,0.0
CrlNetworkServices,SM,3,B1,13,7,7,0,13->9->7,,18.304154,inf,0.0,162.0,162.0,18.304154,625.0,670.983326,625.0,0.0,0.0,0.0,0,162.0,0.5,0.5,0.05,5,0.0,0.0
CrlNetworkServices,SM,3,B1,14,6,6,0,14->7->6,,12.435363,inf,0.0,202.0,202.0,12.435363,43.478261,83.592795,43.478261,0.0,0.0,0.0,0,202.0,0.5,0.5,0.05,5,0.0,0.0
CrlNetworkServices,SM,3,B1,15,6,6,0,15->19->10->9->7->6,,27.763235,inf,0.0,181.0,181.0,23.768954,43.478261,94.926386,43.478261,0.0,0.0,0.0,0,181.0,0.5,0.5,0.05,5,0.0,0.0
CrlNetworkServices,SM,3,B1,16,6,7,1,16->17->18->19->10->9->7->6,,28.012873,inf,0.0,172.0,172.0,24.393668,625.0,677.072839,625.0,0.0,0.0,0.0,0,172.0,0.5,0.5,0.05,5,0.0,0.0
CrlNetworkServices,SM,3,B1,17,6,6,0,17->18->19->10->9->7->6,,26.715269,inf,0.0,180.0,180.0,26.715269,43.478261,97.872702,43.478261,0.0,0.0,0.0,0,180.0,0.5,0.5,0.05,5,0.0,0.0
CrlNetworkServices,SM,3,B1,18,6,6,0,18->19->10->9->7->6,,25.270715,inf,0.0,188.0,188.0,25.270715,43.478261,96.428147,43.478261,0.0,0.0,0.0,0,188.0,0.5,0.5,0.05,5,0.0,0.0
CrlNetworkServices,SM,3,B1,19,5,5,0,19->10->9->7->8->5,,25.190308,inf,0.0,199.0,199.0,25.190308,15.10574,67.975219,15.10574,0.0,0.0,0.0,0,199.0,0.5,0.5,0.05,5,0.0,0.0
CrlNetworkServices,SM,3,B1,20,5,5,0,20->14->7->8->5,,17.110572,inf,0.0,167.0,167.0,17.110572,15.10574,59.895484,15.10574,0.0,0.0,0.0,0,167.0,0.5,0.5,0.05,5,0.0,0.0
CrlNetworkServices,SM,3,B1,21,5,5,0,21->20->14->7->8->5,,20.956698,inf,0.0,185.0,185.0,20.956698,15.10574,63.741609,15.10574,0.0,0.0,0.0,0,185.0,0.5,0.5,0.05,5,0.0,0.0
CrlNetworkServices,SM,3,B1,22,5,7,1,22->21->20->14->7->8->5,,22.408833,inf,0.0,159.0,159.0,18.297997,625.0,670.977168,625.0,0.0,0.0,0.0,0,159.0,0.5,0.5,0.05,5,0.0,0.0
CrlNetworkServices,SM,3,B1,23,5,5,0,23->22->21->20->14->7->8->5,,31.27586,inf,0.0,162.0,162.0,31.27586,15.10574,74.060772,15.10574,0.0,0.0,0.0,0,162.0,0.5,0.5,0.05,5,0.0,0.0
CrlNetworkServices,SM,3,B1,24,5,2,1,24->33->32->28->27->26->20->14->7->8->5,,56.720916,inf,0.0,141.0,141.0,16.86474,15.52795,60.071862,15.52795,0.0,0.0,0.0,0,141.0,0.5,0.5,0.05,5,0.0,0.0
CrlNetworkServices,SM,3,B1,25,4,4,0,25->3->4,,1.816433,inf,0.0,128.0,128.0,1.816433,16.286645,45.78225,16.286645,0.0,0.0,0.0,0,128.0,0.5,0.5,0.05,5,0.0,0.0
CrlNetworkServices,SM,3,B1,26,4,3,1,26->20->14->7->2->1->4,,60.534702,inf,0.0,175.0,175.0,16.959936,121.95122,166.590327,121.95122,0.0,0.0,0.0,0,175.0,0.5,0.5,0.05,5,0.0,0.0
CrlNetworkServices,SM,3,B1,27,4,4,0,27->28->32->33->24->25->3->4,,16.058189,inf,0.0,196.0,196.0,16.058189,16.286645,60.024006,16.286645,0.0,0.0,0.0,0,196.0,0.5,0.5,0.05,5,0.0,0.0
CrlNetworkServices,SM,3,B1,28,4,4,0,28->32->33->24->25->3->4,,8.190841,inf,0.0,175.0,175.0,8.190841,16.286645,52.156657,16.286645,0.0,0.0,0.0,0,175.0,0.5,0.5,0.05,5,0.0,0.0
CrlNetworkServices,SM,3,B1,29,4,4,0,29->28->32->33->24->25->3->4,,9.266402,inf,0.0,196.0,196.0,9.266402,16.286645,53.232218,16.286645,0.0,0.0,0.0,0,196.0,0.5,0.5,0.05,5,0.0,0.0
CrlNetworkServices,SM,3,B1,30,4,3,1,30->31->33->24->25->3->4,,92.194166,inf,0.0,113.0,113.0,8.552987,121.95122,158.183378,121.95122,0.0,0.0,0.0,0,113.0,0.5,0.5,0.05,5,0.0,0.0
CrlNetworkServices,SM,3,B1,31,3,3,0,31->33->24->25->3,,48.866149,79.921418,0.0,187.0,187.0,48.866149,121.95122,198.49654,121.95122,0.0,0.0,0.0,0,187.0,0.5,0.5,0.05,5,0.0,0.0
CrlNetworkServices,SM,3,B1,32,3,3,0,32->33->24->25->3,,6.219754,37.275022,0.0,158.0,158.0,6.219754,121.95122,155.850145,121.95122,0.0,0.0,0.0,0,158.0,0.5,0.5,0.05,5,0.0,0.0
CrlNetworkServices,SM,3,B1,33,3,3,0,33->24->25->3,,5.978415,37.033684,0.0,191.0,191.0,5.978415,121.95122,155.608806,121.95122,0.0,0.0,0.0,0,191.0,0.5,0.5,0.05,5,0.0,0.0
CrlNetworkServices,SM,3,B3,1,1,1,0,1,1,0.0,28.838189,0.0,162.0,162.0,0.0,11.792453,39.471624,11.792453,0.0,0.0,0.0,0,162.0,0.5,0.5,0.05,5,0.0,0.0
CrlNetworkServices,SM,3,B3,2,2,2,0,2,2,0.0,28.960566,0.0,178.0,178.0,0.0,26.041667,53.720838,26.041667,0.0,0.0,0.0,0,178.0,0.5,0.5,0.05,5,0.0,0.0
CrlNetworkServices,SM,3,B3,3,3,3,0,3,3,0.0,31.055269,0.0,199.0,199.0,0.0,3.376097,31.055269,3.376097,0.0,0.0,0.0,0,199.0,0.5,0.5,0.05,5,0.0,0.0
CrlNetworkServices,SM,3,B3,4,4,4,0,4,4,0.0,inf,0.0,202.0,202.0,0.0,6.925208,34.604379,6.925208,0.0,0.0,0.0,0,202.0,0.5,0.5,0.05,5,0.0,0.0
CrlNetworkServices,SM,3,B3,5,5,5,0,5,5,0.0,inf,0.0,192.0,192.0,0.0,6.65779,34.336961,6.65779,0.0,0.0,0.0,0,192.0,0.5,0.5,0.05,5,0.0,0.0
CrlNetworkServices,SM,3,B3,6,6,6,0,6,6,0.0,inf,0.0,194.0,194.0,0.0,4.444444,32.123616,4.444444,0.0,0.0,0.0,0,194.0,0.5,0.5,0.05,5,0.0,0.0
CrlNetworkServices,SM,3,B3,7,7,7,0,7,7,0.0,inf,0.0,183.0,183.0,0.0,6.729475,34.408647,6.729475,0.0,0.0,0.0,0,183.0,0.5,0.5,0.05,5,0.0,0.0
CrlNetworkServices,SM,3,B3,8,7,7,0,8->7,8->7,2.927897,inf,0.0,141.0,141.0,2.927897,6.729475,37.336543,6.729475,0.0,0.0,0.0,0,141.0,0.5,0.5,0.05,5,0.0,0.0
CrlNetworkServices,SM,3,B3,9,7,7,0,9->7,9->7,11.613081,inf,0.0,182.0,182.0,11.613081,6.729475,46.021727,6.729475,0.0,0.0,0.0,0,182.0,0.5,0.5,0.05,5,0.0,0.0
CrlNetworkServices,SM,3,B3,10,7,7,0,10->9->7,10->9->7,17.334046,inf,0.0,157.0,157.0,17.334046,6.729475,51.742693,6.729475,0.0,0.0,0.0,0,157.0,0.5,0.5,0.05,5,0.0,0.0
CrlNetworkServices,SM,3,B3,11,7,2,1,11->14->7,11->14->7->2,12.697715,inf,0.0,210.0,210.0,22.146012,26.041667,75.86685,26.041667,0.0,0.0,0.0,0,210.0,0.5,0.5,0.05,5,0.0,0.0
CrlNetworkServices,SM,3,B3,12,7,1,1,12->11->14->7,12->33->24->25->3->4->1,21.637615,inf,0.0,181.0,181.0,27.507225,11.792453,66.978849,11.792453,0.0,0.0,0.0,0,181.0,0.5,0.5,0.05,5,0.0,0.0
CrlNetworkServices,SM,3,B3,13,7,7,0,13->9->7,13->9->7,18.304154,inf,0.0,162.0,162.0,18.304154,6.729475,52.712801,6.729475,0.0,0.0,0.0,0,162.0,0.5,0.5,0.05,5,0.0,0.0
CrlNetworkServices,SM,3,B3,14,6,1,1,14->7->6,14->7->2->1,12.435363,inf,0.0,202.0,202.0,23.577296,11.792453,63.04892,11.792453,0.0,0.0,0.0,0,202.0,0.5,0.5,0.05,5,0.0,0.0
CrlNetworkServices,SM,3,B3,15,6,6,0,15->19->10->9->7->6,15->22->21->20->14->7->6,27.763235,inf,0.0,181.0,181.0,23.768954,4.444444,55.89257,4.444444,0.0,0.0,0.0,0,181.0,0.5,0.5,0.05,5,0.0,0.0
CrlNetworkServices,SM,3,B3,16,6,2,1,16->17->18->19->10->9->7->6,16->17->18->19->10->9->7->2,28.012873,inf,0.0,172.0,172.0,33.841965,26.041667,87.562803,26.041667,0.0,0.0,0.0,0,172.0,0.5,0.5,0.05,5,0.0,0.0
CrlNetworkServices,SM,3,B3,17,6,6,0,17->18->19->10->9->7->6,17->18->19->10->9->7->6,26.715269,inf,0.0,180.0,180.0,26.715269,4.444444,58.838885,4.444444,0.0,0.0,0.0,0,180.0,0.5,0.5,0.05,5,0.0,0.0
CrlNetworkServices,SM,3,B3,18,6,6,0,18->19->10->9->7->6,18->19->10->9->7->6,25.270715,inf,0.0,188.0,188.0,25.270715,4.444444,57.394331,4.444444,0.0,0.0,0.0,0,188.0,0.5,0.5,0.05,5,0.0,0.0
CrlNetworkServices,SM,3,B3,19,5,1,1,19->10->9->7->8->5,19->10->9->7->2->1,25.190308,inf,0.0,199.0,199.0,35.84061,11.792453,75.312234,11.792453,0.0,0.0,0.0,0,199.0,0.5,0.5,0.05,5,0.0,0.0
CrlNetworkServices,SM,3,B3,20,5,5,0,20->14->7->8->5,20->14->7->8->5,17.110572,inf,0.0,167.0,167.0,17.110572,6.65779,51.447533,6.65779,0.0,0.0,0.0,0,167.0,0.5,0.5,0.05,5,0.0,0.0
CrlNetworkServices,SM,3,B3,21,5,2,1,21->20->14->7->8->5,21->20->14->7->2,20.956698,inf,0.0,185.0,185.0,26.294158,26.041667,80.014996,26.041667,0.0,0.0,0.0,0,185.0,0.5,0.5,0.05,5,0.0,0.0
CrlNetworkServices,SM,3,B3,22,5,5,0,22->21->20->14->7->8->5,22->21->20->14->7->8->5,22.408833,inf,0.0,159.0,159.0,22.408833,6.65779,56.745794,6.65779,0.0,0.0,0.0,0,159.0,0.5,0.5,0.05,5,0.0,0.0
CrlNetworkServices,SM,3,B3,23,5,5,0,23->22->21->20->14->7->8->5,23->22->21->20->14->7->8->5,31.27586,inf,0.0,162.0,162.0,31.27586,6.65779,65.612821,6.65779,0.0,0.0,0.0,0,162.0,0.5,0.5,0.05,5,0.0,0.0
CrlNetworkServices,SM,3,B3,24,5,5,0,24->33->32->28->27->26->20->14->7->8->5,24->25->3->4->1->2->7->8->5,56.720916,inf,0.0,141.0,141.0,30.423873,6.65779,64.760834,6.65779,0.0,0.0,0.0,0,141.0,0.5,0.5,0.05,5,0.0,0.0
CrlNetworkServices,SM,3,B3,25,4,4,0,25->3->4,25->3->4,1.816433,inf,0.0,128.0,128.0,1.816433,6.925208,36.420813,6.925208,0.0,0.0,0.0,0,128.0,0.5,0.5,0.05,5,0.0,0.0
CrlNetworkServices,SM,3,B3,26,4,2,1,26->20->14->7->2->1->4,26->27->28->32->33->24->25->3->4->1->2,60.534702,inf,0.0,175.0,175.0,28.515896,26.041667,82.236734,26.041667,0.0,0.0,0.0,0,175.0,0.5,0.5,0.05,5,0.0,0.0
CrlNetworkServices,SM,3,B3,27,4,1,1,27->28->32->33->24->25->3->4,27->28->32->33->24->25->3->4->1,16.058189,inf,0.0,196.0,196.0,20.87283,11.792453,60.344455,11.792453,0.0,0.0,0.0,0,196.0,0.5,0.5,0.05,5,0.0,0.0
CrlNetworkServices,SM,3,B3,28,4,4,0,28->32->33->24->25->3->4,28->32->33->24->25->3->4,8.190841,inf,0.0,175.0,175.0,8.190841,6.925208,42.79522,6.925208,0.0,0.0,0.0,0,175.0,0.5,0.5,0.05,5,0.0,0.0
CrlNetworkServices,SM,3,B3,29,4,4,0,29->28->32->33->24->25->3->4,29->28->32->33->24->25->3->4,9.266402,inf,0.0,196.0,196.0,9.266402,6.925208,43.870781,6.925208,0.0,0.0,0.0,0,196.0,0.5,0.5,0.05,5,0.0,0.0
CrlNetworkServices,SM,3,B3,30,4,4,0,30->31->33->24->25->3->4,30->29->28->32->33->24->25->3->4,92.194166,inf,0.0,113.0,113.0,9.981464,6.925208,44.585843,6.925208,0.0,0.0,0.0,0,113.0,0.5,0.5,0.05,5,0.0,0.0
CrlNetworkServices,SM,3,B3,31,3,3,0,31->33->24->25->3,31->33->24->25->3,48.866149,79.921418,0.0,187.0,187.0,48.866149,3.376097,79.921418,3.376097,0.0,0.0,0.0,0,187.0,0.5,0.5,0.05,5,0.0,0.0
CrlNetworkServices,SM,3,B3,32,3,3,0,32->33->24->25->3,32->33->24->25->3,6.219754,37.275022,0.0,158.0,158.0,6.219754,3.376097,37.275022,3.376097,0.0,0.0,0.0,0,158.0,0.5,0.5,0.05,5,0.0,0.0
CrlNetworkServices,SM,3,B3,33,3,3,0,33->24->25->3,33->24->25->3,5.978415,37.033684,0.0,191.0,191.0,5.978415,3.376097,37.033684,3.376097,0.0,0.0,0.0,0,191.0,0.5,0.5,0.05,5,0.0,0.0
CrlNetworkServices,SM,4,B1,1,1,1,0,1,,0.0,28.830184,0.0,164.0,164.0,0.0,1.570352,29.249523,1.570352,0.0,0.0,0.0,0,164.0,0.5,0.5,0.05,5,0.0,0.0
CrlNetworkServices,SM,4,B1,2,2,2,0,2,,0.0,28.82675,0.0,171.0,171.0,0.0,4.456328,32.1355,4.456328,0.0,0.0,0.0,0,171.0,0.5,0.5,0.05,5,0.0,0.0
CrlNetworkServices,SM,4,B1,3,3,3,0,3,,0.0,32.664216,0.0,151.0,151.0,0.0,4.985045,32.664216,4.985045,0.0,0.0,0.0,0,151.0,0.5,0.5,0.05,5,0.0,0.0
CrlNetworkServices,SM,4,B1,4,4,4,0,4,,0.0,inf,0.0,204.0,204.0,0.0,59.52381,87.202981,59.52381,0.0,0.0,0.0,0,204.0,0.5,0.5,0.05,5,0.0,0.0
CrlNetworkServices,SM,4,B1,5,5,6,1,5,,0.0,inf,0.0,150.0,150.0,3.055709,277.777778,308.512658,277.777778,0.0,0.0,0.0,0,150.0,0.5,0.5,0.05,5,0.0,0.0
CrlNetworkServices,SM,4,B1,6,6,6,0,6,,0.0,inf,0.0,151.0,151.0,0.0,277.777778,305.456949,277.777778,0.0,0.0,0.0,0,151.0,0.5,0.5,0.05,5,0.0,0.0
CrlNetworkServices,SM,4,B1,7,7,2,1,7,,0.0,inf,0.0,160.0,160.0,9.448297,4.456328,41.583796,4.456328,0.0,0.0,0.0,0,160.0,0.5,0.5,0.05,5,0.0,0.0
CrlNetworkServices,SM,4,B1,8,7,7,0,8->7,,2.927897,inf,0.0,196.0,196.0,2.927897,500.0,530.607068,500.0,0.0,0.0,0.0,0,196.0,0.5,0.5,0.05,5,0.0,0.0
CrlNetworkServices,SM,4,B1,9,7,7,0,9->7,,11.613081,inf,0.0,182.0,182.0,11.613081,500.0,539.292252,500.0,0.0,0.0,0.0,0,182.0,0.5,0.5,0.05,5,0.0,0.0
CrlNetworkServices,SM,4,B1,10,7,2,1,10->9->7,,17.334046,inf,0.0,215.0,215.0,26.782343,4.456328,58.917842,4.456328,0.0,0.0,0.0,0,215.0,0.5,0.5,0.05,5,0.0,0.0
CrlNetworkServices,SM,4,B1,11,7,7,0,11->14->7,,12.697715,inf,0.0,197.0,197.0,12.697715,500.0,540.376887,500.0,0.0,0.0,0.0,0,197.0,0.5,0.5,0.05,5,0.0,0.0
CrlNetworkServices,SM,4,B1,12,7,2,1,12->11->14->7,,21.637615,inf,0.0,272.0,272.0,31.085912,4.456328,63.221411,4.456328,0.0,0.0,0.0,0,272.0,0.5,0.5,0.05,5,0.0,0.0
CrlNetworkServices,SM,4,B1,13,6,6,0,13->9->7->6,,21.92336,inf,0.0,191.0,191.0,21.92336,277.777778,327.380309,277.777778,0.0,0.0,0.0,0,191.0,0.5,0.5,0.05,5,0.0,0.0
CrlNetworkServices,SM,4,B1,14,6,6,0,14->7->6,,12.435363,inf,0.0,172.0,172.0,12.435363,277.777778,317.892312,277.777778,0.0,0.0,0.0,0,172.0,0.5,0.5,0.05,5,0.0,0.0
CrlNetworkServices,SM,4,B1,15,6,6,0,15->19->10->9->7->6,,27.763235,inf,0.0,191.0,191.0,23.768954,277.777778,329.225903,277.777778,0.0,0.0,0.0,0,191.0,0.5,0.5,0.05,5,0.0,0.0
CrlNetworkServices,SM,4,B1,16,6,7,1,16->17->18->19->10->9->7->6,,28.012873,inf,0.0,243.0,243.0,24.393668,500.0,552.072839,500.0,0.0,0.0,0.0,0,243.0,0.5,0.5,0.05,5,0.0,0.0
CrlNetworkServices,SM,4,B1,17,6,5,1,17->18->19->10->9->7->6,,26.715269,inf,0.0,160.0,160.0,27.2069,1250.0,1304.886072,1250.0,0.0,0.0,0.0,0,160.0,0.5,0.5,0.05,5,0.0,0.0
CrlNetworkServices,SM,4,B1,18,5,5,0,18->19->10->9->7->8->5,,25.762346,inf,0.0,195.0,195.0,25.762346,1250.0,1303.441517,1250.0,0.0,0.0,0.0,0,195.0,0.5,0.5,0.05,5,0.0,0.0
CrlNetworkServices,SM,4,B1,19,6,6,0,19->10->9->7->6,,24.698677,inf,0.0,175.0,175.0,24.698677,277.777778,330.155626,277.777778,0.0,0.0,0.0,0,175.0,0.5,0.5,0.05,5,0.0,0.0
CrlNetworkServices,SM,4,B1,20,5,5,0,20->14->7->8->5,,17.110572,inf,0.0,187.0,187.0,17.110572,1250.0,1294.789743,1250.0,0.0,0.0,0.0,0,187.0,0.5,0.5,0.05,5,0.0,0.0
CrlNetworkServices,SM,4,B1,21,5,5,0,21->20->14->7->8->5,,20.956698,inf,0.0,160.0,160.0,20.956698,1250.0,1298.635869,1250.0,0.0,0.0,0.0,0,160.0,0.5,0.5,0.05,5,0.0,0.0
CrlNetworkServices,SM,4,B1,22,5,5,0,22->21->20->14->7->8->5,,22.408833,inf,0.0,199.0,199.0,22.408833,1250.0,1300.088005,1250.0,0.0,0.0,0.0,0,199.0,0.5,0.5,0.05,5,0.0,0.0
CrlNetworkServices,SM,4,B1,23,5,7,1,23->22->21->20->14->7->8->5,,31.27586,inf,0.0,224.0,224.0,27.165024,500.0,554.844195,500.0,0.0,0.0,0.0,0,224.0,0.5,0.5,0.05,5,0.0,0.0
CrlNetworkServices,SM,4,B1,24,4,4,0,24->25->3->4,,6.737257,inf,0.0,182.0,182.0,6.737257,59.52381,93.940238,59.52381,0.0,0.0,0.0,0,182.0,0.5,0.5,0.05,5,0.0,0.0
CrlNetworkServices,SM,4,B1,25,4,1,1,25->3->4,,1.816433,inf,0.0,232.0,232.0,6.631074,1.570352,35.880598,1.570352,0.0,0.0,0.0,0,232.0,0.5,0.5,0.05,5,0.0,0.0
CrlNetworkServices,SM,4,B1,26,4,4,0,26->27->28->32->33->24->25->3->4,,18.388414,inf,0.0,236.0,236.0,18.388414,59.52381,105.591395,59.52381,0.0,0.0,0.0,0,236.0,0.5,0.5,0.05,5,0.0,0.0
CrlNetworkServices,SM,4,B1,27,4,4,0,27->28->32->33->24->25->3->4,,16.058189,inf,0.0,193.0,193.0,16.058189,59.52381,103.26117,59.52381,0.0,0.0,0.0,0,193.0,0.5,0.5,0.05,5,0.0,0.0
CrlNetworkServices,SM,4,B1,28,4,4,0,28->32->33->24->25->3->4,,8.190841,inf,0.0,201.0,201.0,8.190841,59.52381,95.393822,59.52381,0.0,0.0,0.0,0,201.0,0.5,0.5,0.05,5,0.0,0.0
CrlNetworkServices,SM,4,B1,29,3,3,0,29->28->32->33->24->25->3,,7.837924,40.502141,0.0,194.0,194.0,7.837924,4.985045,40.502141,4.985045,0.0,0.0,0.0,0,194.0,0.5,0.5,0.05,5,0.0,0.0
CrlNetworkServices,SM,4,B1,30,3,3,0,30->29->28->32->33->24->25->3,,8.552987,41.217203,0.0,221.0,221.0,8.552987,4.985045,41.217203,4.985045,0.0,0.0,0.0,0,221.0,0.5,0.5,0.05,5,0.0,0.0
CrlNetworkServices,SM,4,B1,31,5,5,0,31->33->12->11->14->7->8->5,,83.921877,inf,0.0,131.0,131.0,73.981242,1250.0,1351.660414,1250.0,0.0,0.0,0.0,0,131.0,0.5,0.5,0.05,5,0.0,0.0
CrlNetworkServices,SM,4,B1,32,3,3,0,32->33->24->25->3,,6.219754,38.88397,0.0,170.0,170.0,6.219754,4.985045,38.88397,4.985045,0.0,0.0,0.0,0,170.0,0.5,0.5,0.05,5,0.0,0.0
CrlNetworkServices,SM,4,B1,33,3,3,0,33->24->25->3,,5.978415,38.642632,0.0,177.0,177.0,5.978415,4.985045,38.642632,4.985045,0.0,0.0,0.0,0,177.0,0.5,0.5,0.05,5,0.0,0.0
CrlNetworkServices,SM,4,B3,1,1,1,0,1,1,0.0,28.830184,0.0,164.0,164.0,0.0,5.005005,32.684177,5.005005,0.0,0.0,0.0,0,164.0,0.5,0.5,0.05,5,0.0,0.0
CrlNetworkServices,SM,4,B3,2,2,2,0,2,2,0.0,28.82675,0.0,171.0,171.0,0.0,inf,inf,inf,0.0,0.0,0.0,0,171.0,0.5,0.5,0.05,5,0.0,0.0
CrlNetworkServices,SM,4,B3,3,3,3,0,3,3,0.0,32.664216,0.0,151.0,151.0,0.0,2.698327,30.377499,2.698327,0.0,0.0,0.0,0,151.0,0.5,0.5,0.05,5,0.0,0.0
CrlNetworkServices,SM,4,B3,4,4,4,0,4,4,0.0,inf,0.0,204.0,204.0,0.0,4.930966,32.610138,4.930966,0.0,0.0,0.0,0,204.0,0.5,0.5,0.05,5,0.0,0.0
CrlNetworkServices,SM,4,B3,5,5,5,0,5,5,0.0,inf,0.0,150.0,150.0,0.0,7.052186,34.731358,7.052186,0.0,0.0,0.0,0,150.0,0.5,0.5,0.05,5,0.0,0.0
CrlNetworkServices,SM,4,B3,6,6,6,0,6,6,0.0,inf,0.0,151.0,151.0,0.0,6.510417,34.189588,6.510417,0.0,0.0,0.0,0,151.0,0.5,0.5,0.05,5,0.0,0.0
CrlNetworkServices,SM,4,B3,7,7,7,0,7,7,0.0,inf,0.0,160.0,160.0,0.0,3.448276,31.127447,3.448276,0.0,0.0,0.0,0,160.0,0.5,0.5,0.05,5,0.0,0.0
CrlNetworkServices,SM,4,B3,8,7,1,1,8->7,8->7->2->1,2.927897,inf,0.0,196.0,196.0,17.689035,5.005005,50.373212,5.005005,0.0,0.0,0.0,0,196.0,0.5,0.5,0.05,5,0.0,0.0
CrlNetworkServices,SM,4,B3,9,7,7,0,9->7,9->7,11.613081,inf,0.0,182.0,182.0,11.613081,3.448276,42.740528,3.448276,0.0,0.0,0.0,0,182.0,0.5,0.5,0.05,5,0.0,0.0
CrlNetworkServices,SM,4,B3,10,7,7,0,10->9->7,10->9->7,17.334046,inf,0.0,215.0,215.0,17.334046,3.448276,48.461493,3.448276,0.0,0.0,0.0,0,215.0,0.5,0.5,0.05,5,0.0,0.0
CrlNetworkServices,SM,4,B3,11,7,7,0,11->14->7,11->14->7,12.697715,inf,0.0,197.0,197.0,12.697715,3.448276,43.825163,3.448276,0.0,0.0,0.0,0,197.0,0.5,0.5,0.05,5,0.0,0.0
CrlNetworkServices,SM,4,B3,12,7,2,1,12->11->14->7,12->11->14->7->2,21.637615,inf,0.0,272.0,272.0,31.085912,inf,inf,inf,0.0,0.0,0.0,0,272.0,0.5,0.5,0.05,5,0.0,0.0
CrlNetworkServices,SM,4,B3,13,6,6,0,13->9->7->6,13->9->7->6,21.92336,inf,0.0,191.0,191.0,21.92336,6.510417,56.112948,6.510417,0.0,0.0,0.0,0,191.0,0.5,0.5,0.05,5,0.0,0.0
CrlNetworkServices,SM,4,B3,14,6,6,0,14->7->6,14->7->6,12.435363,inf,0.0,172.0,172.0,12.435363,6.510417,46.624951,6.510417,0.0,0.0,0.0,0,172.0,0.5,0.5,0.05,5,0.0,0.0
CrlNetworkServices,SM,4,B3,15,6,6,0,15->19->10->9->7->6,15->22->21->20->14->7->6,27.763235,inf,0.0,191.0,191.0,23.768954,6.510417,57.958542,6.510417,0.0,0.0,0.0,0,191.0,0.5,0.5,0.05,5,0.0,0.0
CrlNetworkServices,SM,4,B3,16,6,2,1,16->17->18->19->10->9->7->6,16->17->18->19->10->9->7->2,28.012873,inf,0.0,243.0,243.0,33.841965,inf,inf,inf,0.0,0.0,0.0,0,243.0,0.5,0.5,0.05,5,0.0,0.0
CrlNetworkServices,SM,4,B3,17,6,1,1,17->18->19->10->9->7->6,17->18->19->10->9->7->2->1,26.715269,inf,0.0,160.0,160.0,37.857202,5.005005,70.541379,5.005005,0.0,0.0,0.0,0,160.0,0.5,0.5,0.05,5,0.0,0.0
CrlNetworkServices,SM,4,B3,18,5,5,0,18->19->10->9->7->8->5,18->19->10->9->7->8->5,25.762346,inf,0.0,195.0,195.0,25.762346,7.052186,60.493703,7.052186,0.0,0.0,0.0,0,195.0,0.5,0.5,0.05,5,0.0,0.0
CrlNetworkServices,SM,4,B3,19,6,6,0,19->10->9->7->6,19->10->9->7->6,24.698677,inf,0.0,175.0,175.0,24.698677,6.510417,58.888265,6.510417,0.0,0.0,0.0,0,175.0,0.5,0.5,0.05,5,0.0,0.0
CrlNetworkServices,SM,4,B3,20,5,5,0,20->14->7->8->5,20->14->7->8->5,17.110572,inf,0.0,187.0,187.0,17.110572,7.052186,51.84193,7.052186,0.0,0.0,0.0,0,187.0,0.5,0.5,0.05,5,0.0,0.0
CrlNetworkServices,SM,4,B3,21,5,5,0,21->20->14->7->8->5,21->20->14->7->8->5,20.956698,inf,0.0,160.0,160.0,20.956698,7.052186,55.688055,7.052186,0.0,0.0,0.0,0,160.0,0.5,0.5,0.05,5,0.0,0.0
CrlNetworkServices,SM,4,B3,22,5,5,0,22->21->20->14->7->8->5,22->21->20->14->7->8->5,22.408833,inf,0.0,199.0,199.0,22.408833,7.052186,57.140191,7.052186,0.0,0.0,0.0,0,199.0,0.5,0.5,0.05,5,0.0,0.0
CrlNetworkServices,SM,4,B3,23,5,2,1,23->22->21->20->14->7->8->5,23->22->21->20->14->7->2,31.27586,inf,0.0,224.0,224.0,36.61332,inf,inf,inf,0.0,0.0,0.0,0,224.0,0.5,0.5,0.05,5,0.0,0.0
CrlNetworkServices,SM,4,B3,24,4,1,1,24->25->3->4,24->25->3->4->1,6.737257,inf,0.0,182.0,182.0,11.551898,5.005005,44.236074,5.005005,0.0,0.0,0.0,0,182.0,0.5,0.5,0.05,5,0.0,0.0
CrlNetworkServices,SM,4,B3,25,4,4,0,25->3->4,25->3->4,1.816433,inf,0.0,232.0,232.0,1.816433,4.930966,34.426571,4.930966,0.0,0.0,0.0,0,232.0,0.5,0.5,0.05,5,0.0,0.0
CrlNetworkServices,SM,4,B3,26,4,2,1,26->27->28->32->33->24->25->3->4,26->27->28->32->33->24->25->3->4->1->2,18.388414,inf,0.0,236.0,236.0,28.515896,inf,inf,inf,0.0,0.0,0.0,0,236.0,0.5,0.5,0.05,5,0.0,0.0
CrlNetworkServices,SM,4,B3,27,4,4,0,27->28->32->33->24->25->3->4,27->28->32->33->24->25->3->4,16.058189,inf,0.0,193.0,193.0,16.058189,4.930966,48.668327,4.930966,0.0,0.0,0.0,0,193.0,0.5,0.5,0.05,5,0.0,0.0
CrlNetworkServices,SM,4,B3,28,4,4,0,28->32->33->24->25->3->4,28->32->33->24->25->3->4,8.190841,inf,0.0,201.0,201.0,8.190841,4.930966,40.800979,4.930966,0.0,0.0,0.0,0,201.0,0.5,0.5,0.05,5,0.0,0.0
CrlNetworkServices,SM,4,B3,29,3,3,0,29->28->32->33->24->25->3,29->28->32->33->24->25->3,7.837924,40.502141,0.0,194.0,194.0,7.837924,2.698327,38.215423,2.698327,0.0,0.0,0.0,0,194.0,0.5,0.5,0.05,5,0.0,0.0
CrlNetworkServices,SM,4,B3,30,3,3,0,30->29->28->32->33->24->25->3,30->29->28->32->33->24->25->3,8.552987,41.217203,0.0,221.0,221.0,8.552987,2.698327,38.930485,2.698327,0.0,0.0,0.0,0,221.0,0.5,0.5,0.05,5,0.0,0.0
CrlNetworkServices,SM,4,B3,31,5,1,1,31->33->12->11->14->7->8->5,31->33->24->25->3->4->1,83.921877,inf,0.0,131.0,131.0,55.109267,5.005005,87.793444,5.005005,0.0,0.0,0.0,0,131.0,0.5,0.5,0.05,5,0.0,0.0
CrlNetworkServices,SM,4,B3,32,3,2,1,32->33->24->25->3,32->33->24->25->3->4->1->2,6.219754,38.88397,0.0,170.0,170.0,17.775714,inf,inf,inf,inf,0.0,0.0,0,170.0,0.5,0.5,0.05,5,0.0,0.0
CrlNetworkServices,SM,4,B3,33,3,3,0,33->24->25->3,33->24->25->3,5.978415,38.642632,0.0,177.0,177.0,5.978415,2.698327,36.355914,2.698327,0.0,0.0,0.0,0,177.0,0.5,0.5,0.05,5,0.0,0.0
Geant2010,SM,0,B1,1,1,1,0,1,,0.0,24.978352,0.0,204.0,204.0,0.0,41.322314,64.976514,41.322314,0.0,0.0,0.0,0,204.0,0.5,0.5,0.05,5,0.0,0.0
Geant2010,SM,0,B1,2,2,2,0,2,,0.0,24.957641,0.0,192.0,192.0,0.0,2.221235,25.875435,2.221235,0.0,0.0,0.0,0,192.0,0.5,0.5,0.05,5,0.0,0.0
Geant2010,SM,0,B1,3,3,3,0,3,,0.0,25.680953,0.0,221.0,221.0,0.0,2.026753,25.680953,2.026753,0.0,0.0,0.0,0,221.0,0.5,0.5,0.05,5,0.0,0.0
Geant2010,SM,0,B1,4,4,4,0,4,,0.0,inf,0.0,209.0,209.0,0.0,17.857143,41.511342,17.857143,0.0,0.0,0.0,0,209.0,0.5,0.5,0.05,5,0.0,0.0
Geant2010,SM,0,B1,5,5,5,0,5,,0.0,inf,0.0,189.0,189.0,0.0,312.5,336.1542,312.5,0.0,0.0,0.0,0,189.0,0.5,0.5,0.05,5,0.0,0.0
Geant2010,SM,0,B1,6,6,6,0,6,,0.0,inf,0.0,185.0,185.0,0.0,89.285714,112.939914,89.285714,0.0,0.0,0.0,0,185.0,0.5,0.5,0.05,5,0.0,0.0
Geant2010,SM,0,B1,7,7,7,0,7,,0.0,inf,0.0,213.0,213.0,0.0,454.545455,478.199654,454.545455,0.0,0.0,0.0,0,213.0,0.5,0.5,0.05,5,0.0,0.0
Geant2010,SM,0,B1,8,8,8,0,8,,0.0,inf,0.0,168.0,168.0,0.0,10.615711,34.269911,10.615711,0.0,0.0,0.0,0,168.0,0.5,0.5,0.05,5,0.0,0.0
Geant2010,SM,0,B1,9,8,8,0,9->8,,4.359944,inf,0.0,152.0,152.0,4.359944,10.615711,38.629855,10.615711,0.0,0.0,0.0,0,152.0,0.5,0.5,0.05,5,0.0,0.0
Geant2010,SM,0,B1,10,8,8,0,10->9->8,,6.487704,inf,0.0,165.0,165.0,6.487704,10.615711,40.757615,10.615711,0.0,0.0,0.0,0,165.0,0.5,0.5,0.05,5,0.0,0.0
Geant2010,SM,0,B1,11,8,2,1,11->14->10->9->8,,26.37185,inf,0.0,162.0,162.0,19.855129,2.221235,45.730563,2.221235,0.0,0.0,0.0,0,162.0,0.5,0.5,0.05,5,0.0,0.0
Geant2010,SM,0,B1,12,8,2,1,12->20->21->6->5->7->8,,19.882986,inf,0.0,155.0,155.0,19.992942,2.221235,45.868377,2.221235,0.0,0.0,0.0,0,155.0,0.5,0.5,0.05,5,0.0,0.0
Geant2010,SM,0,B1,13,8,8,0,13->12->20->21->27->5->7->8,,28.845258,inf,0.0,217.0,217.0,28.845258,10.615711,63.115169,10.615711,0.0,0.0,0.0,0,217.0,0.5,0.5,0.05,5,0.0,0.0
Geant2010,SM,0,B1,14,8,8,0,14->10->9->8,,21.122295,inf,0.0,163.0,163.0,21.122295,10.615711,55.392205,10.615711,0.0,0.0,0.0,0,163.0,0.5,0.5,0.05,5,0.0,0.0
Geant2010,SM,0,B1,15,7,7,0,15->10->9->5->7,,31.071325,inf,0.0,175.0,175.0,29.91753,454.545455,508.117184,454.545455,0.0,0.0,0.0,0,175.0,0.5,0.5,0.05,5,0.0,0.0
Geant2010,SM,0,B1,16,7,1,1,16->32->8->7,,42.389473,inf,0.0,197.0,197.0,33.544182,41.322314,98.520696,41.322314,0.0,0.0,0.0,0,197.0,0.5,0.5,0.05,5,0.0,0.0
Geant2010,SM,0,B1,17,7,7,0,17->10->9->8->7,,20.857726,inf,0.0,203.0,203.0,19.177378,454.545455,497.377032,454.545455,0.0,0.0,0.0,0,203.0,0.5,0.5,0.05,5,0.0,0.0
Geant2010,SM,0,B1,18,7,7,0,18->11->14->27->5->7,,27.728133,inf,0.0,190.0,190.0,18.129405,454.545455,496.329059,454.545455,0.0,0.0,0.0,0,190.0,0.5,0.5,0.05,5,0.0,0.0
Geant2010,SM,0,B1,19,7,7,0,19->25->26->27->5->7,,16.447208,inf,0.0,176.0,176.0,16.447208,454.545455,494.646862,454.545455,0.0,0.0,0.0,0,176.0,0.5,0.5,0.05,5,0.0,0.0
Geant2010,SM,0,B1,20,6,6,0,20->21->6,,4.53283,inf,0.0,147.0,147.0,4.53283,89.285714,117.472743,89.285714,0.0,0.0,0.0,0,147.0,0.5,0.5,0.05,5,0.0,0.0
Geant2010,SM,0,B1,21,6,6,0,21->6,,2.914876,inf,0.0,170.0,170.0,2.914876,89.285714,115.85479,89.285714,0.0,0.0,0.0,0,170.0,0.5,0.5,0.05,5,0.0,0.0
Geant2010,SM,0,B1,22,6,6,0,22->23->9->5->6,,24.310768,inf,0.0,152.0,152.0,24.310768,89.285714,137.250682,89.285714,0.0,0.0,0.0,0,152.0,0.5,0.5,0.05,5,0.0,0.0
Geant2010,SM,0,B1,23,6,5,1,23->9->5->6,,19.278012,inf,0.0,191.0,191.0,15.174145,312.5,351.328344,312.5,0.0,0.0,0.0,0,191.0,0.5,0.5,0.05,5,0.0,0.0
Geant2010,SM,0,B1,24,6,5,1,24->20->21->6,,7.723167,inf,0.0,206.0,206.0,11.351049,312.5,347.505249,312.5,0.0,0.0,0.0,0,206.0,0.5,0.5,0.05,5,0.0,0.0
Geant2010,SM,0,B1,25,5,5,0,25->26->27->5,,9.94978,inf,0.0,162.0,162.0,9.94978,312.5,346.103979,312.5,0.0,0.0,0.0,0,162.0,0.5,0.5,0.05,5,0.0,0.0
Geant2010,SM,0,B1,26,6,6,0,26->27->5->6,,12.881476,inf,0.0,135.0,135.0,6.250629,89.285714,119.190543,89.285714,0.0,0.0,0.0,0,135.0,0.5,0.5,0.05,5,0.0,0.0
Geant2010,SM,0,B1,27,5,1,1,27->5,,5.992306,inf,0.0,133.0,133.0,9.641609,41.322314,74.618122,41.322314,0.0,0.0,0.0,0,133.0,0.5,0.5,0.05,5,0.0,0.0
Geant2010,SM,0,B1,28,5,5,0,28->4->5,,11.666446,inf,0.0,208.0,208.0,11.666446,312.5,347.820646,312.5,0.0,0.0,0.0,0,208.0,0.5,0.5,0.05,5,0.0,0.0
Geant2010,SM,0,B1,29,5,1,1,29->5,,20.266678,inf,0.0,228.0,228.0,21.883069,41.322314,86.859583,41.322314,0.0,0.0,0.0,0,228.0,0.5,0.5,0.05,5,0.0,0.0
Geant2010,SM,0,B1,30,5,1,1,30->3->5,,27.824171,inf,0.0,173.0,173.0,23.866538,41.322314,88.843052,41.322314,0.0,0.0,0.0,0,173.0,0.5,0.5,0.05,5,0.0,0.0
Geant2010,SM,0,B1,31,4,6,1,31->32->8->7->5->4,,19.206306,inf,0.0,159.0,159.0,16.99271,89.285714,129.932624,89.285714,0.0,0.0,0.0,0,159.0,0.5,0.5,0.05,5,0.0,0.0
Geant2010,SM,0,B1,32,4,4,0,32->16->5->4,,72.280727,inf,0.0,172.0,172.0,14.558227,17.857143,56.06957,17.857143,0.0,0.0,0.0,0,172.0,0.5,0.5,0.05,5,0.0,0.0
Geant2010,SM,0,B1,33,4,4,0,33->3->5->4,,20.227605,inf,0.0,184.0,184.0,20.227605,17.857143,61.738947,17.857143,0.0,0.0,0.0,0,184.0,0.5,0.5,0.05,5,0.0,0.0
Geant2010,SM,0,B1,34,4,4,0,34->3->5->4,,18.266476,inf,0.0,190.0,190.0,18.266476,17.857143,59.777818,17.857143,0.0,0.0,0.0,0,190.0,0.5,0.5,0.05,5,0.0,0.0
Geant2010,SM,0,B1,35,4,4,0,35->34->3->5->4,,20.928919,inf,0.0,153.0,153.0,20.928919,17.857143,62.440262,17.857143,0.0,0.0,0.0,0,153.0,0.5,0.5,0.05,5,0.0,0.0
Geant2010,SM,0,B1,36,3,3,0,36->3,,8.394786,34.075739,0.0,153.0,153.0,8.394786,2.026753,34.075739,2.026753,0.0,0.0,0.0,0,153.0,0.5,0.5,0.05,5,0.0,0.0
Geant2010,SM,0,B1,37,3,3,0,37->36->3,,11.195232,36.876185,0.0,179.0,179.0,11.195232,2.026753,36.876185,2.026753,0.0,0.0,0.0,0,179.0,0.5,0.5,0.05,5,0.0,0.0
Geant2010,SM,0,B3,1,1,1,0,1,1,0.0,24.978352,0.0,204.0,204.0,0.0,inf,inf,inf,0.0,0.0,0.0,0,204.0,0.5,0.5,0.05,5,0.0,0.0
Geant2010,SM,0,B3,2,2,2,0,2,2,0.0,24.957641,0.0,192.0,192.0,0.0,inf,inf,inf,0.0,0.0,0.0,0,192.0,0.5,0.5,0.05,5,0.0,0.0
Geant2010,SM,0,B3,3,3,3,0,3,3,0.0,25.680953,0.0,221.0,221.0,0.0,2.026753,25.680953,2.026753,0.0,0.0,0.0,0,221.0,0.5,0.5,0.05,5,0.0,0.0
Geant2010,SM,0,B3,4,4,4,0,4,4,0.0,inf,0.0,209.0,209.0,0.0,4.166667,27.820866,4.166667,0.0,0.0,0.0,0,209.0,0.5,0.5,0.05,5,0.0,0.0
Geant2010,SM,0,B3,5,5,5,0,5,5,0.0,inf,0.0,189.0,189.0,0.0,4.401408,28.055608,4.401408,0.0,0.0,0.0,0,189.0,0.5,0.5,0.05,5,0.0,0.0
Geant2010,SM,0,B3,6,6,6,0,6,6,0.0,inf,0.0,185.0,185.0,0.0,7.451565,31.105764,7.451565,0.0,0.0,0.0,0,185.0,0.5,0.5,0.05,5,0.0,0.0
Geant2010,SM,0,B3,7,7,7,0,7,7,0.0,inf,0.0,213.0,213.0,0.0,5.458515,29.112715,5.458515,0.0,0.0,0.0,0,213.0,0.5,0.5,0.05,5,0.0,0.0
Geant2010,SM,0,B3,8,8,8,0,8,8,0.0,inf,0.0,168.0,168.0,0.0,6.702413,30.356612,6.702413,0.0,0.0,0.0,0,168.0,0.5,0.5,0.05,5,0.0,0.0
Geant2010,SM,0,B3,9,8,8,0,9->8,9->8,4.359944,inf,0.0,152.0,152.0,4.359944,6.702413,34.716556,6.702413,0.0,0.0,0.0,0,152.0,0.5,0.5,0.05,5,0.0,0.0
Geant2010,SM,0,B3,10,8,8,0,10->9->8,10->9->8,6.487704,inf,0.0,165.0,165.0,6.487704,6.702413,36.844317,6.702413,0.0,0.0,0.0,0,165.0,0.5,0.5,0.05,5,0.0,0.0
Geant2010,SM,0,B3,11,8,8,0,11->14->10->9->8,11->20->21->27->5->7->8,26.37185,inf,0.0,162.0,162.0,19.269187,6.702413,49.625799,6.702413,0.0,0.0,0.0,0,162.0,0.5,0.5,0.05,5,0.0,0.0
Geant2010,SM,0,B3,12,8,1,1,12->20->21->6->5->7->8,12->20->21->27->5->1,19.882986,inf,0.0,155.0,155.0,18.256905,inf,inf,inf,0.0,0.0,0.0,0,155.0,0.5,0.5,0.05,5,0.0,0.0
Geant2010,SM,0,B3,13,8,2,1,13->12->20->21->27->5->7->8,13->12->20->21->27->5->1->2,28.845258,inf,0.0,217.0,217.0,29.4312,inf,inf,inf,0.0,0.0,0.0,0,217.0,0.5,0.5,0.05,5,0.0,0.0
Geant2010,SM,0,B3,14,8,8,0,14->10->9->8,14->10->9->8,21.122295,inf,0.0,163.0,163.0,21.122295,6.702413,51.478907,6.702413,0.0,0.0,0.0,0,163.0,0.5,0.5,0.05,5,0.0,0.0
Geant2010,SM,0,B3,15,7,1,1,15->10->9->5->7,15->14->27->5->1,31.071325,inf,0.0,175.0,175.0,31.647157,inf,inf,inf,0.0,0.0,0.0,0,175.0,0.5,0.5,0.05,5,0.0,0.0
Geant2010,SM,0,B3,16,7,7,0,16->32->8->7,16->5->7,42.389473,inf,0.0,197.0,197.0,31.814555,5.458515,60.92727,5.458515,0.0,0.0,0.0,0,197.0,0.5,0.5,0.05,5,0.0,0.0
Geant2010,SM,0,B3,17,7,2,1,17->10->9->8->7,17->10->9->5->1->2,20.857726,inf,0.0,203.0,203.0,22.643042,inf,inf,inf,0.0,0.0,0.0,0,203.0,0.5,0.5,0.05,5,0.0,0.0
Geant2010,SM,0,B3,18,7,7,0,18->11->14->27->5->7,18->11->20->21->27->5->7,27.728133,inf,0.0,190.0,190.0,18.129405,5.458515,47.24212,5.458515,0.0,0.0,0.0,0,190.0,0.5,0.5,0.05,5,0.0,0.0
Geant2010,SM,0,B3,19,7,7,0,19->25->26->27->5->7,19->25->26->27->5->7,16.447208,inf,0.0,176.0,176.0,16.447208,5.458515,45.559923,5.458515,0.0,0.0,0.0,0,176.0,0.5,0.5,0.05,5,0.0,0.0
Geant2010,SM,0,B3,20,6,6,0,20->21->6,20->21->6,4.53283,inf,0.0,147.0,147.0,4.53283,7.451565,35.638594,7.451565,0.0,0.0,0.0,0,147.0,0.5,0.5,0.05,5,0.0,0.0
Geant2010,SM,0,B3,21,6,1,1,21->6,21->27->5->1,2.914876,inf,0.0,170.0,170.0,10.19206,inf,inf,inf,0.0,0.0,0.0,0,170.0,0.5,0.5,0.05,5,0.0,0.0
Geant2010,SM,0,B3,22,6,6,0,22->23->9->5->6,22->23->9->5->6,24.310768,inf,0.0,152.0,152.0,24.310768,7.451565,55.416532,7.451565,0.0,0.0,0.0,0,152.0,0.5,0.5,0.05,5,0.0,0.0
Geant2010,SM,0,B3,23,6,2,1,23->9->5->6,23->8->32->2,19.278012,inf,0.0,191.0,191.0,17.179385,inf,inf,inf,0.0,0.0,0.0,0,191.0,0.5,0.5,0.05,5,0.0,0.0
Geant2010,SM,0,B3,24,6,6,0,24->20->21->6,24->20->21->6,7.723167,inf,0.0,206.0,206.0,7.723167,7.451565,38.828932,7.451565,0.0,0.0,0.0,0,206.0,0.5,0.5,0.05,5,0.0,0.0
Geant2010,SM,0,B3,25,5,5,0,25->26->27->5,25->26->27->5,9.94978,inf,0.0,162.0,162.0,9.94978,4.401408,38.005388,4.401408,0.0,0.0,0.0,0,162.0,0.5,0.5,0.05,5,0.0,0.0
Geant2010,SM,0,B3,26,6,6,0,26->27->5->6,26->27->21->6,12.881476,inf,0.0,135.0,135.0,6.250629,7.451565,37.356393,7.451565,0.0,0.0,0.0,0,135.0,0.5,0.5,0.05,5,0.0,0.0
Geant2010,SM,0,B3,27,5,1,1,27->5,27->5->1,5.992306,inf,0.0,133.0,133.0,9.641609,inf,inf,inf,0.0,0.0,0.0,0,133.0,0.5,0.5,0.05,5,0.0,0.0
Geant2010,SM,0,B3,28,5,5,0,28->4->5,28->4->5,11.666446,inf,0.0,208.0,208.0,11.666446,4.401408,39.722054,4.401408,0.0,0.0,0.0,0,208.0,0.5,0.5,0.05,5,0.0,0.0
Geant2010,SM,0,B3,29,5,2,1,29->5,29->3->1->2,20.266678,inf,0.0,228.0,228.0,23.619106,inf,inf,inf,0.0,0.0,0.0,0,228.0,0.5,0.5,0.05,5,0.0,0.0
Geant2010,SM,0,B3,30,5,5,0,30->3->5,30->32->8->7->5,27.824171,inf,0.0,173.0,173.0,27.158442,4.401408,55.21405,4.401408,0.0,0.0,0.0,0,173.0,0.5,0.5,0.05,5,0.0,0.0
Geant2010,SM,0,B3,31,4,4,0,31->32->8->7->5->4,31->32->8->7->5->4,19.206306,inf,0.0,159.0,159.0,19.206306,4.166667,47.027172,4.166667,0.0,0.0,0.0,0,159.0,0.5,0.5,0.05,5,0.0,0.0
Geant2010,SM,0,B3,32,4,4,0,32->16->5->4,32->8->7->5->4,72.280727,inf,0.0,172.0,172.0,14.558227,4.166667,42.379094,4.166667,0.0,0.0,0.0,0,172.0,0.5,0.5,0.05,5,0.0,0.0
Geant2010,SM,0,B3,33,4,4,0,33->3->5->4,33->3->5->4,20.227605,inf,0.0,184.0,184.0,20.227605,4.166667,48.048471,4.166667,0.0,0.0,0.0,0,184.0,0.5,0.5,0.05,5,0.0,0.0
Geant2010,SM,0,B3,34,4,2,1,34->3->5->4,34->3->1->2,18.266476,inf,0.0,190.0,190.0,13.19627,inf,inf,inf,0.0,0.0,0.0,0,190.0,0.5,0.5,0.05,5,0.0,0.0
Geant2010,SM,0,B3,35,4,1,1,35->34->3->5->4,35->34->3->1,20.928919,inf,0.0,153.0,153.0,14.122678,inf,inf,inf,0.0,0.0,0.0,0,153.0,0.5,0.5,0.05,5,0.0,0.0
Geant2010,SM,0,B3,36,3,3,0,36->3,36->3,8.394786,34.075739,0.0,153.0,153.0,8.394786,2.026753,34.075739,2.026753,0.0,0.0,0.0,0,153.0,0.5,0.5,0.05,5,0.0,0.0
Geant2010,SM,0,B3,37,3,3,0,37->36->3,37->36->3,11.195232,36.876185,0.0,179.0,179.0,11.195232,2.026753,36.876185,2.026753,0.0,0.0,0.0,0,179.0,0.5,0.5,0.05,5,0.0,0.0
Geant2010,SM,0,MCF_ARC,1,1,1,0,1,1,0.0,24.978352,0.0,204.0,204.0,0.0,4.579455,28.134486,4.480287,0.0,0.0,0.0,0,204.0,0.5,0.5,0.05,5,0.0,0.0
Geant2010,SM,0,MCF_ARC,2,2,2,0,2,2,0.0,24.957641,0.0,192.0,192.0,0.0,3.054709,26.673523,3.019324,0.0,0.0,0.0,0,192.0,0.5,0.5,0.05,5,0.0,0.0
Geant2010,SM,0,MCF_ARC,3,3,3,0,3,3,0.0,25.680953,0.0,221.0,221.0,0.0,3.483213,27.097726,3.443526,0.0,0.0,0.0,0,221.0,0.5,0.5,0.05,5,0.0,0.0
Geant2010,SM,0,MCF_ARC,4,4,4,0,4,4,0.0,inf,0.0,209.0,209.0,0.0,20.446973,43.6542,20.0,0.0,0.0,0.0,0,209.0,0.5,0.5,0.05,5,0.0,0.0
Geant2010,SM,0,MCF_ARC,5,5,5,0,5,5,0.0,inf,0.0,189.0,189.0,0.0,20.473737,43.574518,19.920319,0.0,0.0,0.0,0,189.0,0.5,0.5,0.05,5,0.0,0.0
Geant2010,SM,0,MCF_ARC,6,6,6,0,6,6,0.0,inf,0.0,185.0,185.0,0.0,19.632281,41.770142,18.115942,0.0,0.0,0.0,0,185.0,0.5,0.5,0.05,5,0.0,0.0
Geant2010,SM,0,MCF_ARC,7,7,7,0,7,7,0.0,inf,0.0,213.0,213.0,0.0,20.473737,43.574518,19.920319,0.0,0.0,0.0,0,213.0,0.5,0.5,0.05,5,0.0,0.0
Geant2010,SM,0,MCF_ARC,8,8,8,0,8,8,0.0,inf,0.0,168.0,168.0,0.0,14.751839,35.530684,11.876485,0.0,0.0,0.0,0,168.0,0.5,0.5,0.05,5,0.0,0.0
Geant2010,SM,0,MCF_ARC,9,8,5,1,9->8,9->5,4.359944,inf,0.0,152.0,152.0,3.639643,20.473737,47.214161,19.920319,0.0,0.0,0.0,0,152.0,0.5,0.5,0.05,5,0.0,0.0
Geant2010,SM,0,MCF_ARC,10,8,8,0,10->9->8,10->9->8,6.487704,inf,0.0,165.0,165.0,6.487704,14.751839,42.018388,11.876485,0.0,0.0,0.0,0,165.0,0.5,0.5,0.05,5,0.0,0.0
Geant2010,SM,0,MCF_ARC,11,8,8,0,11->14->10->9->8,11->20->25->26->27->5->7->8,26.37185,inf,0.0,162.0,162.0,24.057089,14.751839,59.587773,11.876485,0.0,0.0,0.0,0,162.0,0.5,0.5,0.05,5,0.0,0.0
Geant2010,SM,0,MCF_ARC,12,8,7,1,12->20->21->6->5->7->8,12->20->21->27->5->7,19.882986,inf,0.0,155.0,155.0,16.527278,20.473737,60.101797,19.920319,0.0,0.0,0.0,0,155.0,0.5,0.5,0.05,5,0.0,0.0
Geant2010,SM,0,MCF_ARC,13,8,8,0,13->12->20->21->27->5->7->8,13->12->20->21->6->5->7->8,28.845258,inf,0.0,217.0,217.0,29.321244,14.751839,64.851928,11.876485,0.0,0.0,0.0,0,217.0,0.5,0.5,0.05,5,0.0,0.0
Geant2010,SM,0,MCF_ARC,14,8,8,0,14->10->9->8,14->10->9->8,21.122295,inf,0.0,163.0,163.0,21.122295,14.751839,56.652979,11.876485,0.0,0.0,0.0,0,163.0,0.5,0.5,0.05,5,0.0,0.0
Geant2010,SM,0,MCF_ARC,15,7,7,0,15->10->9->5->7,15->14->27->5->7,31.071325,inf,0.0,175.0,175.0,29.91753,20.473737,73.492048,19.920319,0.0,0.0,0.0,0,175.0,0.5,0.5,0.05,5,0.0,0.0
Geant2010,SM,0,MCF_ARC,16,7,1,1,16->32->8->7,16->5->1,42.389473,inf,0.0,197.0,197.0,33.544182,4.579455,61.678668,4.480287,0.0,0.0,0.0,0,197.0,0.5,0.5,0.05,5,0.0,0.0
Geant2010,SM,0,MCF_ARC,17,7,3,1,17->10->9->8->7,17->10->9->5->3,20.857726,inf,0.0,203.0,203.0,23.970715,3.483213,51.068441,3.443526,0.0,0.0,0.0,0,203.0,0.5,0.5,0.05,5,0.0,0.0
Geant2010,SM,0,MCF_ARC,18,7,7,0,18->11->14->27->5->7,18->11->20->21->27->5->7,27.728133,inf,0.0,190.0,190.0,18.129405,20.473737,61.703923,19.920319,0.0,0.0,0.0,0,190.0,0.5,0.5,0.05,5,0.0,0.0
Geant2010,SM,0,MCF_ARC,19,7,7,0,19->25->26->27->5->7,19->25->26->27->5->7,16.447208,inf,0.0,176.0,176.0,16.447208,20.473737,60.021726,19.920319,0.0,0.0,0.0,0,176.0,0.5,0.5,0.05,5,0.0,0.0
Geant2010,SM,0,MCF_ARC,20,6,5,1,20->21->6,20->21->27->5,4.53283,inf,0.0,147.0,147.0,8.160712,20.473737,51.73523,19.920319,0.0,0.0,0.0,0,147.0,0.5,0.5,0.05,5,0.0,0.0
Geant2010,SM,0,MCF_ARC,21,6,6,0,21->6,21->6,2.914876,inf,0.0,170.0,170.0,2.914876,19.632281,44.685017,18.115942,0.0,0.0,0.0,0,170.0,0.5,0.5,0.05,5,0.0,0.0
Geant2010,SM,0,MCF_ARC,22,6,6,0,22->23->9->5->6,22->23->9->5->6,24.310768,inf,0.0,152.0,152.0,24.310768,19.632281,66.080909,18.115942,0.0,0.0,0.0,0,152.0,0.5,0.5,0.05,5,0.0,0.0
Geant2010,SM,0,MCF_ARC,23,6,6,0,23->9->5->6,23->9->5->6,19.278012,inf,0.0,191.0,191.0,19.278012,19.632281,61.048154,18.115942,0.0,0.0,0.0,0,191.0,0.5,0.5,0.05,5,0.0,0.0
Geant2010,SM,0,MCF_ARC,24,6,6,0,24->20->21->6,24->20->21->6,7.723167,inf,0.0,206.0,206.0,7.723167,19.632281,49.493309,18.115942,0.0,0.0,0.0,0,206.0,0.5,0.5,0.05,5,0.0,0.0
Geant2010,SM,0,MCF_ARC,25,5,1,1,25->26->27->5,25->26->27->5->1,9.94978,inf,0.0,162.0,162.0,13.599082,4.579455,41.733568,4.480287,0.0,0.0,0.0,0,162.0,0.5,0.5,0.05,5,0.0,0.0
Geant2010,SM,0,MCF_ARC,26,6,5,1,26->27->5->6,26->27->5,12.881476,inf,0.0,135.0,135.0,8.777608,20.473737,52.352127,19.920319,0.0,0.0,0.0,0,135.0,0.5,0.5,0.05,5,0.0,0.0
Geant2010,SM,0,MCF_ARC,27,5,5,0,27->5,27->5,5.992306,inf,0.0,133.0,133.0,5.992306,20.473737,49.566825,19.920319,0.0,0.0,0.0,0,133.0,0.5,0.5,0.05,5,0.0,0.0
Geant2010,SM,0,MCF_ARC,28,5,2,1,28->4->5,28->4->5->7->8->32->2,11.666446,inf,0.0,208.0,208.0,23.120035,3.054709,49.793558,3.019324,0.0,0.0,0.0,0,208.0,0.5,0.5,0.05,5,0.0,0.0
Geant2010,SM,0,MCF_ARC,29,5,2,1,29->5,29->3->1->2,20.266678,inf,0.0,228.0,228.0,23.619106,3.054709,50.292629,3.019324,0.0,0.0,0.0,0,228.0,0.5,0.5,0.05,5,0.0,0.0
Geant2010,SM,0,MCF_ARC,30,5,1,1,30->3->5,30->3->1,27.824171,inf,0.0,173.0,173.0,27.335393,4.579455,55.469879,4.480287,0.0,0.0,0.0,0,173.0,0.5,0.5,0.05,5,0.0,0.0
Geant2010,SM,0,MCF_ARC,31,4,4,0,31->32->8->7->5->4,31->32->8->7->5->4,19.206306,inf,0.0,159.0,159.0,19.206306,20.446973,62.860505,20.0,0.0,0.0,0.0,0,159.0,0.5,0.5,0.05,5,0.0,0.0
Geant2010,SM,0,MCF_ARC,32,4,4,0,32->16->5->4,32->8->7->5->4,72.280727,inf,0.0,172.0,172.0,14.558227,20.446973,58.212427,20.0,0.0,0.0,0.0,0,172.0,0.5,0.5,0.05,5,0.0,0.0
Geant2010,SM,0,MCF_ARC,33,4,4,0,33->3->5->4,33->3->5->4,20.227605,inf,0.0,184.0,184.0,20.227605,20.446973,63.881804,20.0,0.0,0.0,0.0,0,184.0,0.5,0.5,0.05,5,0.0,0.0
Geant2010,SM,0,MCF_ARC,34,4,4,0,34->3->5->4,34->3->5->4,18.266476,inf,0.0,190.0,190.0,18.266476,20.446973,61.920675,20.0,0.0,0.0,0.0,0,190.0,0.5,0.5,0.05,5,0.0,0.0
Geant2010,SM,0,MCF_ARC,35,4,5,1,35->34->3->5->4,35->34->3->5,20.928919,inf,0.0,153.0,153.0,14.611456,20.473737,58.185975,19.920319,0.0,0.0,0.0,0,153.0,0.5,0.5,0.05,5,0.0,0.0
Geant2010,SM,0,MCF_ARC,36,3,3,0,36->3,36->3,8.394786,34.075739,0.0,153.0,153.0,8.394786,3.483213,35.492512,3.443526,0.0,0.0,0.0,0,153.0,0.5,0.5,0.05,5,0.0,0.0
Geant2010,SM,0,MCF_ARC,37,3,3,0,37->36->3,37->36->3,11.195232,36.876185,0.0,179.0,179.0,11.195232,3.483213,38.292958,3.443526,0.0,0.0,0.0,0,179.0,0.5,0.5,0.05,5,0.0,0.0
Geant2010,SM,1,B1,1,1,1,0,1,,0.0,24.835674,0.0,172.0,172.0,0.0,16.556291,40.210491,16.556291,0.0,0.0,0.0,0,172.0,0.5,0.5,0.05,5,0.0,0.0
Geant2010,SM,1,B1,2,2,2,0,2,,0.0,25.022189,0.0,221.0,221.0,0.0,1.841621,25.49582,1.841621,0.0,0.0,0.0,0,221.0,0.5,0.5,0.05,5,0.0,0.0
Geant2010,SM,1,B1,3,3,3,0,3,,0.0,25.926927,0.0,124.0,124.0,0.0,2.272727,25.926927,2.272727,0.0,0.0,0.0,0,124.0,0.5,0.5,0.05,5,0.0,0.0
Geant2010,SM,1,B1,4,4,4,0,4,,0.0,inf,0.0,178.0,178.0,0.0,9.960159,33.614359,9.960159,0.0,0.0,0.0,0,178.0,0.5,0.5,0.05,5,0.0,0.0
Geant2010,SM,1,B1,5,5,5,0,5,,0.0,inf,0.0,153.0,153.0,0.0,416.666667,440.320866,416.666667,0.0,0.0,0.0,0,153.0,0.5,0.5,0.05,5,0.0,0.0
Geant2010,SM,1,B1,6,6,6,0,6,,0.0,inf,0.0,232.0,232.0,0.0,250.0,273.6542,250.0,0.0,0.0,0.0,0,232.0,0.5,0.5,0.05,5,0.0,0.0
Geant2010,SM,1,B1,7,7,7,0,7,,0.0,inf,0.0,145.0,145.0,0.0,40.0,63.6542,40.0,0.0,0.0,0.0,0,145.0,0.5,0.5,0.05,5,0.0,0.0
Geant2010,SM,1,B1,8,8,8,0,8,,0.0,inf,0.0,176.0,176.0,0.0,92.592593,116.246792,92.592593,0.0,0.0,0.0,0,176.0,0.5,0.5,0.05,5,0.0,0.0
Geant2010,SM,1,B1,9,8,8,0,9->8,,4.359944,inf,0.0,158.0,158.0,4.359944,92.592593,120.606736,92.592593,0.0,0.0,0.0,0,158.0,0.5,0.5,0.05,5,0.0,0.0
Geant2010,SM,1,B1,10,8,8,0,10->9->8,,6.487704,inf,0.0,182.0,182.0,6.487704,92.592593,122.734496,92.592593,0.0,0.0,0.0,0,182.0,0.5,0.5,0.05,5,0.0,0.0
Geant2010,SM,1,B1,11,8,2,1,11->14->15->10->9->8,,44.300398,inf,0.0,188.0,188.0,19.855129,1.841621,45.350949,1.841621,0.0,0.0,0.0,0,188.0,0.5,0.5,0.05,5,0.0,0.0
Geant2010,SM,1,B1,12,8,8,0,12->20->21->27->5->7->8,,19.407,inf,0.0,166.0,166.0,19.407,92.592593,135.653792,92.592593,0.0,0.0,0.0,0,166.0,0.5,0.5,0.05,5,0.0,0.0
Geant2010,SM,1,B1,13,8,8,0,13->11->14->27->5->7->8,,39.426181,inf,0.0,146.0,146.0,28.845258,92.592593,145.09205,92.592593,0.0,0.0,0.0,0,146.0,0.5,0.5,0.05,5,0.0,0.0
Geant2010,SM,1,B1,14,8,8,0,14->10->9->8,,21.122295,inf,0.0,130.0,130.0,21.122295,92.592593,137.369087,92.592593,0.0,0.0,0.0,0,130.0,0.5,0.5,0.05,5,0.0,0.0
Geant2010,SM,1,B1,15,7,7,0,15->10->27->5->7,,37.563966,inf,0.0,171.0,171.0,29.91753,40.0,93.57173,40.0,0.0,0.0,0.0,0,171.0,0.5,0.5,0.05,5,0.0,0.0
Geant2010,SM,1,B1,16,7,7,0,16->5->7,,31.814555,inf,0.0,179.0,179.0,31.814555,40.0,95.468755,40.0,0.0,0.0,0.0,0,179.0,0.5,0.5,0.05,5,0.0,0.0
Geant2010,SM,1,B1,17,7,5,1,17->10->9->8->7,,20.857726,inf,0.0,196.0,196.0,17.257703,416.666667,457.578569,416.666667,0.0,0.0,0.0,0,196.0,0.5,0.5,0.05,5,0.0,0.0
Geant2010,SM,1,B1,18,7,7,0,18->11->20->21->27->5->7,,18.129405,inf,0.0,206.0,206.0,18.129405,40.0,81.783604,40.0,0.0,0.0,0.0,0,206.0,0.5,0.5,0.05,5,0.0,0.0
Geant2010,SM,1,B1,19,7,7,0,19->25->26->27->5->7,,16.447208,inf,0.0,136.0,136.0,16.447208,40.0,80.101407,40.0,0.0,0.0,0.0,0,136.0,0.5,0.5,0.05,5,0.0,0.0
Geant2010,SM,1,B1,20,7,7,0,20->21->27->5->7,,10.080387,inf,0.0,90.0,90.0,10.080387,40.0,73.734587,40.0,0.0,0.0,0.0,0,90.0,0.5,0.5,0.05,5,0.0,0.0
Geant2010,SM,1,B1,21,6,6,0,21->6,,2.914876,inf,0.0,198.0,198.0,2.914876,250.0,276.569075,250.0,0.0,0.0,0.0,0,198.0,0.5,0.5,0.05,5,0.0,0.0
Geant2010,SM,1,B1,22,6,1,1,22->23->9->5->6,,24.310768,inf,0.0,153.0,153.0,20.805896,16.556291,61.016387,16.556291,0.0,0.0,0.0,0,153.0,0.5,0.5,0.05,5,0.0,0.0
Geant2010,SM,1,B1,23,6,6,0,23->9->5->6,,19.278012,inf,0.0,171.0,171.0,19.278012,250.0,292.932212,250.0,0.0,0.0,0.0,0,171.0,0.5,0.5,0.05,5,0.0,0.0
Geant2010,SM,1,B1,24,6,6,0,24->20->21->6,,7.723167,inf,0.0,188.0,188.0,7.723167,250.0,281.377367,250.0,0.0,0.0,0.0,0,188.0,0.5,0.5,0.05,5,0.0,0.0
Geant2010,SM,1,B1,25,6,6,0,25->20->21->6,,7.531664,inf,0.0,159.0,159.0,7.4228,250.0,281.077,250.0,0.0,0.0,0.0,0,159.0,0.5,0.5,0.05,5,0.0,0.0
Geant2010,SM,1,B1,26,5,5,0,26->27->5,,8.777608,inf,0.0,194.0,194.0,8.777608,416.666667,449.098475,416.666667,0.0,0.0,0.0,0,194.0,0.5,0.5,0.05,5,0.0,0.0
Geant2010,SM,1,B1,27,5,5,0,27->5,,5.992306,inf,0.0,224.0,224.0,5.992306,416.666667,446.313173,416.666667,0.0,0.0,0.0,0,224.0,0.5,0.5,0.05,5,0.0,0.0
Geant2010,SM,1,B1,28,5,5,0,28->4->5,,11.666446,inf,0.0,185.0,185.0,11.666446,416.666667,451.987312,416.666667,0.0,0.0,0.0,0,185.0,0.5,0.5,0.05,5,0.0,0.0
Geant2010,SM,1,B1,29,5,1,1,29->5,,20.266678,inf,0.0,176.0,176.0,21.883069,16.556291,62.09356,16.556291,0.0,0.0,0.0,0,176.0,0.5,0.5,0.05,5,0.0,0.0
Geant2010,SM,1,B1,30,5,1,1,30->3->5,,27.824171,inf,0.0,250.0,250.0,23.866538,16.556291,64.077029,16.556291,0.0,0.0,0.0,0,250.0,0.5,0.5,0.05,5,0.0,0.0
Geant2010,SM,1,B1,31,4,1,1,31->32->8->7->5->4,,19.206306,inf,0.0,207.0,207.0,9.596939,16.556291,49.80743,16.556291,0.0,0.0,0.0,0,207.0,0.5,0.5,0.05,5,0.0,0.0
Geant2010,SM,1,B1,32,4,4,0,32->16->5->4,,72.280727,inf,0.0,179.0,179.0,14.558227,9.960159,48.172586,9.960159,0.0,0.0,0.0,0,179.0,0.5,0.5,0.05,5,0.0,0.0
Geant2010,SM,1,B1,33,4,4,0,33->3->5->4,,20.227605,inf,0.0,144.0,144.0,20.227605,9.960159,53.841964,9.960159,0.0,0.0,0.0,0,144.0,0.5,0.5,0.05,5,0.0,0.0
Geant2010,SM,1,B1,34,4,4,0,34->3->5->4,,18.266476,inf,0.0,208.0,208.0,18.266476,9.960159,51.880834,9.960159,0.0,0.0,0.0,0,208.0,0.5,0.5,0.05,5,0.0,0.0
Geant2010,SM,1,B1,35,4,4,0,35->34->3->5->4,,20.928919,inf,0.0,209.0,209.0,20.928919,9.960159,54.543278,9.960159,0.0,0.0,0.0,0,209.0,0.5,0.5,0.05,5,0.0,0.0
Geant2010,SM,1,B1,36,3,3,0,36->3,,8.394786,34.321713,0.0,197.0,197.0,8.394786,2.272727,34.321713,2.272727,0.0,0.0,0.0,0,197.0,0.5,0.5,0.05,5,0.0,0.0
Geant2010,SM,1,B1,37,3,3,0,37->36->3,,11.195232,37.122159,0.0,191.0,191.0,11.195232,2.272727,37.122159,2.272727,0.0,0.0,0.0,0,191.0,0.5,0.5,0.05,5,0.0,0.0
Geant2010,SM,1,B3,1,1,1,0,1,1,0.0,24.835674,0.0,172.0,172.0,0.0,inf,inf,inf,0.0,0.0,0.0,0,172.0,0.5,0.5,0.05,5,0.0,0.0
Geant2010,SM,1,B3,2,2,2,0,2,2,0.0,25.022189,0.0,221.0,221.0,0.0,inf,inf,inf,0.0,0.0,0.0,0,221.0,0.5,0.5,0.05,5,0.0,0.0
Geant2010,SM,1,B3,3,3,3,0,3,3,0.0,25.926927,0.0,124.0,124.0,0.0,2.272727,25.926927,2.272727,0.0,0.0,0.0,0,124.0,0.5,0.5,0.05,5,0.0,0.0
Geant2010,SM,1,B3,4,4,4,0,4,4,0.0,inf,0.0,178.0,178.0,0.0,4.058442,27.712641,4.058442,0.0,0.0,0.0,0,178.0,0.5,0.5,0.05,5,0.0,0.0
Geant2010,SM,1,B3,5,5,5,0,5,5,0.0,inf,0.0,153.0,153.0,0.0,7.496252,31.150451,7.496252,0.0,0.0,0.0,0,153.0,0.5,0.5,0.05,5,0.0,0.0
Geant2010,SM,1,B3,6,6,6,0,6,6,0.0,inf,0.0,232.0,232.0,0.0,5.714286,29.368485,5.714286,0.0,0.0,0.0,0,232.0,0.5,0.5,0.05,5,0.0,0.0
Geant2010,SM,1,B3,7,7,7,0,7,7,0.0,inf,0.0,145.0,145.0,0.0,4.854369,28.508568,4.854369,0.0,0.0,0.0,0,145.0,0.5,0.5,0.05,5,0.0,0.0
Geant2010,SM,1,B3,8,8,8,0,8,8,0.0,inf,0.0,176.0,176.0,0.0,6.377551,30.031751,6.377551,0.0,0.0,0.0,0,176.0,0.5,0.5,0.05,5,0.0,0.0
Geant2010,SM,1,B3,9,8,8,0,9->8,9->8,4.359944,inf,0.0,158.0,158.0,4.359944,6.377551,34.391694,6.377551,0.0,0.0,0.0,0,158.0,0.5,0.5,0.05,5,0.0,0.0
Geant2010,SM,1,B3,10,8,8,0,10->9->8,10->9->8,6.487704,inf,0.0,182.0,182.0,6.487704,6.377551,36.519455,6.377551,0.0,0.0,0.0,0,182.0,0.5,0.5,0.05,5,0.0,0.0
Geant2010,SM,1,B3,11,8,1,1,11->14->15->10->9->8,11->20->21->27->5->1,44.300398,inf,0.0,188.0,188.0,18.119092,inf,inf,inf,0.0,0.0,0.0,0,188.0,0.5,0.5,0.05,5,0.0,0.0
Geant2010,SM,1,B3,12,8,8,0,12->20->21->27->5->7->8,12->20->21->27->5->7->8,19.407,inf,0.0,166.0,166.0,19.407,6.377551,49.438751,6.377551,0.0,0.0,0.0,0,166.0,0.5,0.5,0.05,5,0.0,0.0
Geant2010,SM,1,B3,13,8,2,1,13->11->14->27->5->7->8,13->12->20->21->27->5->1->2,39.426181,inf,0.0,146.0,146.0,29.4312,inf,inf,inf,0.0,0.0,0.0,0,146.0,0.5,0.5,0.05,5,0.0,0.0
Geant2010,SM,1,B3,14,8,8,0,14->10->9->8,14->10->9->8,21.122295,inf,0.0,130.0,130.0,21.122295,6.377551,51.154045,6.377551,0.0,0.0,0.0,0,130.0,0.5,0.5,0.05,5,0.0,0.0
Geant2010,SM,1,B3,15,7,2,1,15->10->27->5->7,15->14->27->5->1->2,37.563966,inf,0.0,171.0,171.0,33.383194,inf,inf,inf,0.0,0.0,0.0,0,171.0,0.5,0.5,0.05,5,0.0,0.0
Geant2010,SM,1,B3,16,7,7,0,16->5->7,16->5->7,31.814555,inf,0.0,179.0,179.0,31.814555,4.854369,60.323124,4.854369,0.0,0.0,0.0,0,179.0,0.5,0.5,0.05,5,0.0,0.0
Geant2010,SM,1,B3,17,7,7,0,17->10->9->8->7,17->10->9->5->7,20.857726,inf,0.0,196.0,196.0,19.177378,4.854369,47.685947,4.854369,0.0,0.0,0.0,0,196.0,0.5,0.5,0.05,5,0.0,0.0
Geant2010,SM,1,B3,18,7,1,1,18->11->20->21->27->5->7,18->11->20->21->27->5->1,18.129405,inf,0.0,206.0,206.0,19.859032,inf,inf,inf,0.0,0.0,0.0,0,206.0,0.5,0.5,0.05,5,0.0,0.0
Geant2010,SM,1,B3,19,7,7,0,19->25->26->27->5->7,19->25->26->27->5->7,16.447208,inf,0.0,136.0,136.0,16.447208,4.854369,44.955776,4.854369,0.0,0.0,0.0,0,136.0,0.5,0.5,0.05,5,0.0,0.0
Geant2010,SM,1,B3,20,7,7,0,20->21->27->5->7,20->21->27->5->7,10.080387,inf,0.0,90.0,90.0,10.080387,4.854369,38.588955,4.854369,0.0,0.0,0.0,0,90.0,0.5,0.5,0.05,5,0.0,0.0
Geant2010,SM,1,B3,21,6,6,0,21->6,21->6,2.914876,inf,0.0,198.0,198.0,2.914876,5.714286,32.283361,5.714286,0.0,0.0,0.0,0,198.0,0.5,0.5,0.05,5,0.0,0.0
Geant2010,SM,1,B3,22,6,2,1,22->23->9->5->6,22->32->2,24.310768,inf,0.0,153.0,153.0,19.069859,inf,inf,inf,0.0,0.0,0.0,0,153.0,0.5,0.5,0.05,5,0.0,0.0
Geant2010,SM,1,B3,23,6,1,1,23->9->5->6,23->9->5->1,19.278012,inf,0.0,171.0,171.0,18.823447,inf,inf,inf,0.0,0.0,0.0,0,171.0,0.5,0.5,0.05,5,0.0,0.0
Geant2010,SM,1,B3,24,6,6,0,24->20->21->6,24->20->21->6,7.723167,inf,0.0,188.0,188.0,7.723167,5.714286,37.091653,5.714286,0.0,0.0,0.0,0,188.0,0.5,0.5,0.05,5,0.0,0.0
Geant2010,SM,1,B3,25,6,6,0,25->20->21->6,25->26->27->21->6,7.531664,inf,0.0,159.0,159.0,7.4228,5.714286,36.791286,5.714286,0.0,0.0,0.0,0,159.0,0.5,0.5,0.05,5,0.0,0.0
Geant2010,SM,1,B3,26,5,5,0,26->27->5,26->27->5,8.777608,inf,0.0,194.0,194.0,8.777608,7.496252,39.92806,7.496252,0.0,0.0,0.0,0,194.0,0.5,0.5,0.05,5,0.0,0.0
Geant2010,SM,1,B3,27,5,5,0,27->5,27->5,5.992306,inf,0.0,224.0,224.0,5.992306,7.496252,37.142758,7.496252,0.0,0.0,0.0,0,224.0,0.5,0.5,0.05,5,0.0,0.0
Geant2010,SM,1,B3,28,5,2,1,28->4->5,28->4->5->1->2,11.666446,inf,0.0,185.0,185.0,17.051785,inf,inf,inf,0.0,0.0,0.0,0,185.0,0.5,0.5,0.05,5,0.0,0.0
Geant2010,SM,1,B3,29,5,1,1,29->5,29->3->1,20.266678,inf,0.0,176.0,176.0,21.883069,inf,inf,inf,0.0,0.0,0.0,0,176.0,0.5,0.5,0.05,5,0.0,0.0
Geant2010,SM,1,B3,30,5,5,0,30->3->5,30->32->8->7->5,27.824171,inf,0.0,250.0,250.0,27.158442,7.496252,58.308894,7.496252,0.0,0.0,0.0,0,250.0,0.5,0.5,0.05,5,0.0,0.0
Geant2010,SM,1,B3,31,4,4,0,31->32->8->7->5->4,31->32->8->7->5->4,19.206306,inf,0.0,207.0,207.0,19.206306,4.058442,46.918947,4.058442,0.0,0.0,0.0,0,207.0,0.5,0.5,0.05,5,0.0,0.0
Geant2010,SM,1,B3,32,4,4,0,32->16->5->4,32->8->7->5->4,72.280727,inf,0.0,179.0,179.0,14.558227,4.058442,42.270869,4.058442,0.0,0.0,0.0,0,179.0,0.5,0.5,0.05,5,0.0,0.0
Geant2010,SM,1,B3,33,4,2,1,33->3->5->4,33->3->1->2,20.227605,inf,0.0,144.0,144.0,15.1574,inf,inf,inf,0.0,0.0,0.0,0,144.0,0.5,0.5,0.05,5,0.0,0.0
Geant2010,SM,1,B3,34,4,4,0,34->3->5->4,34->3->5->4,18.266476,inf,0.0,208.0,208.0,18.266476,4.058442,45.979117,4.058442,0.0,0.0,0.0,0,208.0,0.5,0.5,0.05,5,0.0,0.0
Geant2010,SM,1,B3,35,4,1,1,35->34->3->5->4,35->34->3->1,20.928919,inf,0.0,209.0,209.0,14.122678,inf,inf,inf,0.0,0.0,0.0,0,209.0,0.5,0.5,0.05,5,0.0,0.0
Geant2010,SM,1,B3,36,3,3,0,36->3,36->3,8.394786,34.321713,0.0,197.0,197.0,8.394786,2.272727,34.321713,2.272727,0.0,0.0,0.0,0,197.0,0.5,0.5,0.05,5,0.0,0.0
Geant2010,SM,1,B3,37,3,3,0,37->36->3,37->36->3,11.195232,37.122159,0.0,191.0,191.0,11.195232,2.272727,37.122159,2.272727,0.0,0.0,0.0,0,191.0,0.5,0.5,0.05,5,0.0,0.0
Geant2010,SM,1,MCF_ARC,1,1,1,0,1,1,0.0,24.835674,0.0,172.0,172.0,0.0,11.803692,33.325379,9.67118,0.0,0.0,0.0,0,172.0,0.5,0.5,0.05,5,0.0,0.0
Geant2010,SM,1,MCF_ARC,2,2,2,0,2,2,0.0,25.022189,0.0,221.0,221.0,0.0,2.784236,26.424283,2.770083,0.0,0.0,0.0,0,221.0,0.5,0.5,0.05,5,0.0,0.0
Geant2010,SM,1,MCF_ARC,3,3,3,0,3,3,0.0,25.926927,0.0,124.0,124.0,0.0,2.2827,25.926927,2.272727,0.0,0.0,0.0,0,124.0,0.5,0.5,0.05,5,0.0,0.0
Geant2010,SM,1,MCF_ARC,4,4,4,0,4,4,0.0,inf,0.0,178.0,178.0,0.0,16.431811,37.466354,13.812155,0.0,0.0,0.0,0,178.0,0.5,0.5,0.05,5,0.0,0.0
Geant2010,SM,1,MCF_ARC,5,5,5,0,5,5,0.0,inf,0.0,153.0,153.0,0.0,20.839982,44.315357,20.661157,0.0,0.0,0.0,0,153.0,0.5,0.5,0.05,5,0.0,0.0
Geant2010,SM,1,MCF_ARC,6,6,6,0,6,6,0.0,inf,0.0,232.0,232.0,0.0,20.769219,44.062363,20.408163,0.0,0.0,0.0,0,232.0,0.5,0.5,0.05,5,0.0,0.0
Geant2010,SM,1,MCF_ARC,7,7,7,0,7,7,0.0,inf,0.0,145.0,145.0,0.0,19.744141,41.836018,18.181818,0.0,0.0,0.0,0,145.0,0.5,0.5,0.05,5,0.0,0.0
Geant2010,SM,1,MCF_ARC,8,8,8,0,8,8,0.0,inf,0.0,176.0,176.0,0.0,19.264927,41.259833,17.605634,0.0,0.0,0.0,0,176.0,0.5,0.5,0.05,5,0.0,0.0
Geant2010,SM,1,MCF_ARC,9,8,8,0,9->8,9->8,4.359944,inf,0.0,158.0,158.0,4.359944,19.264927,45.619777,17.605634,0.0,0.0,0.0,0,158.0,0.5,0.5,0.05,5,0.0,0.0
Geant2010,SM,1,MCF_ARC,10,8,2,1,10->9->8,10->9->8->32->2,6.487704,inf,0.0,182.0,182.0,13.141895,2.784236,39.566178,2.770083,0.0,0.0,0.0,0,182.0,0.5,0.5,0.05,5,0.0,0.0
Geant2010,SM,1,MCF_ARC,11,8,2,1,11->14->15->10->9->8,11->20->21->6->5->1->2,44.300398,inf,0.0,188.0,188.0,20.331114,2.784236,46.755397,2.770083,0.0,0.0,0.0,0,188.0,0.5,0.5,0.05,5,0.0,0.0
Geant2010,SM,1,MCF_ARC,12,8,8,0,12->20->21->27->5->7->8,12->20->21->27->5->7->8,19.407,inf,0.0,166.0,166.0,19.407,19.264927,60.666834,17.605634,0.0,0.0,0.0,0,166.0,0.5,0.5,0.05,5,0.0,0.0
Geant2010,SM,1,MCF_ARC,13,8,8,0,13->11->14->27->5->7->8,13->12->20->21->27->5->7->8,39.426181,inf,0.0,146.0,146.0,28.845258,19.264927,70.105092,17.605634,0.0,0.0,0.0,0,146.0,0.5,0.5,0.05,5,0.0,0.0
Geant2010,SM,1,MCF_ARC,14,8,8,0,14->10->9->8,14->10->9->8,21.122295,inf,0.0,130.0,130.0,21.122295,19.264927,62.382128,17.605634,0.0,0.0,0.0,0,130.0,0.5,0.5,0.05,5,0.0,0.0
Geant2010,SM,1,MCF_ARC,15,7,7,0,15->10->27->5->7,15->14->27->5->7,37.563966,inf,0.0,171.0,171.0,29.91753,19.744141,71.753548,18.181818,0.0,0.0,0.0,0,171.0,0.5,0.5,0.05,5,0.0,0.0
Geant2010,SM,1,MCF_ARC,16,7,7,0,16->5->7,16->5->7,31.814555,inf,0.0,179.0,179.0,31.814555,19.744141,73.650573,18.181818,0.0,0.0,0.0,0,179.0,0.5,0.5,0.05,5,0.0,0.0
Geant2010,SM,1,MCF_ARC,17,7,7,0,17->10->9->8->7,17->10->9->5->7,20.857726,inf,0.0,196.0,196.0,19.177378,19.744141,61.013396,18.181818,0.0,0.0,0.0,0,196.0,0.5,0.5,0.05,5,0.0,0.0
Geant2010,SM,1,MCF_ARC,18,7,7,0,18->11->20->21->27->5->7,18->11->20->21->27->5->7,18.129405,inf,0.0,206.0,206.0,18.129405,19.744141,59.965422,18.181818,0.0,0.0,0.0,0,206.0,0.5,0.5,0.05,5,0.0,0.0
Geant2010,SM,1,MCF_ARC,19,7,8,1,19->25->26->27->5->7,19->25->26->27->5->7->8,16.447208,inf,0.0,136.0,136.0,19.32693,19.264927,60.586763,17.605634,0.0,0.0,0.0,0,136.0,0.5,0.5,0.05,5,0.0,0.0
Geant2010,SM,1,MCF_ARC,20,7,1,1,20->21->27->5->7,20->21->27->5->1,10.080387,inf,0.0,90.0,90.0,11.810014,11.803692,45.135393,9.67118,0.0,0.0,0.0,0,90.0,0.5,0.5,0.05,5,0.0,0.0
Geant2010,SM,1,MCF_ARC,21,6,5,1,21->6,21->27->5,2.914876,inf,0.0,198.0,198.0,6.542758,20.839982,50.858114,20.661157,0.0,0.0,0.0,0,198.0,0.5,0.5,0.05,5,0.0,0.0
Geant2010,SM,1,MCF_ARC,22,6,6,0,22->23->9->5->6,22->23->9->5->6,24.310768,inf,0.0,153.0,153.0,24.310768,20.769219,68.373131,20.408163,0.0,0.0,0.0,0,153.0,0.5,0.5,0.05,5,0.0,0.0
Geant2010,SM,1,MCF_ARC,23,6,6,0,23->9->5->6,23->9->5->6,19.278012,inf,0.0,171.0,171.0,19.278012,20.769219,63.340375,20.408163,0.0,0.0,0.0,0,171.0,0.5,0.5,0.05,5,0.0,0.0
Geant2010,SM,1,MCF_ARC,24,6,6,0,24->20->21->6,24->20->21->6,7.723167,inf,0.0,188.0,188.0,7.723167,20.769219,51.78553,20.408163,0.0,0.0,0.0,0,188.0,0.5,0.5,0.05,5,0.0,0.0
Geant2010,SM,1,MCF_ARC,25,6,6,0,25->20->21->6,25->26->27->21->6,7.531664,inf,0.0,159.0,159.0,7.4228,20.769219,51.485163,20.408163,0.0,0.0,0.0,0,159.0,0.5,0.5,0.05,5,0.0,0.0
Geant2010,SM,1,MCF_ARC,26,5,5,0,26->27->5,26->27->5,8.777608,inf,0.0,194.0,194.0,8.777608,20.839982,53.092965,20.661157,0.0,0.0,0.0,0,194.0,0.5,0.5,0.05,5,0.0,0.0
Geant2010,SM,1,MCF_ARC,27,5,1,1,27->5,27->5->3->1,5.992306,inf,0.0,224.0,224.0,18.929552,11.803692,52.254931,9.67118,0.0,0.0,0.0,0,224.0,0.5,0.5,0.05,5,0.0,0.0
Geant2010,SM,1,MCF_ARC,28,5,5,0,28->4->5,28->4->5,11.666446,inf,0.0,185.0,185.0,11.666446,20.839982,55.981803,20.661157,0.0,0.0,0.0,0,185.0,0.5,0.5,0.05,5,0.0,0.0
Geant2010,SM,1,MCF_ARC,29,5,5,0,29->5,29->5,20.266678,inf,0.0,176.0,176.0,20.266678,20.839982,64.582035,20.661157,0.0,0.0,0.0,0,176.0,0.5,0.5,0.05,5,0.0,0.0
Geant2010,SM,1,MCF_ARC,30,5,1,1,30->3->5,30->3->1,27.824171,inf,0.0,250.0,250.0,27.335393,11.803692,60.660772,9.67118,0.0,0.0,0.0,0,250.0,0.5,0.5,0.05,5,0.0,0.0
Geant2010,SM,1,MCF_ARC,31,4,4,0,31->32->8->7->5->4,31->32->8->7->5->4,19.206306,inf,0.0,207.0,207.0,19.206306,16.431811,56.67266,13.812155,0.0,0.0,0.0,0,207.0,0.5,0.5,0.05,5,0.0,0.0
Geant2010,SM,1,MCF_ARC,32,4,1,1,32->16->5->4,32->2->1,72.280727,inf,0.0,179.0,179.0,4.94886,11.803692,38.27424,9.67118,0.0,0.0,0.0,0,179.0,0.5,0.5,0.05,5,0.0,0.0
Geant2010,SM,1,MCF_ARC,33,4,4,0,33->3->5->4,33->3->5->4,20.227605,inf,0.0,144.0,144.0,20.227605,16.431811,57.693959,13.812155,0.0,0.0,0.0,0,144.0,0.5,0.5,0.05,5,0.0,0.0
Geant2010,SM,1,MCF_ARC,34,4,4,0,34->3->5->4,34->3->5->4,18.266476,inf,0.0,208.0,208.0,18.266476,16.431811,55.73283,13.812155,0.0,0.0,0.0,0,208.0,0.5,0.5,0.05,5,0.0,0.0
Geant2010,SM,1,MCF_ARC,35,4,4,0,35->34->3->5->4,35->34->3->5->4,20.928919,inf,0.0,209.0,209.0,20.928919,16.431811,58.395274,13.812155,0.0,0.0,0.0,0,209.0,0.5,0.5,0.05,5,0.0,0.0
Geant2010,SM,1,MCF_ARC,36,3,3,0,36->3,36->3,8.394786,34.321713,0.0,197.0,197.0,8.394786,2.2827,34.321713,2.272727,0.0,0.0,0.0,0,197.0,0.5,0.5,0.05,5,0.0,0.0
Geant2010,SM,1,MCF_ARC,37,3,3,0,37->36->3,37->36->3,11.195232,37.122159,0.0,191.0,191.0,11.195232,2.2827,37.122159,2.272727,0.0,0.0,0.0,0,191.0,0.5,0.5,0.05,5,0.0,0.0
Geant2010,SM,2,B1,1,1,1,0,1,,0.0,24.743287,0.0,153.0,153.0,0.0,6.242197,29.896397,6.242197,0.0,0.0,0.0,0,153.0,0.5,0.5,0.05,5,0.0,0.0
Geant2010,SM,2,B1,2,2,2,0,2,,0.0,24.944522,0.0,205.0,205.0,0.0,2.604167,26.258366,2.604167,0.0,0.0,0.0,0,205.0,0.5,0.5,0.05,5,0.0,0.0
Geant2010,SM,2,B1,3,3,3,0,3,,0.0,25.319756,0.0,176.0,176.0,0.0,1.665556,25.319756,1.665556,0.0,0.0,0.0,0,176.0,0.5,0.5,0.05,5,0.0,0.0
Geant2010,SM,2,B1,4,4,4,0,4,,0.0,inf,0.0,192.0,192.0,0.0,67.567568,91.221767,67.567568,0.0,0.0,0.0,0,192.0,0.5,0.5,0.05,5,0.0,0.0
Geant2010,SM,2,B1,5,5,5,0,5,,0.0,inf,0.0,160.0,160.0,0.0,500.0,523.6542,500.0,0.0,0.0,0.0,0,160.0,0.5,0.5,0.05,5,0.0,0.0
Geant2010,SM,2,B1,6,6,6,0,6,,0.0,inf,0.0,202.0,202.0,0.0,31.446541,55.10074,31.446541,0.0,0.0,0.0,0,202.0,0.5,0.5,0.05,5,0.0,0.0
Geant2010,SM,2,B1,7,7,7,0,7,,0.0,inf,0.0,204.0,204.0,0.0,41.322314,64.976514,41.322314,0.0,0.0,0.0,0,204.0,0.5,0.5,0.05,5,0.0,0.0
Geant2010,SM,2,B1,8,8,8,0,8,,0.0,inf,0.0,175.0,175.0,0.0,135.135135,158.789335,135.135135,0.0,0.0,0.0,0,175.0,0.5,0.5,0.05,5,0.0,0.0
Geant2010,SM,2,B1,9,8,8,0,9->8,,4.359944,inf,0.0,209.0,209.0,4.359944,135.135135,163.149278,135.135135,0.0,0.0,0.0,0,209.0,0.5,0.5,0.05,5,0.0,0.0
Geant2010,SM,2,B1,10,8,8,0,10->23->8,,22.428675,inf,0.0,179.0,179.0,6.487704,135.135135,165.277039,135.135135,0.0,0.0,0.0,0,179.0,0.5,0.5,0.05,5,0.0,0.0
Geant2010,SM,2,B1,11,8,8,0,11->20->21->27->5->7->8,,19.269187,inf,0.0,220.0,220.0,19.269187,135.135135,178.058522,135.135135,0.0,0.0,0.0,0,220.0,0.5,0.5,0.05,5,0.0,0.0
Geant2010,SM,2,B1,12,8,8,0,12->20->21->27->5->9->8,,22.607189,inf,0.0,188.0,188.0,19.407,135.135135,178.196335,135.135135,0.0,0.0,0.0,0,188.0,0.5,0.5,0.05,5,0.0,0.0
Geant2010,SM,2,B1,13,8,2,1,13->11->14->10->23->8,,52.871087,inf,0.0,181.0,181.0,29.4312,2.604167,55.689566,2.604167,0.0,0.0,0.0,0,181.0,0.5,0.5,0.05,5,0.0,0.0
Geant2010,SM,2,B1,14,7,7,0,14->27->5->7,,20.738638,inf,0.0,211.0,211.0,20.738638,41.322314,85.715151,41.322314,0.0,0.0,0.0,0,211.0,0.5,0.5,0.05,5,0.0,0.0
Geant2010,SM,2,B1,15,7,7,0,15->14->27->5->7,,29.91753,inf,0.0,173.0,173.0,29.91753,41.322314,94.894044,41.322314,0.0,0.0,0.0,0,173.0,0.5,0.5,0.05,5,0.0,0.0
Geant2010,SM,2,B1,16,7,1,1,16->32->8->7,,42.389473,inf,0.0,200.0,200.0,33.544182,6.242197,63.440579,6.242197,0.0,0.0,0.0,0,200.0,0.5,0.5,0.05,5,0.0,0.0
Geant2010,SM,2,B1,17,7,7,0,17->10->9->5->7,,19.177378,inf,0.0,185.0,185.0,19.177378,41.322314,84.153892,41.322314,0.0,0.0,0.0,0,185.0,0.5,0.5,0.05,5,0.0,0.0
Geant2010,SM,2,B1,18,7,7,0,18->11->20->21->27->5->7,,18.129405,inf,0.0,186.0,186.0,18.129405,41.322314,83.105918,41.322314,0.0,0.0,0.0,0,186.0,0.5,0.5,0.05,5,0.0,0.0
Geant2010,SM,2,B1,19,6,6,0,19->25->20->21->6,,12.109417,inf,0.0,207.0,207.0,12.000553,31.446541,67.101294,31.446541,0.0,0.0,0.0,0,207.0,0.5,0.5,0.05,5,0.0,0.0
Geant2010,SM,2,B1,20,6,5,1,20->21->6,,4.53283,inf,0.0,127.0,127.0,8.160712,500.0,531.814911,500.0,0.0,0.0,0.0,0,127.0,0.5,0.5,0.05,5,0.0,0.0
Geant2010,SM,2,B1,21,6,6,0,21->6,,2.914876,inf,0.0,216.0,216.0,2.914876,31.446541,58.015616,31.446541,0.0,0.0,0.0,0,216.0,0.5,0.5,0.05,5,0.0,0.0
Geant2010,SM,2,B1,22,6,6,0,22->23->9->5->6,,24.310768,inf,0.0,184.0,184.0,24.310768,31.446541,79.411508,31.446541,0.0,0.0,0.0,0,184.0,0.5,0.5,0.05,5,0.0,0.0
Geant2010,SM,2,B1,23,6,6,0,23->9->5->6,,19.278012,inf,0.0,168.0,168.0,19.278012,31.446541,74.378753,31.446541,0.0,0.0,0.0,0,168.0,0.5,0.5,0.05,5,0.0,0.0
Geant2010,SM,2,B1,24,5,5,0,24->20->21->27->5,,11.351049,inf,0.0,184.0,184.0,11.351049,500.0,535.005249,500.0,0.0,0.0,0.0,0,184.0,0.5,0.5,0.05,5,0.0,0.0
Geant2010,SM,2,B1,25,5,1,1,25->26->27->5,,9.94978,inf,0.0,171.0,171.0,13.599082,6.242197,43.495479,6.242197,0.0,0.0,0.0,0,171.0,0.5,0.5,0.05,5,0.0,0.0
Geant2010,SM,2,B1,26,5,5,0,26->27->5,,8.777608,inf,0.0,177.0,177.0,8.777608,500.0,532.431808,500.0,0.0,0.0,0.0,0,177.0,0.5,0.5,0.05,5,0.0,0.0
Geant2010,SM,2,B1,27,5,5,0,27->5,,5.992306,inf,0.0,196.0,196.0,5.992306,500.0,529.646506,500.0,0.0,0.0,0.0,0,196.0,0.5,0.5,0.05,5,0.0,0.0
Geant2010,SM,2,B1,28,6,4,1,28->4->6,,8.490346,inf,0.0,146.0,146.0,5.348983,67.567568,96.57075,67.567568,0.0,0.0,0.0,0,146.0,0.5,0.5,0.05,5,0.0,0.0
Geant2010,SM,2,B1,29,5,1,1,29->5,,20.266678,inf,0.0,196.0,196.0,21.883069,6.242197,51.779466,6.242197,0.0,0.0,0.0,0,196.0,0.5,0.5,0.05,5,0.0,0.0
Geant2010,SM,2,B1,30,5,5,0,30->3->5,,27.824171,inf,0.0,134.0,134.0,27.158442,500.0,550.812642,500.0,0.0,0.0,0.0,0,134.0,0.5,0.5,0.05,5,0.0,0.0
Geant2010,SM,2,B1,31,4,4,0,31->32->16->5->4,,76.928805,inf,0.0,172.0,172.0,19.206306,67.567568,110.428073,67.567568,0.0,0.0,0.0,0,172.0,0.5,0.5,0.05,5,0.0,0.0
Geant2010,SM,2,B1,32,4,2,1,32->8->7->5->4,,14.558227,inf,0.0,210.0,210.0,3.212824,2.604167,29.47119,2.604167,0.0,0.0,0.0,0,210.0,0.5,0.5,0.05,5,0.0,0.0
Geant2010,SM,2,B1,33,4,4,0,33->3->5->4,,20.227605,inf,0.0,169.0,169.0,20.227605,67.567568,111.449372,67.567568,0.0,0.0,0.0,0,169.0,0.5,0.5,0.05,5,0.0,0.0
Geant2010,SM,2,B1,34,4,4,0,34->3->5->4,,18.266476,inf,0.0,193.0,193.0,18.266476,67.567568,109.488243,67.567568,0.0,0.0,0.0,0,193.0,0.5,0.5,0.05,5,0.0,0.0
Geant2010,SM,2,B1,35,4,1,1,35->34->3->5->4,,20.928919,inf,0.0,191.0,191.0,14.122678,6.242197,44.019075,6.242197,0.0,0.0,0.0,0,191.0,0.5,0.5,0.05,5,0.0,0.0
Geant2010,SM,2,B1,36,4,4,0,36->37->28->4,,10.431084,inf,0.0,122.0,122.0,10.431084,67.567568,101.652851,67.567568,0.0,0.0,0.0,0,122.0,0.5,0.5,0.05,5,0.0,0.0
Geant2010,SM,2,B1,37,3,3,0,37->36->3,,11.195232,36.514988,0.0,202.0,202.0,11.195232,1.665556,36.514988,1.665556,0.0,0.0,0.0,0,202.0,0.5,0.5,0.05,5,0.0,0.0
Geant2010,SM,2,B3,1,1,1,0,1,1,0.0,24.743287,0.0,153.0,153.0,0.0,833.333333,856.987533,833.333333,0.0,0.0,0.0,0,153.0,0.5,0.5,0.05,5,0.0,0.0
Geant2010,SM,2,B3,2,2,2,0,2,2,0.0,24.944522,0.0,205.0,205.0,0.0,inf,inf,inf,0.0,0.0,0.0,0,205.0,0.5,0.5,0.05,5,0.0,0.0
Geant2010,SM,2,B3,3,3,3,0,3,3,0.0,25.319756,0.0,176.0,176.0,0.0,3.541076,27.195276,3.541076,0.0,0.0,0.0,0,176.0,0.5,0.5,0.05,5,0.0,0.0
Geant2010,SM,2,B3,4,4,4,0,4,4,0.0,inf,0.0,192.0,192.0,0.0,3.790751,27.44495,3.790751,0.0,0.0,0.0,0,192.0,0.5,0.5,0.05,5,0.0,0.0
Geant2010,SM,2,B3,5,5,5,0,5,5,0.0,inf,0.0,160.0,160.0,0.0,7.407407,31.061607,7.407407,0.0,0.0,0.0,0,160.0,0.5,0.5,0.05,5,0.0,0.0
Geant2010,SM,2,B3,6,6,6,0,6,6,0.0,inf,0.0,202.0,202.0,0.0,3.894081,27.548281,3.894081,0.0,0.0,0.0,0,202.0,0.5,0.5,0.05,5,0.0,0.0
Geant2010,SM,2,B3,7,7,7,0,7,7,0.0,inf,0.0,204.0,204.0,0.0,4.803074,28.457274,4.803074,0.0,0.0,0.0,0,204.0,0.5,0.5,0.05,5,0.0,0.0
Geant2010,SM,2,B3,8,8,8,0,8,8,0.0,inf,0.0,175.0,175.0,0.0,4.397537,28.051737,4.397537,0.0,0.0,0.0,0,175.0,0.5,0.5,0.05,5,0.0,0.0
Geant2010,SM,2,B3,9,8,8,0,9->8,9->8,4.359944,inf,0.0,209.0,209.0,4.359944,4.397537,32.411681,4.397537,0.0,0.0,0.0,0,209.0,0.5,0.5,0.05,5,0.0,0.0
Geant2010,SM,2,B3,10,8,8,0,10->23->8,10->9->8,22.428675,inf,0.0,179.0,179.0,6.487704,4.397537,34.539441,4.397537,0.0,0.0,0.0,0,179.0,0.5,0.5,0.05,5,0.0,0.0
Geant2010,SM,2,B3,11,8,1,1,11->20->21->27->5->7->8,11->20->21->27->5->1,19.269187,inf,0.0,220.0,220.0,18.119092,833.333333,875.106625,833.333333,0.0,0.0,0.0,0,220.0,0.5,0.5,0.05,5,0.0,0.0
Geant2010,SM,2,B3,12,8,8,0,12->20->21->27->5->9->8,12->20->21->27->5->7->8,22.607189,inf,0.0,188.0,188.0,19.407,4.397537,47.458737,4.397537,0.0,0.0,0.0,0,188.0,0.5,0.5,0.05,5,0.0,0.0
Geant2010,SM,2,B3,13,8,2,1,13->11->14->10->23->8,13->12->20->21->27->5->1->2,52.871087,inf,0.0,181.0,181.0,29.4312,inf,inf,inf,0.0,0.0,0.0,0,181.0,0.5,0.5,0.05,5,0.0,0.0
Geant2010,SM,2,B3,14,7,1,1,14->27->5->7,14->27->5->1,20.738638,inf,0.0,211.0,211.0,22.468265,833.333333,879.455798,833.333333,0.0,0.0,0.0,0,211.0,0.5,0.5,0.05,5,0.0,0.0
Geant2010,SM,2,B3,15,7,2,1,15->14->27->5->7,15->14->27->5->1->2,29.91753,inf,0.0,173.0,173.0,33.383194,inf,inf,inf,0.0,0.0,0.0,0,173.0,0.5,0.5,0.05,5,0.0,0.0
Geant2010,SM,2,B3,16,7,7,0,16->32->8->7,16->5->7,42.389473,inf,0.0,200.0,200.0,31.814555,4.803074,60.271829,4.803074,0.0,0.0,0.0,0,200.0,0.5,0.5,0.05,5,0.0,0.0
Geant2010,SM,2,B3,17,7,7,0,17->10->9->5->7,17->10->9->5->7,19.177378,inf,0.0,185.0,185.0,19.177378,4.803074,47.634652,4.803074,0.0,0.0,0.0,0,185.0,0.5,0.5,0.05,5,0.0,0.0
Geant2010,SM,2,B3,18,7,7,0,18->11->20->21->27->5->7,18->11->20->21->27->5->7,18.129405,inf,0.0,186.0,186.0,18.129405,4.803074,46.586678,4.803074,0.0,0.0,0.0,0,186.0,0.5,0.5,0.05,5,0.0,0.0
Geant2010,SM,2,B3,19,6,6,0,19->25->20->21->6,19->25->26->27->21->6,12.109417,inf,0.0,207.0,207.0,12.000553,3.894081,39.548834,3.894081,0.0,0.0,0.0,0,207.0,0.5,0.5,0.05,5,0.0,0.0
Geant2010,SM,2,B3,20,6,6,0,20->21->6,20->21->6,4.53283,inf,0.0,127.0,127.0,4.53283,3.894081,32.08111,3.894081,0.0,0.0,0.0,0,127.0,0.5,0.5,0.05,5,0.0,0.0
Geant2010,SM,2,B3,21,6,6,0,21->6,21->6,2.914876,inf,0.0,216.0,216.0,2.914876,3.894081,30.463156,3.894081,0.0,0.0,0.0,0,216.0,0.5,0.5,0.05,5,0.0,0.0
Geant2010,SM,2,B3,22,6,2,1,22->23->9->5->6,22->32->2,24.310768,inf,0.0,184.0,184.0,19.069859,inf,inf,inf,0.0,0.0,0.0,0,184.0,0.5,0.5,0.05,5,0.0,0.0
Geant2010,SM,2,B3,23,6,1,1,23->9->5->6,23->9->5->1,19.278012,inf,0.0,168.0,168.0,18.823447,833.333333,875.81098,833.333333,0.0,0.0,0.0,0,168.0,0.5,0.5,0.05,5,0.0,0.0
Geant2010,SM,2,B3,24,5,5,0,24->20->21->27->5,24->20->21->27->5,11.351049,inf,0.0,184.0,184.0,11.351049,7.407407,42.412656,7.407407,0.0,0.0,0.0,0,184.0,0.5,0.5,0.05,5,0.0,0.0
Geant2010,SM,2,B3,25,5,5,0,25->26->27->5,25->26->27->5,9.94978,inf,0.0,171.0,171.0,9.94978,7.407407,41.011387,7.407407,0.0,0.0,0.0,0,171.0,0.5,0.5,0.05,5,0.0,0.0
Geant2010,SM,2,B3,26,5,2,1,26->27->5,26->27->5->1->2,8.777608,inf,0.0,177.0,177.0,14.162947,inf,inf,inf,0.0,0.0,0.0,0,177.0,0.5,0.5,0.05,5,0.0,0.0
Geant2010,SM,2,B3,27,5,5,0,27->5,27->5,5.992306,inf,0.0,196.0,196.0,5.992306,7.407407,37.053913,7.407407,0.0,0.0,0.0,0,196.0,0.5,0.5,0.05,5,0.0,0.0
Geant2010,SM,2,B3,28,6,3,1,28->4->6,28->37->36->3,8.490346,inf,0.0,146.0,146.0,13.476887,3.541076,40.672163,3.541076,0.0,0.0,0.0,0,146.0,0.5,0.5,0.05,5,0.0,0.0
Geant2010,SM,2,B3,29,5,1,1,29->5,29->3->1,20.266678,inf,0.0,196.0,196.0,21.883069,833.333333,878.870602,833.333333,0.0,0.0,0.0,0,196.0,0.5,0.5,0.05,5,0.0,0.0
Geant2010,SM,2,B3,30,5,5,0,30->3->5,30->32->8->7->5,27.824171,inf,0.0,134.0,134.0,27.158442,7.407407,58.220049,7.407407,0.0,0.0,0.0,0,134.0,0.5,0.5,0.05,5,0.0,0.0
Geant2010,SM,2,B3,31,4,3,1,31->32->16->5->4,31->32->2->1->3,76.928805,inf,0.0,172.0,172.0,15.821172,3.541076,43.016448,3.541076,0.0,0.0,0.0,0,172.0,0.5,0.5,0.05,5,0.0,0.0
Geant2010,SM,2,B3,32,4,2,1,32->8->7->5->4,32->2,14.558227,inf,0.0,210.0,210.0,3.212824,inf,inf,inf,0.0,0.0,0.0,0,210.0,0.5,0.5,0.05,5,0.0,0.0
Geant2010,SM,2,B3,33,4,4,0,33->3->5->4,33->3->5->4,20.227605,inf,0.0,169.0,169.0,20.227605,3.790751,47.672555,3.790751,0.0,0.0,0.0,0,169.0,0.5,0.5,0.05,5,0.0,0.0
Geant2010,SM,2,B3,34,4,4,0,34->3->5->4,34->3->5->4,18.266476,inf,0.0,193.0,193.0,18.266476,3.790751,45.711426,3.790751,0.0,0.0,0.0,0,193.0,0.5,0.5,0.05,5,0.0,0.0
Geant2010,SM,2,B3,35,4,4,0,35->34->3->5->4,35->34->3->5->4,20.928919,inf,0.0,191.0,191.0,20.928919,3.790751,48.37387,3.790751,0.0,0.0,0.0,0,191.0,0.5,0.5,0.05,5,0.0,0.0
Geant2010,SM,2,B3,36,4,1,1,36->37->28->4,36->3->1,10.431084,inf,0.0,122.0,122.0,14.61902,833.333333,871.606553,833.333333,0.0,0.0,0.0,0,122.0,0.5,0.5,0.05,5,0.0,0.0
Geant2010,SM,2,B3,37,3,3,0,37->36->3,37->36->3,11.195232,36.514988,0.0,202.0,202.0,11.195232,3.541076,38.390508,3.541076,0.0,0.0,0.0,0,202.0,0.5,0.5,0.05,5,0.0,0.0
Geant2010,SM,2,MCF_ARC,1,1,1,0,1,1,0.0,24.743287,0.0,153.0,153.0,0.0,9.408417,31.837506,8.183306,0.0,0.0,0.0,0,153.0,0.5,0.5,0.05,5,0.0,0.0
Geant2010,SM,2,MCF_ARC,2,2,2,0,2,2,0.0,24.944522,0.0,205.0,205.0,0.0,2.914629,26.544373,2.890173,0.0,0.0,0.0,0,205.0,0.5,0.5,0.05,5,0.0,0.0
Geant2010,SM,2,MCF_ARC,3,3,3,0,3,3,0.0,25.319756,0.0,176.0,176.0,0.0,2.623549,26.255656,2.601457,0.0,0.0,0.0,0,176.0,0.5,0.5,0.05,5,0.0,0.0
Geant2010,SM,2,MCF_ARC,4,4,4,0,4,4,0.0,inf,0.0,192.0,192.0,0.0,16.119183,37.023183,13.368984,0.0,0.0,0.0,0,192.0,0.5,0.5,0.05,5,0.0,0.0
Geant2010,SM,2,MCF_ARC,5,5,5,0,5,5,0.0,inf,0.0,160.0,160.0,0.0,13.475568,34.523765,10.869565,0.0,0.0,0.0,0,160.0,0.5,0.5,0.05,5,0.0,0.0
Geant2010,SM,2,MCF_ARC,6,6,6,0,6,6,0.0,inf,0.0,202.0,202.0,0.0,18.40142,40.376608,16.722408,0.0,0.0,0.0,0,202.0,0.5,0.5,0.05,5,0.0,0.0
Geant2010,SM,2,MCF_ARC,7,7,7,0,7,7,0.0,inf,0.0,204.0,204.0,0.0,16.170774,36.952072,13.297872,0.0,0.0,0.0,0,204.0,0.5,0.5,0.05,5,0.0,0.0
Geant2010,SM,2,MCF_ARC,8,8,8,0,8,8,0.0,inf,0.0,175.0,175.0,0.0,16.967128,37.858745,14.204545,0.0,0.0,0.0,0,175.0,0.5,0.5,0.05,5,0.0,0.0
Geant2010,SM,2,MCF_ARC,9,8,2,1,9->8,9->8->32->2,4.359944,inf,0.0,209.0,209.0,11.014135,2.914629,37.558508,2.890173,0.0,0.0,0.0,0,209.0,0.5,0.5,0.05,5,0.0,0.0
Geant2010,SM,2,MCF_ARC,10,8,8,0,10->23->8,10->9->8,22.428675,inf,0.0,179.0,179.0,6.487704,16.967128,44.346449,14.204545,0.0,0.0,0.0,0,179.0,0.5,0.5,0.05,5,0.0,0.0
Geant2010,SM,2,MCF_ARC,11,8,2,1,11->20->21->27->5->7->8,11->20->21->27->5->1->2,19.269187,inf,0.0,220.0,220.0,19.855129,2.914629,46.399502,2.890173,0.0,0.0,0.0,0,220.0,0.5,0.5,0.05,5,0.0,0.0
Geant2010,SM,2,MCF_ARC,12,8,8,0,12->20->21->27->5->9->8,12->20->21->6->5->7->8,22.607189,inf,0.0,188.0,188.0,19.882986,16.967128,57.741731,14.204545,0.0,0.0,0.0,0,188.0,0.5,0.5,0.05,5,0.0,0.0
Geant2010,SM,2,MCF_ARC,13,8,8,0,13->11->14->10->23->8,13->12->20->21->27->5->7->8,52.871087,inf,0.0,181.0,181.0,28.845258,16.967128,66.704003,14.204545,0.0,0.0,0.0,0,181.0,0.5,0.5,0.05,5,0.0,0.0
Geant2010,SM,2,MCF_ARC,14,7,7,0,14->27->5->7,14->27->5->7,20.738638,inf,0.0,211.0,211.0,20.738638,16.170774,57.69071,13.297872,0.0,0.0,0.0,0,211.0,0.5,0.5,0.05,5,0.0,0.0
Geant2010,SM,2,MCF_ARC,15,7,7,0,15->14->27->5->7,15->14->27->5->7,29.91753,inf,0.0,173.0,173.0,29.91753,16.170774,66.869602,13.297872,0.0,0.0,0.0,0,173.0,0.5,0.5,0.05,5,0.0,0.0
Geant2010,SM,2,MCF_ARC,16,7,1,1,16->32->8->7,16->32->2->1,42.389473,inf,0.0,200.0,200.0,41.017244,9.408417,72.85475,8.183306,0.0,0.0,0.0,0,200.0,0.5,0.5,0.05,5,0.0,0.0
Geant2010,SM,2,MCF_ARC,17,7,8,1,17->10->9->5->7,17->10->9->8,19.177378,inf,0.0,185.0,185.0,17.978004,16.967128,55.836749,14.204545,0.0,0.0,0.0,0,185.0,0.5,0.5,0.05,5,0.0,0.0
Geant2010,SM,2,MCF_ARC,18,7,7,0,18->11->20->21->27->5->7,18->11->20->21->27->5->7,18.129405,inf,0.0,186.0,186.0,18.129405,16.170774,55.081477,13.297872,0.0,0.0,0.0,0,186.0,0.5,0.5,0.05,5,0.0,0.0
Geant2010,SM,2,MCF_ARC,19,6,1,1,19->25->20->21->6,19->25->26->27->5->1,12.109417,inf,0.0,207.0,207.0,18.176835,9.408417,50.014341,8.183306,0.0,0.0,0.0,0,207.0,0.5,0.5,0.05,5,0.0,0.0
Geant2010,SM,2,MCF_ARC,20,6,6,0,20->21->6,20->21->6,4.53283,inf,0.0,127.0,127.0,4.53283,18.40142,44.909437,16.722408,0.0,0.0,0.0,0,127.0,0.5,0.5,0.05,5,0.0,0.0
Geant2010,SM,2,MCF_ARC,21,6,3,1,21->6,21->27->5->3,2.914876,inf,0.0,216.0,216.0,13.25577,2.623549,39.511426,2.601457,0.0,0.0,0.0,0,216.0,0.5,0.5,0.05,5,0.0,0.0
Geant2010,SM,2,MCF_ARC,22,6,6,0,22->23->9->5->6,22->23->10->27->21->6,24.310768,inf,0.0,184.0,184.0,26.669302,18.40142,67.04591,16.722408,0.0,0.0,0.0,0,184.0,0.5,0.5,0.05,5,0.0,0.0
Geant2010,SM,2,MCF_ARC,23,6,6,0,23->9->5->6,23->9->5->6,19.278012,inf,0.0,168.0,168.0,19.278012,18.40142,59.65462,16.722408,0.0,0.0,0.0,0,168.0,0.5,0.5,0.05,5,0.0,0.0
Geant2010,SM,2,MCF_ARC,24,5,5,0,24->20->21->27->5,24->20->21->27->5,11.351049,inf,0.0,184.0,184.0,11.351049,13.475568,45.874814,10.869565,0.0,0.0,0.0,0,184.0,0.5,0.5,0.05,5,0.0,0.0
Geant2010,SM,2,MCF_ARC,25,5,5,0,25->26->27->5,25->26->27->5,9.94978,inf,0.0,171.0,171.0,9.94978,13.475568,44.473544,10.869565,0.0,0.0,0.0,0,171.0,0.5,0.5,0.05,5,0.0,0.0
Geant2010,SM,2,MCF_ARC,26,5,5,0,26->27->5,26->27->5,8.777608,inf,0.0,177.0,177.0,8.777608,13.475568,43.301373,10.869565,0.0,0.0,0.0,0,177.0,0.5,0.5,0.05,5,0.0,0.0
Geant2010,SM,2,MCF_ARC,27,5,5,0,27->5,27->5,5.992306,inf,0.0,196.0,196.0,5.992306,13.475568,40.516071,10.869565,0.0,0.0,0.0,0,196.0,0.5,0.5,0.05,5,0.0,0.0
Geant2010,SM,2,MCF_ARC,28,6,6,0,28->4->6,28->4->6,8.490346,inf,0.0,146.0,146.0,8.490346,18.40142,48.866953,16.722408,0.0,0.0,0.0,0,146.0,0.5,0.5,0.05,5,0.0,0.0
Geant2010,SM,2,MCF_ARC,29,5,1,1,29->5,29->3->1,20.266678,inf,0.0,196.0,196.0,21.883069,9.408417,53.720575,8.183306,0.0,0.0,0.0,0,196.0,0.5,0.5,0.05,5,0.0,0.0
Geant2010,SM,2,MCF_ARC,30,5,7,1,30->3->5,30->32->8->7,27.824171,inf,0.0,134.0,134.0,25.238767,16.170774,62.190839,13.297872,0.0,0.0,0.0,0,134.0,0.5,0.5,0.05,5,0.0,0.0
Geant2010,SM,2,MCF_ARC,31,4,4,0,31->32->16->5->4,31->32->8->7->5->4,76.928805,inf,0.0,172.0,172.0,19.206306,16.119183,56.229489,13.368984,0.0,0.0,0.0,0,172.0,0.5,0.5,0.05,5,0.0,0.0
Geant2010,SM,2,MCF_ARC,32,4,4,0,32->8->7->5->4,32->8->7->5->4,14.558227,inf,0.0,210.0,210.0,14.558227,16.119183,51.581411,13.368984,0.0,0.0,0.0,0,210.0,0.5,0.5,0.05,5,0.0,0.0
Geant2010,SM,2,MCF_ARC,33,4,4,0,33->3->5->4,33->3->5->4,20.227605,inf,0.0,169.0,169.0,20.227605,16.119183,57.250788,13.368984,0.0,0.0,0.0,0,169.0,0.5,0.5,0.05,5,0.0,0.0
Geant2010,SM,2,MCF_ARC,34,4,1,1,34->3->5->4,34->3->1,18.266476,inf,0.0,193.0,193.0,11.460234,9.408417,43.297739,8.183306,0.0,0.0,0.0,0,193.0,0.5,0.5,0.05,5,0.0,0.0
Geant2010,SM,2,MCF_ARC,35,4,4,0,35->34->3->5->4,35->34->3->5->4,20.928919,inf,0.0,191.0,191.0,20.928919,16.119183,57.952103,13.368984,0.0,0.0,0.0,0,191.0,0.5,0.5,0.05,5,0.0,0.0
Geant2010,SM,2,MCF_ARC,36,4,6,1,36->37->28->4,36->3->5->6,10.431084,inf,0.0,122.0,122.0,19.211666,18.40142,59.588273,16.722408,0.0,0.0,0.0,0,122.0,0.5,0.5,0.05,5,0.0,0.0
Geant2010,SM,2,MCF_ARC,37,3,3,0,37->36->3,37->36->3,11.195232,36.514988,0.0,202.0,202.0,11.195232,2.623549,37.450889,2.601457,0.0,0.0,0.0,0,202.0,0.5,0.5,0.05,5,0.0,0.0
Geant2010,SM,3,B1,1,1,1,0,1,,0.0,24.836233,0.0,162.0,162.0,0.0,5.617978,29.272177,5.617978,0.0,0.0,0.0,0,162.0,0.5,0.5,0.05,5,0.0,0.0
Geant2010,SM,3,B1,2,2,2,0,2,,0.0,24.966535,0.0,178.0,178.0,0.0,2.386635,26.040834,2.386635,0.0,0.0,0.0,0,178.0,0.5,0.5,0.05,5,0.0,0.0
Geant2010,SM,3,B1,3,3,3,0,3,,0.0,25.798282,0.0,199.0,199.0,0.0,2.144082,25.798282,2.144082,0.0,0.0,0.0,0,199.0,0.5,0.5,0.05,5,0.0,0.0
Geant2010,SM,3,B1,4,4,4,0,4,,0.0,inf,0.0,202.0,202.0,0.0,25.0,48.6542,25.0,0.0,0.0,0.0,0,202.0,0.5,0.5,0.05,5,0.0,0.0
Geant2010,SM,3,B1,5,5,5,0,5,,0.0,inf,0.0,192.0,192.0,0.0,31.847134,55.501333,31.847134,0.0,0.0,0.0,0,192.0,0.5,0.5,0.05,5,0.0,0.0
Geant2010,SM,3,B1,6,6,6,0,6,,0.0,inf,0.0,194.0,194.0,0.0,5000.0,5023.6542,5000.0,0.0,0.0,0.0,0,194.0,0.5,0.5,0.05,5,0.0,0.0
Geant2010,SM,3,B1,7,7,7,0,7,,0.0,inf,0.0,183.0,183.0,0.0,208.333333,231.987533,208.333333,0.0,0.0,0.0,0,183.0,0.5,0.5,0.05,5,0.0,0.0
Geant2010,SM,3,B1,8,8,8,0,8,,0.0,inf,0.0,141.0,141.0,0.0,9.52381,33.178009,9.52381,0.0,0.0,0.0,0,141.0,0.5,0.5,0.05,5,0.0,0.0
Geant2010,SM,3,B1,9,8,8,0,9->8,,4.359944,inf,0.0,182.0,182.0,4.359944,9.52381,37.537953,9.52381,0.0,0.0,0.0,0,182.0,0.5,0.5,0.05,5,0.0,0.0
Geant2010,SM,3,B1,10,8,8,0,10->9->8,,6.487704,inf,0.0,157.0,157.0,6.487704,9.52381,39.665713,9.52381,0.0,0.0,0.0,0,157.0,0.5,0.5,0.05,5,0.0,0.0
Geant2010,SM,3,B1,11,8,8,0,11->14->10->23->8,,42.312821,inf,0.0,210.0,210.0,19.269187,9.52381,52.447196,9.52381,0.0,0.0,0.0,0,210.0,0.5,0.5,0.05,5,0.0,0.0
Geant2010,SM,3,B1,12,8,2,1,12->20->21->27->5->7->8,,19.407,inf,0.0,181.0,181.0,19.992942,2.386635,46.033776,2.386635,0.0,0.0,0.0,0,181.0,0.5,0.5,0.05,5,0.0,0.0
Geant2010,SM,3,B1,13,8,2,1,13->11->14->10->9->8,,36.930116,inf,0.0,162.0,162.0,29.4312,2.386635,55.472034,2.386635,0.0,0.0,0.0,0,162.0,0.5,0.5,0.05,5,0.0,0.0
Geant2010,SM,3,B1,14,7,7,0,14->27->5->7,,20.738638,inf,0.0,202.0,202.0,20.738638,208.333333,252.726171,208.333333,0.0,0.0,0.0,0,202.0,0.5,0.5,0.05,5,0.0,0.0
Geant2010,SM,3,B1,15,8,8,0,15->10->9->8,,29.87195,inf,0.0,181.0,181.0,29.87195,9.52381,63.049959,9.52381,0.0,0.0,0.0,0,181.0,0.5,0.5,0.05,5,0.0,0.0
Geant2010,SM,3,B1,16,7,1,1,16->32->8->7,,42.389473,inf,0.0,172.0,172.0,33.544182,5.617978,62.816359,5.617978,0.0,0.0,0.0,0,172.0,0.5,0.5,0.05,5,0.0,0.0
Geant2010,SM,3,B1,17,7,7,0,17->10->9->5->7,,19.177378,inf,0.0,180.0,180.0,19.177378,208.333333,251.164911,208.333333,0.0,0.0,0.0,0,180.0,0.5,0.5,0.05,5,0.0,0.0
Geant2010,SM,3,B1,18,7,7,0,18->11->20->21->6->5->7,,18.60539,inf,0.0,188.0,188.0,18.129405,208.333333,250.116938,208.333333,0.0,0.0,0.0,0,188.0,0.5,0.5,0.05,5,0.0,0.0
Geant2010,SM,3,B1,19,7,7,0,19->25->26->27->5->7,,16.447208,inf,0.0,199.0,199.0,16.447208,208.333333,248.434741,208.333333,0.0,0.0,0.0,0,199.0,0.5,0.5,0.05,5,0.0,0.0
Geant2010,SM,3,B1,20,6,6,0,20->21->6,,4.53283,inf,0.0,167.0,167.0,4.53283,5000.0,5028.187029,5000.0,0.0,0.0,0.0,0,167.0,0.5,0.5,0.05,5,0.0,0.0
Geant2010,SM,3,B1,21,6,5,1,21->6,,2.914876,inf,0.0,185.0,185.0,6.542758,31.847134,62.044091,31.847134,0.0,0.0,0.0,0,185.0,0.5,0.5,0.05,5,0.0,0.0
Geant2010,SM,3,B1,22,6,6,0,22->23->9->5->6,,24.310768,inf,0.0,159.0,159.0,24.310768,5000.0,5047.964967,5000.0,0.0,0.0,0.0,0,159.0,0.5,0.5,0.05,5,0.0,0.0
Geant2010,SM,3,B1,23,6,6,0,23->9->5->6,,19.278012,inf,0.0,162.0,162.0,19.278012,5000.0,5042.932212,5000.0,0.0,0.0,0.0,0,162.0,0.5,0.5,0.05,5,0.0,0.0
Geant2010,SM,3,B1,24,6,6,0,24->20->21->6,,7.723167,inf,0.0,141.0,141.0,7.723167,5000.0,5031.377367,5000.0,0.0,0.0,0.0,0,141.0,0.5,0.5,0.05,5,0.0,0.0
Geant2010,SM,3,B1,25,6,6,0,25->20->21->6,,7.531664,inf,0.0,128.0,128.0,7.4228,5000.0,5031.077,5000.0,0.0,0.0,0.0,0,128.0,0.5,0.5,0.05,5,0.0,0.0
Geant2010,SM,3,B1,26,5,5,0,26->27->5,,8.777608,inf,0.0,175.0,175.0,8.777608,31.847134,64.278942,31.847134,0.0,0.0,0.0,0,175.0,0.5,0.5,0.05,5,0.0,0.0
Geant2010,SM,3,B1,27,5,5,0,27->5,,5.992306,inf,0.0,196.0,196.0,5.992306,31.847134,61.49364,31.847134,0.0,0.0,0.0,0,196.0,0.5,0.5,0.05,5,0.0,0.0
Geant2010,SM,3,B1,28,5,5,0,28->4->5,,11.666446,inf,0.0,175.0,175.0,11.666446,31.847134,67.16778,31.847134,0.0,0.0,0.0,0,175.0,0.5,0.5,0.05,5,0.0,0.0
Geant2010,SM,3,B1,29,5,1,1,29->5,,20.266678,inf,0.0,196.0,196.0,21.883069,5.617978,51.155246,5.617978,0.0,0.0,0.0,0,196.0,0.5,0.5,0.05,5,0.0,0.0
Geant2010,SM,3,B1,30,5,1,1,30->3->5,,27.824171,inf,0.0,113.0,113.0,23.866538,5.617978,53.138715,5.617978,0.0,0.0,0.0,0,113.0,0.5,0.5,0.05,5,0.0,0.0
Geant2010,SM,3,B1,31,4,1,1,31->32->8->7->5->4,,19.206306,inf,0.0,187.0,187.0,9.596939,5.617978,38.869116,5.617978,0.0,0.0,0.0,0,187.0,0.5,0.5,0.05,5,0.0,0.0
Geant2010,SM,3,B1,32,4,4,0,32->16->5->4,,72.280727,inf,0.0,158.0,158.0,14.558227,25.0,63.212427,25.0,0.0,0.0,0.0,0,158.0,0.5,0.5,0.05,5,0.0,0.0
Geant2010,SM,3,B1,33,4,4,0,33->3->5->4,,20.227605,inf,0.0,191.0,191.0,20.227605,25.0,68.881804,25.0,0.0,0.0,0.0,0,191.0,0.5,0.5,0.05,5,0.0,0.0
Geant2010,SM,3,B1,34,4,4,0,34->3->5->4,,18.266476,inf,0.0,179.0,179.0,18.266476,25.0,66.920675,25.0,0.0,0.0,0.0,0,179.0,0.5,0.5,0.05,5,0.0,0.0
Geant2010,SM,3,B1,35,4,4,0,35->34->3->5->4,,20.928919,inf,0.0,170.0,170.0,20.928919,25.0,69.583119,25.0,0.0,0.0,0.0,0,170.0,0.5,0.5,0.05,5,0.0,0.0
Geant2010,SM,3,B1,36,3,3,0,36->3,,8.394786,34.193068,0.0,181.0,181.0,8.394786,2.144082,34.193068,2.144082,0.0,0.0,0.0,0,181.0,0.5,0.5,0.05,5,0.0,0.0
Geant2010,SM,3,B1,37,3,3,0,37->36->3,,11.195232,36.993514,0.0,168.0,168.0,11.195232,2.144082,36.993514,2.144082,0.0,0.0,0.0,0,168.0,0.5,0.5,0.05,5,0.0,0.0
Geant2010,SM,3,B3,1,1,1,0,1,1,0.0,24.836233,0.0,162.0,162.0,0.0,inf,inf,inf,0.0,0.0,0.0,0,162.0,0.5,0.5,0.05,5,0.0,0.0
Geant2010,SM,3,B3,2,2,2,0,2,2,0.0,24.966535,0.0,178.0,178.0,0.0,inf,inf,inf,0.0,0.0,0.0,0,178.0,0.5,0.5,0.05,5,0.0,0.0
Geant2010,SM,3,B3,3,3,3,0,3,3,0.0,25.798282,0.0,199.0,199.0,0.0,6.393862,30.048061,6.393862,0.0,0.0,0.0,0,199.0,0.5,0.5,0.05,5,0.0,0.0
Geant2010,SM,3,B3,4,4,4,0,4,4,0.0,inf,0.0,202.0,202.0,0.0,4.672897,28.327097,4.672897,0.0,0.0,0.0,0,202.0,0.5,0.5,0.05,5,0.0,0.0
Geant2010,SM,3,B3,5,5,5,0,5,5,0.0,inf,0.0,192.0,192.0,0.0,3.591954,27.246154,3.591954,0.0,0.0,0.0,0,192.0,0.5,0.5,0.05,5,0.0,0.0
Geant2010,SM,3,B3,6,6,6,0,6,6,0.0,inf,0.0,194.0,194.0,0.0,3.785011,27.439211,3.785011,0.0,0.0,0.0,0,194.0,0.5,0.5,0.05,5,0.0,0.0
Geant2010,SM,3,B3,7,7,7,0,7,7,0.0,inf,0.0,183.0,183.0,0.0,4.655493,28.309693,4.655493,0.0,0.0,0.0,0,183.0,0.5,0.5,0.05,5,0.0,0.0
Geant2010,SM,3,B3,8,8,8,0,8,8,0.0,inf,0.0,141.0,141.0,0.0,2.985075,26.639274,2.985075,0.0,0.0,0.0,0,141.0,0.5,0.5,0.05,5,0.0,0.0
Geant2010,SM,3,B3,9,8,3,1,9->8,9->5->3,4.359944,inf,0.0,182.0,182.0,10.352655,6.393862,40.400716,6.393862,0.0,0.0,0.0,0,182.0,0.5,0.5,0.05,5,0.0,0.0
Geant2010,SM,3,B3,10,8,8,0,10->9->8,10->9->8,6.487704,inf,0.0,157.0,157.0,6.487704,2.985075,33.126978,2.985075,0.0,0.0,0.0,0,157.0,0.5,0.5,0.05,5,0.0,0.0
Geant2010,SM,3,B3,11,8,1,1,11->14->10->23->8,11->20->21->27->5->1,42.312821,inf,0.0,210.0,210.0,18.119092,inf,inf,inf,0.0,0.0,0.0,0,210.0,0.5,0.5,0.05,5,0.0,0.0
Geant2010,SM,3,B3,12,8,8,0,12->20->21->27->5->7->8,12->20->21->27->5->7->8,19.407,inf,0.0,181.0,181.0,19.407,2.985075,46.046274,2.985075,0.0,0.0,0.0,0,181.0,0.5,0.5,0.05,5,0.0,0.0
Geant2010,SM,3,B3,13,8,8,0,13->11->14->10->9->8,13->12->20->21->27->5->7->8,36.930116,inf,0.0,162.0,162.0,28.845258,2.985075,55.484532,2.985075,0.0,0.0,0.0,0,162.0,0.5,0.5,0.05,5,0.0,0.0
Geant2010,SM,3,B3,14,7,1,1,14->27->5->7,14->27->5->1,20.738638,inf,0.0,202.0,202.0,22.468265,inf,inf,inf,0.0,0.0,0.0,0,202.0,0.5,0.5,0.05,5,0.0,0.0
Geant2010,SM,3,B3,15,8,2,1,15->10->9->8,15->14->27->5->1->2,29.87195,inf,0.0,181.0,181.0,33.383194,inf,inf,inf,0.0,0.0,0.0,0,181.0,0.5,0.5,0.05,5,0.0,0.0
Geant2010,SM,3,B3,16,7,7,0,16->32->8->7,16->5->7,42.389473,inf,0.0,172.0,172.0,31.814555,4.655493,60.124248,4.655493,0.0,0.0,0.0,0,172.0,0.5,0.5,0.05,5,0.0,0.0
Geant2010,SM,3,B3,17,7,2,1,17->10->9->5->7,17->10->9->5->1->2,19.177378,inf,0.0,180.0,180.0,22.643042,inf,inf,inf,0.0,0.0,0.0,0,180.0,0.5,0.5,0.05,5,0.0,0.0
Geant2010,SM,3,B3,18,7,7,0,18->11->20->21->6->5->7,18->11->20->21->27->5->7,18.60539,inf,0.0,188.0,188.0,18.129405,4.655493,46.439098,4.655493,0.0,0.0,0.0,0,188.0,0.5,0.5,0.05,5,0.0,0.0
Geant2010,SM,3,B3,19,7,7,0,19->25->26->27->5->7,19->25->26->27->5->7,16.447208,inf,0.0,199.0,199.0,16.447208,4.655493,44.756901,4.655493,0.0,0.0,0.0,0,199.0,0.5,0.5,0.05,5,0.0,0.0
Geant2010,SM,3,B3,20,6,6,0,20->21->6,20->21->6,4.53283,inf,0.0,167.0,167.0,4.53283,3.785011,31.97204,3.785011,0.0,0.0,0.0,0,167.0,0.5,0.5,0.05,5,0.0,0.0
Geant2010,SM,3,B3,21,6,6,0,21->6,21->6,2.914876,inf,0.0,185.0,185.0,2.914876,3.785011,30.354087,3.785011,0.0,0.0,0.0,0,185.0,0.5,0.5,0.05,5,0.0,0.0
Geant2010,SM,3,B3,22,6,2,1,22->23->9->5->6,22->32->2,24.310768,inf,0.0,159.0,159.0,19.069859,inf,inf,inf,0.0,0.0,0.0,0,159.0,0.5,0.5,0.05,5,0.0,0.0
Geant2010,SM,3,B3,23,6,1,1,23->9->5->6,23->9->5->1,19.278012,inf,0.0,162.0,162.0,18.823447,inf,inf,inf,0.0,0.0,0.0,0,162.0,0.5,0.5,0.05,5,0.0,0.0
Geant2010,SM,3,B3,24,6,6,0,24->20->21->6,24->20->21->6,7.723167,inf,0.0,141.0,141.0,7.723167,3.785011,35.162378,3.785011,0.0,0.0,0.0,0,141.0,0.5,0.5,0.05,5,0.0,0.0
Geant2010,SM,3,B3,25,6,3,1,25->20->21->6,25->26->27->5->3,7.531664,inf,0.0,128.0,128.0,16.662792,6.393862,46.710853,6.393862,0.0,0.0,0.0,0,128.0,0.5,0.5,0.05,5,0.0,0.0
Geant2010,SM,3,B3,26,5,2,1,26->27->5,26->27->5->1->2,8.777608,inf,0.0,175.0,175.0,14.162947,inf,inf,inf,0.0,0.0,0.0,0,175.0,0.5,0.5,0.05,5,0.0,0.0
Geant2010,SM,3,B3,27,5,5,0,27->5,27->5,5.992306,inf,0.0,196.0,196.0,5.992306,3.591954,33.23846,3.591954,0.0,0.0,0.0,0,196.0,0.5,0.5,0.05,5,0.0,0.0
Geant2010,SM,3,B3,28,5,5,0,28->4->5,28->4->5,11.666446,inf,0.0,175.0,175.0,11.666446,3.591954,38.9126,3.591954,0.0,0.0,0.0,0,175.0,0.5,0.5,0.05,5,0.0,0.0
Geant2010,SM,3,B3,29,5,1,1,29->5,29->3->1,20.266678,inf,0.0,196.0,196.0,21.883069,inf,inf,inf,0.0,0.0,0.0,0,196.0,0.5,0.5,0.05,5,0.0,0.0
Geant2010,SM,3,B3,30,5,5,0,30->3->5,30->32->8->7->5,27.824171,inf,0.0,113.0,113.0,27.158442,3.591954,54.404596,3.591954,0.0,0.0,0.0,0,113.0,0.5,0.5,0.05,5,0.0,0.0
Geant2010,SM,3,B3,31,4,4,0,31->32->8->7->5->4,31->32->8->7->5->4,19.206306,inf,0.0,187.0,187.0,19.206306,4.672897,47.533402,4.672897,0.0,0.0,0.0,0,187.0,0.5,0.5,0.05,5,0.0,0.0
Geant2010,SM,3,B3,32,4,4,0,32->16->5->4,32->8->7->5->4,72.280727,inf,0.0,158.0,158.0,14.558227,4.672897,42.885324,4.672897,0.0,0.0,0.0,0,158.0,0.5,0.5,0.05,5,0.0,0.0
Geant2010,SM,3,B3,33,4,1,1,33->3->5->4,33->3->1,20.227605,inf,0.0,191.0,191.0,13.421363,inf,inf,inf,0.0,0.0,0.0,0,191.0,0.5,0.5,0.05,5,0.0,0.0
Geant2010,SM,3,B3,34,4,4,0,34->3->5->4,34->3->5->4,18.266476,inf,0.0,179.0,179.0,18.266476,4.672897,46.593572,4.672897,0.0,0.0,0.0,0,179.0,0.5,0.5,0.05,5,0.0,0.0
Geant2010,SM,3,B3,35,4,2,1,35->34->3->5->4,35->34->3->1->2,20.928919,inf,0.0,170.0,170.0,15.858714,inf,inf,inf,0.0,0.0,0.0,0,170.0,0.5,0.5,0.05,5,0.0,0.0
Geant2010,SM,3,B3,36,3,3,0,36->3,36->3,8.394786,34.193068,0.0,181.0,181.0,8.394786,6.393862,38.442848,6.393862,0.0,0.0,0.0,0,181.0,0.5,0.5,0.05,5,0.0,0.0
Geant2010,SM,3,B3,37,3,3,0,37->36->3,37->36->3,11.195232,36.993514,0.0,168.0,168.0,11.195232,6.393862,41.243294,6.393862,0.0,0.0,0.0,0,168.0,0.5,0.5,0.05,5,0.0,0.0
Geant2010,SM,3,MCF_ARC,1,1,1,0,1,1,0.0,24.836233,0.0,162.0,162.0,0.0,11.673128,33.269584,9.615385,0.0,0.0,0.0,0,162.0,0.5,0.5,0.05,5,0.0,0.0
Geant2010,SM,3,MCF_ARC,2,2,2,0,2,2,0.0,24.966535,0.0,178.0,178.0,0.0,2.864431,26.511342,2.857143,0.0,0.0,0.0,0,178.0,0.5,0.5,0.05,5,0.0,0.0
Geant2010,SM,3,MCF_ARC,3,3,3,0,3,3,0.0,25.798282,0.0,199.0,199.0,0.0,2.152414,25.798282,2.144082,0.0,0.0,0.0,0,199.0,0.5,0.5,0.05,5,0.0,0.0
Geant2010,SM,3,MCF_ARC,4,4,4,0,4,4,0.0,inf,0.0,202.0,202.0,0.0,21.10136,44.487533,20.833333,0.0,0.0,0.0,0,202.0,0.5,0.5,0.05,5,0.0,0.0
Geant2010,SM,3,MCF_ARC,5,5,5,0,5,5,0.0,inf,0.0,192.0,192.0,0.0,20.669994,43.897115,20.242915,0.0,0.0,0.0,0,192.0,0.5,0.5,0.05,5,0.0,0.0
Geant2010,SM,3,MCF_ARC,6,6,6,0,6,6,0.0,inf,0.0,194.0,194.0,0.0,20.916547,44.401088,20.746888,0.0,0.0,0.0,0,194.0,0.5,0.5,0.05,5,0.0,0.0
Geant2010,SM,3,MCF_ARC,7,7,7,0,7,7,0.0,inf,0.0,183.0,183.0,0.0,20.571503,43.734521,20.080321,0.0,0.0,0.0,0,183.0,0.5,0.5,0.05,5,0.0,0.0
Geant2010,SM,3,MCF_ARC,8,8,8,0,8,8,0.0,inf,0.0,141.0,141.0,0.0,7.817878,31.406138,7.751938,0.0,0.0,0.0,0,141.0,0.5,0.5,0.05,5,0.0,0.0
Geant2010,SM,3,MCF_ARC,9,8,8,0,9->8,9->8,4.359944,inf,0.0,182.0,182.0,4.359944,7.817878,35.766081,7.751938,0.0,0.0,0.0,0,182.0,0.5,0.5,0.05,5,0.0,0.0
Geant2010,SM,3,MCF_ARC,10,8,7,1,10->9->8,10->9->5->7,6.487704,inf,0.0,157.0,157.0,7.687079,20.571503,51.421599,20.080321,0.0,0.0,0.0,0,157.0,0.5,0.5,0.05,5,0.0,0.0
Geant2010,SM,3,MCF_ARC,11,8,2,1,11->14->10->23->8,11->20->21->27->10->9->8->32->2,42.312821,inf,0.0,210.0,210.0,27.887117,2.864431,54.398459,2.857143,0.0,0.0,0.0,0,210.0,0.5,0.5,0.05,5,0.0,0.0
Geant2010,SM,3,MCF_ARC,12,8,8,0,12->20->21->27->5->7->8,12->20->21->6->5->7->8,19.407,inf,0.0,181.0,181.0,19.882986,7.817878,51.289123,7.751938,0.0,0.0,0.0,0,181.0,0.5,0.5,0.05,5,0.0,0.0
Geant2010,SM,3,MCF_ARC,13,8,8,0,13->11->14->10->9->8,13->12->20->21->27->5->7->8,36.930116,inf,0.0,162.0,162.0,28.845258,7.817878,60.251396,7.751938,0.0,0.0,0.0,0,162.0,0.5,0.5,0.05,5,0.0,0.0
Geant2010,SM,3,MCF_ARC,14,7,2,1,14->27->5->7,14->27->5->1->2,20.738638,inf,0.0,202.0,202.0,24.204301,2.864431,50.715644,2.857143,0.0,0.0,0.0,0,202.0,0.5,0.5,0.05,5,0.0,0.0
Geant2010,SM,3,MCF_ARC,15,8,8,0,15->10->9->8,15->10->9->8,29.87195,inf,0.0,181.0,181.0,29.87195,7.817878,61.278088,7.751938,0.0,0.0,0.0,0,181.0,0.5,0.5,0.05,5,0.0,0.0
Geant2010,SM,3,MCF_ARC,16,7,5,1,16->32->8->7,16->5,42.389473,inf,0.0,172.0,172.0,29.89488,20.669994,73.791994,20.242915,0.0,0.0,0.0,0,172.0,0.5,0.5,0.05,5,0.0,0.0
Geant2010,SM,3,MCF_ARC,17,7,7,0,17->10->9->5->7,17->10->9->5->7,19.177378,inf,0.0,180.0,180.0,19.177378,20.571503,62.911899,20.080321,0.0,0.0,0.0,0,180.0,0.5,0.5,0.05,5,0.0,0.0
Geant2010,SM,3,MCF_ARC,18,7,7,0,18->11->20->21->6->5->7,18->11->20->21->27->5->7,18.60539,inf,0.0,188.0,188.0,18.129405,20.571503,61.863926,20.080321,0.0,0.0,0.0,0,188.0,0.5,0.5,0.05,5,0.0,0.0
Geant2010,SM,3,MCF_ARC,19,7,7,0,19->25->26->27->5->7,19->25->26->27->5->7,16.447208,inf,0.0,199.0,199.0,16.447208,20.571503,60.181729,20.080321,0.0,0.0,0.0,0,199.0,0.5,0.5,0.05,5,0.0,0.0
Geant2010,SM,3,MCF_ARC,20,6,6,0,20->21->6,20->21->6,4.53283,inf,0.0,167.0,167.0,4.53283,20.916547,48.933917,20.746888,0.0,0.0,0.0,0,167.0,0.5,0.5,0.05,5,0.0,0.0
Geant2010,SM,3,MCF_ARC,21,6,6,0,21->6,21->6,2.914876,inf,0.0,185.0,185.0,2.914876,20.916547,47.315963,20.746888,0.0,0.0,0.0,0,185.0,0.5,0.5,0.05,5,0.0,0.0
Geant2010,SM,3,MCF_ARC,22,6,5,1,22->23->9->5->6,22->23->9->5,24.310768,inf,0.0,159.0,159.0,20.2069,20.669994,64.104015,20.242915,0.0,0.0,0.0,0,159.0,0.5,0.5,0.05,5,0.0,0.0
Geant2010,SM,3,MCF_ARC,23,6,4,1,23->9->5->6,23->8->9->5->4,19.278012,inf,0.0,162.0,162.0,24.842243,21.10136,69.329776,20.833333,0.0,0.0,0.0,0,162.0,0.5,0.5,0.05,5,0.0,0.0
Geant2010,SM,3,MCF_ARC,24,6,5,1,24->20->21->6,24->20->21->27->5,7.723167,inf,0.0,141.0,141.0,11.351049,20.669994,55.248164,20.242915,0.0,0.0,0.0,0,141.0,0.5,0.5,0.05,5,0.0,0.0
Geant2010,SM,3,MCF_ARC,25,6,5,1,25->20->21->6,25->26->27->5,7.531664,inf,0.0,128.0,128.0,9.94978,20.669994,53.846894,20.242915,0.0,0.0,0.0,0,128.0,0.5,0.5,0.05,5,0.0,0.0
Geant2010,SM,3,MCF_ARC,26,5,1,1,26->27->5,26->27->5->3->1,8.777608,inf,0.0,175.0,175.0,21.714854,11.673128,54.984438,9.615385,0.0,0.0,0.0,0,175.0,0.5,0.5,0.05,5,0.0,0.0
Geant2010,SM,3,MCF_ARC,27,5,1,1,27->5,27->5->1,5.992306,inf,0.0,196.0,196.0,9.641609,11.673128,42.911193,9.615385,0.0,0.0,0.0,0,196.0,0.5,0.5,0.05,5,0.0,0.0
Geant2010,SM,3,MCF_ARC,28,5,1,1,28->4->5,28->4->5->1,11.666446,inf,0.0,175.0,175.0,15.315749,11.673128,48.585333,9.615385,0.0,0.0,0.0,0,175.0,0.5,0.5,0.05,5,0.0,0.0
Geant2010,SM,3,MCF_ARC,29,5,1,1,29->5,29->3->1,20.266678,inf,0.0,196.0,196.0,21.883069,11.673128,55.152653,9.615385,0.0,0.0,0.0,0,196.0,0.5,0.5,0.05,5,0.0,0.0
Geant2010,SM,3,MCF_ARC,30,5,5,0,30->3->5,30->32->8->7->5,27.824171,inf,0.0,113.0,113.0,27.158442,20.669994,71.055557,20.242915,0.0,0.0,0.0,0,113.0,0.5,0.5,0.05,5,0.0,0.0
Geant2010,SM,3,MCF_ARC,31,4,6,1,31->32->8->7->5->4,31->32->8->7->5->4->6,19.206306,inf,0.0,187.0,187.0,22.347668,20.916547,66.748756,20.746888,0.0,0.0,0.0,0,187.0,0.5,0.5,0.05,5,0.0,0.0
Geant2010,SM,3,MCF_ARC,32,4,4,0,32->16->5->4,32->8->9->5->6->4,72.280727,inf,0.0,158.0,158.0,18.686183,21.10136,63.173716,20.833333,0.0,0.0,0.0,0,158.0,0.5,0.5,0.05,5,0.0,0.0
Geant2010,SM,3,MCF_ARC,33,4,4,0,33->3->5->4,33->3->5->4,20.227605,inf,0.0,191.0,191.0,20.227605,21.10136,64.715138,20.833333,0.0,0.0,0.0,0,191.0,0.5,0.5,0.05,5,0.0,0.0
Geant2010,SM,3,MCF_ARC,34,4,4,0,34->3->5->4,34->3->5->4,18.266476,inf,0.0,179.0,179.0,18.266476,21.10136,62.754008,20.833333,0.0,0.0,0.0,0,179.0,0.5,0.5,0.05,5,0.0,0.0
Geant2010,SM,3,MCF_ARC,35,4,6,1,35->34->3->5->4,35->34->3->5->6,20.928919,inf,0.0,170.0,170.0,18.715324,20.916547,63.116411,20.746888,0.0,0.0,0.0,0,170.0,0.5,0.5,0.05,5,0.0,0.0
Geant2010,SM,3,MCF_ARC,36,3,3,0,36->3,36->3,8.394786,34.193068,0.0,181.0,181.0,8.394786,2.152414,34.193068,2.144082,0.0,0.0,0.0,0,181.0,0.5,0.5,0.05,5,0.0,0.0
Geant2010,SM,3,MCF_ARC,37,3,3,0,37->36->3,37->36->3,11.195232,36.993514,0.0,168.0,168.0,11.195232,2.152414,36.993514,2.144082,0.0,0.0,0.0,0,168.0,0.5,0.5,0.05,5,0.0,0.0
Geant2010,SM,4,B1,1,1,1,0,1,,0.0,24.830117,0.0,164.0,164.0,0.0,5.512679,29.166879,5.512679,0.0,0.0,0.0,0,164.0,0.5,0.5,0.05,5,0.0,0.0
Geant2010,SM,4,B1,2,2,2,0,2,,0.0,24.821061,0.0,171.0,171.0,0.0,2.169197,25.823397,2.169197,0.0,0.0,0.0,0,171.0,0.5,0.5,0.05,5,0.0,0.0
Geant2010,SM,4,B1,3,3,3,0,3,,0.0,25.58694,0.0,151.0,151.0,0.0,1.932741,25.58694,1.932741,0.0,0.0,0.0,0,151.0,0.5,0.5,0.05,5,0.0,0.0
Geant2010,SM,4,B1,4,4,4,0,4,,0.0,inf,0.0,204.0,204.0,0.0,18.382353,42.036552,18.382353,0.0,0.0,0.0,0,204.0,0.5,0.5,0.05,5,0.0,0.0
Geant2010,SM,4,B1,5,5,7,1,5,,0.0,inf,0.0,150.0,150.0,1.919675,625.0,650.573875,625.0,0.0,0.0,0.0,0,150.0,0.5,0.5,0.05,5,0.0,0.0
Geant2010,SM,4,B1,6,6,6,0,6,,0.0,inf,0.0,151.0,151.0,0.0,2500.0,2523.6542,2500.0,0.0,0.0,0.0,0,151.0,0.5,0.5,0.05,5,0.0,0.0
Geant2010,SM,4,B1,7,7,7,0,7,,0.0,inf,0.0,160.0,160.0,0.0,625.0,648.6542,625.0,0.0,0.0,0.0,0,160.0,0.5,0.5,0.05,5,0.0,0.0
Geant2010,SM,4,B1,8,8,8,0,8,,0.0,inf,0.0,196.0,196.0,0.0,69.444444,93.098644,69.444444,0.0,0.0,0.0,0,196.0,0.5,0.5,0.05,5,0.0,0.0
Geant2010,SM,4,B1,9,8,8,0,9->8,,4.359944,inf,0.0,182.0,182.0,4.359944,69.444444,97.458588,69.444444,0.0,0.0,0.0,0,182.0,0.5,0.5,0.05,5,0.0,0.0
Geant2010,SM,4,B1,10,8,8,0,10->23->8,,22.428675,inf,0.0,215.0,215.0,6.487704,69.444444,99.586348,69.444444,0.0,0.0,0.0,0,215.0,0.5,0.5,0.05,5,0.0,0.0
Geant2010,SM,4,B1,11,8,2,1,11->14->10->9->8,,26.37185,inf,0.0,197.0,197.0,19.855129,2.169197,45.678526,2.169197,0.0,0.0,0.0,0,197.0,0.5,0.5,0.05,5,0.0,0.0
Geant2010,SM,4,B1,12,8,8,0,12->20->21->6->5->7->8,,19.882986,inf,0.0,272.0,272.0,19.407,69.444444,112.505644,69.444444,0.0,0.0,0.0,0,272.0,0.5,0.5,0.05,5,0.0,0.0
Geant2010,SM,4,B1,13,8,8,0,13->11->20->21->27->5->7->8,,29.827453,inf,0.0,191.0,191.0,28.845258,69.444444,121.943902,69.444444,0.0,0.0,0.0,0,191.0,0.5,0.5,0.05,5,0.0,0.0
Geant2010,SM,4,B1,14,7,7,0,14->27->5->7,,20.738638,inf,0.0,172.0,172.0,20.738638,625.0,669.392837,625.0,0.0,0.0,0.0,0,172.0,0.5,0.5,0.05,5,0.0,0.0
Geant2010,SM,4,B1,15,7,7,0,15->10->27->5->7,,37.563966,inf,0.0,191.0,191.0,29.91753,625.0,678.57173,625.0,0.0,0.0,0.0,0,191.0,0.5,0.5,0.05,5,0.0,0.0
Geant2010,SM,4,B1,16,7,1,1,16->5->7,,31.814555,inf,0.0,243.0,243.0,33.544182,5.512679,62.711061,5.512679,0.0,0.0,0.0,0,243.0,0.5,0.5,0.05,5,0.0,0.0
Geant2010,SM,4,B1,17,7,7,0,17->10->9->5->7,,19.177378,inf,0.0,160.0,160.0,19.177378,625.0,667.831578,625.0,0.0,0.0,0.0,0,160.0,0.5,0.5,0.05,5,0.0,0.0
Geant2010,SM,4,B1,18,7,7,0,18->11->20->21->27->5->7,,18.129405,inf,0.0,195.0,195.0,18.129405,625.0,666.783604,625.0,0.0,0.0,0.0,0,195.0,0.5,0.5,0.05,5,0.0,0.0
Geant2010,SM,4,B1,19,6,6,0,19->25->20->21->6,,12.109417,inf,0.0,175.0,175.0,12.000553,2500.0,2535.654753,2500.0,0.0,0.0,0.0,0,175.0,0.5,0.5,0.05,5,0.0,0.0
Geant2010,SM,4,B1,20,6,6,0,20->21->6,,4.53283,inf,0.0,187.0,187.0,4.53283,2500.0,2528.187029,2500.0,0.0,0.0,0.0,0,187.0,0.5,0.5,0.05,5,0.0,0.0
Geant2010,SM,4,B1,21,7,5,1,21->27->5->7,,8.462433,inf,0.0,160.0,160.0,6.542758,833.333333,863.530291,833.333333,0.0,0.0,0.0,0,160.0,0.5,0.5,0.05,5,0.0,0.0
Geant2010,SM,4,B1,22,6,2,1,22->23->9->5->6,,24.310768,inf,0.0,199.0,199.0,19.069859,2.169197,44.893256,2.169197,0.0,0.0,0.0,0,199.0,0.5,0.5,0.05,5,0.0,0.0
Geant2010,SM,4,B1,23,6,5,1,23->9->5->6,,19.278012,inf,0.0,224.0,224.0,15.174145,833.333333,872.161678,833.333333,0.0,0.0,0.0,0,224.0,0.5,0.5,0.05,5,0.0,0.0
Geant2010,SM,4,B1,24,6,6,0,24->20->21->6,,7.723167,inf,0.0,182.0,182.0,7.723167,2500.0,2531.377367,2500.0,0.0,0.0,0.0,0,182.0,0.5,0.5,0.05,5,0.0,0.0
Geant2010,SM,4,B1,25,5,1,1,25->26->27->5,,9.94978,inf,0.0,232.0,232.0,13.599082,5.512679,42.765961,5.512679,0.0,0.0,0.0,0,232.0,0.5,0.5,0.05,5,0.0,0.0
Geant2010,SM,4,B1,26,5,5,0,26->27->5,,8.777608,inf,0.0,236.0,236.0,8.777608,833.333333,865.765141,833.333333,0.0,0.0,0.0,0,236.0,0.5,0.5,0.05,5,0.0,0.0
Geant2010,SM,4,B1,27,5,5,0,27->5,,5.992306,inf,0.0,193.0,193.0,5.992306,833.333333,862.979839,833.333333,0.0,0.0,0.0,0,193.0,0.5,0.5,0.05,5,0.0,0.0
Geant2010,SM,4,B1,28,5,5,0,28->4->5,,11.666446,inf,0.0,201.0,201.0,11.666446,833.333333,868.653979,833.333333,0.0,0.0,0.0,0,201.0,0.5,0.5,0.05,5,0.0,0.0
Geant2010,SM,4,B1,29,5,1,1,29->5,,20.266678,inf,0.0,194.0,194.0,21.883069,5.512679,51.049948,5.512679,0.0,0.0,0.0,0,194.0,0.5,0.5,0.05,5,0.0,0.0
Geant2010,SM,4,B1,30,4,4,0,30->3->5->4,,34.141634,inf,0.0,221.0,221.0,33.475905,18.382353,75.512458,18.382353,0.0,0.0,0.0,0,221.0,0.5,0.5,0.05,5,0.0,0.0
Geant2010,SM,4,B1,31,6,6,0,31->32->16->5->6,,74.715209,inf,0.0,131.0,131.0,16.99271,2500.0,2540.64691,2500.0,0.0,0.0,0.0,0,131.0,0.5,0.5,0.05,5,0.0,0.0
Geant2010,SM,4,B1,32,4,4,0,32->8->9->5->4,,17.758417,inf,0.0,170.0,170.0,14.558227,18.382353,56.59478,18.382353,0.0,0.0,0.0,0,170.0,0.5,0.5,0.05,5,0.0,0.0
Geant2010,SM,4,B1,33,4,4,0,33->3->5->4,,20.227605,inf,0.0,177.0,177.0,20.227605,18.382353,62.264157,18.382353,0.0,0.0,0.0,0,177.0,0.5,0.5,0.05,5,0.0,0.0
Geant2010,SM,4,B1,34,4,4,0,34->3->5->4,,18.266476,inf,0.0,188.0,188.0,18.266476,18.382353,60.303028,18.382353,0.0,0.0,0.0,0,188.0,0.5,0.5,0.05,5,0.0,0.0
Geant2010,SM,4,B1,35,4,6,1,35->34->3->5->4,,20.928919,inf,0.0,192.0,192.0,18.715324,2500.0,2542.369523,2500.0,0.0,0.0,0.0,0,192.0,0.5,0.5,0.05,5,0.0,0.0
Geant2010,SM,4,B1,36,3,3,0,36->3,,8.394786,33.981726,0.0,193.0,193.0,8.394786,1.932741,33.981726,1.932741,0.0,0.0,0.0,0,193.0,0.5,0.5,0.05,5,0.0,0.0
Geant2010,SM,4,B1,37,3,3,0,37->36->3,,11.195232,36.782172,0.0,193.0,193.0,11.195232,1.932741,36.782172,1.932741,0.0,0.0,0.0,0,193.0,0.5,0.5,0.05,5,0.0,0.0
Geant2010,SM,4,B3,1,1,1,0,1,1,0.0,24.830117,0.0,164.0,164.0,0.0,inf,inf,inf,0.0,0.0,0.0,0,164.0,0.5,0.5,0.05,5,0.0,0.0
Geant2010,SM,4,B3,2,2,2,0,2,2,0.0,24.821061,0.0,171.0,171.0,0.0,inf,inf,inf,0.0,0.0,0.0,0,171.0,0.5,0.5,0.05,5,0.0,0.0
Geant2010,SM,4,B3,3,3,3,0,3,3,0.0,25.58694,0.0,151.0,151.0,0.0,7.849294,31.503493,7.849294,0.0,0.0,0.0,0,151.0,0.5,0.5,0.05,5,0.0,0.0
Geant2010,SM,4,B3,4,4,4,0,4,4,0.0,inf,0.0,204.0,204.0,0.0,4.321521,27.975721,4.321521,0.0,0.0,0.0,0,204.0,0.5,0.5,0.05,5,0.0,0.0
Geant2010,SM,4,B3,5,5,5,0,5,5,0.0,inf,0.0,150.0,150.0,0.0,5.09684,28.751039,5.09684,0.0,0.0,0.0,0,150.0,0.5,0.5,0.05,5,0.0,0.0
Geant2010,SM,4,B3,6,6,6,0,6,6,0.0,inf,0.0,151.0,151.0,0.0,3.092146,26.746345,3.092146,0.0,0.0,0.0,0,151.0,0.5,0.5,0.05,5,0.0,0.0
Geant2010,SM,4,B3,7,7,7,0,7,7,0.0,inf,0.0,160.0,160.0,0.0,2.918856,26.573055,2.918856,0.0,0.0,0.0,0,160.0,0.5,0.5,0.05,5,0.0,0.0
Geant2010,SM,4,B3,8,8,8,0,8,8,0.0,inf,0.0,196.0,196.0,0.0,3.566334,27.220533,3.566334,0.0,0.0,0.0,0,196.0,0.5,0.5,0.05,5,0.0,0.0
Geant2010,SM,4,B3,9,8,8,0,9->8,9->8,4.359944,inf,0.0,182.0,182.0,4.359944,3.566334,31.580477,3.566334,0.0,0.0,0.0,0,182.0,0.5,0.5,0.05,5,0.0,0.0
Geant2010,SM,4,B3,10,8,8,0,10->23->8,10->9->8,22.428675,inf,0.0,215.0,215.0,6.487704,3.566334,33.708238,3.566334,0.0,0.0,0.0,0,215.0,0.5,0.5,0.05,5,0.0,0.0
Geant2010,SM,4,B3,11,8,8,0,11->14->10->9->8,11->20->21->27->5->7->8,26.37185,inf,0.0,197.0,197.0,19.269187,3.566334,46.48972,3.566334,0.0,0.0,0.0,0,197.0,0.5,0.5,0.05,5,0.0,0.0
Geant2010,SM,4,B3,12,8,2,1,12->20->21->6->5->7->8,12->20->21->27->5->1->2,19.882986,inf,0.0,272.0,272.0,19.992942,inf,inf,inf,0.0,0.0,0.0,0,272.0,0.5,0.5,0.05,5,0.0,0.0
Geant2010,SM,4,B3,13,8,1,1,13->11->20->21->27->5->7->8,13->12->20->21->27->5->1,29.827453,inf,0.0,191.0,191.0,27.695163,inf,inf,inf,0.0,0.0,0.0,0,191.0,0.5,0.5,0.05,5,0.0,0.0
Geant2010,SM,4,B3,14,7,7,0,14->27->5->7,14->27->5->7,20.738638,inf,0.0,172.0,172.0,20.738638,2.918856,47.311693,2.918856,0.0,0.0,0.0,0,172.0,0.5,0.5,0.05,5,0.0,0.0
Geant2010,SM,4,B3,15,7,3,1,15->10->27->5->7,15->14->27->5->3,37.563966,inf,0.0,191.0,191.0,34.710867,7.849294,66.21436,7.849294,0.0,0.0,0.0,0,191.0,0.5,0.5,0.05,5,0.0,0.0
Geant2010,SM,4,B3,16,7,2,1,16->5->7,16->5->1->2,31.814555,inf,0.0,243.0,243.0,35.280219,inf,inf,inf,0.0,0.0,0.0,0,243.0,0.5,0.5,0.05,5,0.0,0.0
Geant2010,SM,4,B3,17,7,1,1,17->10->9->5->7,17->10->9->5->1,19.177378,inf,0.0,160.0,160.0,20.907005,inf,inf,inf,0.0,0.0,0.0,0,160.0,0.5,0.5,0.05,5,0.0,0.0
Geant2010,SM,4,B3,18,7,7,0,18->11->20->21->27->5->7,18->11->20->21->27->5->7,18.129405,inf,0.0,195.0,195.0,18.129405,2.918856,44.70246,2.918856,0.0,0.0,0.0,0,195.0,0.5,0.5,0.05,5,0.0,0.0
Geant2010,SM,4,B3,19,6,6,0,19->25->20->21->6,19->25->26->27->21->6,12.109417,inf,0.0,175.0,175.0,12.000553,3.092146,38.746899,3.092146,0.0,0.0,0.0,0,175.0,0.5,0.5,0.05,5,0.0,0.0
Geant2010,SM,4,B3,20,6,6,0,20->21->6,20->21->6,4.53283,inf,0.0,187.0,187.0,4.53283,3.092146,31.279175,3.092146,0.0,0.0,0.0,0,187.0,0.5,0.5,0.05,5,0.0,0.0
Geant2010,SM,4,B3,21,7,7,0,21->27->5->7,21->27->5->7,8.462433,inf,0.0,160.0,160.0,8.462433,2.918856,35.035489,2.918856,0.0,0.0,0.0,0,160.0,0.5,0.5,0.05,5,0.0,0.0
Geant2010,SM,4,B3,22,6,3,1,22->23->9->5->6,22->23->9->5->3,24.310768,inf,0.0,199.0,199.0,26.919913,7.849294,58.423406,7.849294,0.0,0.0,0.0,0,199.0,0.5,0.5,0.05,5,0.0,0.0
Geant2010,SM,4,B3,23,6,2,1,23->9->5->6,23->8->32->2,19.278012,inf,0.0,224.0,224.0,17.179385,inf,inf,inf,0.0,0.0,0.0,0,224.0,0.5,0.5,0.05,5,0.0,0.0
Geant2010,SM,4,B3,24,6,6,0,24->20->21->6,24->20->21->6,7.723167,inf,0.0,182.0,182.0,7.723167,3.092146,34.469513,3.092146,0.0,0.0,0.0,0,182.0,0.5,0.5,0.05,5,0.0,0.0
Geant2010,SM,4,B3,25,5,5,0,25->26->27->5,25->26->27->5,9.94978,inf,0.0,232.0,232.0,9.94978,5.09684,38.700819,5.09684,0.0,0.0,0.0,0,232.0,0.5,0.5,0.05,5,0.0,0.0
Geant2010,SM,4,B3,26,5,5,0,26->27->5,26->27->5,8.777608,inf,0.0,236.0,236.0,8.777608,5.09684,37.528648,5.09684,0.0,0.0,0.0,0,236.0,0.5,0.5,0.05,5,0.0,0.0
Geant2010,SM,4,B3,27,5,1,1,27->5,27->5->1,5.992306,inf,0.0,193.0,193.0,9.641609,inf,inf,inf,0.0,0.0,0.0,0,193.0,0.5,0.5,0.05,5,0.0,0.0
Geant2010,SM,4,B3,28,5,5,0,28->4->5,28->4->5,11.666446,inf,0.0,201.0,201.0,11.666446,5.09684,40.417486,5.09684,0.0,0.0,0.0,0,201.0,0.5,0.5,0.05,5,0.0,0.0
Geant2010,SM,4,B3,29,5,2,1,29->5,29->3->1->2,20.266678,inf,0.0,194.0,194.0,23.619106,inf,inf,inf,0.0,0.0,0.0,0,194.0,0.5,0.5,0.05,5,0.0,0.0
Geant2010,SM,4,B3,30,4,4,0,30->3->5->4,30->32->8->7->5->4,34.141634,inf,0.0,221.0,221.0,33.475905,4.321521,61.451626,4.321521,0.0,0.0,0.0,0,221.0,0.5,0.5,0.05,5,0.0,0.0
Geant2010,SM,4,B3,31,6,1,1,31->32->16->5->6,31->32->2->1,74.715209,inf,0.0,131.0,131.0,9.596939,inf,inf,inf,0.0,0.0,0.0,0,131.0,0.5,0.5,0.05,5,0.0,0.0
Geant2010,SM,4,B3,32,4,4,0,32->8->9->5->4,32->8->7->5->4,17.758417,inf,0.0,170.0,170.0,14.558227,4.321521,42.533948,4.321521,0.0,0.0,0.0,0,170.0,0.5,0.5,0.05,5,0.0,0.0
Geant2010,SM,4,B3,33,4,1,1,33->3->5->4,33->3->1,20.227605,inf,0.0,177.0,177.0,13.421363,inf,inf,inf,0.0,0.0,0.0,0,177.0,0.5,0.5,0.05,5,0.0,0.0
Geant2010,SM,4,B3,34,4,4,0,34->3->5->4,34->3->5->4,18.266476,inf,0.0,188.0,188.0,18.266476,4.321521,46.242196,4.321521,0.0,0.0,0.0,0,188.0,0.5,0.5,0.05,5,0.0,0.0
Geant2010,SM,4,B3,35,4,2,1,35->34->3->5->4,35->34->3->1->2,20.928919,inf,0.0,192.0,192.0,15.858714,inf,inf,inf,0.0,0.0,0.0,0,192.0,0.5,0.5,0.05,5,0.0,0.0
Geant2010,SM,4,B3,36,3,3,0,36->3,36->3,8.394786,33.981726,0.0,193.0,193.0,8.394786,7.849294,39.898279,7.849294,0.0,0.0,0.0,0,193.0,0.5,0.5,0.05,5,0.0,0.0
Geant2010,SM,4,B3,37,3,3,0,37->36->3,37->36->3,11.195232,36.782172,0.0,193.0,193.0,11.195232,7.849294,42.698725,7.849294,0.0,0.0,0.0,0,193.0,0.5,0.5,0.05,5,0.0,0.0
Geant2010,SM,4,MCF_ARC,1,1,1,0,1,1,0.0,24.830117,0.0,164.0,164.0,0.0,5.560069,28.962055,5.307856,0.0,0.0,0.0,0,164.0,0.5,0.5,0.05,5,0.0,0.0
Geant2010,SM,4,MCF_ARC,2,2,2,0,2,2,0.0,24.821061,0.0,171.0,171.0,0.0,5.483905,28.889802,5.235602,0.0,0.0,0.0,0,171.0,0.5,0.5,0.05,5,0.0,0.0
Geant2010,SM,4,MCF_ARC,3,3,3,0,3,3,0.0,25.58694,0.0,151.0,151.0,0.0,1.945448,25.58694,1.932741,0.0,0.0,0.0,0,151.0,0.5,0.5,0.05,5,0.0,0.0
Geant2010,SM,4,MCF_ARC,4,4,4,0,4,4,0.0,inf,0.0,204.0,204.0,0.0,19.162345,42.036552,18.382353,0.0,0.0,0.0,0,204.0,0.5,0.5,0.05,5,0.0,0.0
Geant2010,SM,4,MCF_ARC,5,5,5,0,5,5,0.0,inf,0.0,150.0,150.0,0.0,18.733027,41.136717,17.482517,0.0,0.0,0.0,0,150.0,0.5,0.5,0.05,5,0.0,0.0
Geant2010,SM,4,MCF_ARC,6,6,6,0,6,6,0.0,inf,0.0,151.0,151.0,0.0,17.47687,38.944719,15.29052,0.0,0.0,0.0,0,151.0,0.5,0.5,0.05,5,0.0,0.0
Geant2010,SM,4,MCF_ARC,7,7,7,0,7,7,0.0,inf,0.0,160.0,160.0,0.0,16.924408,38.231459,14.577259,0.0,0.0,0.0,0,160.0,0.5,0.5,0.05,5,0.0,0.0
Geant2010,SM,4,MCF_ARC,8,8,8,0,8,8,0.0,inf,0.0,196.0,196.0,0.0,13.835742,34.839882,11.185682,0.0,0.0,0.0,0,196.0,0.5,0.5,0.05,5,0.0,0.0
Geant2010,SM,4,MCF_ARC,9,8,8,0,9->8,9->8,4.359944,inf,0.0,182.0,182.0,4.359944,13.835742,39.199826,11.185682,0.0,0.0,0.0,0,182.0,0.5,0.5,0.05,5,0.0,0.0
Geant2010,SM,4,MCF_ARC,10,8,8,0,10->23->8,10->9->8,22.428675,inf,0.0,215.0,215.0,6.487704,13.835742,41.327586,11.185682,0.0,0.0,0.0,0,215.0,0.5,0.5,0.05,5,0.0,0.0
Geant2010,SM,4,MCF_ARC,11,8,8,0,11->14->10->9->8,11->20->21->6->5->7->8,26.37185,inf,0.0,197.0,197.0,19.745172,13.835742,54.585054,11.185682,0.0,0.0,0.0,0,197.0,0.5,0.5,0.05,5,0.0,0.0
Geant2010,SM,4,MCF_ARC,12,8,2,1,12->20->21->6->5->7->8,12->20->21->27->5->7->8->32->2,19.882986,inf,0.0,272.0,272.0,26.061191,5.483905,54.950993,5.235602,0.0,0.0,0.0,0,272.0,0.5,0.5,0.05,5,0.0,0.0
Geant2010,SM,4,MCF_ARC,13,8,8,0,13->11->20->21->27->5->7->8,13->12->20->21->27->5->7->8,29.827453,inf,0.0,191.0,191.0,28.845258,13.835742,63.68514,11.185682,0.0,0.0,0.0,0,191.0,0.5,0.5,0.05,5,0.0,0.0
Geant2010,SM,4,MCF_ARC,14,7,7,0,14->27->5->7,14->27->5->7,20.738638,inf,0.0,172.0,172.0,20.738638,16.924408,58.970097,14.577259,0.0,0.0,0.0,0,172.0,0.5,0.5,0.05,5,0.0,0.0
Geant2010,SM,4,MCF_ARC,15,7,7,0,15->10->27->5->7,15->14->27->5->7,37.563966,inf,0.0,191.0,191.0,29.91753,16.924408,68.148989,14.577259,0.0,0.0,0.0,0,191.0,0.5,0.5,0.05,5,0.0,0.0
Geant2010,SM,4,MCF_ARC,16,7,7,0,16->5->7,16->5->7,31.814555,inf,0.0,243.0,243.0,31.814555,16.924408,70.046014,14.577259,0.0,0.0,0.0,0,243.0,0.5,0.5,0.05,5,0.0,0.0
Geant2010,SM,4,MCF_ARC,17,7,5,1,17->10->9->5->7,17->10->9->5,19.177378,inf,0.0,160.0,160.0,17.257703,18.733027,58.39442,17.482517,0.0,0.0,0.0,0,160.0,0.5,0.5,0.05,5,0.0,0.0
Geant2010,SM,4,MCF_ARC,18,7,7,0,18->11->20->21->27->5->7,18->11->20->21->6->5->7,18.129405,inf,0.0,195.0,195.0,18.60539,16.924408,56.836849,14.577259,0.0,0.0,0.0,0,195.0,0.5,0.5,0.05,5,0.0,0.0
Geant2010,SM,4,MCF_ARC,19,6,5,1,19->25->20->21->6,19->25->26->27->5,12.109417,inf,0.0,175.0,175.0,14.527532,18.733027,55.66425,17.482517,0.0,0.0,0.0,0,175.0,0.5,0.5,0.05,5,0.0,0.0
Geant2010,SM,4,MCF_ARC,20,6,6,0,20->21->6,20->21->6,4.53283,inf,0.0,187.0,187.0,4.53283,17.47687,43.477549,15.29052,0.0,0.0,0.0,0,187.0,0.5,0.5,0.05,5,0.0,0.0
Geant2010,SM,4,MCF_ARC,21,7,5,1,21->27->5->7,21->27->5,8.462433,inf,0.0,160.0,160.0,6.542758,18.733027,47.679475,17.482517,0.0,0.0,0.0,0,160.0,0.5,0.5,0.05,5,0.0,0.0
Geant2010,SM,4,MCF_ARC,22,6,6,0,22->23->9->5->6,22->23->9->5->6,24.310768,inf,0.0,199.0,199.0,24.310768,17.47687,63.255487,15.29052,0.0,0.0,0.0,0,199.0,0.5,0.5,0.05,5,0.0,0.0
Geant2010,SM,4,MCF_ARC,23,6,6,0,23->9->5->6,23->9->5->6,19.278012,inf,0.0,224.0,224.0,19.278012,17.47687,58.222732,15.29052,0.0,0.0,0.0,0,224.0,0.5,0.5,0.05,5,0.0,0.0
Geant2010,SM,4,MCF_ARC,24,6,5,1,24->20->21->6,24->20->25->26->27->5,7.723167,inf,0.0,182.0,182.0,16.138952,18.733027,57.275669,17.482517,0.0,0.0,0.0,0,182.0,0.5,0.5,0.05,5,0.0,0.0
Geant2010,SM,4,MCF_ARC,25,5,1,1,25->26->27->5,25->26->27->5->1,9.94978,inf,0.0,232.0,232.0,13.599082,5.560069,42.561137,5.307856,0.0,0.0,0.0,0,232.0,0.5,0.5,0.05,5,0.0,0.0
Geant2010,SM,4,MCF_ARC,26,5,1,1,26->27->5,26->27->5->3->1,8.777608,inf,0.0,236.0,236.0,21.714854,5.560069,50.676909,5.307856,0.0,0.0,0.0,0,236.0,0.5,0.5,0.05,5,0.0,0.0
Geant2010,SM,4,MCF_ARC,27,5,2,1,27->5,27->5->1->2,5.992306,inf,0.0,193.0,193.0,11.377645,5.483905,40.267447,5.235602,0.0,0.0,0.0,0,193.0,0.5,0.5,0.05,5,0.0,0.0
Geant2010,SM,4,MCF_ARC,28,5,2,1,28->4->5,28->4->5->1->2,11.666446,inf,0.0,201.0,201.0,17.051785,5.483905,45.941587,5.235602,0.0,0.0,0.0,0,201.0,0.5,0.5,0.05,5,0.0,0.0
Geant2010,SM,4,MCF_ARC,29,5,1,1,29->5,29->3->1,20.266678,inf,0.0,194.0,194.0,21.883069,5.560069,50.845125,5.307856,0.0,0.0,0.0,0,194.0,0.5,0.5,0.05,5,0.0,0.0
Geant2010,SM,4,MCF_ARC,30,4,4,0,30->3->5->4,30->3->5->4,34.141634,inf,0.0,221.0,221.0,34.141634,19.162345,76.178187,18.382353,0.0,0.0,0.0,0,221.0,0.5,0.5,0.05,5,0.0,0.0
Geant2010,SM,4,MCF_ARC,31,6,5,1,31->32->16->5->6,31->32->8->7->5,74.715209,inf,0.0,131.0,131.0,12.888843,18.733027,54.02556,17.482517,0.0,0.0,0.0,0,131.0,0.5,0.5,0.05,5,0.0,0.0
Geant2010,SM,4,MCF_ARC,32,4,4,0,32->8->9->5->4,32->8->7->5->4,17.758417,inf,0.0,170.0,170.0,14.558227,19.162345,56.59478,18.382353,0.0,0.0,0.0,0,170.0,0.5,0.5,0.05,5,0.0,0.0
Geant2010,SM,4,MCF_ARC,33,4,4,0,33->3->5->4,33->3->5->4,20.227605,inf,0.0,177.0,177.0,20.227605,19.162345,62.264157,18.382353,0.0,0.0,0.0,0,177.0,0.5,0.5,0.05,5,0.0,0.0
Geant2010,SM,4,MCF_ARC,34,4,4,0,34->3->5->4,34->3->5->4,18.266476,inf,0.0,188.0,188.0,18.266476,19.162345,60.303028,18.382353,0.0,0.0,0.0,0,188.0,0.5,0.5,0.05,5,0.0,0.0
Geant2010,SM,4,MCF_ARC,35,4,6,1,35->34->3->5->4,35->34->3->5->6,20.928919,inf,0.0,192.0,192.0,18.715324,17.47687,57.660043,15.29052,0.0,0.0,0.0,0,192.0,0.5,0.5,0.05,5,0.0,0.0
Geant2010,SM,4,MCF_ARC,36,3,3,0,36->3,36->3,8.394786,33.981726,0.0,193.0,193.0,8.394786,1.945448,33.981726,1.932741,0.0,0.0,0.0,0,193.0,0.5,0.5,0.05,5,0.0,0.0
Geant2010,SM,4,MCF_ARC,37,3,3,0,37->36->3,37->36->3,11.195232,36.782172,0.0,193.0,193.0,11.195232,1.945448,36.782172,1.932741,0.0,0.0,0.0,0,193.0,0.5,0.5,0.05,5,0.0,0.0
Bellcanada,SM,0,B1,1,1,1,0,1,,0.0,61.248906,0.0,204.0,204.0,0.0,1.256281,61.248906,1.256281,0.0,0.0,0.0,0,204.0,0.5,0.5,0.05,5,0.0,0.0
Bellcanada,SM,0,B1,2,2,2,0,2,,0.0,61.230248,0.0,192.0,192.0,0.0,2.724796,62.71742,2.724796,0.0,0.0,0.0,0,192.0,0.5,0.5,0.05,5,0.0,0.0
Bellcanada,SM,0,B1,3,3,3,0,3,,0.0,61.258127,0.0,221.0,221.0,0.0,5000.0,5059.992624,5000.0,0.0,0.0,0.0,0,221.0,0.5,0.5,0.05,5,0.0,0.0
Bellcanada,SM,0,B1,4,4,4,0,4,,0.0,73.691255,0.0,209.0,209.0,0.0,13.69863,73.691255,13.69863,0.0,0.0,0.0,0,209.0,0.5,0.5,0.05,5,0.0,0.0
Bellcanada,SM,0,B1,5,5,5,0,5,,0.0,inf,0.0,189.0,189.0,0.0,50.0,109.992624,50.0,0.0,0.0,0.0,0,189.0,0.5,0.5,0.05,5,0.0,0.0
Bellcanada,SM,0,B1,6,6,6,0,6,,0.0,inf,0.0,185.0,185.0,0.0,6.896552,66.889176,6.896552,0.0,0.0,0.0,0,185.0,0.5,0.5,0.05,5,0.0,0.0
Bellcanada,SM,0,B1,7,7,2,1,7,,0.0,inf,0.0,213.0,213.0,1.12607,2.724796,63.843491,2.724796,0.0,0.0,0.0,0,213.0,0.5,0.5,0.05,5,0.0,0.0
Bellcanada,SM,0,B1,8,8,8,0,8,,0.0,inf,0.0,168.0,168.0,0.0,75.757576,135.7502,75.757576,0.0,0.0,0.0,0,168.0,0.5,0.5,0.05,5,0.0,0.0
Bellcanada,SM,0,B1,9,9,9,0,9,,0.0,inf,0.0,152.0,152.0,0.0,250.0,309.992624,250.0,0.0,0.0,0.0,0,152.0,0.5,0.5,0.05,5,0.0,0.0
Bellcanada,SM,0,B1,10,10,10,0,10,,0.0,inf,0.0,165.0,165.0,0.0,100.0,159.992624,100.0,0.0,0.0,0.0,0,165.0,0.5,0.5,0.05,5,0.0,0.0
Bellcanada,SM,0,B1,11,10,10,0,11->20->19->18->17->15->14->30->44->45->46->48->39->28->9->10,,46.540334,inf,0.0,162.0,162.0,46.540334,100.0,206.532958,100.0,0.0,0.0,0.0,0,162.0,0.5,0.5,0.05,5,0.0,0.0
Bellcanada,SM,0,B1,12,10,10,0,12->22->17->15->14->30->44->45->46->48->39->28->9->10,,46.570205,inf,0.0,155.0,155.0,46.570205,100.0,206.56283,100.0,0.0,0.0,0.0,0,155.0,0.5,0.5,0.05,5,0.0,0.0
Bellcanada,SM,0,B1,13,10,3,1,13->29->30->44->45->46->48->39->28->9->10,,38.498447,inf,0.0,217.0,217.0,33.597423,5000.0,5093.590048,5000.0,0.0,0.0,0.0,0,217.0,0.5,0.5,0.05,5,0.0,0.0
Bellcanada,SM,0,B1,14,10,10,0,14->30->44->45->46->48->39->28->9->10,,36.294777,inf,0.0,163.0,163.0,36.294777,100.0,196.287401,100.0,0.0,0.0,0.0,0,163.0,0.5,0.5,0.05,5,0.0,0.0
Bellcanada,SM,0,B1,15,10,10,0,15->14->30->44->45->46->48->39->28->9->10,,37.948839,inf,0.0,175.0,175.0,37.948839,100.0,197.941464,100.0,0.0,0.0,0.0,0,175.0,0.5,0.5,0.05,5,0.0,0.0
Bellcanada,SM,0,B1,16,10,3,1,16->15->14->30->44->45->46->48->39->28->9->10,,39.275276,inf,0.0,197.0,197.0,34.374252,5000.0,5094.366876,5000.0,0.0,0.0,0.0,0,197.0,0.5,0.5,0.05,5,0.0,0.0
Bellcanada,SM,0,B1,17,9,3,1,17->15->14->30->44->45->46->48->39->28->9,,39.831759,inf,0.0,203.0,203.0,35.38415,5000.0,5095.376774,5000.0,0.0,0.0,0.0,0,203.0,0.5,0.5,0.05,5,0.0,0.0
Bellcanada,SM,0,B1,18,9,9,0,18->17->15->14->30->44->45->46->48->39->28->9,,41.63118,inf,0.0,190.0,190.0,41.63118,250.0,351.623804,250.0,0.0,0.0,0.0,0,190.0,0.5,0.5,0.05,5,0.0,0.0
Bellcanada,SM,0,B1,19,9,9,0,19->18->17->15->14->30->44->45->46->48->39->28->9,,43.510296,inf,0.0,176.0,176.0,43.510296,250.0,353.50292,250.0,0.0,0.0,0.0,0,176.0,0.5,0.5,0.05,5,0.0,0.0
Bellcanada,SM,0,B1,20,9,9,0,20->19->18->17->15->14->30->44->45->46->48->39->28->9,,44.407641,inf,0.0,147.0,147.0,44.407641,250.0,354.400265,250.0,0.0,0.0,0.0,0,147.0,0.5,0.5,0.05,5,0.0,0.0
Bellcanada,SM,0,B1,21,9,10,1,21->24->17->15->14->30->44->45->46->48->39->28->9,,44.342253,inf,0.0,170.0,170.0,44.795669,100.0,204.788293,100.0,0.0,0.0,0.0,0,170.0,0.5,0.5,0.05,5,0.0,0.0
Bellcanada,SM,0,B1,22,9,9,0,22->17->15->14->30->35->46->48->39->28->9,,47.512313,inf,0.0,152.0,152.0,44.816519,250.0,354.809143,250.0,0.0,0.0,0.0,0,152.0,0.5,0.5,0.05,5,0.0,0.0
Bellcanada,SM,0,B1,23,8,8,0,23->21->24->17->15->14->30->44->45->46->47->3->2->7->8,,49.631625,inf,0.0,191.0,191.0,49.631625,75.757576,185.381825,75.757576,0.0,0.0,0.0,0,191.0,0.5,0.5,0.05,5,0.0,0.0
Bellcanada,SM,0,B1,24,8,8,0,24->17->15->14->30->44->45->46->47->3->5->8,,48.673871,inf,0.0,206.0,206.0,46.662832,75.757576,182.413032,75.757576,0.0,0.0,0.0,0,206.0,0.5,0.5,0.05,5,0.0,0.0
Bellcanada,SM,0,B1,25,8,8,0,25->26->22->17->15->14->30->44->45->46->47->3->5->8,,59.94845,inf,0.0,162.0,162.0,57.937411,75.757576,193.687611,75.757576,0.0,0.0,0.0,0,162.0,0.5,0.5,0.05,5,0.0,0.0
Bellcanada,SM,0,B1,26,8,8,0,26->22->17->15->13->41->36->32->34->5->8,,78.282572,inf,0.0,135.0,135.0,49.464734,75.757576,185.214934,75.757576,0.0,0.0,0.0,0,135.0,0.5,0.5,0.05,5,0.0,0.0
Bellcanada,SM,0,B1,27,8,7,1,27->28->9->6->5->8,,83.320993,inf,0.0,133.0,133.0,9.596213,40.0,109.588837,40.0,0.0,0.0,0.0,0,133.0,0.5,0.5,0.05,5,0.0,0.0
Bellcanada,SM,0,B1,28,8,8,0,28->34->5->8,,13.287438,inf,0.0,208.0,208.0,10.462868,75.757576,146.213068,75.757576,0.0,0.0,0.0,0,208.0,0.5,0.5,0.05,5,0.0,0.0
Bellcanada,SM,0,B1,29,7,2,1,29->30->44->45->46->47->3->2->7,,33.916335,inf,0.0,228.0,228.0,32.790265,2.724796,95.507685,2.724796,0.0,0.0,0.0,0,228.0,0.5,0.5,0.05,5,0.0,0.0
Bellcanada,SM,0,B1,30,7,7,0,30->44->45->46->47->3->2->7,,32.912489,inf,0.0,173.0,173.0,32.912489,40.0,132.905114,40.0,0.0,0.0,0.0,0,173.0,0.5,0.5,0.05,5,0.0,0.0
Bellcanada,SM,0,B1,31,7,7,0,31->34->5->8->7,,10.076842,inf,0.0,159.0,159.0,10.076842,40.0,110.069466,40.0,0.0,0.0,0.0,0,159.0,0.5,0.5,0.05,5,0.0,0.0
Bellcanada,SM,0,B1,32,7,7,0,32->34->5->8->7,,11.06834,inf,0.0,172.0,172.0,11.06834,40.0,111.060964,40.0,0.0,0.0,0.0,0,172.0,0.5,0.5,0.05,5,0.0,0.0
Bellcanada,SM,0,B1,33,7,7,0,33->31->34->5->3->2->7,,16.023787,inf,0.0,184.0,184.0,11.907854,40.0,111.900479,40.0,0.0,0.0,0.0,0,184.0,0.5,0.5,0.05,5,0.0,0.0
Bellcanada,SM,0,B1,34,6,6,0,34->9->6,,39.208537,inf,0.0,190.0,190.0,39.208537,6.896552,106.097713,6.896552,0.0,0.0,0.0,0,190.0,0.5,0.5,0.05,5,0.0,0.0
Bellcanada,SM,0,B1,35,6,6,0,35->46->47->3->5->6,,66.273408,inf,0.0,153.0,153.0,64.470833,6.896552,131.360009,6.896552,0.0,0.0,0.0,0,153.0,0.5,0.5,0.05,5,0.0,0.0
Bellcanada,SM,0,B1,36,6,6,0,36->32->34->9->6,,56.562613,inf,0.0,153.0,153.0,56.562613,6.896552,123.451789,6.896552,0.0,0.0,0.0,0,153.0,0.5,0.5,0.05,5,0.0,0.0
Bellcanada,SM,0,B1,37,6,9,1,37->38->32->34->9->6,,52.491078,inf,0.0,179.0,179.0,15.931061,250.0,325.923685,250.0,0.0,0.0,0.0,0,179.0,0.5,0.5,0.05,5,0.0,0.0
Bellcanada,SM,0,B1,38,6,5,1,38->32->34->9->6,,52.04813,inf,0.0,204.0,204.0,15.392888,50.0,125.385513,50.0,0.0,0.0,0.0,0,204.0,0.5,0.5,0.05,5,0.0,0.0
Bellcanada,SM,0,B1,39,5,5,0,39->28->34->5,,11.973179,inf,0.0,196.0,196.0,11.159648,50.0,121.152273,50.0,0.0,0.0,0.0,0,196.0,0.5,0.5,0.05,5,0.0,0.0
Bellcanada,SM,0,B1,40,5,5,0,40->3->5,,7.127125,inf,0.0,204.0,204.0,7.127125,50.0,117.11975,50.0,0.0,0.0,0.0,0,204.0,0.5,0.5,0.05,5,0.0,0.0
Bellcanada,SM,0,B1,41,6,6,0,41->36->37->32->34->9->6,,94.576768,inf,0.0,174.0,174.0,77.820743,6.896552,144.709919,6.896552,0.0,0.0,0.0,0,174.0,0.5,0.5,0.05,5,0.0,0.0
Bellcanada,SM,0,B1,42,5,5,0,42->41->13->29->30->44->45->46->47->3->5,,51.290016,inf,0.0,187.0,187.0,51.290016,50.0,161.28264,50.0,0.0,0.0,0.0,0,187.0,0.5,0.5,0.05,5,0.0,0.0
Bellcanada,SM,0,B1,43,5,3,1,43->35->46->47->3->5,,42.128825,inf,0.0,173.0,173.0,36.447328,5000.0,5096.439953,5000.0,0.0,0.0,0.0,0,173.0,0.5,0.5,0.05,5,0.0,0.0
Bellcanada,SM,0,B1,44,5,7,1,44->45->46->47->3->5,,30.223972,inf,0.0,154.0,154.0,29.573865,40.0,129.566489,40.0,0.0,0.0,0.0,0,154.0,0.5,0.5,0.05,5,0.0,0.0
Bellcanada,SM,0,B1,45,4,4,0,45->46->47->3->4,,21.701304,95.392559,0.0,195.0,195.0,21.701304,13.69863,95.392559,13.69863,0.0,0.0,0.0,0,195.0,0.5,0.5,0.05,5,0.0,0.0
Bellcanada,SM,0,B1,46,4,4,0,46->47->3->4,,15.757653,89.448908,0.0,174.0,174.0,15.757653,13.69863,89.448908,13.69863,0.0,0.0,0.0,0,174.0,0.5,0.5,0.05,5,0.0,0.0
Bellcanada,SM,0,B1,47,4,4,0,47->3->4,,8.656278,82.347533,0.0,180.0,180.0,8.656278,13.69863,82.347533,13.69863,0.0,0.0,0.0,0,180.0,0.5,0.5,0.05,5,0.0,0.0
Bellcanada,SM,0,B1,48,4,4,0,48->46->47->3->4,,21.129897,94.821151,0.0,169.0,169.0,13.599569,13.69863,87.290823,13.69863,0.0,0.0,0.0,0,169.0,0.5,0.5,0.05,5,0.0,0.0
Bellcanada,SM,0,B3,1,1,1,0,1,1,0.0,61.248906,0.0,204.0,204.0,0.0,inf,inf,inf,0.0,0.0,0.0,0,204.0,0.5,0.5,0.05,5,0.0,0.0
Bellcanada,SM,0,B3,2,2,2,0,2,2,0.0,61.230248,0.0,192.0,192.0,0.0,inf,inf,inf,0.0,0.0,0.0,0,192.0,0.5,0.5,0.05,5,0.0,0.0
Bellcanada,SM,0,B3,3,3,3,0,3,3,0.0,61.258127,0.0,221.0,221.0,0.0,1.265502,61.258127,1.265502,0.0,0.0,0.0,0,221.0,0.5,0.5,0.05,5,0.0,0.0
Bellcanada,SM,0,B3,4,4,4,0,4,4,0.0,73.691255,0.0,209.0,209.0,0.0,4.132231,64.124856,4.132231,0.0,0.0,0.0,0,209.0,0.5,0.5,0.05,5,0.0,0.0
Bellcanada,SM,0,B3,5,5,5,0,5,5,0.0,inf,0.0,189.0,189.0,0.0,3.921569,63.914193,3.921569,0.0,0.0,0.0,0,189.0,0.5,0.5,0.05,5,0.0,0.0
Bellcanada,SM,0,B3,6,6,6,0,6,6,0.0,inf,0.0,185.0,185.0,0.0,7.142857,67.135482,7.142857,0.0,0.0,0.0,0,185.0,0.5,0.5,0.05,5,0.0,0.0
Bellcanada,SM,0,B3,7,7,7,0,7,7,0.0,inf,0.0,213.0,213.0,0.0,3.676471,63.669095,3.676471,0.0,0.0,0.0,0,213.0,0.5,0.5,0.05,5,0.0,0.0
Bellcanada,SM,0,B3,8,8,8,0,8,8,0.0,inf,0.0,168.0,168.0,0.0,4.520796,64.51342,4.520796,0.0,0.0,0.0,0,168.0,0.5,0.5,0.05,5,0.0,0.0
Bellcanada,SM,0,B3,9,9,9,0,9,9,0.0,inf,0.0,152.0,152.0,0.0,6.25,66.242624,6.25,0.0,0.0,0.0,0,152.0,0.5,0.5,0.05,5,0.0,0.0
Bellcanada,SM,0,B3,10,10,10,0,10,10,0.0,inf,0.0,165.0,165.0,0.0,7.246377,67.239001,7.246377,0.0,0.0,0.0,0,165.0,0.5,0.5,0.05,5,0.0,0.0
Bellcanada,SM,0,B3,11,10,10,0,11->20->19->18->17->15->14->30->44->45->46->48->39->28->9->10,11->20->19->18->17->15->14->30->44->45->46->48->39->28->9->10,46.540334,inf,0.0,162.0,162.0,46.540334,7.246377,113.779335,7.246377,0.0,0.0,0.0,0,162.0,0.5,0.5,0.05,5,0.0,0.0
Bellcanada,SM,0,B3,12,10,1,1,12->22->17->15->14->30->44->45->46->48->39->28->9->10,12->22->17->15->14->30->44->45->46->47->3->1,46.570205,inf,0.0,155.0,155.0,44.033888,inf,inf,inf,0.0,0.0,0.0,0,155.0,0.5,0.5,0.05,5,0.0,0.0
Bellcanada,SM,0,B3,13,10,2,1,13->29->30->44->45->46->48->39->28->9->10,13->29->30->44->45->46->47->3->2,38.498447,inf,0.0,217.0,217.0,37.502743,inf,inf,inf,0.0,0.0,0.0,0,217.0,0.5,0.5,0.05,5,0.0,0.0
Bellcanada,SM,0,B3,14,10,10,0,14->30->44->45->46->48->39->28->9->10,14->30->44->45->46->48->39->28->9->10,36.294777,inf,0.0,163.0,163.0,36.294777,7.246377,103.533778,7.246377,0.0,0.0,0.0,0,163.0,0.5,0.5,0.05,5,0.0,0.0
Bellcanada,SM,0,B3,15,10,10,0,15->14->30->44->45->46->48->39->28->9->10,15->14->30->44->45->46->48->39->28->9->10,37.948839,inf,0.0,175.0,175.0,37.948839,7.246377,105.187841,7.246377,0.0,0.0,0.0,0,175.0,0.5,0.5,0.05,5,0.0,0.0
Bellcanada,SM,0,B3,16,10,10,0,16->15->14->30->44->45->46->48->39->28->9->10,16->15->14->30->44->45->46->48->39->28->9->10,39.275276,inf,0.0,197.0,197.0,39.275276,7.246377,106.514277,7.246377,0.0,0.0,0.0,0,197.0,0.5,0.5,0.05,5,0.0,0.0
Bellcanada,SM,0,B3,17,9,2,1,17->15->14->30->44->45->46->48->39->28->9,17->15->14->30->44->45->46->47->3->2,39.831759,inf,0.0,203.0,203.0,39.289469,inf,inf,inf,0.0,0.0,0.0,0,203.0,0.5,0.5,0.05,5,0.0,0.0
Bellcanada,SM,0,B3,18,9,9,0,18->17->15->14->30->44->45->46->48->39->28->9,18->17->15->14->30->44->45->46->48->39->28->9,41.63118,inf,0.0,190.0,190.0,41.63118,6.25,107.873804,6.25,0.0,0.0,0.0,0,190.0,0.5,0.5,0.05,5,0.0,0.0
Bellcanada,SM,0,B3,19,9,9,0,19->18->17->15->14->30->44->45->46->48->39->28->9,19->18->17->15->14->30->44->45->46->48->39->28->9,43.510296,inf,0.0,176.0,176.0,43.510296,6.25,109.75292,6.25,0.0,0.0,0.0,0,176.0,0.5,0.5,0.05,5,0.0,0.0
Bellcanada,SM,0,B3,20,9,1,1,20->19->18->17->15->14->30->44->45->46->48->39->28->9,20->19->18->17->15->14->30->44->45->46->47->3->1,44.407641,inf,0.0,147.0,147.0,42.324739,inf,inf,inf,0.0,0.0,0.0,0,147.0,0.5,0.5,0.05,5,0.0,0.0
Bellcanada,SM,0,B3,21,9,9,0,21->24->17->15->14->30->44->45->46->48->39->28->9,21->24->17->15->14->30->44->45->46->48->39->28->9,44.342253,inf,0.0,170.0,170.0,44.342253,6.25,110.584878,6.25,0.0,0.0,0.0,0,170.0,0.5,0.5,0.05,5,0.0,0.0
Bellcanada,SM,0,B3,22,9,9,0,22->17->15->14->30->35->46->48->39->28->9,22->17->15->14->30->44->45->46->48->39->28->9,47.512313,inf,0.0,152.0,152.0,44.816519,6.25,111.059143,6.25,0.0,0.0,0.0,0,152.0,0.5,0.5,0.05,5,0.0,0.0
Bellcanada,SM,0,B3,23,8,8,0,23->21->24->17->15->14->30->44->45->46->47->3->2->7->8,23->21->24->17->15->14->30->44->45->46->47->3->2->7->8,49.631625,inf,0.0,191.0,191.0,49.631625,4.520796,114.145045,4.520796,0.0,0.0,0.0,0,191.0,0.5,0.5,0.05,5,0.0,0.0
Bellcanada,SM,0,B3,24,8,8,0,24->17->15->14->30->44->45->46->47->3->5->8,24->17->15->14->30->44->45->46->47->3->2->7->8,48.673871,inf,0.0,206.0,206.0,46.662832,4.520796,111.176252,4.520796,0.0,0.0,0.0,0,206.0,0.5,0.5,0.05,5,0.0,0.0
Bellcanada,SM,0,B3,25,8,8,0,25->26->22->17->15->14->30->44->45->46->47->3->5->8,25->26->22->17->15->14->30->44->45->46->47->3->2->7->8,59.94845,inf,0.0,162.0,162.0,57.937411,4.520796,122.450831,4.520796,0.0,0.0,0.0,0,162.0,0.5,0.5,0.05,5,0.0,0.0
Bellcanada,SM,0,B3,26,8,8,0,26->22->17->15->13->41->36->32->34->5->8,26->22->17->15->14->30->44->45->46->47->3->2->7->8,78.282572,inf,0.0,135.0,135.0,49.464734,4.520796,113.978154,4.520796,0.0,0.0,0.0,0,135.0,0.5,0.5,0.05,5,0.0,0.0
Bellcanada,SM,0,B3,27,8,1,1,27->28->9->6->5->8,27->28->40->3->1,83.320993,inf,0.0,133.0,133.0,6.92953,inf,inf,inf,0.0,0.0,0.0,0,133.0,0.5,0.5,0.05,5,0.0,0.0
Bellcanada,SM,0,B3,28,8,2,1,28->34->5->8,28->40->3->2,13.287438,inf,0.0,208.0,208.0,6.718787,inf,inf,inf,0.0,0.0,0.0,0,208.0,0.5,0.5,0.05,5,0.0,0.0
Bellcanada,SM,0,B3,29,7,2,1,29->30->44->45->46->47->3->2->7,29->30->44->45->46->47->3->2,33.916335,inf,0.0,228.0,228.0,32.790265,inf,inf,inf,0.0,0.0,0.0,0,228.0,0.5,0.5,0.05,5,0.0,0.0
Bellcanada,SM,0,B3,30,7,1,1,30->44->45->46->47->3->2->7,30->44->45->46->47->3->1,32.912489,inf,0.0,173.0,173.0,30.245806,inf,inf,inf,0.0,0.0,0.0,0,173.0,0.5,0.5,0.05,5,0.0,0.0
Bellcanada,SM,0,B3,31,7,7,0,31->34->5->8->7,31->34->5->8->7,10.076842,inf,0.0,159.0,159.0,10.076842,3.676471,73.745937,3.676471,0.0,0.0,0.0,0,159.0,0.5,0.5,0.05,5,0.0,0.0
Bellcanada,SM,0,B3,32,7,7,0,32->34->5->8->7,32->34->5->8->7,11.06834,inf,0.0,172.0,172.0,11.06834,3.676471,74.737435,3.676471,0.0,0.0,0.0,0,172.0,0.5,0.5,0.05,5,0.0,0.0
Bellcanada,SM,0,B3,33,7,7,0,33->31->34->5->3->2->7,33->31->34->5->8->7,16.023787,inf,0.0,184.0,184.0,11.907854,3.676471,75.576949,3.676471,0.0,0.0,0.0,0,184.0,0.5,0.5,0.05,5,0.0,0.0
Bellcanada,SM,0,B3,34,6,6,0,34->9->6,34->9->6,39.208537,inf,0.0,190.0,190.0,39.208537,7.142857,106.344019,7.142857,0.0,0.0,0.0,0,190.0,0.5,0.5,0.05,5,0.0,0.0
Bellcanada,SM,0,B3,35,6,6,0,35->46->47->3->5->6,35->46->48->39->28->9->6,66.273408,inf,0.0,153.0,153.0,64.470833,7.142857,131.606314,7.142857,0.0,0.0,0.0,0,153.0,0.5,0.5,0.05,5,0.0,0.0
Bellcanada,SM,0,B3,36,6,6,0,36->32->34->9->6,36->32->34->9->6,56.562613,inf,0.0,153.0,153.0,56.562613,7.142857,123.698094,7.142857,0.0,0.0,0.0,0,153.0,0.5,0.5,0.05,5,0.0,0.0
Bellcanada,SM,0,B3,37,6,6,0,37->38->32->34->9->6,37->32->34->9->6,52.491078,inf,0.0,179.0,179.0,52.418605,7.142857,119.554087,7.142857,0.0,0.0,0.0,0,179.0,0.5,0.5,0.05,5,0.0,0.0
Bellcanada,SM,0,B3,38,6,2,1,38->32->34->9->6,38->32->34->5->8->7->2,52.04813,inf,0.0,204.0,204.0,23.115912,inf,inf,inf,0.0,0.0,0.0,0,204.0,0.5,0.5,0.05,5,0.0,0.0
Bellcanada,SM,0,B3,39,5,5,0,39->28->34->5,39->28->40->3->5,11.973179,inf,0.0,196.0,196.0,11.159648,3.921569,75.073841,3.921569,0.0,0.0,0.0,0,196.0,0.5,0.5,0.05,5,0.0,0.0
Bellcanada,SM,0,B3,40,5,2,1,40->3->5,40->3->2,7.127125,inf,0.0,204.0,204.0,5.350948,inf,inf,inf,0.0,0.0,0.0,0,204.0,0.5,0.5,0.05,5,0.0,0.0
Bellcanada,SM,0,B3,41,6,1,1,41->36->37->32->34->9->6,41->13->29->30->44->45->46->47->3->1,94.576768,inf,0.0,174.0,174.0,39.250296,inf,inf,inf,0.0,0.0,0.0,0,174.0,0.5,0.5,0.05,5,0.0,0.0
Bellcanada,SM,0,B3,42,5,5,0,42->41->13->29->30->44->45->46->47->3->5,42->41->13->29->30->44->45->46->47->3->5,51.290016,inf,0.0,187.0,187.0,51.290016,3.921569,115.204209,3.921569,0.0,0.0,0.0,0,187.0,0.5,0.5,0.05,5,0.0,0.0
Bellcanada,SM,0,B3,43,5,5,0,43->35->46->47->3->5,43->35->46->47->3->5,42.128825,inf,0.0,173.0,173.0,42.128825,3.921569,106.043018,3.921569,0.0,0.0,0.0,0,173.0,0.5,0.5,0.05,5,0.0,0.0
Bellcanada,SM,0,B3,44,5,1,1,44->45->46->47->3->5,44->45->46->47->3->1,30.223972,inf,0.0,154.0,154.0,26.907182,inf,inf,inf,0.0,0.0,0.0,0,154.0,0.5,0.5,0.05,5,0.0,0.0
Bellcanada,SM,0,B3,45,4,4,0,45->46->47->3->4,45->46->47->3->4,21.701304,95.392559,0.0,195.0,195.0,21.701304,4.132231,85.82616,4.132231,0.0,0.0,0.0,0,195.0,0.5,0.5,0.05,5,0.0,0.0
Bellcanada,SM,0,B3,46,4,4,0,46->47->3->4,46->47->3->4,15.757653,89.448908,0.0,174.0,174.0,15.757653,4.132231,79.882509,4.132231,0.0,0.0,0.0,0,174.0,0.5,0.5,0.05,5,0.0,0.0
Bellcanada,SM,0,B3,47,4,4,0,47->3->4,47->3->4,8.656278,82.347533,0.0,180.0,180.0,8.656278,4.132231,72.781134,4.132231,0.0,0.0,0.0,0,180.0,0.5,0.5,0.05,5,0.0,0.0
Bellcanada,SM,0,B3,48,4,2,1,48->46->47->3->4,48->39->28->40->3->2,21.129897,94.821151,0.0,169.0,169.0,13.720561,inf,inf,inf,inf,0.0,0.0,0,169.0,0.5,0.5,0.05,5,0.0,0.0
Bellcanada,SM,0,MCF_ARC,1,1,1,0,1,1,0.0,61.248906,0.0,204.0,204.0,0.0,1.259276,61.248906,1.256281,0.0,0.0,0.0,0,204.0,0.5,0.5,0.05,5,0.0,0.0
Bellcanada,SM,0,MCF_ARC,2,2,2,0,2,2,0.0,61.230248,0.0,192.0,192.0,0.0,19.845161,79.600468,19.607843,0.0,0.0,0.0,0,192.0,0.5,0.5,0.05,5,0.0,0.0
Bellcanada,SM,0,MCF_ARC,3,3,3,0,3,3,0.0,61.258127,0.0,221.0,221.0,0.0,17.258724,74.873577,14.880952,0.0,0.0,0.0,0,221.0,0.5,0.5,0.05,5,0.0,0.0
Bellcanada,SM,0,MCF_ARC,4,4,4,0,4,4,0.0,73.691255,0.0,209.0,209.0,0.0,16.43871,73.691255,13.69863,0.0,0.0,0.0,0,209.0,0.5,0.5,0.05,5,0.0,0.0
Bellcanada,SM,0,MCF_ARC,5,5,5,0,5,5,0.0,inf,0.0,189.0,189.0,0.0,19.845161,79.600468,19.607843,0.0,0.0,0.0,0,189.0,0.5,0.5,0.05,5,0.0,0.0
Bellcanada,SM,0,MCF_ARC,6,6,6,0,6,6,0.0,inf,0.0,185.0,185.0,0.0,17.212903,74.698507,14.705882,0.0,0.0,0.0,0,185.0,0.5,0.5,0.05,5,0.0,0.0
Bellcanada,SM,0,MCF_ARC,7,7,7,0,7,7,0.0,inf,0.0,213.0,213.0,0.0,18.296774,76.386067,16.393443,0.0,0.0,0.0,0,213.0,0.5,0.5,0.05,5,0.0,0.0
Bellcanada,SM,0,MCF_ARC,8,8,8,0,8,8,0.0,inf,0.0,168.0,168.0,0.0,7.106531,67.074777,7.082153,0.0,0.0,0.0,0,168.0,0.5,0.5,0.05,5,0.0,0.0
Bellcanada,SM,0,MCF_ARC,9,9,9,0,9,9,0.0,inf,0.0,152.0,152.0,0.0,18.141935,76.121657,16.129032,0.0,0.0,0.0,0,152.0,0.5,0.5,0.05,5,0.0,0.0
Bellcanada,SM,0,MCF_ARC,10,10,10,0,10,10,0.0,inf,0.0,165.0,165.0,0.0,14.890323,72.040817,12.048193,0.0,0.0,0.0,0,165.0,0.5,0.5,0.05,5,0.0,0.0
Bellcanada,SM,0,MCF_ARC,11,10,9,1,11->20->19->18->17->15->14->30->44->45->46->48->39->28->9->10,11->20->19->18->17->15->14->30->44->45->46->48->39->28->9,46.540334,inf,0.0,162.0,162.0,46.086919,18.141935,122.208575,16.129032,0.0,0.0,0.0,0,162.0,0.5,0.5,0.05,5,0.0,0.0
Bellcanada,SM,0,MCF_ARC,12,10,9,1,12->22->17->15->14->30->44->45->46->48->39->28->9->10,12->22->17->15->14->30->44->45->46->48->39->28->9,46.570205,inf,0.0,155.0,155.0,46.11679,18.141935,122.238447,16.129032,0.0,0.0,0.0,0,155.0,0.5,0.5,0.05,5,0.0,0.0
Bellcanada,SM,0,MCF_ARC,13,10,10,0,13->29->30->44->45->46->48->39->28->9->10,13->29->30->44->45->46->48->39->28->9->10,38.498447,inf,0.0,217.0,217.0,38.498447,14.890323,110.539264,12.048193,0.0,0.0,0.0,0,217.0,0.5,0.5,0.05,5,0.0,0.0
Bellcanada,SM,0,MCF_ARC,14,10,10,0,14->30->44->45->46->48->39->28->9->10,14->30->44->45->46->48->39->28->9->10,36.294777,inf,0.0,163.0,163.0,36.294777,14.890323,108.335594,12.048193,0.0,0.0,0.0,0,163.0,0.5,0.5,0.05,5,0.0,0.0
Bellcanada,SM,0,MCF_ARC,15,10,10,0,15->14->30->44->45->46->48->39->28->9->10,15->14->30->44->45->46->48->39->28->9->10,37.948839,inf,0.0,175.0,175.0,37.948839,14.890323,109.989657,12.048193,0.0,0.0,0.0,0,175.0,0.5,0.5,0.05,5,0.0,0.0
Bellcanada,SM,0,MCF_ARC,16,10,10,0,16->15->14->30->44->45->46->48->39->28->9->10,16->15->14->30->44->45->46->48->39->28->9->10,39.275276,inf,0.0,197.0,197.0,39.275276,14.890323,111.316093,12.048193,0.0,0.0,0.0,0,197.0,0.5,0.5,0.05,5,0.0,0.0
Bellcanada,SM,0,MCF_ARC,17,9,3,1,17->15->14->30->44->45->46->48->39->28->9,17->15->14->30->44->45->46->47->3,39.831759,inf,0.0,203.0,203.0,35.38415,17.258724,110.257727,14.880952,0.0,0.0,0.0,0,203.0,0.5,0.5,0.05,5,0.0,0.0
Bellcanada,SM,0,MCF_ARC,18,9,3,1,18->17->15->14->30->44->45->46->48->39->28->9,18->17->15->14->30->44->45->46->47->3,41.63118,inf,0.0,190.0,190.0,37.183571,17.258724,112.057148,14.880952,0.0,0.0,0.0,0,190.0,0.5,0.5,0.05,5,0.0,0.0
Bellcanada,SM,0,MCF_ARC,19,9,3,1,19->18->17->15->14->30->44->45->46->48->39->28->9,19->18->17->15->14->30->44->45->46->47->3,43.510296,inf,0.0,176.0,176.0,39.062687,17.258724,113.936264,14.880952,0.0,0.0,0.0,0,176.0,0.5,0.5,0.05,5,0.0,0.0
Bellcanada,SM,0,MCF_ARC,20,9,9,0,20->19->18->17->15->14->30->44->45->46->48->39->28->9,20->19->18->17->15->14->30->44->45->46->48->39->28->9,44.407641,inf,0.0,147.0,147.0,44.407641,18.141935,120.529297,16.129032,0.0,0.0,0.0,0,147.0,0.5,0.5,0.05,5,0.0,0.0
Bellcanada,SM,0,MCF_ARC,21,9,9,0,21->24->17->15->14->30->44->45->46->48->39->28->9,21->24->17->15->14->30->44->45->46->48->39->28->9,44.342253,inf,0.0,170.0,170.0,44.342253,18.141935,120.46391,16.129032,0.0,0.0,0.0,0,170.0,0.5,0.5,0.05,5,0.0,0.0
Bellcanada,SM,0,MCF_ARC,22,9,9,0,22->17->15->14->30->35->46->48->39->28->9,22->17->15->14->30->44->45->46->48->39->28->9,47.512313,inf,0.0,152.0,152.0,44.816519,18.141935,120.938175,16.129032,0.0,0.0,0.0,0,152.0,0.5,0.5,0.05,5,0.0,0.0
Bellcanada,SM,0,MCF_ARC,23,8,8,0,23->21->24->17->15->14->30->44->45->46->47->3->2->7->8,23->21->24->17->15->14->30->44->45->46->47->3->2->7->8,49.631625,inf,0.0,191.0,191.0,49.631625,7.106531,116.706402,7.082153,0.0,0.0,0.0,0,191.0,0.5,0.5,0.05,5,0.0,0.0
Bellcanada,SM,0,MCF_ARC,24,8,2,1,24->17->15->14->30->44->45->46->47->3->5->8,24->17->15->14->30->44->45->46->47->3->2,48.673871,inf,0.0,206.0,206.0,42.918751,19.845161,122.519218,19.607843,0.0,0.0,0.0,0,206.0,0.5,0.5,0.05,5,0.0,0.0
Bellcanada,SM,0,MCF_ARC,25,8,8,0,25->26->22->17->15->14->30->44->45->46->47->3->5->8,25->26->22->17->15->14->30->44->45->46->47->3->2->7->8,59.94845,inf,0.0,162.0,162.0,57.937411,7.106531,125.012188,7.082153,0.0,0.0,0.0,0,162.0,0.5,0.5,0.05,5,0.0,0.0
Bellcanada,SM,0,MCF_ARC,26,8,8,0,26->22->17->15->13->41->36->32->34->5->8,26->22->17->15->14->30->44->45->46->47->3->2->7->8,78.282572,inf,0.0,135.0,135.0,49.464734,7.106531,116.539512,7.082153,0.0,0.0,0.0,0,135.0,0.5,0.5,0.05,5,0.0,0.0
Bellcanada,SM,0,MCF_ARC,27,8,8,0,27->28->9->6->5->8,27->28->40->3->2->7->8,83.320993,inf,0.0,133.0,133.0,12.214223,7.106531,79.289001,7.082153,0.0,0.0,0.0,0,133.0,0.5,0.5,0.05,5,0.0,0.0
Bellcanada,SM,0,MCF_ARC,28,8,2,1,28->34->5->8,28->40->3->2,13.287438,inf,0.0,208.0,208.0,6.718787,19.845161,86.319255,19.607843,0.0,0.0,0.0,0,208.0,0.5,0.5,0.05,5,0.0,0.0
Bellcanada,SM,0,MCF_ARC,29,7,7,0,29->30->44->45->46->47->3->2->7,29->30->44->45->46->47->3->2->7,33.916335,inf,0.0,228.0,228.0,33.916335,18.296774,110.302402,16.393443,0.0,0.0,0.0,0,228.0,0.5,0.5,0.05,5,0.0,0.0
Bellcanada,SM,0,MCF_ARC,30,7,7,0,30->44->45->46->47->3->2->7,30->44->45->46->47->3->2->7,32.912489,inf,0.0,173.0,173.0,32.912489,18.296774,109.298556,16.393443,0.0,0.0,0.0,0,173.0,0.5,0.5,0.05,5,0.0,0.0
Bellcanada,SM,0,MCF_ARC,31,7,2,1,31->34->5->8->7,31->34->5->8->7->2,10.076842,inf,0.0,159.0,159.0,11.202912,19.845161,90.80338,19.607843,0.0,0.0,0.0,0,159.0,0.5,0.5,0.05,5,0.0,0.0
Bellcanada,SM,0,MCF_ARC,32,7,7,0,32->34->5->8->7,32->34->5->8->7,11.06834,inf,0.0,172.0,172.0,11.06834,18.296774,87.454407,16.393443,0.0,0.0,0.0,0,172.0,0.5,0.5,0.05,5,0.0,0.0
Bellcanada,SM,0,MCF_ARC,33,7,2,1,33->31->34->5->3->2->7,33->31->34->5->8->7->2,16.023787,inf,0.0,184.0,184.0,13.033925,19.845161,92.634392,19.607843,0.0,0.0,0.0,0,184.0,0.5,0.5,0.05,5,0.0,0.0
Bellcanada,SM,0,MCF_ARC,34,6,6,0,34->9->6,34->9->6,39.208537,inf,0.0,190.0,190.0,39.208537,17.212903,113.907044,14.705882,0.0,0.0,0.0,0,190.0,0.5,0.5,0.05,5,0.0,0.0
Bellcanada,SM,0,MCF_ARC,35,6,7,1,35->46->47->3->5->6,35->46->47->3->2->7,66.273408,inf,0.0,153.0,153.0,28.567069,18.296774,104.953136,16.393443,0.0,0.0,0.0,0,153.0,0.5,0.5,0.05,5,0.0,0.0
Bellcanada,SM,0,MCF_ARC,36,6,8,1,36->32->34->9->6,36->32->34->5->8,56.562613,inf,0.0,153.0,153.0,23.886313,7.106531,90.961091,7.082153,0.0,0.0,0.0,0,153.0,0.5,0.5,0.05,5,0.0,0.0
Bellcanada,SM,0,MCF_ARC,37,6,6,0,37->38->32->34->9->6,37->32->34->9->6,52.491078,inf,0.0,179.0,179.0,52.418605,17.212903,127.117112,14.705882,0.0,0.0,0.0,0,179.0,0.5,0.5,0.05,5,0.0,0.0
Bellcanada,SM,0,MCF_ARC,38,6,6,0,38->32->34->9->6,38->32->34->9->6,52.04813,inf,0.0,204.0,204.0,52.04813,17.212903,126.746637,14.705882,0.0,0.0,0.0,0,204.0,0.5,0.5,0.05,5,0.0,0.0
Bellcanada,SM,0,MCF_ARC,39,5,5,0,39->28->34->5,39->28->40->3->5,11.973179,inf,0.0,196.0,196.0,11.159648,19.845161,90.760116,19.607843,0.0,0.0,0.0,0,196.0,0.5,0.5,0.05,5,0.0,0.0
Bellcanada,SM,0,MCF_ARC,40,5,5,0,40->3->5,40->3->5,7.127125,inf,0.0,204.0,204.0,7.127125,19.845161,86.727593,19.607843,0.0,0.0,0.0,0,204.0,0.5,0.5,0.05,5,0.0,0.0
Bellcanada,SM,0,MCF_ARC,41,6,6,0,41->36->37->32->34->9->6,41->13->29->30->44->45->46->48->39->28->9->6,94.576768,inf,0.0,174.0,174.0,77.820743,17.212903,152.51925,14.705882,0.0,0.0,0.0,0,174.0,0.5,0.5,0.05,5,0.0,0.0
Bellcanada,SM,0,MCF_ARC,42,5,5,0,42->41->13->29->30->44->45->46->47->3->5,42->41->13->29->30->44->45->46->47->3->5,51.290016,inf,0.0,187.0,187.0,51.290016,19.845161,130.890483,19.607843,0.0,0.0,0.0,0,187.0,0.5,0.5,0.05,5,0.0,0.0
Bellcanada,SM,0,MCF_ARC,43,5,5,0,43->35->46->47->3->5,43->35->46->47->3->5,42.128825,inf,0.0,173.0,173.0,42.128825,19.845161,121.729292,19.607843,0.0,0.0,0.0,0,173.0,0.5,0.5,0.05,5,0.0,0.0
Bellcanada,SM,0,MCF_ARC,44,5,3,1,44->45->46->47->3->5,44->45->46->47->3,30.223972,inf,0.0,154.0,154.0,24.542475,17.258724,99.416052,14.880952,0.0,0.0,0.0,0,154.0,0.5,0.5,0.05,5,0.0,0.0
Bellcanada,SM,0,MCF_ARC,45,4,4,0,45->46->47->3->4,45->46->47->3->4,21.701304,95.392559,0.0,195.0,195.0,21.701304,16.43871,95.392559,13.69863,0.0,0.0,0.0,0,195.0,0.5,0.5,0.05,5,0.0,0.0
Bellcanada,SM,0,MCF_ARC,46,4,4,0,46->47->3->4,46->47->3->4,15.757653,89.448908,0.0,174.0,174.0,15.757653,16.43871,89.448908,13.69863,0.0,0.0,0.0,0,174.0,0.5,0.5,0.05,5,0.0,0.0
Bellcanada,SM,0,MCF_ARC,47,4,4,0,47->3->4,47->3->4,8.656278,82.347533,0.0,180.0,180.0,8.656278,16.43871,82.347533,13.69863,0.0,0.0,0.0,0,180.0,0.5,0.5,0.05,5,0.0,0.0
Bellcanada,SM,0,MCF_ARC,48,4,4,0,48->46->47->3->4,48->39->28->40->3->4,21.129897,94.821151,0.0,169.0,169.0,13.599569,16.43871,87.290823,13.69863,0.0,0.0,0.0,0,169.0,0.5,0.5,0.05,5,0.0,0.0
Bellcanada,SM,1,B1,1,1,1,0,1,,0.0,61.141521,0.0,172.0,172.0,0.0,1.148897,61.141521,1.148897,0.0,0.0,0.0,0,172.0,0.5,0.5,0.05,5,0.0,0.0
Bellcanada,SM,1,B1,2,2,2,0,2,,0.0,61.314327,0.0,221.0,221.0,0.0,3.53857,63.531195,3.53857,0.0,0.0,0.0,0,221.0,0.5,0.5,0.05,5,0.0,0.0
Bellcanada,SM,1,B1,3,3,3,0,3,,0.0,61.164133,0.0,124.0,124.0,0.0,37.593985,97.586609,37.593985,0.0,0.0,0.0,0,124.0,0.5,0.5,0.05,5,0.0,0.0
Bellcanada,SM,1,B1,4,4,4,0,4,,0.0,179.040243,0.0,178.0,178.0,0.0,119.047619,179.040243,119.047619,0.0,0.0,0.0,0,178.0,0.5,0.5,0.05,5,0.0,0.0
Bellcanada,SM,1,B1,5,5,5,0,5,,0.0,inf,0.0,153.0,153.0,0.0,29.94012,89.932744,29.94012,0.0,0.0,0.0,0,153.0,0.5,0.5,0.05,5,0.0,0.0
Bellcanada,SM,1,B1,6,6,6,0,6,,0.0,inf,0.0,232.0,232.0,0.0,178.571429,238.564053,178.571429,0.0,0.0,0.0,0,232.0,0.5,0.5,0.05,5,0.0,0.0
Bellcanada,SM,1,B1,7,7,7,0,7,,0.0,inf,0.0,145.0,145.0,0.0,11.682243,71.674867,11.682243,0.0,0.0,0.0,0,145.0,0.5,0.5,0.05,5,0.0,0.0
Bellcanada,SM,1,B1,8,8,8,0,8,,0.0,inf,0.0,176.0,176.0,0.0,9.398496,69.391121,9.398496,0.0,0.0,0.0,0,176.0,0.5,0.5,0.05,5,0.0,0.0
Bellcanada,SM,1,B1,9,9,9,0,9,,0.0,inf,0.0,158.0,158.0,0.0,17.667845,77.660469,17.667845,0.0,0.0,0.0,0,158.0,0.5,0.5,0.05,5,0.0,0.0
Bellcanada,SM,1,B1,10,10,10,0,10,,0.0,inf,0.0,182.0,182.0,0.0,277.777778,337.770402,277.777778,0.0,0.0,0.0,0,182.0,0.5,0.5,0.05,5,0.0,0.0
Bellcanada,SM,1,B1,11,10,9,1,11->20->19->18->17->15->14->30->44->45->46->48->39->28->9->10,,46.540334,inf,0.0,188.0,188.0,46.086919,17.667845,123.747387,17.667845,0.0,0.0,0.0,0,188.0,0.5,0.5,0.05,5,0.0,0.0
Bellcanada,SM,1,B1,12,10,10,0,12->22->17->15->14->30->44->45->46->48->39->28->9->10,,46.570205,inf,0.0,166.0,166.0,46.570205,277.777778,384.340608,277.777778,0.0,0.0,0.0,0,166.0,0.5,0.5,0.05,5,0.0,0.0
Bellcanada,SM,1,B1,13,10,10,0,13->41->36->32->34->9->10,,60.819857,inf,0.0,146.0,146.0,38.498447,277.777778,376.268849,277.777778,0.0,0.0,0.0,0,146.0,0.5,0.5,0.05,5,0.0,0.0
Bellcanada,SM,1,B1,14,10,10,0,14->30->35->46->48->39->28->9->10,,38.990571,inf,0.0,130.0,130.0,36.294777,277.777778,374.065179,277.777778,0.0,0.0,0.0,0,130.0,0.5,0.5,0.05,5,0.0,0.0
Bellcanada,SM,1,B1,15,10,10,0,15->14->30->44->45->46->48->39->28->9->10,,37.948839,inf,0.0,171.0,171.0,37.948839,277.777778,375.719242,277.777778,0.0,0.0,0.0,0,171.0,0.5,0.5,0.05,5,0.0,0.0
Bellcanada,SM,1,B1,16,10,10,0,16->15->14->30->44->45->46->48->39->28->9->10,,39.275276,inf,0.0,179.0,179.0,39.275276,277.777778,377.045678,277.777778,0.0,0.0,0.0,0,179.0,0.5,0.5,0.05,5,0.0,0.0
Bellcanada,SM,1,B1,17,9,9,0,17->15->14->30->44->45->46->48->39->28->9,,39.831759,inf,0.0,196.0,196.0,39.831759,17.667845,117.492228,17.667845,0.0,0.0,0.0,0,196.0,0.5,0.5,0.05,5,0.0,0.0
Bellcanada,SM,1,B1,18,9,3,1,18->17->15->14->30->44->45->46->48->39->28->9,,41.63118,inf,0.0,206.0,206.0,37.183571,37.593985,134.77018,37.593985,0.0,0.0,0.0,0,206.0,0.5,0.5,0.05,5,0.0,0.0
Bellcanada,SM,1,B1,19,9,9,0,19->18->17->15->14->30->44->45->46->48->39->28->9,,43.510296,inf,0.0,136.0,136.0,43.510296,17.667845,121.170765,17.667845,0.0,0.0,0.0,0,136.0,0.5,0.5,0.05,5,0.0,0.0
Bellcanada,SM,1,B1,20,9,9,0,20->19->18->17->15->14->30->44->45->46->48->39->28->9,,44.407641,inf,0.0,90.0,90.0,44.407641,17.667845,122.06811,17.667845,0.0,0.0,0.0,0,90.0,0.5,0.5,0.05,5,0.0,0.0
Bellcanada,SM,1,B1,21,9,3,1,21->22->17->15->14->30->44->45->46->48->39->28->9,,46.176777,inf,0.0,198.0,198.0,39.894645,37.593985,137.481254,37.593985,0.0,0.0,0.0,0,198.0,0.5,0.5,0.05,5,0.0,0.0
Bellcanada,SM,1,B1,22,9,9,0,22->17->15->14->30->44->45->46->48->39->28->9,,44.816519,inf,0.0,153.0,153.0,44.816519,17.667845,122.476988,17.667845,0.0,0.0,0.0,0,153.0,0.5,0.5,0.05,5,0.0,0.0
Bellcanada,SM,1,B1,23,8,8,0,23->21->22->17->15->14->30->44->45->46->47->3->5->8,,53.477187,inf,0.0,171.0,171.0,49.631625,9.398496,119.022745,9.398496,0.0,0.0,0.0,0,171.0,0.5,0.5,0.05,5,0.0,0.0
Bellcanada,SM,1,B1,24,8,8,0,24->17->15->14->30->44->45->46->47->3->2->7->8,,46.662832,inf,0.0,188.0,188.0,46.662832,9.398496,116.053953,9.398496,0.0,0.0,0.0,0,188.0,0.5,0.5,0.05,5,0.0,0.0
Bellcanada,SM,1,B1,25,8,8,0,25->26->22->17->15->14->30->44->45->46->47->3->5->8,,59.94845,inf,0.0,159.0,159.0,57.937411,9.398496,127.328531,9.398496,0.0,0.0,0.0,0,159.0,0.5,0.5,0.05,5,0.0,0.0
Bellcanada,SM,1,B1,26,8,8,0,26->22->17->15->14->30->44->45->46->47->3->2->7->8,,49.464734,inf,0.0,194.0,194.0,49.464734,9.398496,118.855855,9.398496,0.0,0.0,0.0,0,194.0,0.5,0.5,0.05,5,0.0,0.0
Bellcanada,SM,1,B1,27,8,2,1,27->28->40->3->2->7->8,,12.214223,inf,0.0,224.0,224.0,8.470142,3.53857,72.001337,3.53857,0.0,0.0,0.0,0,224.0,0.5,0.5,0.05,5,0.0,0.0
Bellcanada,SM,1,B1,28,7,7,0,28->40->3->2->7,,7.844858,inf,0.0,185.0,185.0,7.844858,11.682243,79.519725,11.682243,0.0,0.0,0.0,0,185.0,0.5,0.5,0.05,5,0.0,0.0
Bellcanada,SM,1,B1,29,7,7,0,29->30->44->45->46->47->3->2->7,,33.916335,inf,0.0,176.0,176.0,33.916335,11.682243,105.591203,11.682243,0.0,0.0,0.0,0,176.0,0.5,0.5,0.05,5,0.0,0.0
Bellcanada,SM,1,B1,30,7,2,1,30->44->45->46->47->3->2->7,,32.912489,inf,0.0,250.0,250.0,31.786419,3.53857,95.317614,3.53857,0.0,0.0,0.0,0,250.0,0.5,0.5,0.05,5,0.0,0.0
Bellcanada,SM,1,B1,31,7,7,0,31->34->5->3->2->7,,14.192775,inf,0.0,207.0,207.0,10.076842,11.682243,81.751709,11.682243,0.0,0.0,0.0,0,207.0,0.5,0.5,0.05,5,0.0,0.0
Bellcanada,SM,1,B1,32,7,7,0,32->34->5->8->7,,11.06834,inf,0.0,179.0,179.0,11.06834,11.682243,82.743207,11.682243,0.0,0.0,0.0,0,179.0,0.5,0.5,0.05,5,0.0,0.0
Bellcanada,SM,1,B1,33,6,6,0,33->31->34->9->6,,41.966143,inf,0.0,144.0,144.0,41.966143,178.571429,280.530196,178.571429,0.0,0.0,0.0,0,144.0,0.5,0.5,0.05,5,0.0,0.0
Bellcanada,SM,1,B1,34,6,6,0,34->9->6,,39.208537,inf,0.0,208.0,208.0,39.208537,178.571429,277.77259,178.571429,0.0,0.0,0.0,0,208.0,0.5,0.5,0.05,5,0.0,0.0
Bellcanada,SM,1,B1,35,6,3,1,35->46->47->3->5->6,,66.273408,inf,0.0,209.0,209.0,23.535679,37.593985,121.122289,37.593985,0.0,0.0,0.0,0,209.0,0.5,0.5,0.05,5,0.0,0.0
Bellcanada,SM,1,B1,36,6,6,0,36->37->32->34->9->6,,57.57356,inf,0.0,197.0,197.0,56.562613,178.571429,295.126666,178.571429,0.0,0.0,0.0,0,197.0,0.5,0.5,0.05,5,0.0,0.0
Bellcanada,SM,1,B1,37,6,6,0,37->32->34->9->6,,52.418605,inf,0.0,191.0,191.0,52.418605,178.571429,290.982658,178.571429,0.0,0.0,0.0,0,191.0,0.5,0.5,0.05,5,0.0,0.0
Bellcanada,SM,1,B1,38,5,5,0,38->32->34->5,,15.392888,inf,0.0,142.0,142.0,15.392888,29.94012,105.325633,29.94012,0.0,0.0,0.0,0,142.0,0.5,0.5,0.05,5,0.0,0.0
Bellcanada,SM,1,B1,39,5,3,1,39->28->40->3->5,,11.159648,inf,0.0,214.0,214.0,5.478151,37.593985,103.064761,37.593985,0.0,0.0,0.0,0,214.0,0.5,0.5,0.05,5,0.0,0.0
Bellcanada,SM,1,B1,40,5,5,0,40->3->5,,7.127125,inf,0.0,156.0,156.0,7.127125,29.94012,97.059869,29.94012,0.0,0.0,0.0,0,156.0,0.5,0.5,0.05,5,0.0,0.0
Bellcanada,SM,1,B1,41,5,5,0,41->13->29->30->44->45->46->47->3->5,,42.567086,inf,0.0,172.0,172.0,42.567086,29.94012,132.49983,29.94012,0.0,0.0,0.0,0,172.0,0.5,0.5,0.05,5,0.0,0.0
Bellcanada,SM,1,B1,42,5,5,0,42->41->36->32->34->5,,65.633508,inf,0.0,161.0,161.0,51.290016,29.94012,141.22276,29.94012,0.0,0.0,0.0,0,161.0,0.5,0.5,0.05,5,0.0,0.0
Bellcanada,SM,1,B1,43,5,5,0,43->35->46->47->3->5,,42.128825,inf,0.0,165.0,165.0,42.128825,29.94012,132.061569,29.94012,0.0,0.0,0.0,0,165.0,0.5,0.5,0.05,5,0.0,0.0
Bellcanada,SM,1,B1,44,4,4,0,44->45->46->47->3->4,,28.326802,207.367045,0.0,138.0,138.0,28.326802,119.047619,207.367045,119.047619,0.0,0.0,0.0,0,138.0,0.5,0.5,0.05,5,0.0,0.0
Bellcanada,SM,1,B1,45,4,4,0,45->46->47->3->4,,21.701304,200.741548,0.0,182.0,182.0,21.701304,119.047619,200.741548,119.047619,0.0,0.0,0.0,0,182.0,0.5,0.5,0.05,5,0.0,0.0
Bellcanada,SM,1,B1,46,4,4,0,46->47->3->4,,15.757653,194.797896,0.0,213.0,213.0,15.757653,119.047619,194.797896,119.047619,0.0,0.0,0.0,0,213.0,0.5,0.5,0.05,5,0.0,0.0
Bellcanada,SM,1,B1,47,4,4,0,47->3->4,,8.656278,187.696522,0.0,159.0,159.0,8.656278,119.047619,187.696522,119.047619,0.0,0.0,0.0,0,159.0,0.5,0.5,0.05,5,0.0,0.0
Bellcanada,SM,1,B1,48,4,4,0,48->46->47->3->4,,21.129897,200.17014,0.0,164.0,164.0,13.599569,119.047619,192.639812,119.047619,0.0,0.0,0.0,0,164.0,0.5,0.5,0.05,5,0.0,0.0
Bellcanada,SM,1,B3,1,1,1,0,1,1,0.0,61.141521,0.0,172.0,172.0,0.0,inf,inf,inf,0.0,0.0,0.0,0,172.0,0.5,0.5,0.05,5,0.0,0.0
Bellcanada,SM,1,B3,2,2,2,0,2,2,0.0,61.314327,0.0,221.0,221.0,0.0,1.321702,61.314327,1.321702,0.0,0.0,0.0,0,221.0,0.5,0.5,0.05,5,0.0,0.0
Bellcanada,SM,1,B3,3,3,3,0,3,3,0.0,61.164133,0.0,124.0,124.0,0.0,inf,inf,inf,0.0,0.0,0.0,0,124.0,0.5,0.5,0.05,5,0.0,0.0
Bellcanada,SM,1,B3,4,4,4,0,4,4,0.0,179.040243,0.0,178.0,178.0,0.0,3.045067,63.037691,3.045067,0.0,0.0,0.0,0,178.0,0.5,0.5,0.05,5,0.0,0.0
Bellcanada,SM,1,B3,5,5,5,0,5,5,0.0,inf,0.0,153.0,153.0,0.0,5.701254,65.693879,5.701254,0.0,0.0,0.0,0,153.0,0.5,0.5,0.05,5,0.0,0.0
Bellcanada,SM,1,B3,6,6,6,0,6,6,0.0,inf,0.0,232.0,232.0,0.0,6.729475,66.7221,6.729475,0.0,0.0,0.0,0,232.0,0.5,0.5,0.05,5,0.0,0.0
Bellcanada,SM,1,B3,7,7,7,0,7,7,0.0,inf,0.0,145.0,145.0,0.0,3.82263,63.815254,3.82263,0.0,0.0,0.0,0,145.0,0.5,0.5,0.05,5,0.0,0.0
Bellcanada,SM,1,B3,8,8,8,0,8,8,0.0,inf,0.0,176.0,176.0,0.0,3.767898,63.760522,3.767898,0.0,0.0,0.0,0,176.0,0.5,0.5,0.05,5,0.0,0.0
Bellcanada,SM,1,B3,9,9,9,0,9,9,0.0,inf,0.0,158.0,158.0,0.0,7.320644,67.313269,7.320644,0.0,0.0,0.0,0,158.0,0.5,0.5,0.05,5,0.0,0.0
Bellcanada,SM,1,B3,10,10,10,0,10,10,0.0,inf,0.0,182.0,182.0,0.0,7.48503,67.477654,7.48503,0.0,0.0,0.0,0,182.0,0.5,0.5,0.05,5,0.0,0.0
Bellcanada,SM,1,B3,11,10,1,1,11->20->19->18->17->15->14->30->44->45->46->48->39->28->9->10,11->20->19->18->17->15->14->30->44->45->46->47->3->1,46.540334,inf,0.0,188.0,188.0,44.004017,inf,inf,inf,0.0,0.0,0.0,0,188.0,0.5,0.5,0.05,5,0.0,0.0
Bellcanada,SM,1,B3,12,10,10,0,12->22->17->15->14->30->44->45->46->48->39->28->9->10,12->22->17->15->14->30->44->45->46->48->39->28->9->10,46.570205,inf,0.0,166.0,166.0,46.570205,7.48503,114.04786,7.48503,0.0,0.0,0.0,0,166.0,0.5,0.5,0.05,5,0.0,0.0
Bellcanada,SM,1,B3,13,10,10,0,13->41->36->32->34->9->10,13->29->30->44->45->46->48->39->28->9->10,60.819857,inf,0.0,146.0,146.0,38.498447,7.48503,105.976102,7.48503,0.0,0.0,0.0,0,146.0,0.5,0.5,0.05,5,0.0,0.0
Bellcanada,SM,1,B3,14,10,3,1,14->30->35->46->48->39->28->9->10,14->30->44->45->46->47->3,38.990571,inf,0.0,130.0,130.0,31.393753,inf,inf,inf,0.0,0.0,0.0,0,130.0,0.5,0.5,0.05,5,0.0,0.0
Bellcanada,SM,1,B3,15,10,10,0,15->14->30->44->45->46->48->39->28->9->10,15->14->30->44->45->46->48->39->28->9->10,37.948839,inf,0.0,171.0,171.0,37.948839,7.48503,105.426494,7.48503,0.0,0.0,0.0,0,171.0,0.5,0.5,0.05,5,0.0,0.0
Bellcanada,SM,1,B3,16,10,10,0,16->15->14->30->44->45->46->48->39->28->9->10,16->15->14->30->44->45->46->48->39->28->9->10,39.275276,inf,0.0,179.0,179.0,39.275276,7.48503,106.75293,7.48503,0.0,0.0,0.0,0,179.0,0.5,0.5,0.05,5,0.0,0.0
Bellcanada,SM,1,B3,17,9,9,0,17->15->14->30->44->45->46->48->39->28->9,17->15->14->30->44->45->46->48->39->28->9,39.831759,inf,0.0,196.0,196.0,39.831759,7.320644,107.145027,7.320644,0.0,0.0,0.0,0,196.0,0.5,0.5,0.05,5,0.0,0.0
Bellcanada,SM,1,B3,18,9,1,1,18->17->15->14->30->44->45->46->48->39->28->9,18->17->15->14->30->44->45->46->47->3->1,41.63118,inf,0.0,206.0,206.0,39.548278,inf,inf,inf,0.0,0.0,0.0,0,206.0,0.5,0.5,0.05,5,0.0,0.0
Bellcanada,SM,1,B3,19,9,9,0,19->18->17->15->14->30->44->45->46->48->39->28->9,19->18->17->15->14->30->44->45->46->48->39->28->9,43.510296,inf,0.0,136.0,136.0,43.510296,7.320644,110.823565,7.320644,0.0,0.0,0.0,0,136.0,0.5,0.5,0.05,5,0.0,0.0
Bellcanada,SM,1,B3,20,9,3,1,20->19->18->17->15->14->30->44->45->46->48->39->28->9,20->19->18->17->15->14->30->44->45->46->47->3,44.407641,inf,0.0,90.0,90.0,39.960032,inf,inf,inf,0.0,0.0,0.0,0,90.0,0.5,0.5,0.05,5,0.0,0.0
Bellcanada,SM,1,B3,21,9,9,0,21->22->17->15->14->30->44->45->46->48->39->28->9,21->24->17->15->14->30->44->45->46->48->39->28->9,46.176777,inf,0.0,198.0,198.0,44.342253,7.320644,111.655522,7.320644,0.0,0.0,0.0,0,198.0,0.5,0.5,0.05,5,0.0,0.0
Bellcanada,SM,1,B3,22,9,9,0,22->17->15->14->30->44->45->46->48->39->28->9,22->17->15->14->30->44->45->46->48->39->28->9,44.816519,inf,0.0,153.0,153.0,44.816519,7.320644,112.129787,7.320644,0.0,0.0,0.0,0,153.0,0.5,0.5,0.05,5,0.0,0.0
Bellcanada,SM,1,B3,23,8,8,0,23->21->22->17->15->14->30->44->45->46->47->3->5->8,23->21->24->17->15->14->30->44->45->46->47->3->2->7->8,53.477187,inf,0.0,171.0,171.0,49.631625,3.767898,113.392147,3.767898,0.0,0.0,0.0,0,171.0,0.5,0.5,0.05,5,0.0,0.0
Bellcanada,SM,1,B3,24,8,8,0,24->17->15->14->30->44->45->46->47->3->2->7->8,24->17->15->14->30->44->45->46->47->3->2->7->8,46.662832,inf,0.0,188.0,188.0,46.662832,3.767898,110.423354,3.767898,0.0,0.0,0.0,0,188.0,0.5,0.5,0.05,5,0.0,0.0
Bellcanada,SM,1,B3,25,8,3,1,25->26->22->17->15->14->30->44->45->46->47->3->5->8,25->26->22->17->15->14->30->44->45->46->47->3,59.94845,inf,0.0,159.0,159.0,50.28801,inf,inf,inf,0.0,0.0,0.0,0,159.0,0.5,0.5,0.05,5,0.0,0.0
Bellcanada,SM,1,B3,26,8,8,0,26->22->17->15->14->30->44->45->46->47->3->2->7->8,26->22->17->15->14->30->44->45->46->47->3->2->7->8,49.464734,inf,0.0,194.0,194.0,49.464734,3.767898,113.225256,3.767898,0.0,0.0,0.0,0,194.0,0.5,0.5,0.05,5,0.0,0.0
Bellcanada,SM,1,B3,27,8,1,1,27->28->40->3->2->7->8,27->28->40->3->1,12.214223,inf,0.0,224.0,224.0,6.92953,inf,inf,inf,0.0,0.0,0.0,0,224.0,0.5,0.5,0.05,5,0.0,0.0
Bellcanada,SM,1,B3,28,7,7,0,28->40->3->2->7,28->40->3->2->7,7.844858,inf,0.0,185.0,185.0,7.844858,3.82263,71.660112,3.82263,0.0,0.0,0.0,0,185.0,0.5,0.5,0.05,5,0.0,0.0
Bellcanada,SM,1,B3,29,7,3,1,29->30->44->45->46->47->3->2->7,29->30->44->45->46->47->3,33.916335,inf,0.0,176.0,176.0,28.884945,inf,inf,inf,0.0,0.0,0.0,0,176.0,0.5,0.5,0.05,5,0.0,0.0
Bellcanada,SM,1,B3,30,7,1,1,30->44->45->46->47->3->2->7,30->44->45->46->47->3->1,32.912489,inf,0.0,250.0,250.0,30.245806,inf,inf,inf,0.0,0.0,0.0,0,250.0,0.5,0.5,0.05,5,0.0,0.0
Bellcanada,SM,1,B3,31,7,7,0,31->34->5->3->2->7,31->34->5->8->7,14.192775,inf,0.0,207.0,207.0,10.076842,3.82263,73.892096,3.82263,0.0,0.0,0.0,0,207.0,0.5,0.5,0.05,5,0.0,0.0
Bellcanada,SM,1,B3,32,7,7,0,32->34->5->8->7,32->34->5->8->7,11.06834,inf,0.0,179.0,179.0,11.06834,3.82263,74.883594,3.82263,0.0,0.0,0.0,0,179.0,0.5,0.5,0.05,5,0.0,0.0
Bellcanada,SM,1,B3,33,6,3,1,33->31->34->9->6,33->31->34->5->3,41.966143,inf,0.0,144.0,144.0,10.992397,inf,inf,inf,0.0,0.0,0.0,0,144.0,0.5,0.5,0.05,5,0.0,0.0
Bellcanada,SM,1,B3,34,6,1,1,34->9->6,34->5->3->1,39.208537,inf,0.0,208.0,208.0,10.599499,inf,inf,inf,0.0,0.0,0.0,0,208.0,0.5,0.5,0.05,5,0.0,0.0
Bellcanada,SM,1,B3,35,6,6,0,35->46->47->3->5->6,35->46->48->39->28->9->6,66.273408,inf,0.0,209.0,209.0,64.470833,6.729475,131.192932,6.729475,0.0,0.0,0.0,0,209.0,0.5,0.5,0.05,5,0.0,0.0
Bellcanada,SM,1,B3,36,6,6,0,36->37->32->34->9->6,36->32->34->9->6,57.57356,inf,0.0,197.0,197.0,56.562613,6.729475,123.284712,6.729475,0.0,0.0,0.0,0,197.0,0.5,0.5,0.05,5,0.0,0.0
Bellcanada,SM,1,B3,37,6,6,0,37->32->34->9->6,37->32->34->9->6,52.418605,inf,0.0,191.0,191.0,52.418605,6.729475,119.140705,6.729475,0.0,0.0,0.0,0,191.0,0.5,0.5,0.05,5,0.0,0.0
Bellcanada,SM,1,B3,38,5,3,1,38->32->34->5,38->32->34->5->3,15.392888,inf,0.0,142.0,142.0,21.074385,inf,inf,inf,0.0,0.0,0.0,0,142.0,0.5,0.5,0.05,5,0.0,0.0
Bellcanada,SM,1,B3,39,5,1,1,39->28->40->3->5,39->28->40->3->1,11.159648,inf,0.0,214.0,214.0,7.842858,inf,inf,inf,0.0,0.0,0.0,0,214.0,0.5,0.5,0.05,5,0.0,0.0
Bellcanada,SM,1,B3,40,5,5,0,40->3->5,40->3->5,7.127125,inf,0.0,156.0,156.0,7.127125,5.701254,72.821004,5.701254,0.0,0.0,0.0,0,156.0,0.5,0.5,0.05,5,0.0,0.0
Bellcanada,SM,1,B3,41,5,5,0,41->13->29->30->44->45->46->47->3->5,41->13->29->30->44->45->46->47->3->5,42.567086,inf,0.0,172.0,172.0,42.567086,5.701254,108.260965,5.701254,0.0,0.0,0.0,0,172.0,0.5,0.5,0.05,5,0.0,0.0
Bellcanada,SM,1,B3,42,5,5,0,42->41->36->32->34->5,42->41->13->29->30->44->45->46->47->3->5,65.633508,inf,0.0,161.0,161.0,51.290016,5.701254,116.983894,5.701254,0.0,0.0,0.0,0,161.0,0.5,0.5,0.05,5,0.0,0.0
Bellcanada,SM,1,B3,43,5,5,0,43->35->46->47->3->5,43->35->46->47->3->5,42.128825,inf,0.0,165.0,165.0,42.128825,5.701254,107.822704,5.701254,0.0,0.0,0.0,0,165.0,0.5,0.5,0.05,5,0.0,0.0
Bellcanada,SM,1,B3,44,4,3,1,44->45->46->47->3->4,44->45->46->47->3,28.326802,207.367045,0.0,138.0,138.0,24.542475,inf,inf,inf,inf,0.0,0.0,0,138.0,0.5,0.5,0.05,5,0.0,0.0
Bellcanada,SM,1,B3,45,4,1,1,45->46->47->3->4,45->46->47->3->1,21.701304,200.741548,0.0,182.0,182.0,20.281684,inf,inf,inf,inf,0.0,0.0,0,182.0,0.5,0.5,0.05,5,0.0,0.0
Bellcanada,SM,1,B3,46,4,4,0,46->47->3->4,46->47->3->4,15.757653,194.797896,0.0,213.0,213.0,15.757653,3.045067,78.795344,3.045067,0.0,0.0,0.0,0,213.0,0.5,0.5,0.05,5,0.0,0.0
Bellcanada,SM,1,B3,47,4,4,0,47->3->4,47->3->4,8.656278,187.696522,0.0,159.0,159.0,8.656278,3.045067,71.693969,3.045067,0.0,0.0,0.0,0,159.0,0.5,0.5,0.05,5,0.0,0.0
Bellcanada,SM,1,B3,48,4,4,0,48->46->47->3->4,48->39->28->40->3->4,21.129897,200.17014,0.0,164.0,164.0,13.599569,3.045067,76.63726,3.045067,0.0,0.0,0.0,0,164.0,0.5,0.5,0.05,5,0.0,0.0
