batch_ts,run_index,topology,algo,nodes,num_switches,num_controllers,objective,alpha,beta,k_paths,link_sens,obj_value,solve_time_sec,mip_gap,status,ctrl_load_mean_init,ctrl_load_mean_final,ctrl_load_max_init,ctrl_load_max_final,ctrl_capacity_mean,ctrl_usable_capacity_mean,mig_total,mig_count,mig_cc,mig_rt_penalty,load_dev_init,load_dev_final,ctrl_util_mean_init,ctrl_util_mean_final,ctrl_util_max_init,ctrl_util_max_final,delta_ctrl_util_max,ctrl_util_p95_init,ctrl_util_p95_final,ctrl_util_std_final,ctrl_util_cov_final,jain_load_init,jain_load_final,ctrl_headroom_mean_final,ctrl_headroom_p50_final,ctrl_headroom_p95_final,rt_mean_init_ms,rt_mean_final_ms,delta_rt_mean_ms,rt_max_init_ms,rt_max_final_ms,rt_p95_init_ms,rt_p95_final_ms,delta_rt_p95_ms,prop_delay_mean_ms,prop_delay_max_ms,queue_delay_mean_ms,queue_delay_max_ms,sync_delay_ms,ctrl_rt_mean_ms,ctrl_rt_p95_ms,ctrl_rt_max_ms,unstable_controllers,link_util_mean,link_util_max,link_util_p95,violated_links_count,excess_util_total,rebalanced_load_total
20260521_224711,0,AttMpls,,25,25,4,maxmin,0.5,0.5,5,0.0,2955395.901658617,0.005050655996456044,0.0,SUCCESS,nan,1112.25,nan,1340.0,1660.25,1328.2,3117131.1267734533,5,3117126.1267734533,0.0,1490.0,548.0,0.6731576447463536,0.6707582044315564,0.974510966212211,0.7943094250148192,-0.18020154119739185,0.9700372423493663,0.7857285799387927,0.12279282336321408,0.18306570467859815,0.7834689779770878,0.9686371821280146,0.3292417955684436,0.2903745217830044,0.49862635437529446,50.837908693201555,nan,nan,inf,143.12125102777853,nan,nan,nan,18.169833195782676,45.4108636277099,37.61532554233085,104.1666666666652,15.090555517618368,0.0,0.0,0.0,0,0.6879758906833671,1.3443532108676752,1.0377505011484887,5,1.3037072911755092,638.0
20260521_224713,0,AttMpls,,25,25,4,maxmin,0.5,0.5,5,0.0,1303688007.0774539,0.0010194450005656108,,SUCCESS,1112.25,1112.25,1644.0,1297.0,1660.25,1328.2,10374219.107210737,13,10374206.107210737,0.0,1490.0,352.0,0.6731576447463536,0.6696223489300701,0.974510966212211,0.7688203912270303,-0.20569057498518073,0.9700372423493663,0.7555793710762262,0.07071230252093715,0.10560027250273536,0.7834689779770878,0.9875463573403305,0.3303776510699299,0.3301474036641108,0.41665701958423285,50.837908693201555,nan,nan,inf,76.47085681143142,nan,nan,nan,18.497721145711647,44.37013189095538,8.314494592285698,19.011406844106414,15.090555517618368,0.0,0.0,0.0,0,0.7479356543937564,2.5225504069090086,1.6478497240053602,4,3.196330285257411,1143.0
20260521_224719,0,AttMpls,,25,25,4,maxmin,0.5,0.5,5,0.0,1856388.8276717481,4.521927333997155,0.0,SUCCESS,1112.25,1112.25,1644.0,1208.0,1660.25,1328.2,3712539.64982594,4,3712535.64982594,0.0,1490.0,238.0,0.6731576447463536,0.670427742591794,0.974510966212211,0.7160640189685833,-0.2584469472436277,0.9700372423493663,0.714931606925036,0.05652412384558193,0.08431053826481938,0.7834689779770878,0.9938692087147326,0.32957225740820595,0.30466911469785835,0.4089405215359347,50.837908693201555,nan,nan,inf,65.61912641247258,nan,nan,nan,18.897907796216444,45.4108636277099,5.634695176985702,7.0621468926553606,15.090555517618368,46.05171482608928,92.3317986428879,157.72800966348714,0,0.6659436395917964,1.0000000000000062,1.0000000000000009,6,0.933359952070432,816.0
20260521_224720,1,AttMpls,,25,25,4,maxmin,0.5,0.5,5,0.0,3706406.039547328,0.035872018001100514,0.0,SUCCESS,nan,1145.0,nan,1383.0,1685.75,1348.6000000000001,3768598.349109612,5,3768593.349109612,0.0,1547.0,495.0,0.677953635033707,0.678516166873766,0.9988505747126437,0.7948275862068965,-0.20402298850574718,0.996578812283659,0.7921997065739912,0.11237307109446555,0.16561590803682635,0.7761601997257146,0.9706590397470264,0.32148383312623396,0.3032589016294508,0.46068227692195546,45.689311744482346,nan,nan,inf,156.90480778585757,nan,nan,nan,17.719243249945265,45.4108636277099,44.0907418135042,111.11111111111111,15.090555517618368,0.0,0.0,0.0,0,0.6267124487318171,1.4377215222337132,0.9439135887512126,4,0.9390976614798604,697.0
20260521_224722,1,AttMpls,,25,25,4,maxmin,0.5,0.5,5,0.0,692806056.6882443,0.000622362997091841,,SUCCESS,1145.0,1145.0,1738.0,1324.0,1685.75,1348.6000000000001,5568809.47473891,6,5568803.47473891,0.0,1547.0,303.0,0.677953635033707,0.678752426319237,0.9988505747126437,0.7838957963291888,-0.2149547783834549,0.996578812283659,0.7677769441211898,0.06441382721721743,0.0949003270110179,0.7761601997257146,0.9894322948014287,0.32124757368076307,0.3425299495695725,0.3804767652383826,45.689311744482346,nan,nan,inf,93.63210238243859,nan,nan,nan,19.3999996111573,45.4108636277099,13.149903033123373,36.76470588235288,15.090555517618368,0.0,0.0,0.0,0,0.7190425889973545,2.022228730694818,1.8107668813486208,5,3.383350247747022,1133.0
20260521_224726,1,AttMpls,,25,25,4,maxmin,0.5,0.5,5,0.0,1856414.2749668695,2.9599607799973455,1.0486174613221266e-06,SUCCESS,1145.0,1145.0,1738.0,1306.0,1685.75,1348.6000000000001,3712539.64982594,4,3712535.64982594,0.0,1547.0,285.0,0.677953635033707,0.6786301206642058,0.9988505747126437,0.7505747126436781,-0.24827586206896557,0.996578812283659,0.7476143355600413,0.062468174126192544,0.0920504000987344,0.7761601997257146,0.9893852533091136,0.32136987933579414,0.3261140190368793,0.38371229865011025,45.689311744482346,nan,nan,inf,64.9952932892033,nan,nan,nan,20.6301244419336,46.6217436809743,7.467640558393688,11.627906976744185,15.090555517618368,49.583024179283036,77.77193418912132,109.18748859029814,0,0.6206960746144349,1.0000000000000044,1.0,11,1.251052731821259,851.0
20260521_224728,2,AttMpls,,25,25,4,maxmin,0.5,0.5,5,0.0,2625274.3721882612,0.011335838000377407,0.0,SUCCESS,nan,1123.25,nan,1375.0,1676.5,1341.2,2563795.7465328006,3,2563792.7465328006,0.0,1570.0,601.0,0.6633154485060924,0.6680743300993436,0.9920859242509893,0.7963076923076923,-0.19577823194329702,0.9820114971518024,0.7934528329782146,0.12964241945314062,0.19405388534216336,0.7793313880272568,0.9582513945806403,0.3319256699006564,0.300159032109005,0.5017774656878391,49.39722854130272,nan,nan,inf,210.60905807789786,nan,nan,nan,18.892348218945937,45.4108636277099,55.73211627193519,166.66666666666666,15.090555517618368,0.0,0.0,0.0,0,0.7086033920100488,1.6780938357079827,0.9692379900649534,5,1.3399293461641089,589.0
20260521_224729,2,AttMpls,,25,25,4,maxmin,0.5,0.5,5,0.0,378862988.30687493,0.000572897002712125,,SUCCESS,1123.25,1123.25,1755.0,1163.0,1676.5,1341.2,4420065.571445771,5,4420060.571445771,0.0,1570.0,113.0,0.6633154485060924,0.6709046123100668,0.9920859242509893,0.7156923076923077,-0.27639361655868155,0.9820114971518024,0.7127384615384615,0.03689543493257933,0.05499356280401848,0.7793313880272568,0.9984827669029412,0.3290953876899332,0.327240248728095,0.3735264314649015,49.39722854130272,nan,nan,inf,63.83920285694376,nan,nan,nan,19.223729972719426,45.4108636277099,5.0248519727634395,7.299270072992701,15.090555517618368,0.0,0.0,0.0,0,0.8922901319851457,4.256928651604445,2.863489032089176,6,7.65095831184355,978.0
20260521_224736,2,AttMpls,,25,25,4,maxmin,0.5,0.5,5,0.0,1856399.8278403964,5.5106011549978575,1.5689124397559916e-05,SUCCESS,1123.25,1123.25,1755.0,1310.0,1676.5,1341.2,3712539.64982594,4,3712535.64982594,0.0,1570.0,260.0,0.6633154485060924,0.6688883493192419,0.9920859242509893,0.7405313736574336,-0.2515545505935557,0.9820114971518024,0.7287747445318955,0.04381259299964226,0.06550060715548765,0.7793313880272568,0.9907997251466294,0.3311116506807581,0.3436923076923077,0.3733851260772422,49.39722854130272,nan,nan,inf,67.61294999326591,nan,nan,nan,20.08833547626551,49.184610764032065,5.737367024763032,9.505703422053228,15.090555517618368,43.919681842875924,66.78979560116369,99.43764599288754,0,0.6311118766321986,1.0000000000000402,0.9703996769177967,9,1.0357413254242407,872.0
20260521_224738,3,AttMpls,,25,25,4,maxmin,0.5,0.5,5,0.0,3655792.4233808983,0.02460233100282494,0.0,SUCCESS,nan,1170.75,nan,1327.0,1707.0,1365.6000000000001,3768598.3491096124,5,3768593.3491096124,0.0,1550.0,336.0,0.6834459537130577,0.6852831771997658,0.9994272623138603,0.7733175914994097,-0.22610967081445055,0.998981886071858,0.771323389200615,0.08260973982222404,0.12054832596327197,0.7781825679920527,0.9839356458520836,0.3147168228002342,0.308595392944034,0.4093270365997638,49.87258686971302,nan,nan,inf,67.50386127246404,nan,nan,nan,18.216441424846288,45.4108636277099,11.55476742485366,22.123893805309713,15.090555517618368,0.0,0.0,0.0,0,0.6521040941933837,2.0779996292943177,1.056976411185759,5,1.9591899528918775,796.0
20260521_224740,3,AttMpls,,25,25,4,maxmin,0.5,0.5,5,0.0,594205252.8006222,0.0005782760017609689,,SUCCESS,1170.75,1170.75,1745.0,1328.0,1707.0,1365.6000000000001,5568809.47473891,6,5568803.47473891,0.0,1550.0,273.0,0.6834459537130577,0.6859820253681547,0.9994272623138603,0.7839433293978748,-0.21548393291598544,0.998981886071858,0.7666954725998774,0.059570747808122576,0.08684010018506241,0.7781825679920527,0.9928227262874582,0.31401797463184533,0.33140076626487125,0.3703955135773317,49.87258686971302,nan,nan,inf,93.24832907243417,nan,nan,nan,19.518987143128346,45.4108636277099,13.217804535199491,36.76470588235288,15.090555517618368,0.0,0.0,0.0,0,0.7219756660330282,2.0168070021739943,1.7397787608172777,5,3.341083533421485,1133.0
20260521_224744,3,AttMpls,,25,25,4,maxmin,0.5,0.5,5,0.0,1856415.115749525,3.0998811819990806,4.2397277631725557e-07,SUCCESS,1170.75,1170.75,1745.0,1315.0,1707.0,1365.6000000000001,3712539.64982594,4,3712535.64982594,0.0,1550.0,289.0,0.6834459537130577,0.6853359204577574,0.9994272623138603,0.7597402597402597,-0.23968700257360054,0.998981886071858,0.758751729370286,0.0714043846558707,0.10418888390991891,0.7781825679920527,0.9876294180006647,0.3146640795422426,0.31203181906087246,0.39176505312868953,49.87258686971302,nan,nan,inf,86.74282009374673,nan,nan,nan,24.944716402139807,68.61459750443942,8.935555168916029,14.66275659824046,15.090555517618368,51.44680622225424,82.46721556042174,86.8210447953801,0,0.6619201056771736,1.0000000000000056,1.0000000000000036,8,1.441059750399939,831.0
20260521_224746,4,AttMpls,,25,25,4,maxmin,0.5,0.5,5,0.0,3040040.7172507807,0.01069009700222523,0.0,SUCCESS,nan,1125.0,nan,1400.0,1660.75,1328.6000000000001,3117131.1267734533,5,3117126.1267734533,0.0,1481.0,634.0,0.6719902592912826,0.6750209173461021,0.9815724815724816,0.7959067652075043,-0.1856657163649773,0.9763206912013052,0.7945490059546342,0.13204035288652097,0.19560927594014124,0.782639668522534,0.9558151890503322,0.3249790826538979,0.28316953316953314,0.5030405405405405,49.960066007358996,nan,nan,inf,189.2730896400147,nan,nan,nan,18.430159822479595,44.8193904743176,58.78915099892305,138.888888888888,15.090555517618368,0.0,0.0,0.0,0,0.6812668907793112,2.227224344329426,1.1317078206924718,6,2.274776612816024,582.0
20260521_224747,4,AttMpls,,25,25,4,maxmin,0.5,0.5,5,0.0,526273452.2452824,0.0006092379990150221,,SUCCESS,1125.0,1125.0,1665.0,1219.0,1660.75,1328.6000000000001,5568809.47473891,6,5568803.47473891,0.0,1481.0,166.0,0.6719902592912826,0.6782002491922902,0.9815724815724816,0.7487714987714987,-0.23280098280098283,0.9763206912013052,0.7383599508599509,0.043572912181915564,0.06424785634303318,0.782639668522534,0.9971655875939798,0.32179975080770984,0.3369164619164619,0.3607960569231177,49.960066007358996,nan,nan,inf,69.4498576411859,nan,nan,nan,19.51885958584595,44.8193904743176,6.383134344771974,11.990407673860899,15.090555517618368,0.0,0.0,0.0,0,0.7662148834805641,3.441061611988963,1.6139289852978282,6,4.794450008864986,1035.0
20260521_224748,4,AttMpls,,25,0,0,maxmin,0.5,0.5,5,0.0,,0.0,,INF_OR_UNBOUNDED_MCF_ARC,nan,nan,nan,nan,nan,nan,nan,0,nan,nan,0.0,0.0,0.0,0.0,0.0,0.0,0.0,0.0,0.0,0.0,0.0,0.0,0.0,0.0,0.0,0.0,0.0,0.0,0.0,0.0,0.0,0.0,0.0,0.0,0.0,0.0,0.0,0.0,0.0,0.0,0.0,0.0,0,0.0,0.0,0.0,0,0.0,0.0
20260521_224750,0,CrlNetworkServices,,33,33,5,maxmin,0.5,0.5,5,0.0,4518758.566072561,0.02691022599901771,0.0,SUCCESS,nan,1176.0,nan,1456.0,1764.0,1411.2000000000003,4584769.138286448,7,4584762.138286448,0.0,1651.0,700.0,0.6651733490131926,0.6662798490438872,0.9983050847457627,0.7978848413631022,-0.2004202433826605,0.995160126588118,0.7968271980768726,0.15614770723890786,0.23435754129887032,0.7496708546331005,0.9461333601876591,0.33372015095611285,0.2180790960451977,0.5519294385654067,35.060056851032655,nan,nan,inf,351.7590201621165,nan,nan,nan,19.103354312899828,48.86614896665297,93.24937417468388,277.77777777776726,25.115093417696233,0.0,0.0,0.0,0,0.6401909191957572,0.9353109641873489,0.8487494868455264,3,0.23799228935339667,951.0
20260521_224752,0,CrlNetworkServices,,33,33,5,maxmin,0.5,0.5,5,0.0,1412449795.4409251,0.0011650069973256905,,SUCCESS,1176.0,1176.0,1805.0,1216.0,1764.0,1411.2000000000003,12021723.781630365,10,12021713.781630365,0.0,1651.0,72.0,0.6651733490131926,0.6671867161727834,0.9983050847457627,0.6897767332549941,-0.3085283514907686,0.995160126588118,0.6892225165474981,0.024016913121649445,0.03599728912382859,0.7496708546331005,0.9996033320111067,0.33281328382721664,0.33026995979322227,0.3684630738522954,35.060056851032655,nan,nan,inf,79.31173278946648,nan,nan,nan,19.975465705641287,48.86614896665297,4.450211959621767,5.330490405117267,25.115093417696233,0.0,0.0,0.0,0,0.6397578433702098,1.0924261936251263,1.0057694112052413,5,0.7464866621917036,1651.0
20260521_224758,0,CrlNetworkServices,,33,33,5,maxmin,0.5,0.5,5,0.0,2461921.732130419,4.4103317910012265,2.0132132763543242e-07,SUCCESS,1176.0,1176.0,1805.0,1383.0,1764.0,1411.2000000000003,4923385.479918316,7,4923378.479918316,0.0,1651.0,440.0,0.6651733490131926,0.6660905828879569,0.9983050847457627,0.7548022598870057,-0.24350282485875707,0.995160126588118,0.7544133920141227,0.09402315948342053,0.14115671636696323,0.7496708546331005,0.9779493001919445,0.33390941711204314,0.28378378378378377,0.4590236794880532,35.060056851032655,nan,nan,inf,87.90971974988405,nan,nan,nan,19.091617193533942,50.29462633218781,8.022264753446352,12.5,25.115093417696233,53.03728461211498,81.71984879157758,88.823590432809,0,0.637984758357077,0.9353109641873489,0.8265153226116891,2,0.2125633841453476,1211.0
20260521_224800,1,CrlNetworkServices,,33,33,5,maxmin,0.5,0.5,5,0.0,4368890.215001284,0.030478643002425088,2.1317142999328143e-16,SUCCESS,nan,1224.0,nan,1415.0,1789.2,1431.3600000000001,4441920.401732964,6,4441914.401732964,0.0,1579.0,546.0,0.6834244823115675,0.6843062767268843,0.9994353472614342,0.7989836250705816,-0.2004517221908526,0.9897233201581027,0.7978543195934501,0.117198754946246,0.17126652046335325,0.786363683125736,0.9719710762932314,0.31569372327311573,0.28501628664495116,0.4860323324382752,54.31310235828837,nan,nan,inf,607.8775492580309,nan,nan,nan,19.366960531574883,60.422108913999494,157.39455128205748,555.5555555554994,25.115093417696233,0.0,0.0,0.0,0,0.6036696816215764,0.8988248088657703,0.8210762061670744,2,0.14645337177480933,1033.0
20260521_224801,1,CrlNetworkServices,,33,33,5,maxmin,0.5,0.5,5,0.0,1258369167.465543,0.0010703129992180038,,SUCCESS,1224.0,1224.0,1770.0,1438.0,1789.2,1431.3600000000001,10041498.619856559,10,10041488.619856559,0.0,1579.0,343.0,0.6834244823115675,0.6845550639741107,0.9994353472614342,0.8029034059184813,-0.19653194134295293,0.9897233201581027,0.7824695344468121,0.07133547950948882,0.10420707297870002,0.786363683125736,0.9901621956864666,0.3154449360258892,0.30547713156408807,0.39839947617882754,54.31310235828837,nan,nan,inf,inf,nan,nan,nan,19.60944208902235,55.10926711404133,4.295903811477636,5.6882821387940785,25.115093417696233,0.0,0.0,0.0,1,0.601164116804622,0.9411070458723695,0.8446319639657138,2,0.24108173722282944,1729.0
20260521_224807,1,CrlNetworkServices,,33,33,5,maxmin,0.5,0.5,5,0.0,3139752.4173604697,3.6998696160007967,0.0,SUCCESS,1224.0,1224.0,1770.0,1297.0,1789.2,1431.3600000000001,6279298.826953288,7,6279291.826953288,0.0,1579.0,206.0,0.6834244823115675,0.6842961956118021,0.9994353472614342,0.7323546019198193,-0.26708074534161497,0.9897233201581027,0.7264822134387351,0.041092264310541825,0.06005040591202302,0.786363683125736,0.9967421405004468,0.3157038043881979,0.30434782608695654,0.37640955410421634,54.31310235828837,nan,nan,inf,93.88444774071074,nan,nan,nan,19.852048233790025,60.422108913999494,5.566816779552802,8.347245409015013,25.115093417696233,51.12095230868052,73.7678385103648,95.87691677000814,0,0.6090546712323204,0.8988248088657703,0.8210762061670744,2,0.14645337177480933,1438.0
20260521_224809,2,CrlNetworkServices,,33,33,5,maxmin,0.5,0.5,5,0.0,4325617.233098907,0.006439710999984527,0.0,SUCCESS,nan,1178.2,nan,1447.0,1749.2,1399.3600000000001,4299072.665179481,6,4299066.665179481,0.0,1660.0,645.0,0.6694820711286151,0.6723188359839929,0.9871589085072231,0.7947214076246334,-0.1924375008825897,0.9790526400022594,0.7906192876834414,0.1287399968057312,0.1914865238266154,0.7734617938674013,0.9604500990578263,0.32768116401600705,0.2480938416422287,0.50962009979329,45.51723938259988,nan,nan,inf,184.39548493906983,nan,nan,nan,19.87888235370454,60.422108913999494,35.21747712728873,111.11111111111111,25.115093417696233,0.0,0.0,0.0,0,0.6548921789630152,1.014204544164105,0.9880127184969889,3,0.5948748625727729,949.0
20260521_224810,2,CrlNetworkServices,,33,33,5,maxmin,0.5,0.5,5,0.0,1200856503.1802113,0.0010257879985147156,,SUCCESS,1178.2,1178.2,1845.0,1361.0,1749.2,1399.3600000000001,9417185.805117723,9,9417176.805117723,0.0,1660.0,327.0,0.6694820711286151,0.6745964677081867,0.9871589085072231,0.7982404692082111,-0.18891843929901198,0.9790526400022594,0.7764222873900293,0.06765085350676402,0.10028343868534464,0.7734617938674013,0.9921155928406996,0.3254035322918133,0.3484676503972758,0.3893170403355253,45.51723938259988,nan,nan,inf,394.86107438335733,nan,nan,nan,20.267262116662717,60.422108913999494,73.73374559452964,333.3333333333333,25.115093417696233,0.0,0.0,0.0,0,0.6547008652759565,1.423078582955677,0.9920405877692722,3,1.0170163606541436,1651.0
20260521_224816,2,CrlNetworkServices,,33,33,5,maxmin,0.5,0.5,5,0.0,2461821.0199111886,3.9159088699998392,9.62728874816729e-06,SUCCESS,1178.2,1178.2,1845.0,1325.0,1749.2,1399.3600000000001,4923385.479918317,7,4923378.479918317,0.0,1660.0,249.0,0.6694820711286151,0.6732292613321741,0.9871589085072231,0.7089352594970573,-0.27822364901016583,0.9790526400022594,0.7082625770991121,0.038366017149280354,0.05698804159724484,0.7734617938674013,0.9943368106875529,0.3267707386678259,0.3014662756598241,0.376166646139917,45.51723938259988,nan,nan,inf,88.7259778418998,nan,nan,nan,19.981493366320255,60.422108913999494,5.073878122786678,6.211180124223603,25.115093417696233,53.069506085889834,90.16851940884841,114.15728202303248,0,0.6358085613295454,1.0,0.9870728480699187,3,0.5784547467831976,1314.0
20260521_224818,3,CrlNetworkServices,,33,33,5,maxmin,0.5,0.5,5,0.0,4837628.083371441,0.03580666400011978,0.0,SUCCESS,nan,1220.0,nan,1395.0,1774.0,1419.2,4923386.479918316,8,4923378.479918316,0.0,1609.0,425.0,0.6861358834301097,0.6874177139905779,0.9966850828729282,0.7903682719546742,-0.20631681091825405,0.993042117289844,0.7893484419263456,0.10689129572391018,0.15549685954903292,0.7711536715909143,0.975651708334415,0.312582286009422,0.2546961325966851,0.44702549575070816,51.25573413909903,nan,nan,inf,100.89855917276175,nan,nan,nan,19.68969695529883,60.422108913999494,23.86905696702696,58.8235294117647,25.115093417696233,0.0,0.0,0.0,0,0.5825175229806465,0.8692956300206179,0.8113833414300136,2,0.09997357842966292,1116.0
20260521_224819,3,CrlNetworkServices,,33,33,5,maxmin,0.5,0.5,5,0.0,1263729689.6166997,0.0010907659998338204,,SUCCESS,1220.0,1220.0,1804.0,1462.0,1774.0,1419.2,10041498.619856559,10,10041488.619856559,0.0,1609.0,347.0,0.6861358834301097,0.6877754996634999,0.9966850828729282,0.828328611898017,-0.16835647097491124,0.993042117289844,0.7976905138278059,0.07172674288738276,0.10428801683467306,0.7711536715909143,0.9894279319679884,0.31222450033650007,0.341643059490085,0.36555240793201127,51.25573413909903,nan,nan,inf,inf,nan,nan,nan,20.456447515068422,60.422108913999494,3.886139740299032,4.424778761061947,25.115093417696233,0.0,0.0,0.0,1,0.6033680173255264,0.9400726430125219,0.9225786550391271,4,0.4617756585823115,1723.0
20260521_224827,3,CrlNetworkServices,,33,33,5,maxmin,0.5,0.5,5,0.0,2604711.937354599,5.903446738997445,2.2656999539566127e-07,SUCCESS,1220.0,1220.0,1804.0,1360.0,1774.0,1419.2,5209081.953025284,8,5209073.953025284,0.0,1609.0,338.0,0.6861358834301097,0.6873867246803249,0.9966850828729282,0.7546742209631728,-0.2420108619097554,0.993042117289844,0.7541076487252125,0.08019157303321384,0.1166615096771146,0.7711536715909143,0.9856016341757168,0.3126132753196751,0.24861878453038677,0.41677053824362603,51.25573413909903,nan,nan,inf,88.37006352149743,nan,nan,nan,20.446438548921662,60.422108913999494,8.805445819541958,12.5,25.115093417696233,55.169684937568974,83.73429466298396,88.44398656783416,0,0.6072693918699474,0.9466191098858681,0.8720296154418921,4,0.3219638414945357,1227.0
20260521_224829,4,CrlNetworkServices,,33,33,5,maxmin,0.5,0.5,5,0.0,4496679.155789944,0.026217897000606172,0.0,SUCCESS,nan,1202.8,nan,1501.0,1785.2,1428.1599999999999,4441921.401732964,7,4441914.401732964,0.0,1629.0,719.0,0.666113626934549,0.670579796790037,0.9917943107221007,0.7992545260915868,-0.1925397846305139,0.9883779773133127,0.7988289082295913,0.15502574594518373,0.23118165308180813,0.7470219559402361,0.941057658983451,0.329420203209963,0.2084245076586433,0.5373563218390804,35.02064939983458,nan,nan,inf,786.1416107480917,nan,nan,nan,19.06006712000483,48.86614896665297,253.47607076368837,714.2857142856678,25.115093417696233,0.0,0.0,0.0,0,0.6099291708867749,0.9715245075899435,0.9331464084488603,4,0.4775176592429229,964.0
20260521_224831,4,CrlNetworkServices,,33,33,5,maxmin,0.5,0.5,5,0.0,4592588249.085459,0.0019110899993393105,,SUCCESS,1202.8,1202.8,1813.0,1273.0,1785.2,1428.1599999999999,37934164.7024544,21,37934143.7024544,0.0,1629.0,123.0,0.666113626934549,0.6739442111565633,0.9917943107221007,0.7201149425287356,-0.271679368193365,0.9883779773133127,0.7116617090815615,0.024806524758124313,0.03680797957378928,0.7470219559402361,0.9981828137298518,0.32605578884343667,0.3385057471264368,0.3483412560678086,35.02064939983458,nan,nan,inf,78.1306199777102,nan,nan,nan,20.05501044614534,48.86614896665297,4.7267068488003385,7.194244604316546,25.115093417696233,0.0,0.0,0.0,0,0.6791840310564278,1.54387529407132,1.1625915844929684,6,1.9142149840965408,1688.0
20260521_224836,4,CrlNetworkServices,,33,33,5,maxmin,0.5,0.5,5,0.0,3139831.5006864034,4.164370023001538,1.7064441007288905e-06,SUCCESS,1202.8,1202.8,1813.0,1354.0,1785.2,1428.1599999999999,6279299.826953287,8,6279291.826953287,0.0,1629.0,345.0,0.666113626934549,0.6725462637631345,0.9917943107221007,0.7511494252873563,-0.24064488543474438,0.9883779773133127,0.745115493371525,0.07216040185366998,0.1072943316195186,0.7470219559402361,0.9843981576111762,0.3274537362368654,0.2800875273522976,0.4179310344827586,35.02064939983458,nan,nan,inf,82.14826422427757,nan,nan,nan,19.367706543180155,50.29462633218781,6.473147011897416,11.764705882352942,25.115093417696233,53.18778469709881,81.56265506993077,91.66806324857143,0,0.6136875673841978,0.9999999999999999,0.9948201807889336,6,0.7366163835129643,1322.0
20260521_224838,0,Xspedius,,34,34,6,maxmin,0.5,0.5,5,0.0,8005539.511391126,0.008380359999137,0.0,SUCCESS,nan,1004.8333333333334,nan,1240.0,1529.8333333333333,1223.8666666666666,8609144.525214784,6,8609138.525214784,0.0,1407.0,885.0,0.6546862513845018,0.6556550874239949,0.9911111111111112,0.7965990843688685,-0.19451202674224266,0.9838500109003707,0.7942747101020482,0.2007423010272156,0.3061705840122626,0.7346955609511755,0.9113829467416958,0.344344912576005,0.23924543132246023,0.6758625699667988,47.95404179625805,nan,nan,inf,262.08872595551486,nan,nan,nan,10.060487088975272,24.527000674348823,60.027073051129136,192.30769230769062,47.0068321347231,0.0,0.0,0.0,0,0.6186165851694588,1.0867295697169306,0.8548034885947224,3,0.46400874688939897,939.0
20260521_224840,0,Xspedius,,34,34,6,maxmin,0.5,0.5,5,0.0,2121414859.232939,0.0011586319997149985,,SUCCESS,1004.8333333333334,1004.8333333333334,1561.0,1250.0,1529.8333333333333,1223.8666666666666,19979667.153210275,10,19979657.153210275,0.0,1407.0,380.0,0.6546862513845018,0.656626457861405,0.9911111111111112,0.8239947264337508,-0.16711638467736034,0.9838500109003707,0.7816468384761068,0.07827813955256482,0.1192125882461579,0.7346955609511755,0.9850853859129328,0.3433735421385949,0.3645393295753008,0.40649506154736087,47.95404179625805,nan,nan,inf,inf,nan,nan,nan,12.411127778814661,25.460937570484113,3.7939734812871273,4.366812227074236,47.0068321347231,0.0,0.0,0.0,1,0.7856988605237303,2.5479022295176743,1.6292711574721683,8,5.87323583114489,1879.0
20260521_224856,0,Xspedius,,34,34,6,maxmin,0.5,0.5,5,0.0,5624341.570940864,13.712391050998122,3.251870365023193e-07,SUCCESS,1004.8333333333334,1004.8333333333334,1561.0,1181.0,1529.8333333333333,1223.8666666666666,11247843.82006038,7,11247836.82006038,0.0,1407.0,817.0,0.6546862513845018,0.656032145376066,0.9911111111111112,0.7498412698412699,-0.2412698412698413,0.9838500109003707,0.7494313120931826,0.18650056974112675,0.28428571839908323,0.7346955609511755,0.9234202595465265,0.343967854623934,0.2573406694176983,0.6418184922308453,47.95404179625805,nan,nan,inf,83.43859471383382,nan,nan,nan,10.377120400114087,24.527000674348823,10.657710941997435,12.658227848101266,47.0068321347231,70.27187153359735,82.17648128957612,86.0486344383176,0,0.6100290685908378,1.0000000000000129,0.847932171973699,3,0.3386548530907929,1183.0
20260521_224858,1,Xspedius,,34,34,6,maxmin,0.5,0.5,5,0.0,9179902.988244962,0.0150965120010369,2.6930500463800523e-05,SUCCESS,nan,1047.3333333333333,nan,1288.0,1538.8333333333333,1231.0666666666668,9994178.395464303,8,9994170.395464303,0.0,1325.0,888.0,0.6806543709166548,0.6794794379379598,0.9788778877887789,0.7993399339933993,-0.17953795379537962,0.9788778877887789,0.7992568115372332,0.19270218674540077,0.2836026757928111,0.7496938851450381,0.9239119834971397,0.3205205620620401,0.21914191419141915,0.638783529217752,47.97067041567912,nan,nan,inf,1060.6355853627776,nan,nan,nan,9.776844791386754,24.527000674348823,357.7424798675653,1000.0,47.0068321347231,0.0,0.0,0.0,0,0.6578524521896427,1.3537375681816084,1.032723043021699,6,1.0925833349633405,1034.0
20260521_224859,1,Xspedius,,34,34,6,maxmin,0.5,0.5,5,0.0,1695970816.278123,0.0010368290022597648,,SUCCESS,1047.3333333333333,1047.3333333333333,1516.0,1239.0,1538.8333333333333,1231.0666666666668,17985398.227643672,9,17985389.227643672,0.0,1325.0,315.0,0.6806543709166548,0.6811758298085536,0.9788778877887789,0.7937219730941704,-0.18515591469460857,0.9788778877887789,0.7713640870813538,0.06670181057926923,0.0979215756936296,0.7496938851450381,0.9911835128919989,0.3188241701914464,0.31353135313531355,0.40937318297586583,47.97067041567912,nan,nan,inf,173.8384556991678,nan,nan,nan,12.462027005967041,25.460937570484113,22.32170762652347,102.04081632652871,47.0068321347231,0.0,0.0,0.0,0,0.7516207744181772,2.8559340884411983,1.6791915563434752,10,5.64780301646021,1828.0
20260521_224923,1,Xspedius,,34,34,6,maxmin,0.5,0.5,5,0.0,5876222.880090404,21.4780125210018,2.2418517476306897e-07,SUCCESS,1047.3333333333333,1047.3333333333333,1516.0,1206.0,1538.8333333333333,1231.0666666666668,11751841.369633852,9,11751832.369633852,0.0,1325.0,580.0,0.6806543709166548,0.679973631428918,0.9788778877887789,0.759075907590759,-0.2198019801980199,0.9788778877887789,0.7579207920792079,0.12372449470447858,0.18195484204950718,0.7496938851450381,0.9664320229840971,0.320026368571082,0.2546433923789401,0.5245000348849747,47.97067041567912,nan,nan,inf,95.88826295776084,nan,nan,nan,10.597162918061962,32.752398564973234,11.142661626186419,16.129032258064516,47.0068321347231,72.35670870693893,87.58456447539143,155.81727637023758,0,0.5987265738686396,0.9999999999999956,0.9695166173672155,4,0.6044380863782485,1275.0
20260521_224924,2,Xspedius,,34,34,6,maxmin,0.5,0.5,5,0.0,7831852.155278048,0.008757375999266515,0.0,SUCCESS,nan,1018.8333333333334,nan,1169.0,1489.1666666666667,1191.3333333333333,8609144.525214786,6,8609138.525214786,0.0,1266.0,576.0,0.6859253372673653,0.6858947956534278,0.9622015915119363,0.7930800542740841,-0.16912153723785217,0.9614748028605465,0.7905359565807327,0.1401296130697882,0.2043019045454218,0.788214308208317,0.9628019753833029,0.31410520434657224,0.255382869832175,0.54379802932963,56.396583431367354,nan,nan,inf,170.5069853914813,nan,nan,nan,10.496380376006718,25.460937570484113,33.07098089110558,98.03921568627408,47.0068321347231,0.0,0.0,0.0,0,0.6054201840188848,1.5150973830245156,0.8725142014736587,3,0.9099056640916848,1010.0
20260521_224926,2,Xspedius,,34,34,6,maxmin,0.5,0.5,5,0.0,2270642483.1406965,0.001188239999464713,,SUCCESS,1018.8333333333334,1018.8333333333334,1451.0,1052.0,1489.1666666666667,1191.3333333333333,23432832.459192567,12,23432820.459192567,0.0,1266.0,78.0,0.6859253372673653,0.6841639426773117,0.9622015915119363,0.7028493894165536,-0.2593522020953827,0.9614748028605465,0.6996268656716418,0.012684144130314368,0.0185396267460077,0.788214308208317,0.9994362908047281,0.3158360573226882,0.31382854742379784,0.33464849612559344,56.396583431367354,nan,nan,inf,88.74835244465464,nan,nan,nan,13.201285346897183,35.95448327289451,5.863293926617097,6.983240223463685,47.0068321347231,0.0,0.0,0.0,0,0.7309558639023775,3.7926021318327416,1.6080504917014775,6,6.093295485521524,1528.0
20260521_224947,2,Xspedius,,34,34,6,maxmin,0.5,0.5,5,0.0,5590037.2116737235,18.924845133999042,1.9503509136481078e-07,SUCCESS,1018.8333333333334,1018.8333333333334,1451.0,1119.0,1489.1666666666667,1191.3333333333333,11179529.34501609,8,11179521.34501609,0.0,1266.0,526.0,0.6859253372673653,0.6858947956534278,0.9622015915119363,0.7591587516960652,-0.20304283981587112,0.9614748028605465,0.758819538670285,0.13424039005722999,0.1957157145788574,0.788214308208317,0.9659473598473293,0.31410520434657224,0.2560612958837354,0.5287030496824114,56.396583431367354,nan,nan,inf,96.80215972590103,nan,nan,nan,12.232486951415709,35.958991361463745,12.624183391514327,16.611295681063112,47.0068321347231,75.47006246318243,97.23624445986425,133.8697103456128,0,0.599989379719937,1.0000000000000107,1.0000000000000009,8,1.2470661811933517,1099.0
20260521_224949,3,Xspedius,,34,34,6,maxmin,0.5,0.5,5,0.0,11341780.383222327,0.030642853998870123,1.642286383878788e-16,SUCCESS,nan,1040.3333333333333,nan,1205.0,1507.6666666666667,1206.1333333333334,12132926.6087631,8,12132918.6087631,0.0,1351.0,705.0,0.689535429785877,0.6898476333181164,0.998671096345515,0.7922419460881,-0.20642915025741504,0.9985049833887043,0.7918558781707261,0.1620019867048807,0.23483734506076806,0.7418253032601609,0.9473760431757184,0.3101523666818837,0.2518272425249169,0.568936877076412,47.977657444577,nan,nan,inf,151.3452993118749,nan,nan,nan,9.343036412652808,19.631231979521466,36.59957603094384,84.74576271186473,47.0068321347231,0.0,0.0,0.0,0,0.5902323184159779,1.417390971927767,0.8873813242435954,3,0.969222938805685,1248.0
20260521_224951,3,Xspedius,,34,34,6,maxmin,0.5,0.5,5,0.0,1659576694.7230246,0.0011759529988921713,,SUCCESS,1040.3333333333333,1040.3333333333333,1503.0,1352.0,1507.6666666666667,1206.1333333333334,21142699.975518543,11,21142688.975518543,0.0,1351.0,406.0,0.689535429785877,0.690137703017846,0.998671096345515,0.8983388704318936,-0.10033222591362134,0.9985049833887043,0.846843853820598,0.09552012699852692,0.1384073447673339,0.7418253032601609,0.9815269438118849,0.3098622969821539,0.3534883720930233,0.37145674837982534,47.977657444577,nan,nan,inf,inf,nan,nan,nan,11.950520801651637,35.83635527365047,4.572257862670189,6.172839506172839,47.0068321347231,0.0,0.0,0.0,1,0.7263753165347872,3.3753307558069654,1.6460961734279715,7,5.953512354996166,1951.0
20260521_225011,3,Xspedius,,34,34,6,maxmin,0.5,0.5,5,0.0,6564699.325341851,18.767006313999445,2.72315527117251e-07,SUCCESS,1040.3333333333333,1040.3333333333333,1503.0,1151.0,1507.6666666666667,1206.1333333333334,13128797.93833131,9,13128788.93833131,0.0,1351.0,574.0,0.689535429785877,0.6899105399999854,0.998671096345515,0.7567389875082183,-0.24193210883729666,0.9985049833887043,0.7562585595680409,0.13720343917621058,0.19887134812611137,0.7418253032601609,0.961732287740448,0.3100894600000145,0.2471760797342193,0.5277408637873754,47.977657444577,nan,nan,inf,87.9581124336141,nan,nan,nan,12.679532867164543,39.35638396715256,12.754940358477462,15.19756838905776,47.0068321347231,74.68484557438583,87.26118542631538,99.70902665725035,0,0.627049968179062,1.0000000000000002,0.9863746620357509,9,0.8851393966910632,1364.0
20260521_225013,4,Xspedius,,34,34,6,maxmin,0.5,0.5,5,0.0,9309609.983333068,0.010453056998812826,0.0,SUCCESS,nan,1032.6666666666667,nan,1267.0,1534.6666666666667,1227.7333333333333,10175581.71389582,6,10175575.71389582,0.0,1468.0,930.0,0.664182534320552,0.6699722998418407,0.9945054945054945,0.7898368883312421,-0.20466860617425242,0.9935265487335752,0.7889974788320996,0.2007445872726218,0.2996311747814219,0.7318894125746503,0.9123061566476622,0.33002770015815924,0.247451343836886,0.6526104417670683,92.19222710512143,nan,nan,inf,122.36398042450593,nan,nan,nan,8.857886783545394,19.631231979521466,29.33942983132457,61.72839506172822,47.0068321347231,0.0,0.0,0.0,0,0.5857435912386483,1.3095165355896523,0.7997498480949232,2,0.5431165276093612,1057.0
20260521_225015,4,Xspedius,,34,34,6,maxmin,0.5,0.5,5,0.0,1536543616.2816122,0.0013353549984458368,,SUCCESS,1032.6666666666667,1032.6666666666667,1629.0,1307.0,1534.6666666666667,1227.7333333333333,21492395.770302825,11,21492384.770302825,0.0,1468.0,402.0,0.664182534320552,0.6744654395030051,0.9945054945054945,0.8748326639892905,-0.11967283051620403,0.9935265487335752,0.8256358768406961,0.09491324232536771,0.14072365575218598,0.7318894125746503,0.9842067169598797,0.325534560496995,0.3483507429970824,0.4099162216632096,92.19222710512143,nan,nan,inf,inf,nan,nan,nan,11.67122321182033,35.95448327289451,4.123817313439118,5.488474204171239,47.0068321347231,0.0,0.0,0.0,1,0.7457563993689825,3.639409579311544,1.3936370031854086,7,4.9367757776190055,1925.0
20260521_225029,4,Xspedius,,34,34,6,maxmin,0.5,0.5,5,0.0,5438170.412825575,12.842268915999739,7.402123022626583e-07,SUCCESS,1032.6666666666667,1032.6666666666667,1629.0,1243.0,1534.6666666666667,1227.7333333333333,10875466.820268232,7,10875459.820268232,0.0,1468.0,874.0,0.664182534320552,0.6706555825919102,0.9945054945054945,0.7590361445783133,-0.23546934992718127,0.9935265487335752,0.7589901731467996,0.18950770669113925,0.28257083309251085,0.7318894125746503,0.9222571806516721,0.32934441740808995,0.24531459170013387,0.6273374552160965,92.19222710512143,nan,nan,inf,99.04299391419326,nan,nan,nan,12.369993718079487,35.958991361463745,13.824398087083452,16.33986928104574,47.0068321347231,81.69001460709408,133.59162632885605,157.54941926616786,0,0.621605796954352,1.0000000000000087,1.000000000000004,13,1.8181861774430024,1157.0
20260521_225033,0,Geant2010,,37,37,6,maxmin,0.5,0.5,5,0.0,4346753.48478406,0.08258661500076414,0.0,SUCCESS,nan,1100.0,nan,1387.0,1675.3333333333333,1340.2666666666667,4435098.130320894,8,4435090.130320894,0.0,1579.0,1216.0,0.6517542136112111,0.6533283320827884,0.9971231300345225,0.7980437284234753,-0.1990794016110472,0.9929516685845801,0.7975154414402875,0.24908425139982343,0.3812543236962514,0.7244942112313767,0.8685893677961519,0.34667166791721166,0.22764064295891667,0.7526101120707067,19.715126429325373,nan,nan,inf,342.8673290243878,nan,nan,nan,11.274502102434472,29.894879731442973,101.03159386769399,294.11764705881563,18.85480223412917,0.0,0.0,0.0,0,0.6798692893072493,1.923184868529823,1.1608769180881693,5,2.5113276149548414,1111.0
20260521_225037,0,Geant2010,,37,37,6,maxmin,0.5,0.5,5,0.0,607326572.4197739,0.0014792729998589493,,SUCCESS,1100.0,1100.0,1733.0,1283.0,1675.3333333333333,1340.2666666666667,8850144.550679957,11,8850133.550679957,0.0,1579.0,288.0,0.6517542136112111,0.6578464071904163,0.9971231300345225,0.7813641900121803,-0.2157589400223422,0.9929516685845801,0.7578196249211955,0.06553612680988846,0.09962223110677985,0.7244942112313767,0.9930437694300093,0.34215359280958363,0.35308852908789273,0.41757509302051715,19.715126429325373,nan,nan,inf,74.17758260361359,nan,nan,nan,12.164890410906843,33.4759053077199,9.257828981367968,32.67973856209136,18.85480223412917,0.0,0.0,0.0,0,0.8405566798126232,3.5565747568702206,1.6515502212459048,8,8.122808900187495,2047.0
20260521_225159,0,Geant2010,,37,37,6,maxmin,0.5,0.5,5,0.0,2688570.990358459,77.88024517700251,1.0474414079683938e-06,SUCCESS,1100.0,1100.0,1733.0,1311.0,1675.3333333333333,1340.2666666666667,5376252.491523094,7,5376245.491523094,0.0,1579.0,863.0,0.6517542136112111,0.6549342426534023,0.9971231300345225,0.7543153049482163,-0.24280782508630616,0.9929516685845801,0.7541714614499425,0.17415508078287714,0.2659123152231357,0.7244942112313767,0.930687139390782,0.34506575734659767,0.25508733824719043,0.6306497746541089,19.715126429325373,nan,nan,inf,91.66073447188514,nan,nan,nan,13.294402769101179,63.35413639654615,10.150608752372062,13.40482573726539,18.85480223412917,46.19833762939579,71.73621427668215,120.9528225550945,0,0.7080004777732345,1.0000000000000067,1.0,13,1.8085006881866554,1224.0
20260521_225203,1,Geant2010,,37,37,6,maxmin,0.5,0.5,5,0.0,4614389.221422153,0.10364300600122078,0.0,SUCCESS,nan,1132.1666666666667,nan,1352.0,1657.8333333333333,1326.2666666666667,4692591.2274529375,8,4692583.2274529375,0.0,1491.0,1158.0,0.6823502913763932,0.681641797447308,0.9847374847374848,0.7978468899521531,-0.18689059478533165,0.9845848595848596,0.797560991639939,0.2519118648892463,0.3695663409031478,0.7426029376242068,0.879054488983732,0.31835820255269204,0.20390720390720396,0.7150026893207392,19.738742246389805,nan,nan,inf,330.1767621623705,nan,nan,nan,11.003740803815202,33.54418215047404,160.38420053012948,277.77777777776726,18.85480223412917,0.0,0.0,0.0,0,0.6428376711312739,1.2991741204042098,0.9797244090266415,7,1.5043737149264147,1143.0
20260521_225207,1,Geant2010,,37,37,6,maxmin,0.5,0.5,5,0.0,863104721.198059,0.0013564889995905105,,SUCCESS,1132.1666666666667,1132.1666666666667,1682.0,1424.0,1657.8333333333333,1326.2666666666667,9128347.665652428,11,9128336.665652428,0.0,1491.0,425.0,0.6823502913763932,0.6834099766828791,0.9847374847374848,0.8693528693528694,-0.11538461538461542,0.9845848595848596,0.8224969474969475,0.08791958541826639,0.12864837859846387,0.7426029376242068,0.9850267545199417,0.31659002331712105,0.334781987858018,0.3908887165466113,19.738742246389805,nan,nan,inf,inf,nan,nan,nan,11.323641509807564,29.894879731442973,4.113863715119573,5.170630816959667,18.85480223412917,0.0,0.0,0.0,1,0.7645181144274135,3.4531570244169125,1.77320630714239,8,6.748045559113466,2057.0
20260521_225208,1,Geant2010,,37,0,0,maxmin,0.5,0.5,5,0.0,,0.0,,INF_OR_UNBOUNDED_MCF_ARC,nan,nan,nan,nan,nan,nan,nan,0,nan,nan,0.0,0.0,0.0,0.0,0.0,0.0,0.0,0.0,0.0,0.0,0.0,0.0,0.0,0.0,0.0,0.0,0.0,0.0,0.0,0.0,0.0,0.0,0.0,0.0,0.0,0.0,0.0,0.0,0.0,0.0,0.0,0.0,0,0.0,0.0,0.0,0,0.0,0.0
20260521_225213,2,Geant2010,,37,37,6,maxmin,0.5,0.5,5,0.0,4001837.4530236865,0.017553802998008905,1.1636186945971468e-16,SUCCESS,nan,1109.6666666666667,nan,1366.0,1644.6666666666667,1315.7333333333336,3848807.3270400623,7,3848800.3270400623,0.0,1554.0,1213.0,0.6733541491282858,0.6767224769829149,0.9748157248157249,0.7995018679950187,-0.17531385682070622,0.9746905607350813,0.7995018679950187,0.26176185015968356,0.38680826936134444,0.7337882960199968,0.8700439212675264,0.323277523017085,0.20498300292820842,0.7363673338254997,19.73208461713987,nan,nan,inf,1302.398984384319,nan,nan,nan,11.728839136272871,33.54418215047404,565.405644705448,1249.9999999997158,18.85480223412917,0.0,0.0,0.0,0,0.6843946197012906,1.807802583423768,1.2206409505489262,7,2.205441067283536,1099.0
20260521_225216,2,Geant2010,,37,37,6,maxmin,0.5,0.5,5,0.0,826731650.7249163,0.0013106860023981426,,SUCCESS,1109.6666666666667,1109.6666666666667,1707.0,1194.0,1644.6666666666667,1315.7333333333336,9155393.551232863,11,9155382.551232863,0.0,1554.0,152.0,0.6733541491282858,0.6760295291301772,0.9748157248157249,0.7434620174346201,-0.23135370738110472,0.9746905607350813,0.7306973848069739,0.04475740644842081,0.06620628910398121,0.7337882960199968,0.9983917251864466,0.32397047086982284,0.31566170778499547,0.38971679927815606,19.73208461713987,nan,nan,inf,55.11157517254985,nan,nan,nan,11.871653178969757,33.4759053077199,5.8924258144406,11.013215859030815,18.85480223412917,0.0,0.0,0.0,0,0.780363839931855,3.3903166990044524,1.3962465218925468,7,6.221048330576512,1953.0
20260521_225247,2,Geant2010,,37,37,6,maxmin,0.5,0.5,5,0.0,2750841.9390593152,26.609518150999065,6.853072940623476e-06,SUCCESS,1109.6666666666667,1109.6666666666667,1707.0,1314.0,1644.6666666666667,1315.7333333333336,5500980.275248945,9,5500971.275248945,0.0,1554.0,673.0,0.6733541491282858,0.6753982392322152,0.9748157248157249,0.7590286425902865,-0.2157870822254384,0.9746905607350813,0.7567714819427148,0.1319583936957739,0.1953786463017473,0.7337882960199968,0.9629866465627372,0.32460176076778485,0.2695508397563192,0.5374682142564187,19.73208461713987,nan,nan,inf,84.71811386322508,nan,nan,nan,14.57489249546592,64.42446270823261,9.640864959375572,15.19756838905771,18.85480223412917,50.328649877293216,109.21162558176289,158.9243864123356,0,0.6738057536799519,1.0000000000000002,1.0,18,2.641035934504286,1496.0
20260521_225251,3,Geant2010,,37,37,6,maxmin,0.5,0.5,5,0.0,3720893.069355238,0.011216160997719271,5.6348943759985454e-05,SUCCESS,nan,1132.6666666666667,nan,1311.0,1639.5,1311.6000000000001,3746707.681557419,7,3746700.681557419,0.0,1432.0,988.0,0.6907925522256547,0.690831010362765,0.9926784624771202,0.7998779743746187,-0.1928004881025015,0.9922208663819402,0.7998779743746187,0.22097541821444666,0.3198689909684416,0.7691108294822518,0.9071572089447945,0.3091689896372351,0.21487731668473764,0.6577181208053692,26.21322917242364,nan,nan,inf,5046.852656961323,nan,nan,nan,11.19081813959176,33.54418215047404,1913.9859539086885,4999.999999998863,18.85480223412917,0.0,0.0,0.0,0,0.6516482860646695,2.376082411180225,1.0573392553898544,4,2.5967550594770428,1080.0
20260521_225255,3,Geant2010,,37,37,6,maxmin,0.5,0.5,5,0.0,740341178.948306,0.001226903998031048,,SUCCESS,1132.6666666666667,1132.6666666666667,1627.0,1360.0,1639.5,1311.6000000000001,7200472.414004038,10,7200462.414004038,0.0,1432.0,327.0,0.6907925522256547,0.6908611080352859,0.9926784624771202,0.8297742525930445,-0.16290420988407572,0.9922208663819402,0.7949859878613484,0.06534801010111138,0.09458921531558225,0.7691108294822518,0.9911373310668277,0.30913889196471417,0.32977425259304455,0.3637888956680903,26.21322917242364,nan,nan,inf,inf,nan,nan,nan,11.95778161804271,33.383193726930486,4.574482984918818,5.567928730512246,18.85480223412917,0.0,0.0,0.0,1,0.7378347274030087,4.403500555502482,1.5123799404113052,5,5.448536902561628,1914.0
20260521_225332,3,Geant2010,,37,37,6,maxmin,0.5,0.5,5,0.0,2591935.9346668664,32.887583306001034,8.01196908965266e-07,SUCCESS,1132.6666666666667,1132.6666666666667,1627.0,1244.0,1639.5,1311.6000000000001,5183369.22389205,8,5183361.22389205,0.0,1432.0,485.0,0.6907925522256547,0.6908611080352859,0.9926784624771202,0.7589993898718731,-0.23367907260524712,0.9922208663819402,0.7565588773642464,0.10421510693030189,0.15084813100374886,0.7691108294822518,0.9777641384481158,0.30913889196471417,0.25838926174496646,0.4800292653418241,26.21322917242364,nan,nan,inf,75.55094833008657,nan,nan,nan,13.346146406588726,44.67691532672664,9.935389358173415,14.88095238095237,18.85480223412917,43.85270294101505,62.122901478622715,77.19628103488823,0,0.6709779385988401,0.9999999999999696,0.9889192882612539,15,1.6094499653371008,1446.0
20260521_225336,4,Geant2010,,37,37,6,maxmin,0.5,0.5,5,0.0,4120006.270875588,0.04984308400162263,1.3856773984596883e-05,SUCCESS,nan,1126.1666666666667,nan,1407.0,1665.3333333333333,1332.2666666666667,4070167.888417787,8,4070159.888417787,0.0,1483.0,1246.0,0.6703389433361809,0.67350280231841,0.9987722529158993,0.7994318181818182,-0.19934043473408114,0.9868414274491621,0.7991659382284383,0.25752572006120594,0.3823677038532295,0.735207738273347,0.8699170629274963,0.32649719768158997,0.2041129527317373,0.7377225291589933,19.73930161827291,nan,nan,inf,1040.3464101397,nan,nan,nan,11.43945183975908,29.894879731442973,373.2300831787814,1000.0,18.85480223412917,0.0,0.0,0.0,0,0.6699520165444628,1.9101158265046987,1.2383510693841935,9,2.9372216606915966,1042.0
20260521_225340,4,Geant2010,,37,37,6,maxmin,0.5,0.5,5,0.0,741126778.848378,0.0013461859998642467,,SUCCESS,1126.1666666666667,1126.1666666666667,1644.0,1402.0,1665.3333333333333,1332.2666666666667,8870854.568520386,11,8870843.568520386,0.0,1483.0,418.0,0.6703389433361809,0.677243656818933,0.9987722529158993,0.8606507059545734,-0.13812154696132595,0.9868414274491621,0.8182934315531001,0.08614651867606946,0.12720166192579266,0.735207738273347,0.9864845687722926,0.32275634318106694,0.3584468784745028,0.3908533714213963,19.73930161827291,nan,nan,inf,inf,nan,nan,nan,12.18218322814858,33.4759053077199,3.9398116075324596,5.643340857787809,18.85480223412917,0.0,0.0,0.0,1,0.7963550520351722,3.6531753183480955,2.0413953622731285,8,8.658493274564107,2041.0
20260521_225341,4,Geant2010,,37,0,0,maxmin,0.5,0.5,5,0.0,,0.0,,INF_OR_UNBOUNDED_MCF_ARC,nan,nan,nan,nan,nan,nan,nan,0,nan,nan,0.0,0.0,0.0,0.0,0.0,0.0,0.0,0.0,0.0,0.0,0.0,0.0,0.0,0.0,0.0,0.0,0.0,0.0,0.0,0.0,0.0,0.0,0.0,0.0,0.0,0.0,0.0,0.0,0.0,0.0,0.0,0.0,0,0.0,0.0,0.0,0,0.0,0.0
20260521_225344,0,Palmetto,,45,45,7,maxmin,0.5,0.5,5,0.0,449290.40260632656,0.025083934000576846,0.0,SUCCESS,nan,1142.4285714285713,nan,1428.0,1740.142857142857,1392.1142857142856,480014.2728425199,7,480007.2728425199,0.0,1627.0,997.0,0.6489118193540674,0.6532432807570119,0.9933073061907418,0.7964305633017289,-0.1968767428890129,0.9929726715002789,0.796430563301729,0.19428740908381958,0.29741968238642935,0.7314962567841573,0.9109348243688079,0.34675671924298823,0.22421784472769413,0.6771084071308248,5.624387166548514,nan,nan,inf,163.2455617906707,nan,nan,nan,2.2054426048571925,5.1001918842688205,76.26037810249719,156.24999999999778,2.4966808928851236,0.0,0.0,0.0,0,0.6470720758329112,0.9736263396236375,0.8182035343632982,4,0.33982113331137476,1238.0
20260521_225346,0,Palmetto,,45,45,7,maxmin,0.5,0.5,5,0.0,467854190.8478177,0.004147347000980517,,SUCCESS,1142.4285714285713,1142.4285714285713,1781.0,1233.0,1740.142857142857,1392.1142857142856,3095653.9059536303,34,3095619.9059536303,0.0,1627.0,162.0,0.6489118193540674,0.6561697069056096,0.9933073061907418,0.6876742889012828,-0.305633017289459,0.9929726715002789,0.6876742889012828,0.021643456058872457,0.03298454017473544,0.7314962567841573,0.9969754943015248,0.34383029309439045,0.34966727162734423,0.36667925334804585,5.624387166548514,nan,nan,inf,11.837982506772608,nan,nan,nan,2.1398397996593808,4.3760583169659375,4.12854215612211,4.965243296921547,2.4966808928851236,0.0,0.0,0.0,0,0.6801234653163553,1.4262270010917162,1.183271171688286,7,2.302757156565767,2107.0
20260521_225439,0,Palmetto,,45,45,7,maxmin,0.5,0.5,5,0.0,297138.45007897296,51.01910027800113,3.1488760370633794e-05,SUCCESS,1142.4285714285713,1142.4285714285713,1781.0,1362.0,1740.142857142857,1392.1142857142856,593723.5849142681,10,593713.5849142681,0.0,1627.0,546.0,0.6489118193540674,0.654009340415553,0.9933073061907418,0.7596207473508088,-0.23368655883993306,0.9929726715002789,0.7557724484104853,0.10744607164895793,0.16428828307052531,0.7314962567841573,0.9664000730421368,0.3459906595844469,0.3217442545668827,0.5071779320439188,5.624387166548514,nan,nan,inf,21.40902747328652,nan,nan,nan,2.20831497452288,5.1001918842688205,7.553794979150624,13.812154696132579,2.4966808928851236,12.938507168020507,19.5750086439428,21.488849519471298,0,0.6481386842102488,0.986294217933934,0.8941317992634871,5,0.5418324578410251,1676.0
20260521_225442,1,Palmetto,,45,45,7,maxmin,0.5,0.5,5,0.0,458333.7956500912,0.14934027600247646,4.491823759319904e-05,SUCCESS,nan,1174.857142857143,nan,1357.0,1715.2857142857142,1372.2285714285715,524994.2251898667,10,524984.2251898667,0.0,1508.0,706.0,0.686484955655487,0.6858585939997134,0.9994117647058823,0.798235294117647,-0.2011764705882353,0.9983529411764707,0.7932941176470588,0.13352112265839663,0.19467733411306126,0.7685839115216921,0.9653937074376231,0.31414140600028656,0.26411764705882357,0.5398260375679218,7.797856316490698,nan,nan,inf,339.5813146744169,nan,nan,nan,2.1673763730046525,5.1001918842688205,68.8115162561811,333.3333333333333,2.4966808928851236,0.0,0.0,0.0,0,0.6174663838503334,0.8988248088657703,0.8105146687091733,3,0.13018806902834412,1531.0
20260521_225444,1,Palmetto,,45,45,7,maxmin,0.5,0.5,5,0.0,161303904.51726285,0.0018399789987597615,,SUCCESS,1174.857142857143,1174.857142857143,1699.0,1377.0,1715.2857142857142,1372.2285714285715,990200.2671008004,11,990189.2671008004,0.0,1508.0,352.0,0.686484955655487,0.6853493347404542,0.9994117647058823,0.81,-0.18941176470588228,0.9983529411764707,0.7773529411764706,0.060321134590615416,0.0880151647239278,0.7685839115216921,0.9932842096037178,0.3146506652595458,0.32529411764705884,0.3883214079382924,7.797856316490698,nan,nan,inf,inf,nan,nan,nan,2.1504803686831715,5.1001918842688205,4.618612206636445,5.9523809523809526,2.4966808928851236,0.0,0.0,0.0,1,0.6119778454904418,0.9743638623372308,0.7989436998075318,2,0.18684849305668383,2017.0
20260521_225518,1,Palmetto,,45,45,7,maxmin,0.5,0.5,5,0.0,297047.3354913084,32.11641492900162,1.2051757761792028e-05,SUCCESS,1174.857142857143,1174.857142857143,1699.0,1257.0,1715.2857142857142,1372.2285714285715,593722.5849142681,9,593713.5849142681,0.0,1508.0,367.0,0.686484955655487,0.6855331582698659,0.9994117647058823,0.7394117647058823,-0.26,0.9983529411764707,0.7385294117647059,0.0747359662848356,0.10901874750078122,0.7685839115216921,0.9896042804685217,0.31446684173013406,0.2905882352941176,0.44300890793829234,7.797856316490698,nan,nan,inf,17.305610641231613,nan,nan,nan,2.174314891454915,5.1001918842688205,6.955815122256132,9.70873786407767,2.4966808928851236,12.882780598785741,17.84383494532196,19.37280665202639,0,0.6137394491746803,0.862136366371338,0.8172801297622039,5,0.14224584535530416,1757.0
20260521_225521,2,Palmetto,,45,45,7,maxmin,0.5,0.5,5,0.0,379001.87014782877,0.2891654329978337,0.0,SUCCESS,nan,1183.4285714285713,nan,1468.0,1754.7142857142858,1403.7714285714287,426444.26435427676,9,426435.26435427676,0.0,1679.0,919.0,0.6757659127516862,0.6737771564177869,0.973432518597237,0.796285548461985,-0.17714697013525205,0.9658069686255426,0.7962433418673147,0.16135202960407224,0.23947387955673463,0.7638926924473236,0.9441850320805757,0.32622284358221304,0.24474299065420557,0.6024109468362187,14.163718064934178,nan,nan,inf,163.2455617906707,nan,nan,nan,2.1966102909937884,5.1001918842688205,62.36978472130494,156.24999999999778,2.4966808928851236,0.0,0.0,0.0,0,0.6359859896018336,0.9671107521308837,0.856173334077329,4,0.38837406644992256,1267.0
20260521_225523,2,Palmetto,,45,45,7,maxmin,0.5,0.5,5,0.0,127763726.98693821,0.0017526570009067655,,SUCCESS,1183.4285714285713,1183.4285714285713,1832.0,1351.0,1754.7142857142858,1403.7714285714287,1025518.0342640236,11,1025507.0342640236,0.0,1679.0,264.0,0.6757659127516862,0.6753731969341805,0.973432518597237,0.7891355140186916,-0.18429700457854536,0.9658069686255426,0.7630257009345793,0.0549132078264889,0.08130794659273478,0.7638926924473236,0.9949812387282015,0.32462680306581954,0.3480340063761955,0.383018295796946,14.163718064934178,nan,nan,inf,58.69577982382693,nan,nan,nan,2.1668206621712267,5.1001918842688205,11.960536684501509,53.76344086021466,2.4966808928851236,0.0,0.0,0.0,0,0.6502612447377,1.360331219210956,0.9045225088774317,4,1.034125264325048,2128.0
20260521_225605,2,Palmetto,,45,45,7,maxmin,0.5,0.5,5,0.0,235517.6919261444,39.56251834900104,0.0,SUCCESS,1183.4285714285713,1183.4285714285713,1832.0,1398.0,1754.7142857142858,1403.7714285714287,470256.3826673148,8,470248.3826673148,0.0,1679.0,779.0,0.6757659127516862,0.6732643583554033,0.973432518597237,0.7573998839233894,-0.2160326346738476,0.9658069686255426,0.7567570215501109,0.12981406304061552,0.19281291431751266,0.7638926924473236,0.9610071545503304,0.32673564164459673,0.2926401869158879,0.5410025662632141,14.163718064934178,nan,nan,inf,20.61953999230776,nan,nan,nan,2.253476526669794,5.1001918842688205,8.453677946266314,13.623978201634861,2.4966808928851236,14.107269109327305,20.870855758007735,24.292913711302557,0,0.6458966665129151,0.9671107521308837,0.9031111667692089,6,0.5686615493952945,1537.0
20260521_225607,3,Palmetto,,45,45,7,maxmin,0.5,0.5,5,0.0,461154.6216400179,0.036384245999215636,0.0,SUCCESS,nan,1188.142857142857,nan,1412.0,1726.142857142857,1380.9142857142858,521735.43621793704,8,521727.43621793704,0.0,1553.0,825.0,0.6874078665430007,0.6878659059735716,0.9918557300756253,0.7981910684002261,-0.1936646616753992,0.9883653286794647,0.7973026833077325,0.1473028706620035,0.2141447473741532,0.7701219918630526,0.9550286996024244,0.3121340940264283,0.24956369982547988,0.5546829552065151,3.3291017981445554,nan,nan,inf,317.8588103445049,nan,nan,nan,2.1681001038873036,5.1001918842688205,82.473199341212,312.49999999999557,2.4966808928851236,0.0,0.0,0.0,0,0.5954862222458144,0.9376287680080503,0.8536293892007645,3,0.27123362181660393,1422.0
20260521_225609,3,Palmetto,,45,45,7,maxmin,0.5,0.5,5,0.0,189402586.55034631,0.002335561999643687,,SUCCESS,1188.142857142857,1188.142857142857,1705.0,1435.0,1726.142857142857,1380.9142857142858,1607878.0461253102,16,1607862.0461253102,0.0,1553.0,327.0,0.6874078665430007,0.6884061576096299,0.9918557300756253,0.8347876672484003,-0.15706806282722507,0.9883653286794647,0.7922047702152414,0.06156096724624282,0.08942535822166746,0.7701219918630526,0.9922658550223077,0.31159384239037013,0.3318258903335217,0.3545666084933101,3.3291017981445554,nan,nan,inf,inf,nan,nan,nan,2.2614644758896123,5.1001918842688205,4.351557788838311,5.428881650380021,2.4966808928851236,0.0,0.0,0.0,1,0.6451975851945145,1.3591529020790165,1.1378378291158924,8,2.165231547512248,2196.0
20260521_225645,3,Palmetto,,45,45,7,maxmin,0.5,0.5,5,0.0,320373.641239924,31.760793741999805,9.531788288373928e-05,SUCCESS,1188.142857142857,1188.142857142857,1705.0,1295.0,1726.142857142857,1380.9142857142858,640274.3880219117,10,640264.3880219117,0.0,1553.0,462.0,0.6874078665430007,0.6883732727274349,0.9918557300756253,0.7533449680046539,-0.23851076207097144,0.9883653286794647,0.7529959278650379,0.0892444879946729,0.12964548673000229,0.7701219918630526,0.9836456766431749,0.31162672727256496,0.26410703897614896,0.459394997091332,3.3291017981445554,nan,nan,inf,19.28664935603045,nan,nan,nan,2.278267719793961,5.1001918842688205,8.371271740780376,12.468827930174557,2.4966808928851236,14.222362825841376,20.248882658778925,20.872295157582528,0,0.6114465591843891,0.9904493042191569,0.9298588999571369,7,0.8621181244443306,1779.0
20260521_225648,4,Palmetto,,45,45,7,maxmin,0.5,0.5,5,0.0,477410.18856497295,0.06551743599993642,0.0,SUCCESS,nan,1173.7142857142858,nan,1447.0,1731.4285714285713,1385.142857142857,524995.2251898667,11,524984.2251898667,0.0,1662.0,887.0,0.671894562692596,0.6757671591764546,0.9917550058892816,0.7985865724381626,-0.193168433451119,0.9914567649920623,0.796113074204947,0.161116178743055,0.23841966357081398,0.7471061346134443,0.9409355743204336,0.3242328408235455,0.2156424581005587,0.595818610129564,6.097012581023224,nan,nan,inf,422.91464800773446,nan,nan,nan,2.186886852503112,5.1001918842688205,98.53248500023092,416.6666666666509,2.4966808928851236,0.0,0.0,0.0,0,0.6199484083445005,0.969722003975102,0.8043791579152973,3,0.2927009281123357,1341.0
20260521_225654,4,Palmetto,,45,45,7,maxmin,0.5,0.5,5,0.0,161295293.77026442,0.002061337003397057,,SUCCESS,1173.7142857142858,1173.7142857142858,1823.0,1425.0,1731.4285714285713,1385.142857142857,1027610.9892016446,11,1027599.9892016446,0.0,1662.0,444.0,0.671894562692596,0.678138325038395,0.9917550058892816,0.8392226148409894,-0.1525323910482922,0.9914567649920623,0.8067137809187278,0.08250740461752634,0.12166751468124873,0.7471061346134443,0.98571787504644,0.321861674961605,0.3273743016759777,0.41978798586572436,6.097012581023224,nan,nan,inf,inf,nan,nan,nan,2.1673508663705006,5.1001918842688205,4.718940227008323,8.51788756388415,2.4966808928851236,0.0,0.0,0.0,1,0.6191030416016031,0.969722003975102,0.8736540134004059,3,0.3739878122719573,2075.0
20260521_225954,4,Palmetto,,45,45,7,maxmin,0.5,0.5,5,0.0,297144.6877823338,177.3225877620025,4.0463456595743835e-06,SUCCESS,1173.7142857142858,1173.7142857142858,1823.0,1397.0,1731.4285714285713,1385.142857142857,593721.5849142681,8,593713.5849142681,0.0,1662.0,560.0,0.671894562692596,0.6765458352404681,0.9917550058892816,0.7592391304347826,-0.23251587545449892,0.9914567649920623,0.7547889460746658,0.09342092608200694,0.13808513956604562,0.7471061346134443,0.9767749987620769,0.3234541647595318,0.27430167597765365,0.4816254416961131,6.097012581023224,nan,nan,inf,18.981939891675534,nan,nan,nan,2.287536466335469,4.4988808977877754,8.03920307476134,13.333333333333334,2.4966808928851236,13.886485088587408,19.098762944129813,19.496762636216655,0,0.6335920742373853,0.969722003975102,0.9473257361382137,6,0.6034568171154473,1689.0
20260521_225958,0,Bellcanada,,48,48,8,maxmin,0.5,0.5,5,0.0,9972777.122813145,0.04592929099817411,0.0,SUCCESS,nan,1071.75,nan,1355.0,1649.125,1319.3000000000002,10733996.117895428,12,10733984.117895428,0.0,1539.0,1201.0,0.6395974461827101,0.6480118850712941,0.9964685108887581,0.7975279576221307,-0.1989405532666274,0.987198351971748,0.7964979399646852,0.23119817323719655,0.356780760605587,0.6978728179096588,0.8834845357256513,0.35198811492870585,0.239953631604293,0.7719168601791371,55.73142302553131,nan,nan,inf,339.94246164316644,nan,nan,nan,27.992030699696375,91.22316350680327,67.32071771127532,238.09523809523552,54.83360942891599,0.0,0.0,0.0,0,0.6261500995742164,0.935864166564992,0.8989385127407585,6,0.5644908201814874,1639.0
20260521_230001,0,Bellcanada,,48,48,8,maxmin,0.5,0.5,5,0.0,8573495355.343537,0.003997995001554955,,SUCCESS,1071.75,1071.75,1693.0,1156.0,1649.125,1319.3000000000002,57721687.231274255,25,57721662.231274255,0.0,1539.0,218.0,0.6395974461827101,0.6499526629434574,0.9964685108887581,0.7074663402692778,-0.2890021706194803,0.987198351971748,0.7049621554429434,0.033228777572524903,0.051124919501123176,0.6978728179096588,0.9968456635318024,0.35004733705654256,0.3636459419213405,0.38565098216457583,55.73142302553131,nan,nan,inf,122.84802812767931,nan,nan,nan,27.730771307165742,64.47083258962087,4.311930754942121,6.613756613756612,54.83360942891599,0.0,0.0,0.0,0,0.7123042495853911,2.8242671716073677,1.5890825692540989,10,5.3428992761914085,2730.0
20260521_230315,0,Bellcanada,,48,48,8,maxmin,0.5,0.5,5,0.0,5810005.018234802,191.60106501599876,8.881914179573879e-07,SUCCESS,1071.75,1071.75,1693.0,1222.0,1649.125,1319.3000000000002,11618904.55202123,11,11618893.55202123,0.0,1539.0,1068.0,0.6395974461827101,0.6495246198149884,0.9964685108887581,0.7588652482269503,-0.23760326266180776,0.987198351971748,0.7520139413352778,0.21033118436606438,0.3238232669701965,0.6978728179096588,0.9048894065958998,0.3504753801850116,0.2783656869809802,0.6890630099208761,55.73142302553131,nan,nan,inf,144.81998671754374,nan,nan,nan,28.02335886804265,82.75048727415597,8.81349969134787,15.673981191222525,54.83360942891599,93.2008628210184,119.4521351957604,146.41163137988124,0,0.6236957531583727,0.9672906218209125,0.9324608826269167,9,0.9562776451863684,2006.0
20260521_230319,1,Bellcanada,,48,48,8,maxmin,0.5,0.5,5,0.0,9381404.583048634,0.05330567700002575,1.0233010602974418e-07,SUCCESS,nan,1100.625,nan,1348.0,1610.125,1288.1000000000001,10559714.144895218,10,10559704.144895218,0.0,1385.0,1157.0,0.6872816033035594,0.6846759531392507,0.9893283113622097,0.7995255041518387,-0.18980280721037102,0.9860326428123039,0.7989445594940499,0.21918860636766624,0.32013481028898827,0.7804965268278178,0.9066308197872791,0.3153240468607494,0.21782799748901444,0.6943420953231165,61.94129353111032,nan,nan,inf,1332.714708927036,nan,nan,nan,27.08153255549332,82.91737762505261,256.7315554271492,1249.9999999997158,54.83360942891599,0.0,0.0,0.0,0,0.6097446215689384,1.1667568907960986,0.9476898744012326,7,1.0978253894087526,1454.0
20260521_230322,1,Bellcanada,,48,48,8,maxmin,0.5,0.5,5,0.0,4046438434.8231716,0.002462385997205274,,SUCCESS,1100.625,1100.625,1576.0,1256.0,1610.125,1288.1000000000001,24560785.00880323,15,24560770.00880323,0.0,1385.0,304.0,0.6872816033035594,0.6833949720681125,0.9893283113622097,0.7672571777642028,-0.2220711335980069,0.9860326428123039,0.7500668202862171,0.049232569572720486,0.07204116445827989,0.7804965268278178,0.9939609659931303,0.31660502793188744,0.307909604519774,0.3913998744507219,61.94129353111032,nan,nan,inf,153.72548459216097,nan,nan,nan,27.204185901041374,91.22316350680327,6.994083750609907,18.6567164179104,54.83360942891599,0.0,0.0,0.0,0,0.6533249388555862,2.2497893304560703,1.0029010770151314,9,2.8334293065479583,2371.0
20260521_230413,1,Bellcanada,,48,48,8,maxmin,0.5,0.5,5,0.0,6164430.82046644,48.03960112099958,1.0575604159047178e-15,SUCCESS,1100.625,1100.625,1576.0,1180.0,1610.125,1288.1000000000001,12328315.580510877,10,12328305.580510877,0.0,1385.0,516.0,0.6872816033035594,0.6844141612288497,0.9893283113622097,0.7407407407407407,-0.24858757062146897,0.9860326428123039,0.7398618957940992,0.1064633637053519,0.15555400477716505,0.7804965268278178,0.9777146630820167,0.31558583877115026,0.2705586942875079,0.4918036784297867,61.94129353111032,nan,nan,inf,157.2966063614312,nan,nan,nan,27.585999177686773,91.86977659353218,8.046131661474883,10.593220338983041,54.83360942891599,91.98585897744067,146.10673390918845,159.47210376263104,0,0.6249450066070127,0.9992022096767337,0.953873970361129,10,1.3105877573762206,1873.0
20260521_230417,2,Bellcanada,,48,48,8,maxmin,0.5,0.5,5,0.0,9329833.601114336,0.04261058699921705,0.0,SUCCESS,nan,1104.5,nan,1376.0,1627.375,1301.9,10559715.144895218,11,10559704.144895218,0.0,1445.0,1191.0,0.6784061135232771,0.6775043123491541,0.9993742177722152,0.7959949937421777,-0.2033792240300375,0.9991551939924906,0.7957759699624531,0.2174323113204767,0.3209312580853688,0.7559323656559954,0.905579551270845,0.3224956876508458,0.23122653316645808,0.699975183200287,60.50657536675309,nan,nan,inf,236.9823586830644,nan,nan,nan,27.71327502454694,91.22316350680327,60.072907575881025,156.24999999999778,54.83360942891599,0.0,0.0,0.0,0,0.627674546181586,0.9816217183751054,0.8969186456816994,8,0.7278622980695978,1549.0
20260521_230420,2,Bellcanada,,48,48,8,maxmin,0.5,0.5,5,0.0,2579098318.1932216,0.0024560860001656692,,SUCCESS,1104.5,1104.5,1598.0,1230.0,1627.375,1301.9,20475727.81613586,15,20475712.81613586,0.0,1445.0,218.0,0.6784061135232771,0.6789758962303745,0.9993742177722152,0.769712140175219,-0.2296620775969962,0.9991551939924906,0.7484487900916434,0.04322741498180427,0.0636656105493579,0.7559323656559954,0.9959630244965771,0.3210241037696254,0.3254067584480601,0.3677372008039043,60.50657536675309,nan,nan,inf,149.72246208527937,nan,nan,nan,27.441220245713865,91.22316350680327,6.786000890631633,20.66115702479335,54.83360942891599,0.0,0.0,0.0,0,0.6951307886534216,2.8710542548295406,0.9661756945348373,10,3.194392312352756,2532.0
20260521_230724,2,Bellcanada,,48,48,8,maxmin,0.5,0.5,5,0.0,5973928.503598319,181.03587085399704,3.140361608166816e-06,SUCCESS,1104.5,1104.5,1598.0,1252.0,1627.375,1301.9,11946922.899318535,13,11946909.899318535,0.0,1445.0,899.0,0.6784061135232771,0.6777999377638854,0.9993742177722152,0.7571964956195244,-0.24217772215269084,0.9991551939924906,0.7569774718397997,0.17317013798997322,0.2554885716886829,0.7559323656559954,0.9375412602761624,0.32220006223611464,0.2543804755944931,0.6052967893247645,60.50657536675309,nan,nan,inf,154.69235151948436,nan,nan,nan,27.893837668880693,91.22316350680327,10.999401514112911,14.619883040935653,54.83360942891599,95.59872189163832,135.05946662549132,156.78733921011957,0,0.6401446991480235,1.0,0.9346568638621678,8,0.9206259828426955,1857.0
20260521_230728,3,Bellcanada,,48,48,8,maxmin,0.5,0.5,5,0.0,6453661.558102223,0.02904242099975818,0.0,SUCCESS,nan,1107.875,nan,1282.0,1603.75,1283.0,7207193.218961233,10,7207183.218961233,0.0,1426.0,860.0,0.6906752972886838,0.6907767811828893,0.9844042420461634,0.7997504678727386,-0.18465377417342477,0.9833125389893949,0.7995321272613849,0.17347983878605847,0.25113733337850586,0.7759447720649972,0.9406546625081177,0.3092232188171107,0.23096648724598495,0.6197130380536492,62.14152435547226,nan,nan,inf,2604.152191306042,nan,nan,nan,27.549679290321084,91.22316350680327,495.65551136595064,2499.9999999994316,54.83360942891599,0.0,0.0,0.0,0,0.5926386791801223,1.0337099191200376,0.861993393116671,6,0.5540838631868785,1541.0
20260521_230731,3,Bellcanada,,48,48,8,maxmin,0.5,0.5,5,0.0,2559091313.597308,0.0031927880008879583,,SUCCESS,1107.875,1107.875,1578.0,1184.0,1603.75,1283.0,21584938.455210947,20,21584918.455210947,0.0,1426.0,150.0,0.6906752972886838,0.6907881217899782,0.9844042420461634,0.7386150966936993,-0.2457891453524641,0.9833125389893949,0.7328655058279089,0.03072185639516645,0.04447363153199511,0.7759447720649972,0.9979820130215101,0.30921187821002183,0.30411728009981287,0.3508109794135995,62.14152435547226,nan,nan,inf,151.56945209779204,nan,nan,nan,27.243320223178895,91.22316350680327,6.234792843481471,10.16260162601625,54.83360942891599,0.0,0.0,0.0,0,0.6738340344489203,3.021756979435721,1.0462757493240376,9,3.6306154330203624,2229.0
20260521_231017,3,Bellcanada,,48,48,8,maxmin,0.5,0.5,5,0.0,6148368.941605104,162.7672238410014,7.762037467888417e-07,SUCCESS,1107.875,1107.875,1578.0,1207.0,1603.75,1283.0,12295999.623670446,12,12295987.623670446,0.0,1426.0,705.0,0.6906752972886838,0.6907785258916721,0.9844042420461634,0.7529631940112289,-0.23144104803493448,0.9833125389893949,0.7527448533998753,0.14301365493073143,0.2070325720477866,0.7759447720649972,0.9588677332106287,0.30922147410832784,0.25310548470530125,0.5422956955708045,62.14152435547226,nan,nan,inf,154.5027188816652,nan,nan,nan,27.744669312109263,91.22316350680327,11.04661960809524,13.262599469496005,54.83360942891599,95.38509042142715,141.72242749333412,156.54199449595563,0,0.6386490556444621,1.0000000000000209,0.9816361807508299,11,1.3029431222865526,1767.0
20260521_231020,4,Bellcanada,,48,48,8,maxmin,0.5,0.5,5,0.0,10259325.906514432,0.09000658599688904,0.0,SUCCESS,nan,1097.75,nan,1372.0,1624.75,1299.8000000000002,11538615.460672965,11,11538604.460672965,0.0,1536.0,954.0,0.6684304450528094,0.6730086915255988,0.9916617033948779,0.7984886649874056,-0.19317303840747235,0.9897189960955596,0.7977175742035083,0.18584508606405598,0.2761406923925099,0.7310036084450413,0.9237828232157864,0.3269913084744012,0.21618357487922701,0.6616183879093198,60.19339034907931,nan,nan,inf,521.7882861706097,nan,nan,nan,26.78646658235614,82.75048727415597,113.06024987851617,416.6666666666509,54.83360942891599,0.0,0.0,0.0,0,0.5988661428834579,1.0112489854083249,0.9370991283275736,6,0.7410293413590204,1710.0
20260521_231023,4,Bellcanada,,48,48,8,maxmin,0.5,0.5,5,0.0,3221147419.1884747,0.0024651610001455992,,SUCCESS,1097.75,1097.75,1697.0,1154.0,1624.75,1299.8000000000002,24939218.70112622,16,24939202.70112622,0.0,1536.0,157.0,0.6684304450528094,0.6761380718872925,0.9916617033948779,0.7267002518891688,-0.26496145150570916,0.9897189960955596,0.7200881612090679,0.030845323903666674,0.04561985959105757,0.7310036084450413,0.99849988461846,0.3238619281127075,0.3231140254809623,0.3646010378184615,60.19339034907931,nan,nan,inf,152.88737402861545,nan,nan,nan,27.13752957132249,91.22316350680327,5.358406730236574,8.591065292096213,54.83360942891599,0.0,0.0,0.0,0,0.6546554958093442,2.868325746071412,0.9630658247888155,7,2.7912338988893115,2609.0
20260521_231257,4,Bellcanada,,48,48,8,maxmin,0.5,0.5,5,0.0,5912098.278918847,150.8290722219972,2.1944546323739063e-06,SUCCESS,1097.75,1097.75,1697.0,1287.0,1624.75,1299.8000000000002,11823057.271344015,11,11823046.271344015,0.0,1536.0,1103.0,0.6684304450528094,0.6738691986749278,0.9916617033948779,0.7596618357487923,-0.2319998676460856,0.9897189960955596,0.7593658355540954,0.21098600337190213,0.3130963750632577,0.7310036084450413,0.9090453517467584,0.3261308013250723,0.24548804839152488,0.6650503778337529,60.19339034907931,nan,nan,inf,156.8792837582301,nan,nan,nan,27.48813266380063,91.22316350680327,13.25075233673032,15.29051987767582,54.83360942891599,96.46452205913153,137.2747266721923,159.02913228452866,0,0.626217823784971,0.965483939819106,0.8805482076433498,6,0.5132835076351888,1852.0
20260521_231300,0,Iris,,51,51,8,maxmin,0.5,0.5,5,0.0,875445.0153290066,0.9037521049976931,0.0,SUCCESS,nan,1136.125,nan,1428.0,1735.0,1388.0,949255.4989786132,13,949242.4989786132,0.0,1605.0,1088.0,0.6458781485798483,0.6501979925428748,0.9854341736694678,0.8,-0.1854341736694678,0.9839547641380015,0.8,0.25722350970927055,0.39560797273964043,0.7178880403648644,0.8601155410834722,0.3498020074571253,0.2009313849873875,0.7959508453500789,4.825946308757686,nan,nan,inf,inf,nan,nan,nan,3.142908509967758,6.733950628659757,629.6251837437676,1249.9999999997158,3.8097789565591365,0.0,0.0,0.0,2,0.6253234314172433,0.9824767065745473,0.8124039454962133,3,0.2988961539846171,1372.0
20260521_231304,0,Iris,,51,51,8,maxmin,0.5,0.5,5,0.0,484496920.15074426,0.004298177002056036,,SUCCESS,1136.125,1136.125,1759.0,1209.0,1735.0,1388.0,4239993.006177304,24,4239969.006177304,0.0,1605.0,147.0,0.6458781485798483,0.6551992126894554,0.9854341736694678,0.7037252619324796,-0.2817089117369882,0.9839547641380015,0.6977803010347006,0.027003798421948826,0.041214638080995084,0.7178880403648644,0.998670706485551,0.34480078731054464,0.3523809523809524,0.3710517505067629,4.825946308757686,nan,nan,inf,14.963648605235012,nan,nan,nan,3.0073116983032593,7.021558948309748,4.186000272101953,6.0459492140265985,3.8097789565591365,0.0,0.0,0.0,0,0.84120664363905,2.6781259916794733,2.088045408035899,13,10.447919134152404,2735.0
20260521_231522,0,Iris,,51,51,8,maxmin,0.5,0.5,5,0.0,696031.4810621433,136.15581065199876,8.501973060385655e-07,SUCCESS,1136.125,1136.125,1759.0,1353.0,1735.0,1388.0,1391340.088012587,11,1391329.088012587,0.0,1605.0,711.0,0.6458781485798483,0.6522371543848238,0.9854341736694678,0.7579831932773109,-0.22745098039215694,0.9839547641380015,0.7568067226890756,0.148198397636182,0.22721550994125686,0.7178880403648644,0.9451070089596367,0.3477628456151762,0.2698553666582086,0.6089260980770375,4.825946308757686,nan,nan,inf,23.46092184471954,nan,nan,nan,3.0659934324278,6.31780955482707,8.90460038990408,13.333333333333334,3.8097789565591365,16.69830391631335,23.14485456912423,23.859867357043793,0,0.6202885876383554,0.8772524199579987,0.840883067734587,4,0.21437717023574898,1933.0
20260521_231526,1,Iris,,51,51,8,maxmin,0.5,0.5,5,0.0,936992.8525242124,0.3052593100001104,1.2424355374037025e-16,SUCCESS,nan,1170.5,nan,1354.0,1707.375,1365.9,1065520.0396517133,12,1065508.0396517133,0.0,1500.0,924.0,0.6883585346575094,0.6866645647020898,0.9982290436835891,0.7992916174734357,-0.19893742621015342,0.9976092089728452,0.7990850059031878,0.17292645579403265,0.2518354152570214,0.7700934913012002,0.9422322607222424,0.31333543529791014,0.25,0.610277566517507,6.422672959213352,nan,nan,inf,843.2205461467667,nan,nan,nan,3.0013336416064966,6.469192907193204,224.83357068890712,833.3333333333018,3.8097789565591365,0.0,0.0,0.0,0,0.5906008354302668,0.9247743560274015,0.8948796061567728,5,0.4843404840811375,1694.0
20260521_231529,1,Iris,,51,51,8,maxmin,0.5,0.5,5,0.0,276551672.36154693,0.002619858001708053,,SUCCESS,1170.5,1170.5,1691.0,1277.0,1707.375,1365.9,2864123.0420125476,15,2864108.0420125476,0.0,1500.0,216.0,0.6883585346575094,0.6856811832641067,0.9982290436835891,0.7415795586527294,-0.2566494850308597,0.9976092089728452,0.7345060519672493,0.03616293449861541,0.052740158810346674,0.7700934913012002,0.9973460671638097,0.3143188167358933,0.31552538370720185,0.367449546556607,6.422672959213352,nan,nan,inf,17.157486198975505,nan,nan,nan,3.050486357354597,6.733950628659757,5.702534036904803,9.94035785288269,3.8097789565591365,0.0,0.0,0.0,0,0.7587984194262852,2.6587262735787798,1.7778070327284605,12,7.349057783410472,2532.0
20260521_232001,1,Iris,,51,51,8,maxmin,0.5,0.5,5,0.0,669223.8331981144,269.12518042399824,0.0,SUCCESS,1170.5,1170.5,1691.0,1282.0,1707.375,1365.9,1337815.0622826465,15,1337800.0622826465,0.0,1500.0,621.0,0.6883585346575094,0.6864860390134176,0.9982290436835891,0.7567886658795749,-0.24144037780401417,0.9976092089728452,0.7567886658795749,0.12080336375244143,0.1759735185963196,0.7700934913012002,0.9718852276586482,0.31351396098658246,0.25560802833530105,0.5290046103869304,6.422672959213352,nan,nan,inf,24.204931771011232,nan,nan,nan,3.0575245446702968,6.733950628659757,10.01904604395833,13.661202185792341,3.8097789565591365,18.02492201497371,24.33402296426028,27.22407195950821,0,0.6307884087518322,0.9999999999999988,0.939019236970532,14,1.340392155759003,1926.0
20260521_232004,2,Iris,,51,51,8,maxmin,0.5,0.5,5,0.0,921143.98235483,0.45813563000047,0.0,SUCCESS,nan,1176.5,nan,1427.0,1731.125,1384.9,1012149.6317451949,14,1012135.6317451949,0.0,1690.0,1242.0,0.6781605195313998,0.6780107084465308,0.999412455934195,0.799059929494712,-0.20035252643948298,0.9959165687426557,0.798939712631306,0.2258737355497325,0.3331418408822157,0.7447656909551592,0.898215010253872,0.3219892915534692,0.21245730368379107,0.7257638072855461,5.791280235782182,nan,nan,inf,632.5162457882603,nan,nan,nan,3.098708473012398,6.31780955482707,220.4938543578575,624.9999999999467,3.8097789565591365,0.0,0.0,0.0,0,0.6228018404377175,1.0313185498422417,0.9103361512793882,6,0.7347054128624717,1658.0
20260521_232007,2,Iris,,51,51,8,maxmin,0.5,0.5,5,0.0,801707363.5330412,0.004070416998729343,,SUCCESS,1176.5,1176.5,1843.0,1254.0,1731.125,1384.9,6464589.276244452,26,6464563.276244452,0.0,1690.0,127.0,0.6781605195313998,0.6796467680127805,0.999412455934195,0.7074030552291422,-0.2920094007050529,0.9959165687426557,0.7031604793611368,0.013860552023221787,0.02039375845742438,0.7447656909551592,0.9987185483808415,0.3203532319872196,0.3261123230683375,0.33495887191539364,5.791280235782182,nan,nan,inf,15.45668480588646,nan,nan,nan,3.0609281194313205,7.021558948309748,4.889371366465799,6.345177664974614,3.8097789565591365,0.0,0.0,0.0,0,0.8232005028177529,2.8828397156500447,1.7634253919164986,15,8.915925484181807,2676.0
20260521_232106,2,Iris,,51,51,8,maxmin,0.5,0.5,5,0.0,696040.1359368435,55.869079380001494,3.140554152601151e-05,SUCCESS,1176.5,1176.5,1843.0,1382.0,1731.125,1384.9,1391339.088012587,10,1391329.088012587,0.0,1690.0,730.0,0.6781605195313998,0.6785258564363454,0.999412455934195,0.7585193889541716,-0.24089306698002344,0.9959165687426557,0.7582735323256123,0.1209352399675789,0.17823232352962545,0.7447656909551592,0.9659648257197531,0.3214741435636545,0.2730499267616561,0.5381609870740305,5.791280235782182,nan,nan,inf,24.44327781276081,nan,nan,nan,3.1041795924577316,6.733950628659757,9.19586059894958,14.16430594900847,3.8097789565591365,16.973260241802073,23.316600549092083,24.757138696648585,0,0.638779961524064,1.0,0.949194848591342,7,0.8800169520255735,2108.0
20260521_232110,3,Iris,,51,51,8,maxmin,0.5,0.5,5,0.0,893414.9669212039,0.33157370399931096,1.3030375148976237e-16,SUCCESS,nan,1176.625,nan,1361.0,1709.375,1367.5,970848.2216508489,14,970834.2216508489,0.0,1552.0,1166.0,0.6872764107340256,0.6880340531934055,0.9970640046975925,0.799177921315326,-0.19788608338226654,0.9881144080705389,0.7991779213153261,0.220754594461561,0.3208483554512485,0.7684630376544124,0.9064647141509646,0.31196594680659456,0.2204932472108045,0.6929242513211976,6.5979098928538775,nan,nan,inf,724.1991759787035,nan,nan,nan,3.0689290163616967,6.31780955482707,288.00992686231666,714.2857142856678,3.8097789565591365,0.0,0.0,0.0,0,0.5905323686547914,0.869295630020618,0.8208017308928777,4,0.17350635542910942,1564.0
20260521_232113,3,Iris,,51,51,8,maxmin,0.5,0.5,5,0.0,823919848.5169034,0.004385988002468366,,SUCCESS,1176.625,1176.625,1704.0,1287.0,1709.375,1367.5,7117267.506592608,29,7117238.506592608,0.0,1552.0,188.0,0.6872764107340256,0.6881663738482832,0.9970640046975925,0.733751425313569,-0.2633125793840235,0.9881144080705389,0.7245896302118938,0.028642458003481846,0.041621414663594876,0.7684630376544124,0.9976517097787615,0.31183362615171695,0.3041691133294187,0.35281855549031116,6.5979098928538775,nan,nan,inf,16.04806091623195,nan,nan,nan,3.0988722538792257,7.021558948309748,5.681048247941915,8.605851979345951,3.8097789565591365,0.0,0.0,0.0,0,0.7875368970233185,2.682142627749792,1.9362290934963633,15,9.657458208101993,2425.0
20260521_232204,3,Iris,,51,51,8,maxmin,0.5,0.5,5,0.0,666871.2359701605,47.97793606399864,1.5706317561383604e-05,SUCCESS,1176.625,1176.625,1704.0,1294.0,1709.375,1367.5,1333065.1805384504,14,1333051.1805384504,0.0,1552.0,666.0,0.6872764107340256,0.688166373848283,0.9970640046975925,0.7598355842630652,-0.2372284204345273,0.9881144080705389,0.7594245449207282,0.12463782966711738,0.18111583826761596,0.7684630376544124,0.9678875512484232,0.31183362615171695,0.25496809239312745,0.526218438050499,6.5979098928538775,nan,nan,inf,24.107421104541906,nan,nan,nan,3.0333221918270783,6.31780955482707,10.488506302028824,14.619883040935653,3.8097789565591365,17.887504351139878,24.078457109784267,24.392685251634614,0,0.5964354951612137,0.8626072636227362,0.8208017308928777,5,0.1484032416064316,1837.0
20260521_232207,4,Iris,,51,51,8,maxmin,0.5,0.5,5,0.0,846076.500603666,0.05849490899709053,1.375943212509434e-16,SUCCESS,nan,1172.75,nan,1465.0,1736.25,1389.0,941185.493116559,10,941175.493116559,0.0,1616.0,1281.0,0.6695204370325011,0.6726224025373572,1.0,0.7996623522791221,-0.20033764772087792,0.9979375368296994,0.7996567811912113,0.23628681647066266,0.35129192185587277,0.7566044745996187,0.8866186405590817,0.32737759746264283,0.2036303068813179,0.7591632292280494,5.902634657415813,nan,nan,inf,1675.685498188731,nan,nan,nan,3.0589664150558225,6.733950628659757,597.5723194446779,1666.6666666662877,3.8097789565591365,0.0,0.0,0.0,0,0.648059522994026,2.7619066685914433,0.9776643143724,5,2.7177695424093553,1358.0
20260521_232210,4,Iris,,51,51,8,maxmin,0.5,0.5,5,0.0,648164321.2055978,0.0044808889979321975,,SUCCESS,1172.75,1172.75,1777.0,1359.0,1736.25,1389.0,5626844.317349343,29,5626815.317349343,0.0,1616.0,296.0,0.6695204370325011,0.6754882497274997,1.0,0.7389885807504079,-0.26101141924959215,0.9979375368296994,0.7329943158495801,0.04353860244879983,0.06445501082567143,0.7566044745996187,0.9947924285858172,0.3245117502725003,0.32056570418385383,0.38755396654286667,5.902634657415813,nan,nan,inf,17.31451784043556,nan,nan,nan,3.117615917737736,7.363823077785538,5.405626740822714,8.912655971479497,3.8097789565591365,0.0,0.0,0.0,0,0.8214626929645744,4.220441650881306,1.815652732054186,15,10.445928923158275,2539.0
20260521_232720,4,Iris,,51,51,8,maxmin,0.5,0.5,5,0.0,698447.3040478555,306.86561245600024,6.667092629737369e-16,SUCCESS,1172.75,1172.75,1777.0,1357.0,1736.25,1389.0,1396093.9697567832,16,1396077.9697567832,0.0,1616.0,789.0,0.6695204370325011,0.6743197677881464,1.0,0.7585243152599217,-0.2414756847400783,0.9979375368296994,0.7582735686195973,0.13760008020390868,0.2040576100197303,0.7566044745996187,0.9575617308125446,0.3256802322118536,0.25199804746633225,0.570005892751915,5.902634657415813,nan,nan,inf,24.094068958313553,nan,nan,nan,3.117190677392688,7.363823077785538,9.89070459539021,13.966480446927347,3.8097789565591365,17.539120644784695,23.729611181442642,24.546978301240475,0,0.6154019612207038,1.0,0.937494564021715,6,0.78052519549956,1849.0
20260521_232726,0,Uninett2010,,74,74,12,maxmin,0.5,0.5,5,0.0,3712005.358023473,0.24438846500197542,4.9700035563211645e-05,SUCCESS,nan,1106.8333333333333,nan,1393.0,1671.25,1336.9999999999998,3739248.9590648143,16,3739232.9590648143,0.0,1526.0,1230.0,0.6594837007495703,0.6591341363936514,0.9902912621359223,0.7996505532906232,-0.19064070884529916,0.9760495564058871,0.7992320148660365,0.25023468633293383,0.3796415213784155,0.7304822106571751,0.8715705691466229,0.34086586360634863,0.23296001578609554,0.8971848844472206,15.489429472809295,nan,nan,inf,1687.7688963947528,nan,nan,nan,5.067603539253133,21.1294281713095,266.1738743238937,1666.6666666662877,14.628097603556515,0.0,0.0,0.0,0,0.657570614840508,1.987134087807579,0.8971206262237224,7,2.7318178464219054,2173.0
20260521_232729,0,Uninett2010,,74,74,12,maxmin,0.5,0.5,5,0.0,342414287.92790294,0.007993825998710236,,SUCCESS,1106.8333333333333,1106.8333333333333,1678.0,1813.0,1671.25,1336.9999999999998,6494895.991510827,33,6494862.991510827,0.0,1526.0,1306.0,0.6594837007495703,0.6607131941145822,0.9902912621359223,1.0798094103633116,0.08951814822738924,0.9760495564058871,0.8985717375271784,0.16890457608474835,0.25563978075403254,0.7304822106571751,0.9351057582171238,0.3392868058854177,0.335870367731333,0.5554048228734474,15.489429472809295,nan,nan,inf,inf,nan,nan,nan,5.067451073227775,21.1294281713095,5.487264611707442,11.520737327188916,14.628097603556515,0.0,0.0,0.0,1,0.6814148936942519,3.280885217316343,1.0605395244502511,7,4.8840423422505,3868.0
20260521_233600,0,Uninett2010,,74,74,12,maxmin,0.5,0.5,5,0.0,2705482.556942049,506.7736837400007,0.9563462926587528,SUCCESS,1106.8333333333333,1106.8333333333333,1678.0,1260.0,1671.25,1336.9999999999998,5410585.275755207,16,5410569.275755207,0.0,1526.0,369.0,0.6594837007495703,0.6615073513825401,0.9902912621359223,0.7320908561444379,-0.2582004059914844,0.9760495564058871,0.7263481017598424,0.06289068011604561,0.09507177809075751,0.7304822106571751,0.9876989349896925,0.33849264861745976,0.3213635428934627,0.44545859701295987,15.489429472809295,nan,nan,inf,44.347593230188544,nan,nan,nan,5.263510509433287,23.760020060481857,5.400832035132798,8.576329331046303,14.628097603556515,26.32311514122885,41.04683504296572,44.932240491606706,0,0.6654252385290745,1.0000000000000004,1.0,19,2.807907069884992,3261.0
20260521_233606,1,Uninett2010,,74,74,12,maxmin,0.5,0.5,5,0.0,3575696.202326171,0.23654757600161247,0.0,SUCCESS,nan,1114.6666666666667,nan,1314.0,1640.1666666666667,1312.1333333333334,3905291.764180368,17,3905274.764180368,0.0,1496.0,1149.0,0.6803294900407874,0.6811562781911521,0.9962802231866088,0.7997520148791073,-0.1965282083075015,0.9955982641041538,0.7987290762554247,0.21394201842192132,0.3140865397145808,0.7360190045428161,0.9101328223329563,0.3188437218088478,0.21089467562459846,0.761624211370847,15.50479742343429,nan,nan,inf,2520.512282139678,nan,nan,nan,4.920595274823828,20.448999335836213,335.7435634057134,2499.9999999994316,14.628097603556515,0.0,0.0,0.0,0,0.6246851260258768,1.9901159889729718,0.841167654524374,8,2.3726966062512123,2418.0
20260521_233609,1,Uninett2010,,74,74,12,maxmin,0.5,0.5,5,0.0,672928148.7861799,0.007305107999854954,,SUCCESS,1114.6666666666667,1114.6666666666667,1639.0,1638.0,1640.1666666666667,1312.1333333333334,8019358.129010335,32,8019326.129010335,0.0,1496.0,1444.0,0.6803294900407874,0.6789785849893685,0.9962802231866088,0.9635294117647059,-0.03275081142190295,0.9955982641041538,0.9293724882389409,0.2045329787150686,0.30123627348021764,0.7360190045428161,0.915934716998642,0.3210214150106315,0.3352758082544156,0.6143429841753458,15.50479742343429,nan,nan,inf,inf,nan,nan,nan,5.50276714599409,21.1294281713095,3.8928349783736764,4.965243296921547,14.628097603556515,0.0,0.0,0.0,4,0.6647141992477027,2.688767593016764,1.2714985884731762,12,5.816286329384226,3494.0
20260521_234440,1,Uninett2010,,74,74,12,maxmin,0.5,0.5,5,0.0,2617742.1601965264,506.66409832000136,0.1690094251784811,SUCCESS,1114.6666666666667,1114.6666666666667,1639.0,1238.0,1640.1666666666667,1312.1333333333334,5234588.537220255,19,5234569.537220255,0.0,1496.0,880.0,0.6803294900407874,0.6814802652598391,0.9962802231866088,0.759454432734036,-0.2368257904525728,0.9955982641041538,0.7591134531928085,0.14673100261535899,0.21531218157786633,0.7360190045428161,0.9575298356372614,0.31851973474016093,0.25260946441454873,0.5397052259217385,15.50479742343429,nan,nan,inf,50.813518694194016,nan,nan,nan,5.425391444837805,23.07959122500857,10.110514997894004,15.29051987767582,14.628097603556515,31.283219942372458,50.56718307175683,62.08639552814299,0,0.6664146410306575,1.0000000000000344,1.0000000000000002,23,3.2111398316639215,3193.0
20260521_234446,2,Uninett2010,,74,74,12,maxmin,0.5,0.5,5,0.0,3642807.526098659,0.3755722589994548,9.607968845588354e-05,SUCCESS,nan,1129.4166666666667,nan,1422.0,1679.8333333333333,1343.866666666667,4043830.181511974,16,4043814.181511974,0.0,1557.0,1204.0,0.6741547581576612,0.669466736385401,0.9982089552238806,0.7956744450768355,-0.20253451014704515,0.994145070242423,0.7932788759106193,0.22145501046830213,0.3307931498792408,0.7379523184697038,0.8976985642340342,0.3305332636145991,0.24035580129152073,0.8181150550795593,15.486118844337199,nan,nan,inf,167.01334312913,nan,nan,nan,4.984648301247978,20.806298157154806,36.38779632730441,131.57894736841868,14.628097603556515,0.0,0.0,0.0,0,0.6311797233669566,1.6079441268450587,1.0187129125499226,11,2.959610231460302,2520.0
20260521_234450,2,Uninett2010,,74,74,12,maxmin,0.5,0.5,5,0.0,765755542.493341,0.008629620999272447,,SUCCESS,1129.4166666666667,1129.4166666666667,1710.0,1571.0,1679.8333333333333,1343.866666666667,8943704.5043676,35,8943669.5043676,0.0,1557.0,734.0,0.6741547581576612,0.6720835617097275,0.9982089552238806,0.9498164014687882,-0.04839255375509244,0.994145070242423,0.9082465403715835,0.1296148680064482,0.1928552867395212,0.7379523184697038,0.9618293466103246,0.32791643829027234,0.3626070991432069,0.4687592368483149,15.486118844337199,nan,nan,inf,inf,nan,nan,nan,5.290316475566505,21.1294281713095,5.78724083061775,14.8367952522255,14.628097603556515,0.0,0.0,0.0,2,0.6784251534446863,2.203578866299313,1.4161581314242566,17,7.048662078046377,4329.0
20260521_235321,2,Uninett2010,,74,74,12,maxmin,0.5,0.5,5,0.0,3574882.741536692,506.6606438480012,0.9911694545838943,SUCCESS,1129.4166666666667,1129.4166666666667,1710.0,1266.0,1679.8333333333333,1343.866666666667,7149454.630276859,34,7149420.630276859,0.0,1557.0,300.0,0.6741547581576612,0.6718131463724294,0.9982089552238806,0.7558208955223881,-0.24238805970149258,0.994145070242423,0.7495422533973244,0.04636075087764284,0.0690084008149821,0.7379523184697038,0.9925713722803606,0.32818685362757066,0.3307322966444453,0.39164626682986536,15.486118844337199,nan,nan,inf,41.13610967412272,nan,nan,nan,5.265136692126731,21.358681483542526,5.852030926039145,13.513513513513514,14.628097603556515,26.334270895531937,39.27479247926201,45.02826529920951,0,0.6395202731970563,1.0000000000000056,0.9995792537271604,13,2.2068290576932834,3897.0
20260521_235327,3,Uninett2010,,74,74,12,maxmin,0.5,0.5,5,0.0,4224306.297826371,0.6649926799982495,9.964091854519877e-05,SUCCESS,nan,1127.75,nan,1400.0,1663.1666666666667,1330.5333333333335,4254245.308472525,20,4254225.308472525,0.0,1596.0,1173.0,0.6725386095627591,0.6759430374396014,0.9982866933181039,0.7998843262001156,-0.1984023671179883,0.9982179825813822,0.7996966618100406,0.22405270729588175,0.3314668468878221,0.7390242710170029,0.8981991014266402,0.32405696256039856,0.2062166434621186,0.8039522058823528,31.671869187469145,nan,nan,inf,5026.78113919935,nan,nan,nan,5.25633842635487,21.1294281713095,813.2483663448944,4999.999999998863,14.628097603556515,0.0,0.0,0.0,0,0.6339963411468248,1.648439450405401,1.1227812555464358,15,3.9035959371258935,2147.0
20260521_235332,3,Uninett2010,,74,74,12,maxmin,0.5,0.5,5,0.0,529557245.55958617,0.007677669000258902,,SUCCESS,1127.75,1127.75,1748.0,1622.0,1663.1666666666667,1330.5333333333335,9684102.934602952,33,9684069.934602952,0.0,1596.0,1092.0,0.6725386095627591,0.6793699797543601,0.9982866933181039,0.9938725490196079,-0.00441414429849607,0.9982179825813822,0.9527573529411764,0.16404405929406038,0.2414649810599135,0.7390242710170029,0.9490686319594455,0.32063002024563997,0.3498950473191828,0.5453004329262068,31.671869187469145,nan,nan,inf,inf,nan,nan,nan,5.2465387308814115,21.1294281713095,3.78131027957194,5.302226935312827,14.628097603556515,0.0,0.0,0.0,3,0.6742456603506066,2.444876488241718,1.3402986617279635,13,6.7052508017649375,3981.0
20260522_000202,3,Uninett2010,,74,74,12,maxmin,0.5,0.5,5,0.0,2525546.1720107715,507.0281996390004,0.013698977813436482,SUCCESS,1127.75,1127.75,1748.0,1328.0,1663.1666666666667,1330.5333333333335,5049991.3388394555,17,5049974.3388394555,0.0,1596.0,1101.0,0.6725386095627591,0.6767662675382473,0.9982866933181039,0.7584237578526556,-0.23986293546544835,0.9982179825813822,0.758323658066662,0.16416935107030256,0.2425790984935941,0.7390242710170029,0.9420336343218371,0.32323373246175274,0.2738187380215244,0.5717524509803917,31.671869187469145,nan,nan,inf,49.84817664901409,nan,nan,nan,5.8530251592095635,24.434616763935033,9.197196893815335,13.850415512465366,14.628097603556515,31.671848222097093,43.825451637024024,53.7104613691846,0,0.659617254860674,1.000000000000001,0.9999999999999998,26,3.41960094977802,2977.0
20260522_000207,4,Uninett2010,,74,74,12,maxmin,0.5,0.5,5,0.0,3710803.0964822173,0.2511161760012328,6.010348000385476e-07,SUCCESS,nan,1120.8333333333333,nan,1366.0,1645.5,1316.4000000000003,3986652.850469571,23,3986629.850469571,0.0,1545.0,1132.0,0.6825244188202508,0.6799847515241108,1.0,0.799297834991223,-0.20070216500877702,0.9990345231129315,0.7964287853021539,0.19641014221297437,0.288844921555583,0.7430111261031078,0.9212796420811339,0.3200152484758892,0.2487025961241705,0.7333230579531441,15.514484887847656,nan,nan,inf,854.6516308319484,nan,nan,nan,4.910284860379502,21.1294281713095,104.61831960021861,833.3333333333018,14.628097603556515,0.0,0.0,0.0,0,0.6335401867010111,1.5650421336102158,0.8903312999271646,12,1.8678453675588136,2535.0
20260522_000211,4,Uninett2010,,74,74,12,maxmin,0.5,0.5,5,0.0,423590294.83283067,0.007425388001138344,,SUCCESS,1120.8333333333333,1120.8333333333333,1706.0,1821.0,1645.5,1316.4000000000003,7378248.417021615,33,7378215.417021615,0.0,1545.0,1587.0,0.6825244188202508,0.6772957398294744,1.0,1.0387906446092412,0.0387906446092412,0.9990345231129315,0.9574320652817504,0.20914849394105364,0.30879936435701166,0.7430111261031078,0.901721779299681,0.32270426017052556,0.3403205918618989,0.6112515413070281,15.514484887847656,nan,nan,inf,inf,nan,nan,nan,5.311763285102724,21.1294281713095,7.970537072185008,32.67973856209136,14.628097603556515,0.0,0.0,0.0,3,0.6800663633440225,3.107878225963091,1.1068729274283267,13,6.478784015270076,3505.0
20260522_001042,4,Uninett2010,,74,74,12,maxmin,0.5,0.5,5,0.0,2720438.5315897544,506.7738425759999,0.9447432970522555,SUCCESS,1120.8333333333333,1120.8333333333333,1706.0,1278.0,1645.5,1316.4000000000003,5440277.235126781,19,5440258.235126781,0.0,1545.0,587.0,0.6825244188202508,0.6809050170391253,1.0,0.7580071174377224,-0.24199288256227758,0.9990345231129315,0.7520773088888986,0.08546147826499093,0.12551160018854765,0.7430111261031078,0.9834877034312667,0.31909498296087474,0.3015326850885174,0.4590320591861897,15.514484887847656,nan,nan,inf,46.93810526245767,nan,nan,nan,5.192976138630795,21.1294281713095,7.575483876568259,14.124293785310698,14.628097603556515,28.338064692053827,43.41344017330418,48.76348125780424,0,0.6304557197276878,1.0,0.8418616082917538,11,0.6251768371559079,3186.0
20260522_001043,0,AttMpls,,25,25,4,maxmin,0.5,0.5,5,0.05,2955395.901658617,0.017252380999707384,0.0,SUCCESS,nan,1112.25,nan,1340.0,1660.25,1328.2,3117131.1267734533,5,3117126.1267734533,0.0,1490.0,548.0,0.6731576447463536,0.6707582044315564,0.974510966212211,0.7943094250148192,-0.18020154119739185,0.9700372423493663,0.7857285799387927,0.12279282336321408,0.18306570467859815,0.7834689779770878,0.9686371821280146,0.3292417955684436,0.2903745217830044,0.49862635437529446,50.837908693201555,nan,nan,inf,143.12125102777853,nan,nan,nan,18.169833195782676,45.4108636277099,37.61532554233085,104.1666666666652,15.090555517618368,0.0,0.0,0.0,0,0.6905292959122911,1.3443532108676752,1.0377505011484887,5,1.3037072911755092,638.0
20260522_001045,0,AttMpls,,25,25,4,maxmin,0.5,0.5,5,0.05,1303688007.0774539,0.0009760760003700852,,SUCCESS,1112.25,1112.25,1644.0,1297.0,1660.25,1328.2,10374219.107210737,13,10374206.107210737,0.0,1490.0,352.0,0.6731576447463536,0.6696223489300701,0.974510966212211,0.7688203912270303,-0.20569057498518073,0.9700372423493663,0.7555793710762262,0.07071230252093715,0.10560027250273536,0.7834689779770878,0.9875463573403305,0.3303776510699299,0.3301474036641108,0.41665701958423285,50.837908693201555,nan,nan,inf,76.47085681143142,nan,nan,nan,18.497721145711647,44.37013189095538,8.314494592285698,19.011406844106414,15.090555517618368,0.0,0.0,0.0,0,0.7495297054460704,2.5225504069090086,1.7170485565223659,4,3.3027900275912665,1143.0
20260522_001050,0,AttMpls,,25,25,4,maxmin,0.5,0.5,5,0.05,1856388.8277104357,3.7652417029967182,0.0,SUCCESS,1112.25,1112.25,1644.0,1208.0,1660.25,1328.2,3712539.64982594,4,3712535.64982594,0.0,1490.0,238.0,0.6731576447463536,0.670427742591794,0.974510966212211,0.7160640189685833,-0.2584469472436277,0.9700372423493663,0.714931606925036,0.05652412384558193,0.08431053826481938,0.7834689779770878,0.9938692087147326,0.32957225740820595,0.30466911469785835,0.4089405215359347,50.837908693201555,nan,nan,inf,69.5792142101006,nan,nan,nan,18.905744189980407,49.370951425337914,5.634695176985702,7.0621468926553606,15.090555517618368,42.9948697095455,68.63892891470972,121.97490007943804,0,0.6399746673551974,1.0000000000001175,1.000000000000057,8,1.3192338077874566,816.0
20260522_001051,1,AttMpls,,25,25,4,maxmin,0.5,0.5,5,0.05,3706406.039547328,0.029359037998801796,0.0,SUCCESS,nan,1145.0,nan,1383.0,1685.75,1348.6000000000001,3768598.349109612,5,3768593.349109612,0.0,1547.0,495.0,0.677953635033707,0.678516166873766,0.9988505747126437,0.7948275862068965,-0.20402298850574718,0.996578812283659,0.7921997065739912,0.11237307109446555,0.16561590803682635,0.7761601997257146,0.9706590397470264,0.32148383312623396,0.3032589016294508,0.46068227692195546,45.7739882649284,nan,nan,inf,156.90480778585757,nan,nan,nan,17.719243249945265,45.4108636277099,44.0907418135042,111.11111111111111,15.090555517618368,0.0,0.0,0.0,0,0.6540957005753808,1.8419873792968575,0.9439135887512126,5,1.3742619602151656,697.0
20260522_001053,1,AttMpls,,25,25,4,maxmin,0.5,0.5,5,0.05,692806056.6882443,0.000569353000173578,,SUCCESS,1145.0,1145.0,1738.0,1324.0,1685.75,1348.6000000000001,5568809.47473891,6,5568803.47473891,0.0,1547.0,303.0,0.677953635033707,0.678752426319237,0.9988505747126437,0.7838957963291888,-0.2149547783834549,0.996578812283659,0.7677769441211898,0.06441382721721743,0.0949003270110179,0.7761601997257146,0.9894322948014287,0.32124757368076307,0.3425299495695725,0.3804767652383826,45.7739882649284,nan,nan,inf,93.63210238243859,nan,nan,nan,19.3999996111573,45.4108636277099,13.149903033123373,36.76470588235288,15.090555517618368,0.0,0.0,0.0,0,0.7644086493787704,2.590849300359742,1.916268251192537,6,4.284301744352438,1133.0
20260522_001057,1,AttMpls,,25,25,4,maxmin,0.5,0.5,5,0.05,1856413.9353265152,2.9231888799986336,8.659617074857013e-07,SUCCESS,1145.0,1145.0,1738.0,1306.0,1685.75,1348.6000000000001,3712539.64982594,4,3712535.64982594,0.0,1547.0,285.0,0.677953635033707,0.6786301206642058,0.9988505747126437,0.7505747126436781,-0.24827586206896557,0.996578812283659,0.7476143355600413,0.062468174126192544,0.0920504000987344,0.7761601997257146,0.9893852533091136,0.32136987933579414,0.3261140190368793,0.38371229865011025,45.7739882649284,nan,nan,inf,76.48028945148643,nan,nan,nan,21.750395225461233,58.10673984325742,7.467640558393688,11.627906976744185,15.090555517618368,48.988090650561546,90.12327870957836,121.13232248601139,0,0.6640436079981867,1.0000000000000016,1.0,12,1.8511060619470172,851.0
20260522_001058,2,AttMpls,,25,25,4,maxmin,0.5,0.5,5,0.05,2625274.3721882612,0.01853053299782914,0.0,SUCCESS,nan,1123.25,nan,1375.0,1676.5,1341.2,2563795.7465328006,3,2563792.7465328006,0.0,1570.0,601.0,0.6633154485060924,0.6680743300993436,0.9920859242509893,0.7963076923076923,-0.19577823194329702,0.9820114971518024,0.7934528329782146,0.12964241945314062,0.19405388534216336,0.7793313880272568,0.9582513945806403,0.3319256699006564,0.300159032109005,0.5017774656878391,49.32161626757295,nan,nan,inf,210.60905807789786,nan,nan,nan,18.892348218945937,45.4108636277099,55.73211627193519,166.66666666666666,15.090555517618368,0.0,0.0,0.0,0,0.7135665258982741,1.6780938357079827,0.9692379900649534,6,1.3590516228610148,589.0
20260522_001100,2,AttMpls,,25,25,4,maxmin,0.5,0.5,5,0.05,378862988.30687493,0.0005162070010555908,,SUCCESS,1123.25,1123.25,1755.0,1163.0,1676.5,1341.2,4420065.571445771,5,4420060.571445771,0.0,1570.0,113.0,0.6633154485060924,0.6709046123100668,0.9920859242509893,0.7156923076923077,-0.27639361655868155,0.9820114971518024,0.7127384615384615,0.03689543493257933,0.05499356280401848,0.7793313880272568,0.9984827669029412,0.3290953876899332,0.327240248728095,0.3735264314649015,49.32161626757295,nan,nan,inf,63.83920285694376,nan,nan,nan,19.223729972719426,45.4108636277099,5.0248519727634395,7.299270072992701,15.090555517618368,0.0,0.0,0.0,0,0.906111447322228,4.480977528004679,2.863489032089176,7,7.9677780209689875,978.0
20260522_001107,2,AttMpls,,25,25,4,maxmin,0.5,0.5,5,0.05,1856399.8278380726,6.172238938001101,0.0,SUCCESS,1123.25,1123.25,1755.0,1310.0,1676.5,1341.2,3712539.64982594,4,3712535.64982594,0.0,1570.0,260.0,0.6633154485060924,0.6688883493192419,0.9920859242509893,0.7405313736574336,-0.2515545505935557,0.9820114971518024,0.7287747445318955,0.04381259299964226,0.06550060715548765,0.7793313880272568,0.9907997251466294,0.3311116506807581,0.3436923076923077,0.3733851260772422,49.32161626757295,nan,nan,inf,67.61353030711291,nan,nan,nan,19.999700368764632,49.185191077879054,5.737367024763032,9.505703422053228,15.090555517618368,45.18443107992878,78.19441357052796,86.78929251734172,0,0.645233459749783,1.000000000000015,1.0000000000000016,9,1.3047640043500146,872.0
20260522_001109,3,AttMpls,,25,25,4,maxmin,0.5,0.5,5,0.05,3655792.4233808983,0.018143899000278907,0.0,SUCCESS,nan,1170.75,nan,1327.0,1707.0,1365.6000000000001,3768598.3491096124,5,3768593.3491096124,0.0,1550.0,336.0,0.6834459537130577,0.6852831771997658,0.9994272623138603,0.7733175914994097,-0.22610967081445055,0.998981886071858,0.771323389200615,0.08260973982222404,0.12054832596327197,0.7781825679920527,0.9839356458520836,0.3147168228002342,0.308595392944034,0.4093270365997638,49.79697459598325,nan,nan,inf,67.50386127246404,nan,nan,nan,18.216441424846288,45.4108636277099,11.55476742485366,22.123893805309713,15.090555517618368,0.0,0.0,0.0,0,0.6586587931930774,2.0779996292943177,1.0748630347211814,5,2.010294591564513,796.0
20260522_001110,3,AttMpls,,25,25,4,maxmin,0.5,0.5,5,0.05,594205252.8006222,0.0005392519997258205,,SUCCESS,1170.75,1170.75,1745.0,1328.0,1707.0,1365.6000000000001,5568809.47473891,6,5568803.47473891,0.0,1550.0,273.0,0.6834459537130577,0.6859820253681547,0.9994272623138603,0.7839433293978748,-0.21548393291598544,0.998981886071858,0.7666954725998774,0.059570747808122576,0.08684010018506241,0.7781825679920527,0.9928227262874582,0.31401797463184533,0.33140076626487125,0.3703955135773317,49.79697459598325,nan,nan,inf,93.24832907243417,nan,nan,nan,19.518987143128346,45.4108636277099,13.217804535199491,36.76470588235288,15.090555517618368,0.0,0.0,0.0,0,0.7321494027385792,2.0168070021739943,1.8051405766718434,5,3.4416401731977393,1133.0
20260522_001114,3,AttMpls,,25,25,4,maxmin,0.5,0.5,5,0.05,1856417.5884808404,2.9193759439986025,1.7559688192617928e-06,SUCCESS,1170.75,1170.75,1745.0,1315.0,1707.0,1365.6000000000001,3712539.64982594,4,3712535.64982594,0.0,1550.0,289.0,0.6834459537130577,0.6853359204577574,0.9994272623138603,0.7597402597402597,-0.23968700257360054,0.998981886071858,0.758751729370286,0.0714043846558707,0.10418888390991891,0.7781825679920527,0.9876294180006647,0.3146640795422426,0.31203181906087246,0.39176505312868953,49.79697459598325,nan,nan,inf,78.9336504116232,nan,nan,nan,22.78052166170578,60.51198230239924,8.935555168916029,14.66275659824046,15.090555517618368,56.31695854237169,85.18257180928582,105.75017041820655,0,0.6661573142459827,1.0000000000000133,1.0000000000000018,16,2.330377980290028,831.0
20260522_001116,4,AttMpls,,25,25,4,maxmin,0.5,0.5,5,0.05,3040040.7172507807,0.016296060999593465,0.0,SUCCESS,nan,1125.0,nan,1400.0,1660.75,1328.6000000000001,3117131.1267734533,5,3117126.1267734533,0.0,1481.0,634.0,0.6719902592912826,0.6750209173461021,0.9815724815724816,0.7959067652075043,-0.1856657163649773,0.9763206912013052,0.7945490059546342,0.13204035288652097,0.19560927594014124,0.782639668522534,0.9558151890503322,0.3249790826538979,0.28316953316953314,0.5030405405405405,50.37435605580758,nan,nan,inf,189.2730896400147,nan,nan,nan,18.430159822479595,44.8193904743176,58.78915099892305,138.888888888888,15.090555517618368,0.0,0.0,0.0,0,0.6835959743813659,2.227224344329426,1.1317078206924718,8,2.2953609547386664,582.0
20260522_001117,4,AttMpls,,25,25,4,maxmin,0.5,0.5,5,0.05,526273452.2452824,0.0005830439986311831,,SUCCESS,1125.0,1125.0,1665.0,1219.0,1660.75,1328.6000000000001,5568809.47473891,6,5568803.47473891,0.0,1481.0,166.0,0.6719902592912826,0.6782002491922902,0.9815724815724816,0.7487714987714987,-0.23280098280098283,0.9763206912013052,0.7383599508599509,0.043572912181915564,0.06424785634303318,0.782639668522534,0.9971655875939798,0.32179975080770984,0.3369164619164619,0.3607960569231177,50.37435605580758,nan,nan,inf,69.4498576411859,nan,nan,nan,19.51885958584595,44.8193904743176,6.383134344771974,11.990407673860899,15.090555517618368,0.0,0.0,0.0,0,0.7766230403949735,3.441061611988963,1.676517572846394,7,4.896892316481667,1035.0
20260522_001118,4,AttMpls,,25,0,0,maxmin,0.5,0.5,5,0.05,,0.0,,INF_OR_UNBOUNDED_MCF_ARC,nan,nan,nan,nan,nan,nan,nan,0,nan,nan,0.0,0.0,0.0,0.0,0.0,0.0,0.0,0.0,0.0,0.0,0.0,0.0,0.0,0.0,0.0,0.0,0.0,0.0,0.0,0.0,0.0,0.0,0.0,0.0,0.0,0.0,0.0,0.0,0.0,0.0,0.0,0.0,0,0.0,0.0,0.0,0,0.0,0.0
20260522_001119,0,CrlNetworkServices,,33,33,5,maxmin,0.5,0.5,5,0.05,4518758.566072561,0.01753428099982557,0.0,SUCCESS,nan,1176.0,nan,1456.0,1764.0,1411.2000000000003,4584769.138286448,7,4584762.138286448,0.0,1651.0,700.0,0.6651733490131926,0.6662798490438872,0.9983050847457627,0.7978848413631022,-0.2004202433826605,0.995160126588118,0.7968271980768726,0.15614770723890786,0.23435754129887032,0.7496708546331005,0.9461333601876591,0.33372015095611285,0.2180790960451977,0.5519294385654067,35.060056851032655,nan,nan,inf,351.7590201621165,nan,nan,nan,19.103354312899828,48.86614896665297,93.24937417468388,277.77777777776726,25.115093417696233,0.0,0.0,0.0,0,0.6438259984747317,0.9845378570393148,0.8492390980659308,4,0.31353828963232866,951.0
20260522_001121,0,CrlNetworkServices,,33,33,5,maxmin,0.5,0.5,5,0.05,1412449795.4409251,0.0011206659983145073,,SUCCESS,1176.0,1176.0,1805.0,1216.0,1764.0,1411.2000000000003,12021723.781630365,10,12021713.781630365,0.0,1651.0,72.0,0.6651733490131926,0.6671867161727834,0.9983050847457627,0.6897767332549941,-0.3085283514907686,0.995160126588118,0.6892225165474981,0.024016913121649445,0.03599728912382859,0.7496708546331005,0.9996033320111067,0.33281328382721664,0.33026995979322227,0.3684630738522954,35.060056851032655,nan,nan,inf,79.31173278946648,nan,nan,nan,19.975465705641287,48.86614896665297,4.450211959621767,5.330490405117267,25.115093417696233,0.0,0.0,0.0,0,0.6416215885562668,1.148305439736237,1.006460622849307,6,0.8302210416054816,1651.0
20260522_001128,0,CrlNetworkServices,,33,33,5,maxmin,0.5,0.5,5,0.05,2461921.732128338,4.258439877001365,2.2109803628119234e-07,SUCCESS,1176.0,1176.0,1805.0,1383.0,1764.0,1411.2000000000003,4923385.479918316,7,4923378.479918316,0.0,1651.0,440.0,0.6651733490131926,0.6660905828879569,0.9983050847457627,0.7548022598870057,-0.24350282485875707,0.995160126588118,0.7544133920141227,0.09402315948342053,0.14115671636696323,0.7496708546331005,0.9779493001919445,0.33390941711204314,0.28378378378378377,0.4590236794880532,35.060056851032655,nan,nan,inf,87.90971974988405,nan,nan,nan,19.091617193533942,50.29462633218781,8.022264753446352,12.5,25.115093417696233,53.03728044987956,81.71984879157775,88.82359043280837,0,0.641649524619825,0.9845378570393148,0.8492390980659308,3,0.2881093844242796,1211.0
20260522_001131,1,CrlNetworkServices,,33,33,5,maxmin,0.5,0.5,5,0.05,4368890.215001284,0.027780046002590097,2.1317142999328143e-16,SUCCESS,nan,1224.0,nan,1415.0,1789.2,1431.3600000000001,4441920.401732964,6,4441914.401732964,0.0,1579.0,546.0,0.6834244823115675,0.6843062767268843,0.9994353472614342,0.7989836250705816,-0.2004517221908526,0.9897233201581027,0.7978543195934501,0.117198754946246,0.17126652046335325,0.786363683125736,0.9719710762932314,0.31569372327311573,0.28501628664495116,0.4860323324382752,45.638764620862204,nan,nan,inf,607.8775492580309,nan,nan,nan,19.366960531574883,60.422108913999494,157.39455128205748,555.5555555554994,25.115093417696233,0.0,0.0,0.0,0,0.6066458388824398,0.9461313777534426,0.8210762061670744,2,0.1937599406624816,1033.0
20260522_001134,1,CrlNetworkServices,,33,33,5,maxmin,0.5,0.5,5,0.05,1258369167.465543,0.001975695999135496,,SUCCESS,1224.0,1224.0,1770.0,1438.0,1789.2,1431.3600000000001,10041498.619856559,10,10041488.619856559,0.0,1579.0,343.0,0.6834244823115675,0.6845550639741107,0.9994353472614342,0.8029034059184813,-0.19653194134295293,0.9897233201581027,0.7824695344468121,0.07133547950948882,0.10420707297870002,0.786363683125736,0.9901621956864666,0.3154449360258892,0.30547713156408807,0.39839947617882754,45.638764620862204,nan,nan,inf,inf,nan,nan,nan,19.60944208902235,55.10926711404133,4.295903811477636,5.6882821387940785,25.115093417696233,0.0,0.0,0.0,1,0.6047445329121947,0.9473417803689054,0.863141523500573,2,0.28844882624127477,1729.0
20260522_001142,1,CrlNetworkServices,,33,33,5,maxmin,0.5,0.5,5,0.05,3113453.2609155253,6.759791207001399,3.673367538065786e-07,SUCCESS,1224.0,1224.0,1770.0,1386.0,1789.2,1431.3600000000001,6226380.958428387,10,6226370.958428387,0.0,1579.0,517.0,0.6834244823115675,0.6840059256122009,0.9994353472614342,0.7543760587238848,-0.24505928853754944,0.9897233201581027,0.753989446327642,0.10121812995812307,0.14797844019776663,0.786363683125736,0.9779454174735835,0.3159940743877992,0.2744212309429701,0.47135136123556487,45.638764620862204,nan,nan,inf,91.32423936873276,nan,nan,nan,19.658563327924476,60.422108913999494,8.444624602316043,12.376237623762348,25.115093417696233,54.19452477529611,81.1833671069128,91.78865856742716,0,0.6150881132499731,0.9461313777534426,0.8250042853966867,3,0.20025345354906177,1163.0
20260522_001144,2,CrlNetworkServices,,33,33,5,maxmin,0.5,0.5,5,0.05,4325617.233098907,0.006484644000011031,0.0,SUCCESS,nan,1178.2,nan,1447.0,1749.2,1399.3600000000001,4299072.665179481,6,4299066.665179481,0.0,1660.0,645.0,0.6694820711286151,0.6723188359839929,0.9871589085072231,0.7947214076246334,-0.1924375008825897,0.9790526400022594,0.7906192876834414,0.1287399968057312,0.1914865238266154,0.7734617938674013,0.9604500990578263,0.32768116401600705,0.2480938416422287,0.50962009979329,45.51723938259988,nan,nan,inf,184.39548493906983,nan,nan,nan,19.87888235370454,60.422108913999494,35.21747712728873,111.11111111111111,25.115093417696233,0.0,0.0,0.0,0,0.6592198787542617,1.0675837306990579,1.0155628545674107,3,0.6991546150093513,949.0
20260522_001145,2,CrlNetworkServices,,33,33,5,maxmin,0.5,0.5,5,0.05,1200856503.1802113,0.0009833170006459113,,SUCCESS,1178.2,1178.2,1845.0,1361.0,1749.2,1399.3600000000001,9417185.805117723,9,9417176.805117723,0.0,1660.0,327.0,0.6694820711286151,0.6745964677081867,0.9871589085072231,0.7982404692082111,-0.18891843929901198,0.9790526400022594,0.7764222873900293,0.06765085350676402,0.10028343868534464,0.7734617938674013,0.9921155928406996,0.3254035322918133,0.3484676503972758,0.3893170403355253,45.51723938259988,nan,nan,inf,394.86107438335733,nan,nan,nan,20.267262116662717,60.422108913999494,73.73374559452964,333.3333333333333,25.115093417696233,0.0,0.0,0.0,0,0.6551784511322745,1.423078582955677,1.0442532502834445,3,1.1219604542172208,1651.0
20260522_001151,2,CrlNetworkServices,,33,33,5,maxmin,0.5,0.5,5,0.05,2461838.417534124,4.220331122000061,1.6038945348385762e-05,SUCCESS,1178.2,1178.2,1845.0,1295.0,1749.2,1399.3600000000001,4923385.479918316,7,4923378.479918316,0.0,1660.0,281.0,0.6694820711286151,0.6738492133766788,0.9871589085072231,0.7466275659824047,-0.24053134252481845,0.9790526400022594,0.7465102639296188,0.0705053965779853,0.10463082122583571,0.7734617938674013,0.9888409102986522,0.3261507866233212,0.30711610486891383,0.4179718461758666,45.51723938259988,nan,nan,inf,88.79030161103566,nan,nan,nan,21.653254773997997,61.14740232882983,6.770528135442108,10.989010989010989,25.115093417696233,55.86460015867212,90.76687935150129,106.58696872417646,0,0.6716046452213268,1.0,0.9969900191800847,6,0.945158827152067,1193.0
20260522_001153,3,CrlNetworkServices,,33,33,5,maxmin,0.5,0.5,5,0.05,4837628.083371441,0.041262245998950675,0.0,SUCCESS,nan,1220.0,nan,1395.0,1774.0,1419.2,4923386.479918316,8,4923378.479918316,0.0,1609.0,425.0,0.6861358834301097,0.6874177139905779,0.9966850828729282,0.7903682719546742,-0.20631681091825405,0.993042117289844,0.7893484419263456,0.10689129572391018,0.15549685954903292,0.7711536715909143,0.975651708334415,0.312582286009422,0.2546961325966851,0.44702549575070816,59.93007187652521,nan,nan,inf,100.89855917276175,nan,nan,nan,19.68969695529883,60.422108913999494,23.86905696702696,58.8235294117647,25.115093417696233,0.0,0.0,0.0,0,0.5861341247208388,0.9150480316006505,0.8113833414300136,2,0.1457259800096955,1116.0
20260522_001154,3,CrlNetworkServices,,33,33,5,maxmin,0.5,0.5,5,0.05,1263729689.6166997,0.0010312379999959376,,SUCCESS,1220.0,1220.0,1804.0,1462.0,1774.0,1419.2,10041498.619856559,10,10041488.619856559,0.0,1609.0,347.0,0.6861358834301097,0.6877754996634999,0.9966850828729282,0.828328611898017,-0.16835647097491124,0.993042117289844,0.7976905138278059,0.07172674288738276,0.10428801683467306,0.7711536715909143,0.9894279319679884,0.31222450033650007,0.341643059490085,0.36555240793201127,59.93007187652521,nan,nan,inf,inf,nan,nan,nan,20.456447515068422,60.422108913999494,3.886139740299032,4.424778761061947,25.115093417696233,0.0,0.0,0.0,1,0.604344737166803,0.9400726430125219,0.9262600367731844,4,0.5078089959615197,1723.0
20260522_001201,3,CrlNetworkServices,,33,33,5,maxmin,0.5,0.5,5,0.05,2604709.9809450707,5.016140841002198,1.7877663567702945e-16,SUCCESS,1220.0,1220.0,1804.0,1360.0,1774.0,1419.2,5209081.953025284,8,5209073.953025284,0.0,1609.0,338.0,0.6861358834301097,0.6873867246803249,0.9966850828729282,0.7597733711048159,-0.23691171176811232,0.993042117289844,0.7587535410764873,0.08329236496563104,0.12117249573646752,0.7711536715909143,0.9845720392653997,0.31261327531967514,0.24861878453038677,0.418356940509915,59.93007187652521,nan,nan,inf,117.09922618321652,nan,nan,nan,23.279274384541143,89.25933712519331,9.277876571737586,14.084507042253522,25.115093417696233,59.11203782416585,93.17128886318358,119.02347109345794,0,0.6626851704693508,0.9852449299110562,0.9609307064065414,8,0.8509709194584358,1213.0
20260522_001202,4,CrlNetworkServices,,33,33,5,maxmin,0.5,0.5,5,0.05,4496679.155789944,0.015596807999827433,0.0,SUCCESS,nan,1202.8,nan,1501.0,1785.2,1428.1599999999999,4441921.401732964,7,4441914.401732964,0.0,1629.0,719.0,0.666113626934549,0.670579796790037,0.9917943107221007,0.7992545260915868,-0.1925397846305139,0.9883779773133127,0.7988289082295913,0.15502574594518373,0.23118165308180813,0.7470219559402361,0.941057658983451,0.329420203209963,0.2084245076586433,0.5373563218390804,35.02064939983458,nan,nan,inf,786.1416107480917,nan,nan,nan,19.06006712000483,48.86614896665297,253.47607076368837,714.2857142856678,25.115093417696233,0.0,0.0,0.0,0,0.6138269455049609,1.003925559718414,0.9676789038567781,4,0.5759405622689621,964.0
20260522_001204,4,CrlNetworkServices,,33,33,5,maxmin,0.5,0.5,5,0.05,4592588249.085459,0.001823061000322923,,SUCCESS,1202.8,1202.8,1813.0,1273.0,1785.2,1428.1599999999999,37934164.7024544,21,37934143.7024544,0.0,1629.0,123.0,0.666113626934549,0.6739442111565633,0.9917943107221007,0.7201149425287356,-0.271679368193365,0.9883779773133127,0.7116617090815615,0.024806524758124313,0.03680797957378928,0.7470219559402361,0.9981828137298518,0.32605578884343667,0.3385057471264368,0.3483412560678086,35.02064939983458,nan,nan,inf,78.1306199777102,nan,nan,nan,20.05501044614534,48.86614896665297,4.7267068488003385,7.194244604316546,25.115093417696233,0.0,0.0,0.0,0,0.6666384657478437,1.54387529407132,1.0717831005870282,5,1.6363326668301394,1688.0
20260522_001205,4,CrlNetworkServices,,33,0,0,maxmin,0.5,0.5,5,0.05,,0.0,,INF_OR_UNBOUNDED_MCF_ARC,nan,nan,nan,nan,nan,nan,nan,0,nan,nan,0.0,0.0,0.0,0.0,0.0,0.0,0.0,0.0,0.0,0.0,0.0,0.0,0.0,0.0,0.0,0.0,0.0,0.0,0.0,0.0,0.0,0.0,0.0,0.0,0.0,0.0,0.0,0.0,0.0,0.0,0.0,0.0,0,0.0,0.0,0.0,0,0.0,0.0
