topology,algo,run,phase,switch,init_assigned_controller,assigned_controller,is_migrated,init_path,final_path,init_solver_prop_ms,init_solver_total_rt_ms,init_real_queue_ms,init_switch_load,init_scaled_switch_load,solver_prop_ms,solver_queue_ms,solver_total_rt_ms,real_queue_ms,delta_rt_if_migrated,cc_transfer_ms,steiner_ms,load_scale_alpha,scaled_switch_load,alpha,beta,link_sens,k_paths,load_sens,controller_sens
AttMpls,SM,0,B1,1,1,1,0,1,,0.0,15.926956,0.0,154,154,0.0,1.7934,16.883956,1.7934,0.0,0.0,0.0,0,154,0.5,0.5,0.0,5,0.0,0.0
AttMpls,SM,0,B1,2,2,2,0,2,,0.0,20.208263,0.0,171,171,0.0,5.117707,20.208263,5.117707,0.0,0.0,0.0,0,171,0.5,0.5,0.0,5,0.0,0.0
AttMpls,SM,0,B1,3,3,3,0,3,,0.0,inf,0.0,163,163,0.0,9.881423,24.971978,9.881423,0.0,0.0,0.0,0,163,0.5,0.5,0.0,5,0.0,0.0
AttMpls,SM,0,B1,4,4,4,0,4,,0.0,inf,0.0,152,152,0.0,104.166667,119.257222,104.166667,0.0,0.0,0.0,0,152,0.5,0.5,0.0,5,0.0,0.0
AttMpls,SM,0,B1,5,4,1,1,5->8->7->4,,11.517401,inf,0.0,216,216,7.033591,1.7934,23.917547,1.7934,0.0,0.0,0.0,0,216,0.5,0.5,0.0,5,0.0,0.0
AttMpls,SM,0,B1,6,4,4,0,6->9->4,,10.84589,inf,0.0,179,179,10.84589,104.166667,130.103112,104.166667,0.0,0.0,0.0,0,179.0,0.5,0.5,0.0,5,0.0,0.0
AttMpls,SM,0,B1,7,4,1,1,7->4,,5.777645,inf,0.0,202,202,1.297604,1.7934,18.18156,1.7934,0.0,0.0,0.0,0,202.0,0.5,0.5,0.0,5,0.0,0.0
AttMpls,SM,0,B1,8,4,1,1,8->7->4,,7.771976,inf,0.0,220,220,3.288166,1.7934,20.172122,1.7934,0.0,0.0,0.0,0,220.0,0.5,0.5,0.0,5,0.0,0.0
AttMpls,SM,0,B1,9,4,4,0,9->4,,7.384926,inf,0.0,191,191,7.384926,104.166667,126.642148,104.166667,0.0,0.0,0.0,0,191,0.5,0.5,0.0,5,0.0,0.0
AttMpls,SM,0,B1,10,4,4,0,10->4,,7.919298,inf,0.0,183,183,7.919298,104.166667,127.17652,104.166667,0.0,0.0,0.0,0,183,0.5,0.5,0.0,5,0.0,0.0
AttMpls,SM,0,B1,11,4,4,0,11->14->10->4,,23.864029,inf,0.0,180,180,23.864029,104.166667,143.121251,104.166667,0.0,0.0,0.0,0,180,0.5,0.5,0.0,5,0.0,0.0
AttMpls,SM,0,B1,12,4,4,0,12->14->9->4,,20.94023,inf,0.0,121,121,20.354661,104.166667,139.611883,104.166667,0.0,0.0,0.0,0,121,0.5,0.5,0.0,5,0.0,0.0
AttMpls,SM,0,B1,13,3,3,0,13->14->10->3,,17.056511,inf,0.0,166,166,17.056511,9.881423,42.02849,9.881423,0.0,0.0,0.0,0,166.0,0.5,0.5,0.0,5,0.0,0.0
AttMpls,SM,0,B1,14,3,4,1,14->10->3,,12.999735,inf,0.0,147,147,16.735456,104.166667,135.992678,104.166667,0.0,0.0,0.0,0,147.0,0.5,0.5,0.0,5,0.0,0.0
AttMpls,SM,0,B1,15,3,4,1,15->6->10->3,,18.153713,inf,0.0,187,187,17.295344,104.166667,136.552566,104.166667,0.0,0.0,0.0,0,187,0.5,0.5,0.0,5,0.0,0.0
AttMpls,SM,0,B1,16,3,3,0,16->3,,14.790054,inf,0.0,184,184,14.790054,9.881423,39.762032,9.881423,0.0,0.0,0.0,0,184,0.5,0.5,0.0,5,0.0,0.0
AttMpls,SM,0,B1,17,3,3,0,17->3,,6.647635,inf,0.0,144,144,6.647635,9.881423,31.619613,9.881423,0.0,0.0,0.0,0,144,0.5,0.5,0.0,5,0.0,0.0
AttMpls,SM,0,B1,18,3,3,0,18->3,,29.905639,inf,0.0,165,165,29.905639,9.881423,54.877617,9.881423,0.0,0.0,0.0,0,165,0.5,0.5,0.0,5,0.0,0.0
AttMpls,SM,0,B1,19,3,3,0,19->22->3,,28.851836,inf,0.0,171,171,28.851836,9.881423,53.823814,9.881423,0.0,0.0,0.0,0,171,0.5,0.5,0.0,5,0.0,0.0
AttMpls,SM,0,B1,20,3,3,0,20->21->3,,30.289412,inf,0.0,193,193,30.289412,9.881423,55.26139,9.881423,0.0,0.0,0.0,0,193,0.5,0.5,0.0,5,0.0,0.0
AttMpls,SM,0,B1,21,2,2,0,21->3->1->2,,42.489166,62.697429,0.0,207,207,42.489166,5.117707,62.697429,5.117707,0.0,0.0,0.0,0,207,0.5,0.5,0.0,5,0.0,0.0
AttMpls,SM,0,B1,22,2,2,0,22->3->1->2,,34.799293,55.007555,0.0,179,179,34.799293,5.117707,55.007555,5.117707,0.0,0.0,0.0,0,179,0.5,0.5,0.0,5,0.0,0.0
AttMpls,SM,0,B1,23,2,2,0,23->14->6->8->1->2,,46.618555,66.826818,0.0,202,202,43.616324,5.117707,63.824587,5.117707,0.0,0.0,0.0,0,202,0.5,0.5,0.0,5,0.0,0.0
AttMpls,SM,0,B1,24,2,2,0,24->23->10->4->7->2,,45.410864,65.619126,0.0,185,185,45.410864,5.117707,65.619126,5.117707,0.0,0.0,0.0,0,185,0.5,0.5,0.0,5,0.0,0.0
AttMpls,SM,0,B1,25,2,2,0,25->23->10->4->7->2,,49.370951,69.579214,0.0,187,187,44.370132,5.117707,64.578395,5.117707,0.0,0.0,0.0,0,187.0,0.5,0.5,0.0,5,0.0,0.0
AttMpls,SM,0,B3,1,1,1,0,1,1,0.0,15.926956,0.0,154,154,0.0,19.011407,34.101962,19.011407,0.0,0.0,0.0,0,154,0.5,0.5,0.0,5,0.0,0.0
AttMpls,SM,0,B3,2,2,2,0,2,2,0.0,20.208263,0.0,171,171,0.0,2.621919,17.712475,2.621919,0.0,0.0,0.0,0,171,0.5,0.5,0.0,5,0.0,0.0
AttMpls,SM,0,B3,3,3,3,0,3,3,0.0,inf,0.0,163,163,0.0,5.202914,20.293469,5.202914,0.0,0.0,0.0,0,163,0.5,0.5,0.0,5,0.0,0.0
AttMpls,SM,0,B3,4,4,4,0,4,4,0.0,inf,0.0,152,152,0.0,4.208754,19.29931,4.208754,0.0,0.0,0.0,0,152,0.5,0.5,0.0,5,0.0,0.0
AttMpls,SM,0,B3,5,4,2,1,5->8->7->4,5->8->1->2,11.517401,inf,0.0,216,216,10.076141,2.621919,27.788615,2.621919,0.0,0.0,0.0,0,216,0.5,0.5,0.0,5,0.0,0.0
AttMpls,SM,0,B3,6,4,1,1,6->9->4,6->8->1,10.84589,inf,0.0,179,179,12.011096,19.011407,46.113058,19.011407,0.0,0.0,0.0,0,179.0,0.5,0.5,0.0,5,0.0,0.0
AttMpls,SM,0,B3,7,4,4,0,7->4,7->4,5.777645,inf,0.0,202,202,5.777645,4.208754,25.076955,4.208754,0.0,0.0,0.0,0,202.0,0.5,0.5,0.0,5,0.0,0.0
AttMpls,SM,0,B3,8,4,1,1,8->7->4,8->1,7.771976,inf,0.0,220,220,3.288166,19.011407,37.390129,19.011407,0.0,0.0,0.0,0,220.0,0.5,0.5,0.0,5,0.0,0.0
AttMpls,SM,0,B3,9,4,2,1,9->4,9->4->7->2,7.384926,inf,0.0,191,191,17.502144,2.621919,35.214619,2.621919,0.0,0.0,0.0,0,191,0.5,0.5,0.0,5,0.0,0.0
AttMpls,SM,0,B3,10,4,4,0,10->4,10->4,7.919298,inf,0.0,183,183,7.919298,4.208754,27.218608,4.208754,0.0,0.0,0.0,0,183,0.5,0.5,0.0,5,0.0,0.0
AttMpls,SM,0,B3,11,4,2,1,11->14->10->4,11->15->6->8->1->2,23.864029,inf,0.0,180,180,30.098257,2.621919,47.810732,2.621919,0.0,0.0,0.0,0,180,0.5,0.5,0.0,5,0.0,0.0
AttMpls,SM,0,B3,12,4,3,1,12->14->9->4,12->14->10->3,20.94023,inf,0.0,121,121,16.618941,5.202914,36.91241,5.202914,0.0,0.0,0.0,0,121,0.5,0.5,0.0,5,0.0,0.0
AttMpls,SM,0,B3,13,3,4,1,13->14->10->3,13->14->10->4,17.056511,inf,0.0,166,166,20.792232,4.208754,40.091542,4.208754,0.0,0.0,0.0,0,166.0,0.5,0.5,0.0,5,0.0,0.0
AttMpls,SM,0,B3,14,3,3,0,14->10->3,14->10->3,12.999735,inf,0.0,147,147,12.999735,5.202914,33.293204,5.202914,0.0,0.0,0.0,0,147.0,0.5,0.5,0.0,5,0.0,0.0
AttMpls,SM,0,B3,15,3,1,1,15->6->10->3,15->6->8->1,18.153713,inf,0.0,187,187,18.46055,19.011407,52.562512,19.011407,0.0,0.0,0.0,0,187,0.5,0.5,0.0,5,0.0,0.0
AttMpls,SM,0,B3,16,3,3,0,16->3,16->3,14.790054,inf,0.0,184,184,14.790054,5.202914,35.083523,5.202914,0.0,0.0,0.0,0,184,0.5,0.5,0.0,5,0.0,0.0
AttMpls,SM,0,B3,17,3,3,0,17->3,17->3,6.647635,inf,0.0,144,144,6.647635,5.202914,26.941104,5.202914,0.0,0.0,0.0,0,144,0.5,0.5,0.0,5,0.0,0.0
AttMpls,SM,0,B3,18,3,3,0,18->3,18->3,29.905639,inf,0.0,165,165,29.905639,5.202914,50.199108,5.202914,0.0,0.0,0.0,0,165,0.5,0.5,0.0,5,0.0,0.0
AttMpls,SM,0,B3,19,3,3,0,19->22->3,19->22->3,28.851836,inf,0.0,171,171,28.851836,5.202914,49.145305,5.202914,0.0,0.0,0.0,0,171,0.5,0.5,0.0,5,0.0,0.0
AttMpls,SM,0,B3,20,3,1,1,20->21->3,20->21->3->1,30.289412,inf,0.0,193,193,41.776841,19.011407,75.878803,19.011407,0.0,0.0,0.0,0,193,0.5,0.5,0.0,5,0.0,0.0
AttMpls,SM,0,B3,21,2,4,1,21->3->1->2,21->3->4,42.489166,62.697429,0.0,207,207,32.931944,4.208754,52.231254,4.208754,0.0,0.0,0.0,0,207,0.5,0.5,0.0,5,0.0,0.0
AttMpls,SM,0,B3,22,2,1,1,22->3->1->2,22->3->1,34.799293,55.007555,0.0,179,179,31.756743,19.011407,65.858705,19.011407,10.85115,0.0,0.0,0,179,0.5,0.5,0.0,5,0.0,0.0
AttMpls,SM,0,B3,23,2,4,1,23->14->6->8->1->2,23->10->4,46.618555,66.826818,0.0,202,202,33.499106,4.208754,52.798416,4.208754,0.0,0.0,0.0,0,202,0.5,0.5,0.0,5,0.0,0.0
AttMpls,SM,0,B3,24,2,1,1,24->23->10->4->7->2,24->23->10->4->7->1,45.410864,65.619126,0.0,185,185,42.368894,19.011407,76.470857,19.011407,10.85173,0.0,0.0,0,185,0.5,0.5,0.0,5,0.0,0.0
AttMpls,SM,0,B3,25,2,2,0,25->23->10->4->7->2,25->13->14->6->8->1->2,49.370951,69.579214,0.0,187,187,44.370132,2.621919,62.082607,2.621919,0.0,0.0,0.0,0,187.0,0.5,0.5,0.0,5,0.0,0.0
AttMpls,SM,0,MCF_ARC,1,1,1,0,1,1,0.0,15.926956,0.0,154,154,0.0,2.654342,17.724907,2.634352,0.0,0.0,0.0,0,154,0.5,0.5,0.0,5,0.0,0.0
AttMpls,SM,0,MCF_ARC,2,2,2,0,2,2,0.0,20.208263,0.0,171,171,0.0,5.328318,20.208263,5.117707,0.0,0.0,0.0,0,171,0.5,0.5,0.0,5,0.0,0.0
AttMpls,SM,0,MCF_ARC,3,3,3,0,3,3,0.0,inf,0.0,163,163,0.0,7.796057,21.884034,6.793478,0.0,0.0,0.0,0,163,0.5,0.5,0.0,5,0.0,0.0
AttMpls,SM,0,MCF_ARC,4,4,4,0,4,4,0.0,inf,0.0,152,152,0.0,8.518273,22.152702,7.062147,0.0,0.0,0.0,0,152,0.5,0.5,0.0,5,0.0,0.0
AttMpls,SM,0,MCF_ARC,5,4,1,1,5->8->7->4,5->8->1,11.517401,inf,0.0,216,216,7.033591,2.654342,24.758499,2.634352,0.0,0.0,0.0,0,216,0.5,0.5,0.0,5,0.0,0.0
AttMpls,SM,0,MCF_ARC,6,4,4,0,6->9->4,6->9->4,10.84589,inf,0.0,179,179,10.84589,8.518273,32.998592,7.062147,0.0,0.0,0.0,0,179.0,0.5,0.5,0.0,5,0.0,0.0
AttMpls,SM,0,MCF_ARC,7,4,4,0,7->4,7->4,5.777645,inf,0.0,202,202,5.777645,8.518273,27.930348,7.062147,0.0,0.0,0.0,0,202.0,0.5,0.5,0.0,5,0.0,0.0
AttMpls,SM,0,MCF_ARC,8,4,1,1,8->7->4,8->1,7.771976,inf,0.0,220,220,3.288166,2.654342,21.013074,2.634352,0.0,0.0,0.0,0,220.0,0.5,0.5,0.0,5,0.0,0.0
AttMpls,SM,0,MCF_ARC,9,4,4,0,9->4,9->4,7.384926,inf,0.0,191,191,7.384926,8.518273,29.537628,7.062147,0.0,0.0,0.0,0,191,0.5,0.5,0.0,5,0.0,0.0
AttMpls,SM,0,MCF_ARC,10,4,4,0,10->4,10->4,7.919298,inf,0.0,183,183,7.919298,8.518273,30.072001,7.062147,0.0,0.0,0.0,0,183,0.5,0.5,0.0,5,0.0,0.0
AttMpls,SM,0,MCF_ARC,11,4,4,0,11->14->10->4,11->14->10->9->4,23.864029,inf,0.0,180,180,27.403141,8.518273,49.555844,7.062147,0.0,0.0,0.0,0,180,0.5,0.5,0.0,5,0.0,0.0
AttMpls,SM,0,MCF_ARC,12,4,4,0,12->14->9->4,12->14->9->4,20.94023,inf,0.0,121,121,20.94023,8.518273,43.092932,7.062147,0.0,0.0,0.0,0,121,0.5,0.5,0.0,5,0.0,0.0
AttMpls,SM,0,MCF_ARC,13,3,3,0,13->14->10->3,13->14->10->3,17.056511,inf,0.0,166,166,17.056511,7.796057,38.940545,6.793478,0.0,0.0,0.0,0,166.0,0.5,0.5,0.0,5,0.0,0.0
AttMpls,SM,0,MCF_ARC,14,3,3,0,14->10->3,14->10->3,12.999735,inf,0.0,147,147,12.999735,7.796057,34.883769,6.793478,0.0,0.0,0.0,0,147.0,0.5,0.5,0.0,5,0.0,0.0
AttMpls,SM,0,MCF_ARC,15,3,1,1,15->6->10->3,15->6->8->1,18.153713,inf,0.0,187,187,18.46055,2.654342,36.185457,2.634352,0.0,0.0,0.0,0,187,0.5,0.5,0.0,5,0.0,0.0
AttMpls,SM,0,MCF_ARC,16,3,3,0,16->3,16->3,14.790054,inf,0.0,184,184,14.790054,7.796057,36.674088,6.793478,0.0,0.0,0.0,0,184,0.5,0.5,0.0,5,0.0,0.0
AttMpls,SM,0,MCF_ARC,17,3,3,0,17->3,17->3,6.647635,inf,0.0,144,144,6.647635,7.796057,28.531668,6.793478,0.0,0.0,0.0,0,144,0.5,0.5,0.0,5,0.0,0.0
AttMpls,SM,0,MCF_ARC,18,3,3,0,18->3,18->3,29.905639,inf,0.0,165,165,29.905639,7.796057,51.789672,6.793478,0.0,0.0,0.0,0,165,0.5,0.5,0.0,5,0.0,0.0
AttMpls,SM,0,MCF_ARC,19,3,3,0,19->22->3,19->22->3,28.851836,inf,0.0,171,171,28.851836,7.796057,50.73587,6.793478,0.0,0.0,0.0,0,171,0.5,0.5,0.0,5,0.0,0.0
AttMpls,SM,0,MCF_ARC,20,3,1,1,20->21->3,20->21->3->1,30.289412,inf,0.0,193,193,41.776841,2.654342,59.501748,2.634352,0.0,0.0,0.0,0,193,0.5,0.5,0.0,5,0.0,0.0
AttMpls,SM,0,MCF_ARC,21,2,2,0,21->3->1->2,21->3->1->2,42.489166,62.697429,0.0,207,207,42.489166,5.328318,62.697429,5.117707,0.0,0.0,0.0,0,207,0.5,0.5,0.0,5,0.0,0.0
AttMpls,SM,0,MCF_ARC,22,2,2,0,22->3->1->2,22->3->1->2,34.799293,55.007555,0.0,179,179,34.799293,5.328318,55.007555,5.117707,0.0,0.0,0.0,0,179,0.5,0.5,0.0,5,0.0,0.0
AttMpls,SM,0,MCF_ARC,23,2,2,0,23->14->6->8->1->2,23->10->3->1->2,46.618555,66.826818,0.0,202,202,44.293364,5.328318,64.501627,5.117707,0.0,0.0,0.0,0,202,0.5,0.5,0.0,5,0.0,0.0
AttMpls,SM,0,MCF_ARC,24,2,2,0,24->23->10->4->7->2,24->23->10->4->7->2,45.410864,65.619126,0.0,185,185,45.410864,5.328318,65.619126,5.117707,0.0,0.0,0.0,0,185,0.5,0.5,0.0,5,0.0,0.0
AttMpls,SM,0,MCF_ARC,25,2,2,0,25->23->10->4->7->2,25->13->14->6->8->7->2,49.370951,69.579214,0.0,187,187,44.373321,5.328318,64.581584,5.117707,0.0,0.0,0.0,0,187.0,0.5,0.5,0.0,5,0.0,0.0
AttMpls,SM,1,B1,1,1,1,0,1,,0.0,15.952476,0.0,191,191,0.0,2.158895,17.24945,2.158895,0.0,0.0,0.0,0,191,0.5,0.5,0.0,5,0.0,0.0
AttMpls,SM,1,B1,2,2,2,0,2,,0.0,18.37355,0.0,194,194,0.0,3.282994,18.37355,3.282994,0.0,0.0,0.0,0,194,0.5,0.5,0.0,5,0.0,0.0
AttMpls,SM,1,B1,3,3,3,0,3,,0.0,inf,0.0,165,165,0.0,111.111111,126.201667,111.111111,0.0,0.0,0.0,0,165,0.5,0.5,0.0,5,0.0,0.0
AttMpls,SM,1,B1,4,4,4,0,4,,0.0,inf,0.0,143,143,0.0,26.595745,41.6863,26.595745,0.0,0.0,0.0,0,143,0.5,0.5,0.0,5,0.0,0.0
AttMpls,SM,1,B1,5,4,1,1,5->8->7->4,,11.517401,inf,0.0,173,173,7.033591,2.158895,24.283041,2.158895,0.0,0.0,0.0,0,173,0.5,0.5,0.0,5,0.0,0.0
AttMpls,SM,1,B1,6,4,4,0,6->9->4,,10.84589,inf,0.0,202,202,10.84589,26.595745,52.53219,26.595745,0.0,0.0,0.0,0,202.0,0.5,0.5,0.0,5,0.0,0.0
AttMpls,SM,1,B1,7,4,1,1,7->4,,5.777645,inf,0.0,178,178,1.297604,2.158895,18.547054,2.158895,0.0,0.0,0.0,0,178.0,0.5,0.5,0.0,5,0.0,0.0
AttMpls,SM,1,B1,8,4,1,1,8->7->4,,7.771976,inf,0.0,217,217,3.288166,2.158895,20.537616,2.158895,0.0,0.0,0.0,0,217.0,0.5,0.5,0.0,5,0.0,0.0
AttMpls,SM,1,B1,9,4,4,0,9->4,,7.384926,inf,0.0,177,177,7.384926,26.595745,49.071226,26.595745,0.0,0.0,0.0,0,177,0.5,0.5,0.0,5,0.0,0.0
AttMpls,SM,1,B1,10,4,4,0,10->4,,7.919298,inf,0.0,140,140,7.919298,26.595745,49.605598,26.595745,0.0,0.0,0.0,0,140,0.5,0.5,0.0,5,0.0,0.0
AttMpls,SM,1,B1,11,4,4,0,11->14->10->4,,23.864029,inf,0.0,193,193,23.864029,26.595745,65.550329,26.595745,0.0,0.0,0.0,0,193,0.5,0.5,0.0,5,0.0,0.0
AttMpls,SM,1,B1,12,4,4,0,12->14->10->4,,20.354661,inf,0.0,207,207,20.354661,26.595745,62.040961,26.595745,0.0,0.0,0.0,0,207,0.5,0.5,0.0,5,0.0,0.0
AttMpls,SM,1,B1,13,3,3,0,13->14->10->3,,17.056511,inf,0.0,169,169,17.056511,111.111111,143.258178,111.111111,0.0,0.0,0.0,0,169.0,0.5,0.5,0.0,5,0.0,0.0
AttMpls,SM,1,B1,14,3,3,0,14->10->3,,12.999735,inf,0.0,206,206,12.999735,111.111111,139.201402,111.111111,0.0,0.0,0.0,0,206.0,0.5,0.5,0.0,5,0.0,0.0
AttMpls,SM,1,B1,15,3,1,1,15->6->10->3,,18.153713,inf,0.0,129,129,18.46055,2.158895,35.71,2.158895,0.0,0.0,0.0,0,129,0.5,0.5,0.0,5,0.0,0.0
AttMpls,SM,1,B1,16,3,3,0,16->3,,14.790054,inf,0.0,206,206,14.790054,111.111111,140.99172,111.111111,0.0,0.0,0.0,0,206,0.5,0.5,0.0,5,0.0,0.0
AttMpls,SM,1,B1,17,3,3,0,17->3,,6.647635,inf,0.0,114,114,6.647635,111.111111,132.849301,111.111111,0.0,0.0,0.0,0,114,0.5,0.5,0.0,5,0.0,0.0
AttMpls,SM,1,B1,18,3,3,0,18->3,,29.905639,inf,0.0,170,170,29.905639,111.111111,156.107305,111.111111,0.0,0.0,0.0,0,170,0.5,0.5,0.0,5,0.0,0.0
AttMpls,SM,1,B1,19,3,3,0,19->22->3,,28.851836,inf,0.0,193,193,28.851836,111.111111,155.053503,111.111111,0.0,0.0,0.0,0,193,0.5,0.5,0.0,5,0.0,0.0
AttMpls,SM,1,B1,20,3,4,1,20->21->3,,30.289412,inf,0.0,226,226,35.262169,26.595745,76.948469,26.595745,0.0,0.0,0.0,0,226,0.5,0.5,0.0,5,0.0,0.0
AttMpls,SM,1,B1,21,2,2,0,21->3->1->2,,42.489166,60.862716,0.0,213,213,42.489166,3.282994,60.862716,3.282994,0.0,0.0,0.0,0,213,0.5,0.5,0.0,5,0.0,0.0
AttMpls,SM,1,B1,22,2,2,0,22->3->1->2,,34.799293,53.172842,0.0,198,198,34.799293,3.282994,53.172842,3.282994,0.0,0.0,0.0,0,198,0.5,0.5,0.0,5,0.0,0.0
AttMpls,SM,1,B1,23,2,2,0,23->10->4->7->2,,43.616324,61.989874,0.0,239,239,43.616324,3.282994,61.989874,3.282994,0.0,0.0,0.0,0,239,0.5,0.5,0.0,5,0.0,0.0
AttMpls,SM,1,B1,24,2,2,0,24->23->10->4->7->2,,45.410864,63.784413,0.0,177,177,45.410864,3.282994,63.784413,3.282994,0.0,0.0,0.0,0,177,0.5,0.5,0.0,5,0.0,0.0
AttMpls,SM,1,B1,25,3,3,0,25->23->10->3,,35.518013,inf,0.0,160,160,30.703141,111.111111,156.904808,111.111111,0.0,0.0,0.0,0,160.0,0.5,0.5,0.0,5,0.0,0.0
AttMpls,SM,1,B3,1,1,1,0,1,1,0.0,15.952476,0.0,191,191,0.0,36.764706,51.855261,36.764706,0.0,0.0,0.0,0,191,0.5,0.5,0.0,5,0.0,0.0
AttMpls,SM,1,B3,2,2,2,0,2,2,0.0,18.37355,0.0,194,194,0.0,3.282994,18.37355,3.282994,0.0,0.0,0.0,0,194,0.5,0.5,0.0,5,0.0,0.0
AttMpls,SM,1,B3,3,3,3,0,3,3,0.0,inf,0.0,165,165,0.0,4.651163,19.741718,4.651163,0.0,0.0,0.0,0,165,0.5,0.5,0.0,5,0.0,0.0
AttMpls,SM,1,B3,4,4,4,0,4,4,0.0,inf,0.0,143,143,0.0,3.736921,18.827476,3.736921,0.0,0.0,0.0,0,143,0.5,0.5,0.0,5,0.0,0.0
AttMpls,SM,1,B3,5,4,4,0,5->8->7->4,5->8->7->4,11.517401,inf,0.0,173,173,11.517401,3.736921,30.344878,3.736921,0.0,0.0,0.0,0,173,0.5,0.5,0.0,5,0.0,0.0
AttMpls,SM,1,B3,6,4,1,1,6->9->4,6->8->1,10.84589,inf,0.0,202,202,12.011096,36.764706,63.866357,36.764706,0.0,0.0,0.0,0,202.0,0.5,0.5,0.0,5,0.0,0.0
AttMpls,SM,1,B3,7,4,4,0,7->4,7->4,5.777645,inf,0.0,178,178,5.777645,3.736921,24.605121,3.736921,0.0,0.0,0.0,0,178.0,0.5,0.5,0.0,5,0.0,0.0
AttMpls,SM,1,B3,8,4,4,0,8->7->4,8->7->4,7.771976,inf,0.0,217,217,7.771976,3.736921,26.599453,3.736921,0.0,0.0,0.0,0,217.0,0.5,0.5,0.0,5,0.0,0.0
AttMpls,SM,1,B3,9,4,1,1,9->4,9->4->7->1,7.384926,inf,0.0,177,177,14.460175,36.764706,66.315436,36.764706,0.0,0.0,0.0,0,177,0.5,0.5,0.0,5,0.0,0.0
AttMpls,SM,1,B3,10,4,4,0,10->4,10->4,7.919298,inf,0.0,140,140,7.919298,3.736921,26.746775,3.736921,0.0,0.0,0.0,0,140,0.5,0.5,0.0,5,0.0,0.0
AttMpls,SM,1,B3,11,4,1,1,11->14->10->4,11->15->6->8->1,23.864029,inf,0.0,193,193,27.055708,36.764706,78.910969,36.764706,0.0,0.0,0.0,0,193,0.5,0.5,0.0,5,0.0,0.0
AttMpls,SM,1,B3,12,4,4,0,12->14->10->4,12->14->10->4,20.354661,inf,0.0,207,207,20.354661,3.736921,39.182138,3.736921,0.0,0.0,0.0,0,207,0.5,0.5,0.0,5,0.0,0.0
AttMpls,SM,1,B3,13,3,3,0,13->14->10->3,13->14->10->3,17.056511,inf,0.0,169,169,17.056511,4.651163,36.79823,4.651163,0.0,0.0,0.0,0,169.0,0.5,0.5,0.0,5,0.0,0.0
AttMpls,SM,1,B3,14,3,1,1,14->10->3,14->6->8->1,12.999735,inf,0.0,206,206,23.624176,36.764706,75.479438,36.764706,0.0,0.0,0.0,0,206.0,0.5,0.5,0.0,5,0.0,0.0
AttMpls,SM,1,B3,15,3,1,1,15->6->10->3,15->6->8->1,18.153713,inf,0.0,129,129,18.46055,36.764706,70.315811,36.764706,0.0,0.0,0.0,0,129,0.5,0.5,0.0,5,0.0,0.0
AttMpls,SM,1,B3,16,3,3,0,16->3,16->3,14.790054,inf,0.0,206,206,14.790054,4.651163,34.531772,4.651163,0.0,0.0,0.0,0,206,0.5,0.5,0.0,5,0.0,0.0
AttMpls,SM,1,B3,17,3,3,0,17->3,17->3,6.647635,inf,0.0,114,114,6.647635,4.651163,26.389353,4.651163,0.0,0.0,0.0,0,114,0.5,0.5,0.0,5,0.0,0.0
AttMpls,SM,1,B3,18,3,3,0,18->3,18->3,29.905639,inf,0.0,170,170,29.905639,4.651163,49.647357,4.651163,0.0,0.0,0.0,0,170,0.5,0.5,0.0,5,0.0,0.0
AttMpls,SM,1,B3,19,3,3,0,19->22->3,19->22->3,28.851836,inf,0.0,193,193,28.851836,4.651163,48.593554,4.651163,0.0,0.0,0.0,0,193,0.5,0.5,0.0,5,0.0,0.0
AttMpls,SM,1,B3,20,3,1,1,20->21->3,20->21->3->1,30.289412,inf,0.0,226,226,41.776841,36.764706,93.632102,36.764706,0.0,0.0,0.0,0,226,0.5,0.5,0.0,5,0.0,0.0
AttMpls,SM,1,B3,21,2,2,0,21->3->1->2,21->3->1->2,42.489166,60.862716,0.0,213,213,42.489166,3.282994,60.862716,3.282994,0.0,0.0,0.0,0,213,0.5,0.5,0.0,5,0.0,0.0
AttMpls,SM,1,B3,22,2,2,0,22->3->1->2,22->3->1->2,34.799293,53.172842,0.0,198,198,34.799293,3.282994,53.172842,3.282994,0.0,0.0,0.0,0,198,0.5,0.5,0.0,5,0.0,0.0
AttMpls,SM,1,B3,23,2,2,0,23->10->4->7->2,23->10->4->7->2,43.616324,61.989874,0.0,239,239,43.616324,3.282994,61.989874,3.282994,0.0,0.0,0.0,0,239,0.5,0.5,0.0,5,0.0,0.0
AttMpls,SM,1,B3,24,2,2,0,24->23->10->4->7->2,24->23->10->4->7->2,45.410864,63.784413,0.0,177,177,45.410864,3.282994,63.784413,3.282994,0.0,0.0,0.0,0,177,0.5,0.5,0.0,5,0.0,0.0
AttMpls,SM,1,B3,25,3,3,0,25->23->10->3,25->13->14->10->3,35.518013,inf,0.0,160,160,30.703141,4.651163,50.444859,4.651163,0.0,0.0,0.0,0,160.0,0.5,0.5,0.0,5,0.0,0.0
AttMpls,SM,1,MCF_ARC,1,1,1,0,1,1,0.0,15.952476,0.0,191,191,0.0,3.299093,18.324708,3.234153,0.0,0.0,0.0,0,191,0.5,0.5,0.0,5,0.0,0.0
AttMpls,SM,1,MCF_ARC,2,2,2,0,2,2,0.0,18.37355,0.0,194,194,0.0,3.350777,18.37355,3.282994,0.0,0.0,0.0,0,194,0.5,0.5,0.0,5,0.0,0.0
AttMpls,SM,1,MCF_ARC,3,3,3,0,3,3,0.0,inf,0.0,165,165,0.0,13.057292,26.718462,11.627907,0.0,0.0,0.0,0,165,0.5,0.5,0.0,5,0.0,0.0
AttMpls,SM,1,MCF_ARC,4,4,4,0,4,4,0.0,inf,0.0,143,143,0.0,10.829745,23.816559,8.726003,0.0,0.0,0.0,0,143,0.5,0.5,0.0,5,0.0,0.0
AttMpls,SM,1,MCF_ARC,5,4,4,0,5->8->7->4,5->8->7->4,11.517401,inf,0.0,173,173,11.517401,10.829745,35.33396,8.726003,0.0,0.0,0.0,0,173,0.5,0.5,0.0,5,0.0,0.0
AttMpls,SM,1,MCF_ARC,6,4,1,1,6->9->4,6->8->1,10.84589,inf,0.0,202,202,12.011096,3.299093,30.335804,3.234153,0.0,0.0,0.0,0,202.0,0.5,0.5,0.0,5,0.0,0.0
AttMpls,SM,1,MCF_ARC,7,4,4,0,7->4,7->4,5.777645,inf,0.0,178,178,5.777645,10.829745,29.594204,8.726003,0.0,0.0,0.0,0,178.0,0.5,0.5,0.0,5,0.0,0.0
AttMpls,SM,1,MCF_ARC,8,4,1,1,8->7->4,8->1,7.771976,inf,0.0,217,217,3.288166,3.299093,21.612874,3.234153,0.0,0.0,0.0,0,217.0,0.5,0.5,0.0,5,0.0,0.0
AttMpls,SM,1,MCF_ARC,9,4,4,0,9->4,9->4,7.384926,inf,0.0,177,177,7.384926,10.829745,31.201485,8.726003,0.0,0.0,0.0,0,177,0.5,0.5,0.0,5,0.0,0.0
AttMpls,SM,1,MCF_ARC,10,4,4,0,10->4,10->4,7.919298,inf,0.0,140,140,7.919298,10.829745,31.735857,8.726003,0.0,0.0,0.0,0,140,0.5,0.5,0.0,5,0.0,0.0
AttMpls,SM,1,MCF_ARC,11,4,4,0,11->14->10->4,11->12->14->10->4,23.864029,inf,0.0,193,193,25.468196,10.829745,49.284755,8.726003,0.0,0.0,0.0,0,193,0.5,0.5,0.0,5,0.0,0.0
AttMpls,SM,1,MCF_ARC,12,4,4,0,12->14->10->4,12->13->14->9->4,20.354661,inf,0.0,207,207,24.433509,10.829745,48.250068,8.726003,0.0,0.0,0.0,0,207,0.5,0.5,0.0,5,0.0,0.0
AttMpls,SM,1,MCF_ARC,13,3,3,0,13->14->10->3,13->14->10->3,17.056511,inf,0.0,169,169,17.056511,13.057292,43.774974,11.627907,0.0,0.0,0.0,0,169.0,0.5,0.5,0.0,5,0.0,0.0
AttMpls,SM,1,MCF_ARC,14,3,1,1,14->10->3,14->9->4->7->1,12.999735,inf,0.0,206,206,24.396273,3.299093,42.720982,3.234153,0.0,0.0,0.0,0,206.0,0.5,0.5,0.0,5,0.0,0.0
AttMpls,SM,1,MCF_ARC,15,3,3,0,15->6->10->3,15->11->14->17->3,18.153713,inf,0.0,129,129,29.665511,13.057292,56.383974,11.627907,0.0,0.0,0.0,0,129,0.5,0.5,0.0,5,0.0,0.0
AttMpls,SM,1,MCF_ARC,16,3,3,0,16->3,16->3,14.790054,inf,0.0,206,206,14.790054,13.057292,41.508516,11.627907,0.0,0.0,0.0,0,206,0.5,0.5,0.0,5,0.0,0.0
AttMpls,SM,1,MCF_ARC,17,3,3,0,17->3,17->16->3,6.647635,inf,0.0,114,114,23.729953,13.057292,50.448416,11.627907,0.0,0.0,0.0,0,114,0.5,0.5,0.0,5,0.0,0.0
AttMpls,SM,1,MCF_ARC,18,3,3,0,18->3,18->3,29.905639,inf,0.0,170,170,29.905639,13.057292,56.624101,11.627907,0.0,0.0,0.0,0,170,0.5,0.5,0.0,5,0.0,0.0
AttMpls,SM,1,MCF_ARC,19,3,3,0,19->22->3,19->22->3,28.851836,inf,0.0,193,193,28.851836,13.057292,55.570298,11.627907,0.0,0.0,0.0,0,193,0.5,0.5,0.0,5,0.0,0.0
AttMpls,SM,1,MCF_ARC,20,3,1,1,20->21->3,20->21->3->1,30.289412,inf,0.0,226,226,41.776841,3.299093,60.101549,3.234153,0.0,0.0,0.0,0,226,0.5,0.5,0.0,5,0.0,0.0
AttMpls,SM,1,MCF_ARC,21,2,2,0,21->3->1->2,21->3->1->2,42.489166,60.862716,0.0,213,213,42.489166,3.350777,60.862716,3.282994,0.0,0.0,0.0,0,213,0.5,0.5,0.0,5,0.0,0.0
AttMpls,SM,1,MCF_ARC,22,2,2,0,22->3->1->2,22->16->17->10->4->7->1->2,34.799293,53.172842,0.0,198,198,36.841393,3.350777,55.214943,3.282994,0.0,0.0,0.0,0,198,0.5,0.5,0.0,5,0.0,0.0
AttMpls,SM,1,MCF_ARC,23,2,2,0,23->10->4->7->2,23->14->6->8->7->2,43.616324,61.989874,0.0,239,239,46.621744,3.350777,64.995293,3.282994,0.0,0.0,0.0,0,239,0.5,0.5,0.0,5,0.0,0.0
AttMpls,SM,1,MCF_ARC,24,2,2,0,24->23->10->4->7->2,24->23->22->3->4->7->2,45.410864,63.784413,0.0,177,177,46.478919,3.350777,64.852469,3.282994,0.0,0.0,0.0,0,177,0.5,0.5,0.0,5,0.0,0.0
AttMpls,SM,1,MCF_ARC,25,3,3,0,25->23->10->3,25->23->22->3,35.518013,inf,0.0,160,160,35.349032,13.057292,62.067495,11.627907,0.0,0.0,0.0,0,160.0,0.5,0.5,0.0,5,0.0,0.0
AttMpls,SM,2,B1,1,1,1,0,1,,0.0,15.987417,0.0,185,185,0.0,1.901141,16.991696,1.901141,0.0,0.0,0.0,0,185,0.5,0.5,0.0,5,0.0,0.0
AttMpls,SM,2,B1,2,2,2,0,2,,0.0,18.428339,0.0,153,153,0.0,3.337784,18.428339,3.337784,0.0,0.0,0.0,0,153,0.5,0.5,0.0,5,0.0,0.0
AttMpls,SM,2,B1,3,3,3,0,3,,0.0,inf,0.0,218,218,0.0,166.666667,181.757222,166.666667,0.0,0.0,0.0,0,218,0.5,0.5,0.0,5,0.0,0.0
AttMpls,SM,2,B1,4,4,4,0,4,,0.0,inf,0.0,177,177,0.0,24.875622,39.966177,24.875622,0.0,0.0,0.0,0,177,0.5,0.5,0.0,5,0.0,0.0
AttMpls,SM,2,B1,5,4,1,1,5->8->7->4,,11.517401,inf,0.0,202,202,7.033591,1.901141,24.025287,1.901141,0.0,0.0,0.0,0,202,0.5,0.5,0.0,5,0.0,0.0
AttMpls,SM,2,B1,6,4,4,0,6->9->4,,10.84589,inf,0.0,161,161,10.84589,24.875622,50.812067,24.875622,0.0,0.0,0.0,0,161.0,0.5,0.5,0.0,5,0.0,0.0
AttMpls,SM,2,B1,7,4,4,0,7->4,,5.777645,inf,0.0,157,157,5.777645,24.875622,45.743823,24.875622,0.0,0.0,0.0,0,157.0,0.5,0.5,0.0,5,0.0,0.0
AttMpls,SM,2,B1,8,4,1,1,8->7->4,,7.771976,inf,0.0,178,178,3.288166,1.901141,20.279862,1.901141,0.0,0.0,0.0,0,178.0,0.5,0.5,0.0,5,0.0,0.0
AttMpls,SM,2,B1,9,4,4,0,9->4,,7.384926,inf,0.0,161,161,7.384926,24.875622,47.351103,24.875622,0.0,0.0,0.0,0,161,0.5,0.5,0.0,5,0.0,0.0
AttMpls,SM,2,B1,10,4,4,0,10->4,,7.919298,inf,0.0,166,166,7.919298,24.875622,47.885476,24.875622,0.0,0.0,0.0,0,166,0.5,0.5,0.0,5,0.0,0.0
AttMpls,SM,2,B1,11,4,4,0,11->14->10->4,,23.864029,inf,0.0,243,243,23.864029,24.875622,63.830206,24.875622,0.0,0.0,0.0,0,243,0.5,0.5,0.0,5,0.0,0.0
AttMpls,SM,2,B1,12,4,4,0,12->14->9->4,,20.94023,inf,0.0,180,180,20.354661,24.875622,60.320839,24.875622,0.0,0.0,0.0,0,180,0.5,0.5,0.0,5,0.0,0.0
AttMpls,SM,2,B1,13,3,3,0,13->14->17->3,,17.998556,inf,0.0,166,166,17.056511,166.666667,198.813734,166.666667,0.0,0.0,0.0,0,166.0,0.5,0.5,0.0,5,0.0,0.0
AttMpls,SM,2,B1,14,3,3,0,14->10->3,,12.999735,inf,0.0,175,175,12.999735,166.666667,194.756957,166.666667,0.0,0.0,0.0,0,175.0,0.5,0.5,0.0,5,0.0,0.0
AttMpls,SM,2,B1,15,3,3,0,15->6->10->3,,18.153713,inf,0.0,197,197,18.153713,166.666667,199.910935,166.666667,0.0,0.0,0.0,0,197,0.5,0.5,0.0,5,0.0,0.0
AttMpls,SM,2,B1,16,3,3,0,16->3,,14.790054,inf,0.0,218,218,14.790054,166.666667,196.547276,166.666667,0.0,0.0,0.0,0,218,0.5,0.5,0.0,5,0.0,0.0
AttMpls,SM,2,B1,17,3,3,0,17->3,,6.647635,inf,0.0,166,166,6.647635,166.666667,188.404857,166.666667,0.0,0.0,0.0,0,166,0.5,0.5,0.0,5,0.0,0.0
AttMpls,SM,2,B1,18,3,1,1,18->3,,29.905639,inf,0.0,209,209,41.393068,1.901141,58.384764,1.901141,0.0,0.0,0.0,0,209,0.5,0.5,0.0,5,0.0,0.0
AttMpls,SM,2,B1,19,3,3,0,19->22->3,,28.851836,inf,0.0,154,154,28.851836,166.666667,210.609058,166.666667,0.0,0.0,0.0,0,154,0.5,0.5,0.0,5,0.0,0.0
AttMpls,SM,2,B1,20,2,2,0,20->21->3->1->2,,44.81939,63.24773,0.0,245,245,44.81939,3.337784,63.24773,3.337784,0.0,0.0,0.0,0,245,0.5,0.5,0.0,5,0.0,0.0
AttMpls,SM,2,B1,21,4,4,0,21->3->4,,32.931944,inf,0.0,130,130,32.931944,24.875622,72.898122,24.875622,0.0,0.0,0.0,0,130,0.5,0.5,0.0,5,0.0,0.0
AttMpls,SM,2,B1,22,2,2,0,22->3->7->2,,35.328578,53.756918,0.0,174,174,34.799293,3.337784,53.227632,3.337784,0.0,0.0,0.0,0,174,0.5,0.5,0.0,5,0.0,0.0
AttMpls,SM,2,B1,23,2,2,0,23->10->4->7->2,,43.616324,62.044663,0.0,152,152,43.616324,3.337784,62.044663,3.337784,0.0,0.0,0.0,0,152,0.5,0.5,0.0,5,0.0,0.0
AttMpls,SM,2,B1,24,2,2,0,24->23->10->4->7->2,,45.410864,63.839203,0.0,159,159,45.410864,3.337784,63.839203,3.337784,0.0,0.0,0.0,0,159,0.5,0.5,0.0,5,0.0,0.0
AttMpls,SM,2,B1,25,2,2,0,25->23->10->3->1->2,,50.047991,68.47633,0.0,167,167,44.370132,3.337784,62.798471,3.337784,0.0,0.0,0.0,0,167.0,0.5,0.5,0.0,5,0.0,0.0
AttMpls,SM,2,B3,1,1,1,0,1,1,0.0,15.987417,0.0,185,185,0.0,7.29927,22.389826,7.29927,0.0,0.0,0.0,0,185,0.5,0.5,0.0,5,0.0,0.0
AttMpls,SM,2,B3,2,2,2,0,2,2,0.0,18.428339,0.0,153,153,0.0,3.337784,18.428339,3.337784,0.0,0.0,0.0,0,153,0.5,0.5,0.0,5,0.0,0.0
AttMpls,SM,2,B3,3,3,3,0,3,3,0.0,inf,0.0,218,218,0.0,5.91716,21.007715,5.91716,0.0,0.0,0.0,0,218,0.5,0.5,0.0,5,0.0,0.0
AttMpls,SM,2,B3,4,4,4,0,4,4,0.0,inf,0.0,177,177,0.0,3.756574,18.84713,3.756574,0.0,0.0,0.0,0,177,0.5,0.5,0.0,5,0.0,0.0
AttMpls,SM,2,B3,5,4,1,1,5->8->7->4,5->8->1,11.517401,inf,0.0,202,202,7.033591,7.29927,29.423417,7.29927,0.0,0.0,0.0,0,202,0.5,0.5,0.0,5,0.0,0.0
AttMpls,SM,2,B3,6,4,1,1,6->9->4,6->8->1,10.84589,inf,0.0,161,161,12.011096,7.29927,34.400921,7.29927,0.0,0.0,0.0,0,161.0,0.5,0.5,0.0,5,0.0,0.0
AttMpls,SM,2,B3,7,4,4,0,7->4,7->4,5.777645,inf,0.0,157,157,5.777645,3.756574,24.624775,3.756574,0.0,0.0,0.0,0,157.0,0.5,0.5,0.0,5,0.0,0.0
AttMpls,SM,2,B3,8,4,4,0,8->7->4,8->7->4,7.771976,inf,0.0,178,178,7.771976,3.756574,26.619106,3.756574,0.0,0.0,0.0,0,178.0,0.5,0.5,0.0,5,0.0,0.0
AttMpls,SM,2,B3,9,4,4,0,9->4,9->4,7.384926,inf,0.0,161,161,7.384926,3.756574,26.232055,3.756574,0.0,0.0,0.0,0,161,0.5,0.5,0.0,5,0.0,0.0
AttMpls,SM,2,B3,10,4,4,0,10->4,10->4,7.919298,inf,0.0,166,166,7.919298,3.756574,26.766428,3.756574,0.0,0.0,0.0,0,166,0.5,0.5,0.0,5,0.0,0.0
AttMpls,SM,2,B3,11,4,1,1,11->14->10->4,11->15->6->8->1,23.864029,inf,0.0,243,243,27.055708,7.29927,49.445534,7.29927,0.0,0.0,0.0,0,243,0.5,0.5,0.0,5,0.0,0.0
AttMpls,SM,2,B3,12,4,4,0,12->14->9->4,12->14->10->4,20.94023,inf,0.0,180,180,20.354661,3.756574,39.201791,3.756574,0.0,0.0,0.0,0,180,0.5,0.5,0.0,5,0.0,0.0
AttMpls,SM,2,B3,13,3,3,0,13->14->17->3,13->14->10->3,17.998556,inf,0.0,166,166,17.056511,5.91716,38.064227,5.91716,0.0,0.0,0.0,0,166.0,0.5,0.5,0.0,5,0.0,0.0
AttMpls,SM,2,B3,14,3,1,1,14->10->3,14->6->8->1,12.999735,inf,0.0,175,175,23.624176,7.29927,46.014002,7.29927,0.0,0.0,0.0,0,175.0,0.5,0.5,0.0,5,0.0,0.0
AttMpls,SM,2,B3,15,3,1,1,15->6->10->3,15->6->8->1,18.153713,inf,0.0,197,197,18.46055,7.29927,40.850375,7.29927,0.0,0.0,0.0,0,197,0.5,0.5,0.0,5,0.0,0.0
AttMpls,SM,2,B3,16,3,3,0,16->3,16->3,14.790054,inf,0.0,218,218,14.790054,5.91716,35.797769,5.91716,0.0,0.0,0.0,0,218,0.5,0.5,0.0,5,0.0,0.0
AttMpls,SM,2,B3,17,3,3,0,17->3,17->3,6.647635,inf,0.0,166,166,6.647635,5.91716,27.65535,5.91716,0.0,0.0,0.0,0,166,0.5,0.5,0.0,5,0.0,0.0
AttMpls,SM,2,B3,18,3,3,0,18->3,18->3,29.905639,inf,0.0,209,209,29.905639,5.91716,50.913354,5.91716,0.0,0.0,0.0,0,209,0.5,0.5,0.0,5,0.0,0.0
AttMpls,SM,2,B3,19,3,3,0,19->22->3,19->22->3,28.851836,inf,0.0,154,154,28.851836,5.91716,49.859551,5.91716,0.0,0.0,0.0,0,154,0.5,0.5,0.0,5,0.0,0.0
AttMpls,SM,2,B3,20,2,2,0,20->21->3->1->2,20->21->3->1->2,44.81939,63.24773,0.0,245,245,44.81939,3.337784,63.24773,3.337784,0.0,0.0,0.0,0,245,0.5,0.5,0.0,5,0.0,0.0
AttMpls,SM,2,B3,21,4,4,0,21->3->4,21->3->4,32.931944,inf,0.0,130,130,32.931944,3.756574,51.779074,3.756574,0.0,0.0,0.0,0,130,0.5,0.5,0.0,5,0.0,0.0
AttMpls,SM,2,B3,22,2,2,0,22->3->7->2,22->3->1->2,35.328578,53.756918,0.0,174,174,34.799293,3.337784,53.227632,3.337784,0.0,0.0,0.0,0,174,0.5,0.5,0.0,5,0.0,0.0
AttMpls,SM,2,B3,23,2,2,0,23->10->4->7->2,23->10->4->7->2,43.616324,62.044663,0.0,152,152,43.616324,3.337784,62.044663,3.337784,0.0,0.0,0.0,0,152,0.5,0.5,0.0,5,0.0,0.0
AttMpls,SM,2,B3,24,2,2,0,24->23->10->4->7->2,24->23->10->4->7->2,45.410864,63.839203,0.0,159,159,45.410864,3.337784,63.839203,3.337784,0.0,0.0,0.0,0,159,0.5,0.5,0.0,5,0.0,0.0
AttMpls,SM,2,B3,25,2,2,0,25->23->10->3->1->2,25->13->14->6->8->1->2,50.047991,68.47633,0.0,167,167,44.370132,3.337784,62.798471,3.337784,0.0,0.0,0.0,0,167.0,0.5,0.5,0.0,5,0.0,0.0
AttMpls,SM,2,MCF_ARC,1,1,1,0,1,1,0.0,15.987417,0.0,185,185,0.0,4.304333,19.205782,4.115226,0.0,0.0,0.0,0,185,0.5,0.5,0.0,5,0.0,0.0
AttMpls,SM,2,MCF_ARC,2,2,2,0,2,2,0.0,18.428339,0.0,153,153,0.0,3.387644,18.428339,3.337784,0.0,0.0,0.0,0,153,0.5,0.5,0.0,5,0.0,0.0
AttMpls,SM,2,MCF_ARC,3,3,3,0,3,3,0.0,inf,0.0,218,218,0.0,4.722123,19.554841,4.464286,0.0,0.0,0.0,0,218,0.5,0.5,0.0,5,0.0,0.0
AttMpls,SM,2,MCF_ARC,4,4,4,0,4,4,0.0,inf,0.0,177,177,0.0,11.469671,24.596259,9.505703,0.0,0.0,0.0,0,177,0.5,0.5,0.0,5,0.0,0.0
AttMpls,SM,2,MCF_ARC,5,4,1,1,5->8->7->4,5->8->1,11.517401,inf,0.0,202,202,7.033591,4.304333,26.239373,4.115226,0.0,0.0,0.0,0,202,0.5,0.5,0.0,5,0.0,0.0
AttMpls,SM,2,MCF_ARC,6,4,4,0,6->9->4,6->9->4,10.84589,inf,0.0,161,161,10.84589,11.469671,35.442149,9.505703,0.0,0.0,0.0,0,161.0,0.5,0.5,0.0,5,0.0,0.0
AttMpls,SM,2,MCF_ARC,7,4,4,0,7->4,7->4,5.777645,inf,0.0,157,157,5.777645,11.469671,30.373904,9.505703,0.0,0.0,0.0,0,157.0,0.5,0.5,0.0,5,0.0,0.0
AttMpls,SM,2,MCF_ARC,8,4,4,0,8->7->4,8->7->4,7.771976,inf,0.0,178,178,7.771976,11.469671,32.368235,9.505703,0.0,0.0,0.0,0,178.0,0.5,0.5,0.0,5,0.0,0.0
AttMpls,SM,2,MCF_ARC,9,4,4,0,9->4,9->4,7.384926,inf,0.0,161,161,7.384926,11.469671,31.981185,9.505703,0.0,0.0,0.0,0,161,0.5,0.5,0.0,5,0.0,0.0
AttMpls,SM,2,MCF_ARC,10,4,4,0,10->4,10->4,7.919298,inf,0.0,166,166,7.919298,11.469671,32.515557,9.505703,0.0,0.0,0.0,0,166,0.5,0.5,0.0,5,0.0,0.0
AttMpls,SM,2,MCF_ARC,11,4,1,1,11->14->10->4,11->14->6->8->1,23.864029,inf,0.0,243,243,30.75275,4.304333,49.958531,4.115226,0.0,0.0,0.0,0,243,0.5,0.5,0.0,5,0.0,0.0
AttMpls,SM,2,MCF_ARC,12,4,4,0,12->14->9->4,12->14->10->4,20.94023,inf,0.0,180,180,20.354661,11.469671,44.95092,9.505703,0.0,0.0,0.0,0,180,0.5,0.5,0.0,5,0.0,0.0
AttMpls,SM,2,MCF_ARC,13,3,3,0,13->14->17->3,13->14->10->3,17.998556,inf,0.0,166,166,17.056511,4.722123,36.611353,4.464286,0.0,0.0,0.0,0,166.0,0.5,0.5,0.0,5,0.0,0.0
AttMpls,SM,2,MCF_ARC,14,3,3,0,14->10->3,14->10->3,12.999735,inf,0.0,175,175,12.999735,4.722123,32.554576,4.464286,0.0,0.0,0.0,0,175.0,0.5,0.5,0.0,5,0.0,0.0
AttMpls,SM,2,MCF_ARC,15,3,3,0,15->6->10->3,15->6->10->3,18.153713,inf,0.0,197,197,18.153713,4.722123,37.708554,4.464286,0.0,0.0,0.0,0,197,0.5,0.5,0.0,5,0.0,0.0
AttMpls,SM,2,MCF_ARC,16,3,1,1,16->3,16->3->1,14.790054,inf,0.0,218,218,26.277483,4.304333,45.483265,4.115226,0.0,0.0,0.0,0,218,0.5,0.5,0.0,5,0.0,0.0
AttMpls,SM,2,MCF_ARC,17,3,3,0,17->3,17->3,6.647635,inf,0.0,166,166,6.647635,4.722123,26.202476,4.464286,0.0,0.0,0.0,0,166,0.5,0.5,0.0,5,0.0,0.0
AttMpls,SM,2,MCF_ARC,18,3,1,1,18->3,18->3->1,29.905639,inf,0.0,209,209,41.393068,4.304333,60.59885,4.115226,0.0,0.0,0.0,0,209,0.5,0.5,0.0,5,0.0,0.0
AttMpls,SM,2,MCF_ARC,19,3,3,0,19->22->3,19->22->3,28.851836,inf,0.0,154,154,28.851836,4.722123,48.406677,4.464286,0.0,0.0,0.0,0,154,0.5,0.5,0.0,5,0.0,0.0
AttMpls,SM,2,MCF_ARC,20,2,2,0,20->21->3->1->2,20->21->3->1->2,44.81939,63.24773,0.0,245,245,44.81939,3.387644,63.24773,3.337784,0.0,0.0,0.0,0,245,0.5,0.5,0.0,5,0.0,0.0
AttMpls,SM,2,MCF_ARC,21,4,4,0,21->3->4,21->3->4,32.931944,inf,0.0,130,130,32.931944,11.469671,57.528203,9.505703,0.0,0.0,0.0,0,130,0.5,0.5,0.0,5,0.0,0.0
AttMpls,SM,2,MCF_ARC,22,2,2,0,22->3->7->2,22->16->17->10->4->7->1->2,35.328578,53.756918,0.0,174,174,36.841393,3.387644,55.269733,3.337784,0.0,0.0,0.0,0,174,0.5,0.5,0.0,5,0.0,0.0
AttMpls,SM,2,MCF_ARC,23,2,2,0,23->10->4->7->2,23->22->3->7->2,43.616324,62.044663,0.0,152,152,44.653669,3.387644,63.082008,3.337784,0.0,0.0,0.0,0,152,0.5,0.5,0.0,5,0.0,0.0
AttMpls,SM,2,MCF_ARC,24,2,2,0,24->23->10->4->7->2,24->23->14->9->4->7->2,45.410864,63.839203,0.0,159,159,49.184611,3.387644,67.61295,3.337784,0.0,0.0,0.0,0,159,0.5,0.5,0.0,5,0.0,0.0
AttMpls,SM,2,MCF_ARC,25,2,2,0,25->23->10->3->1->2,25->13->14->10->4->7->1->2,50.047991,68.47633,0.0,167,167,44.55666,3.387644,62.985,3.337784,0.0,0.0,0.0,0,167.0,0.5,0.5,0.0,5,0.0,0.0
AttMpls,SM,3,B1,1,1,1,0,1,,0.0,15.952476,0.0,195,195,0.0,2.745744,17.8363,2.745744,0.0,0.0,0.0,0,195,0.5,0.5,0.0,5,0.0,0.0
AttMpls,SM,3,B1,2,2,2,0,2,,0.0,18.421668,0.0,152,152,0.0,3.331113,18.421668,3.331113,0.0,0.0,0.0,0,152,0.5,0.5,0.0,5,0.0,0.0
AttMpls,SM,3,B1,3,3,3,0,3,,0.0,inf,0.0,227,227,0.0,22.123894,37.214449,22.123894,0.0,0.0,0.0,0,227,0.5,0.5,0.0,5,0.0,0.0
AttMpls,SM,3,B1,4,4,4,0,4,,0.0,inf,0.0,201,201,0.0,14.326648,29.417203,14.326648,0.0,0.0,0.0,0,201,0.5,0.5,0.0,5,0.0,0.0
AttMpls,SM,3,B1,5,4,1,1,5->8->7->4,,11.517401,inf,0.0,203,203,7.033591,2.745744,24.869891,2.745744,0.0,0.0,0.0,0,203,0.5,0.5,0.0,5,0.0,0.0
AttMpls,SM,3,B1,6,4,4,0,6->10->4,,15.43998,inf,0.0,172,172,10.84589,14.326648,40.263093,14.326648,0.0,0.0,0.0,0,172.0,0.5,0.5,0.0,5,0.0,0.0
AttMpls,SM,3,B1,7,4,1,1,7->4,,5.777645,inf,0.0,188,188,1.297604,2.745744,19.133904,2.745744,0.0,0.0,0.0,0,188.0,0.5,0.5,0.0,5,0.0,0.0
AttMpls,SM,3,B1,8,4,1,1,8->7->4,,7.771976,inf,0.0,210,210,3.288166,2.745744,21.124466,2.745744,0.0,0.0,0.0,0,210.0,0.5,0.5,0.0,5,0.0,0.0
AttMpls,SM,3,B1,9,4,4,0,9->4,,7.384926,inf,0.0,165,165,7.384926,14.326648,36.802129,14.326648,0.0,0.0,0.0,0,165,0.5,0.5,0.0,5,0.0,0.0
AttMpls,SM,3,B1,10,4,4,0,10->4,,7.919298,inf,0.0,213,213,7.919298,14.326648,37.336501,14.326648,0.0,0.0,0.0,0,213,0.5,0.5,0.0,5,0.0,0.0
AttMpls,SM,3,B1,11,4,4,0,11->14->10->4,,23.864029,inf,0.0,217,217,23.864029,14.326648,53.281232,14.326648,0.0,0.0,0.0,0,217,0.5,0.5,0.0,5,0.0,0.0
AttMpls,SM,3,B1,12,3,4,1,12->14->10->3,,16.618941,inf,0.0,183,183,20.354661,14.326648,49.771864,14.326648,0.0,0.0,0.0,0,183,0.5,0.5,0.0,5,0.0,0.0
AttMpls,SM,3,B1,13,4,4,0,13->14->9->4,,21.3778,inf,0.0,176,176,20.792232,14.326648,50.209435,14.326648,0.0,0.0,0.0,0,176.0,0.5,0.5,0.0,5,0.0,0.0
AttMpls,SM,3,B1,14,3,3,0,14->10->3,,12.999735,inf,0.0,193,193,12.999735,22.123894,50.214185,22.123894,0.0,0.0,0.0,0,193.0,0.5,0.5,0.0,5,0.0,0.0
AttMpls,SM,3,B1,15,3,1,1,15->6->10->3,,18.153713,inf,0.0,195,195,18.46055,2.745744,36.296849,2.745744,0.0,0.0,0.0,0,195,0.5,0.5,0.0,5,0.0,0.0
AttMpls,SM,3,B1,16,3,3,0,16->3,,14.790054,inf,0.0,188,188,14.790054,22.123894,52.004503,22.123894,0.0,0.0,0.0,0,188,0.5,0.5,0.0,5,0.0,0.0
AttMpls,SM,3,B1,17,3,3,0,17->3,,6.647635,inf,0.0,160,160,6.647635,22.123894,43.862084,22.123894,0.0,0.0,0.0,0,160,0.5,0.5,0.0,5,0.0,0.0
AttMpls,SM,3,B1,18,3,3,0,18->3,,29.905639,inf,0.0,155,155,29.905639,22.123894,67.120088,22.123894,0.0,0.0,0.0,0,155,0.5,0.5,0.0,5,0.0,0.0
AttMpls,SM,3,B1,19,3,3,0,19->22->3,,28.851836,inf,0.0,206,206,28.851836,22.123894,66.066285,22.123894,0.0,0.0,0.0,0,206,0.5,0.5,0.0,5,0.0,0.0
AttMpls,SM,3,B1,20,3,3,0,20->21->3,,30.289412,inf,0.0,181,181,30.289412,22.123894,67.503861,22.123894,0.0,0.0,0.0,0,181,0.5,0.5,0.0,5,0.0,0.0
AttMpls,SM,3,B1,21,2,2,0,21->3->7->2,,43.018452,61.44012,0.0,146,146,42.489166,3.331113,60.910834,3.331113,0.0,0.0,0.0,0,146,0.5,0.5,0.0,5,0.0,0.0
AttMpls,SM,3,B1,22,2,2,0,22->3->1->2,,34.799293,53.220961,0.0,179,179,34.799293,3.331113,53.220961,3.331113,0.0,0.0,0.0,0,179,0.5,0.5,0.0,5,0.0,0.0
AttMpls,SM,3,B1,23,2,2,0,23->18->3->1->2,,50.026064,68.447732,0.0,170,170,43.616324,3.331113,62.037992,3.331113,0.0,0.0,0.0,0,170,0.5,0.5,0.0,5,0.0,0.0
AttMpls,SM,3,B1,24,2,2,0,24->23->10->4->7->2,,45.410864,63.832532,0.0,201,201,45.410864,3.331113,63.832532,3.331113,0.0,0.0,0.0,0,201,0.5,0.5,0.0,5,0.0,0.0
AttMpls,SM,3,B1,25,2,2,0,25->23->10->4->7->2,,49.370951,67.79262,0.0,207,207,44.370132,3.331113,62.7918,3.331113,0.0,0.0,0.0,0,207.0,0.5,0.5,0.0,5,0.0,0.0
AttMpls,SM,3,B3,1,1,1,0,1,1,0.0,15.952476,0.0,195,195,0.0,36.764706,51.855261,36.764706,0.0,0.0,0.0,0,195,0.5,0.5,0.0,5,0.0,0.0
AttMpls,SM,3,B3,2,2,2,0,2,2,0.0,18.421668,0.0,152,152,0.0,3.331113,18.421668,3.331113,0.0,0.0,0.0,0,152,0.5,0.5,0.0,5,0.0,0.0
AttMpls,SM,3,B3,3,3,3,0,3,3,0.0,inf,0.0,227,227,0.0,4.480287,19.570842,4.480287,0.0,0.0,0.0,0,227,0.5,0.5,0.0,5,0.0,0.0
AttMpls,SM,3,B3,4,4,4,0,4,4,0.0,inf,0.0,201,201,0.0,4.370629,19.461185,4.370629,0.0,0.0,0.0,0,201,0.5,0.5,0.0,5,0.0,0.0
AttMpls,SM,3,B3,5,4,4,0,5->8->7->4,5->8->7->4,11.517401,inf,0.0,203,203,11.517401,4.370629,30.978586,4.370629,0.0,0.0,0.0,0,203,0.5,0.5,0.0,5,0.0,0.0
AttMpls,SM,3,B3,6,4,1,1,6->10->4,6->8->1,15.43998,inf,0.0,172,172,12.011096,36.764706,63.866357,36.764706,0.0,0.0,0.0,0,172.0,0.5,0.5,0.0,5,0.0,0.0
AttMpls,SM,3,B3,7,4,1,1,7->4,7->1,5.777645,inf,0.0,188,188,1.297604,36.764706,53.152866,36.764706,0.0,0.0,0.0,0,188.0,0.5,0.5,0.0,5,0.0,0.0
AttMpls,SM,3,B3,8,4,4,0,8->7->4,8->7->4,7.771976,inf,0.0,210,210,7.771976,4.370629,27.233161,4.370629,0.0,0.0,0.0,0,210.0,0.5,0.5,0.0,5,0.0,0.0
AttMpls,SM,3,B3,9,4,4,0,9->4,9->4,7.384926,inf,0.0,165,165,7.384926,4.370629,26.846111,4.370629,0.0,0.0,0.0,0,165,0.5,0.5,0.0,5,0.0,0.0
AttMpls,SM,3,B3,10,4,4,0,10->4,10->4,7.919298,inf,0.0,213,213,7.919298,4.370629,27.380483,4.370629,0.0,0.0,0.0,0,213,0.5,0.5,0.0,5,0.0,0.0
AttMpls,SM,3,B3,11,4,1,1,11->14->10->4,11->15->6->8->1,23.864029,inf,0.0,217,217,27.055708,36.764706,78.910969,36.764706,0.0,0.0,0.0,0,217,0.5,0.5,0.0,5,0.0,0.0
AttMpls,SM,3,B3,12,3,3,0,12->14->10->3,12->14->10->3,16.618941,inf,0.0,183,183,16.618941,4.480287,36.189783,4.480287,0.0,0.0,0.0,0,183,0.5,0.5,0.0,5,0.0,0.0
AttMpls,SM,3,B3,13,4,4,0,13->14->9->4,13->14->10->4,21.3778,inf,0.0,176,176,20.792232,4.370629,40.253417,4.370629,0.0,0.0,0.0,0,176.0,0.5,0.5,0.0,5,0.0,0.0
AttMpls,SM,3,B3,14,3,3,0,14->10->3,14->10->3,12.999735,inf,0.0,193,193,12.999735,4.480287,32.570577,4.480287,0.0,0.0,0.0,0,193.0,0.5,0.5,0.0,5,0.0,0.0
AttMpls,SM,3,B3,15,3,1,1,15->6->10->3,15->6->8->1,18.153713,inf,0.0,195,195,18.46055,36.764706,70.315811,36.764706,0.0,0.0,0.0,0,195,0.5,0.5,0.0,5,0.0,0.0
AttMpls,SM,3,B3,16,3,3,0,16->3,16->3,14.790054,inf,0.0,188,188,14.790054,4.480287,34.360896,4.480287,0.0,0.0,0.0,0,188,0.5,0.5,0.0,5,0.0,0.0
AttMpls,SM,3,B3,17,3,3,0,17->3,17->3,6.647635,inf,0.0,160,160,6.647635,4.480287,26.218477,4.480287,0.0,0.0,0.0,0,160,0.5,0.5,0.0,5,0.0,0.0
AttMpls,SM,3,B3,18,3,1,1,18->3,18->3->1,29.905639,inf,0.0,155,155,41.393068,36.764706,93.248329,36.764706,0.0,0.0,0.0,0,155,0.5,0.5,0.0,5,0.0,0.0
AttMpls,SM,3,B3,19,3,1,1,19->22->3,19->22->3->1,28.851836,inf,0.0,206,206,40.339265,36.764706,92.194526,36.764706,0.0,0.0,0.0,0,206,0.5,0.5,0.0,5,0.0,0.0
AttMpls,SM,3,B3,20,3,3,0,20->21->3,20->21->3,30.289412,inf,0.0,181,181,30.289412,4.480287,49.860254,4.480287,0.0,0.0,0.0,0,181,0.5,0.5,0.0,5,0.0,0.0
AttMpls,SM,3,B3,21,2,2,0,21->3->7->2,21->3->1->2,43.018452,61.44012,0.0,146,146,42.489166,3.331113,60.910834,3.331113,0.0,0.0,0.0,0,146,0.5,0.5,0.0,5,0.0,0.0
AttMpls,SM,3,B3,22,2,2,0,22->3->1->2,22->3->1->2,34.799293,53.220961,0.0,179,179,34.799293,3.331113,53.220961,3.331113,0.0,0.0,0.0,0,179,0.5,0.5,0.0,5,0.0,0.0
AttMpls,SM,3,B3,23,2,2,0,23->18->3->1->2,23->10->4->7->2,50.026064,68.447732,0.0,170,170,43.616324,3.331113,62.037992,3.331113,0.0,0.0,0.0,0,170,0.5,0.5,0.0,5,0.0,0.0
AttMpls,SM,3,B3,24,2,2,0,24->23->10->4->7->2,24->23->10->4->7->2,45.410864,63.832532,0.0,201,201,45.410864,3.331113,63.832532,3.331113,0.0,0.0,0.0,0,201,0.5,0.5,0.0,5,0.0,0.0
AttMpls,SM,3,B3,25,2,2,0,25->23->10->4->7->2,25->13->14->6->8->1->2,49.370951,67.79262,0.0,207,207,44.370132,3.331113,62.7918,3.331113,0.0,0.0,0.0,0,207.0,0.5,0.5,0.0,5,0.0,0.0
AttMpls,SM,3,MCF_ARC,1,1,1,0,1,1,0.0,15.952476,0.0,195,195,0.0,3.115863,18.128223,3.037667,0.0,0.0,0.0,0,195,0.5,0.5,0.0,5,0.0,0.0
AttMpls,SM,3,MCF_ARC,2,2,2,0,2,2,0.0,18.421668,0.0,152,152,0.0,3.379492,18.421668,3.331113,0.0,0.0,0.0,0,152,0.5,0.5,0.0,5,0.0,0.0
AttMpls,SM,3,MCF_ARC,3,3,3,0,3,3,0.0,inf,0.0,227,227,0.0,14.720873,29.753312,14.662757,0.0,0.0,0.0,0,227,0.5,0.5,0.0,5,0.0,0.0
AttMpls,SM,3,MCF_ARC,4,4,4,0,4,4,0.0,inf,0.0,201,201,0.0,13.369276,27.315494,12.224939,0.0,0.0,0.0,0,201,0.5,0.5,0.0,5,0.0,0.0
AttMpls,SM,3,MCF_ARC,5,4,4,0,5->8->7->4,5->8->7->4,11.517401,inf,0.0,203,203,11.517401,13.369276,38.832896,12.224939,0.0,0.0,0.0,0,203,0.5,0.5,0.0,5,0.0,0.0
AttMpls,SM,3,MCF_ARC,6,4,4,0,6->10->4,6->14->9->4,15.43998,inf,0.0,172,172,28.934105,13.369276,56.249599,12.224939,0.0,0.0,0.0,0,172.0,0.5,0.5,0.0,5,0.0,0.0
AttMpls,SM,3,MCF_ARC,7,4,4,0,7->4,7->4,5.777645,inf,0.0,188,188,5.777645,13.369276,33.09314,12.224939,0.0,0.0,0.0,0,188.0,0.5,0.5,0.0,5,0.0,0.0
AttMpls,SM,3,MCF_ARC,8,4,4,0,8->7->4,8->7->1->3->4,7.771976,inf,0.0,210,210,19.752121,13.369276,47.067616,12.224939,0.0,0.0,0.0,0,210.0,0.5,0.5,0.0,5,0.0,0.0
AttMpls,SM,3,MCF_ARC,9,4,4,0,9->4,9->4,7.384926,inf,0.0,165,165,7.384926,13.369276,34.70042,12.224939,0.0,0.0,0.0,0,165,0.5,0.5,0.0,5,0.0,0.0
AttMpls,SM,3,MCF_ARC,10,4,1,1,10->4,10->4->7->2->1,7.919298,inf,0.0,213,213,21.079066,3.115863,39.207289,3.037667,0.0,0.0,0.0,0,213,0.5,0.5,0.0,5,0.0,0.0
AttMpls,SM,3,MCF_ARC,11,4,1,1,11->14->10->4,11->15->6->8->1,23.864029,inf,0.0,217,217,27.055708,3.115863,45.183931,3.037667,0.0,0.0,0.0,0,217,0.5,0.5,0.0,5,0.0,0.0
AttMpls,SM,3,MCF_ARC,12,3,3,0,12->14->10->3,12->13->14->9->10->3,16.618941,inf,0.0,183,183,25.305646,14.720873,55.058959,14.662757,0.0,0.0,0.0,0,183,0.5,0.5,0.0,5,0.0,0.0
AttMpls,SM,3,MCF_ARC,13,4,4,0,13->14->9->4,13->14->10->4,21.3778,inf,0.0,176,176,20.792232,13.369276,48.107726,12.224939,0.0,0.0,0.0,0,176.0,0.5,0.5,0.0,5,0.0,0.0
AttMpls,SM,3,MCF_ARC,14,3,3,0,14->10->3,14->10->3,12.999735,inf,0.0,193,193,12.999735,14.720873,42.753047,14.662757,0.0,0.0,0.0,0,193.0,0.5,0.5,0.0,5,0.0,0.0
AttMpls,SM,3,MCF_ARC,15,3,1,1,15->6->10->3,15->12->14->17->3->1,18.153713,inf,0.0,195,195,42.71354,3.115863,60.841763,3.037667,0.0,0.0,0.0,0,195,0.5,0.5,0.0,5,0.0,0.0
AttMpls,SM,3,MCF_ARC,16,3,3,0,16->3,16->18->3,14.790054,inf,0.0,188,188,45.19133,14.720873,74.944642,14.662757,0.0,0.0,0.0,0,188,0.5,0.5,0.0,5,0.0,0.0
AttMpls,SM,3,MCF_ARC,17,3,3,0,17->3,17->3,6.647635,inf,0.0,160,160,6.647635,14.720873,36.400947,14.662757,0.0,0.0,0.0,0,160,0.5,0.5,0.0,5,0.0,0.0
AttMpls,SM,3,MCF_ARC,18,3,3,0,18->3,18->17->10->3,29.905639,inf,0.0,155,155,32.27829,14.720873,62.031602,14.662757,0.0,0.0,0.0,0,155,0.5,0.5,0.0,5,0.0,0.0
AttMpls,SM,3,MCF_ARC,19,3,1,1,19->22->3,19->22->18->21->3->1,28.851836,inf,0.0,206,206,68.614598,3.115863,86.74282,3.037667,0.0,0.0,0.0,0,206,0.5,0.5,0.0,5,0.0,0.0
AttMpls,SM,3,MCF_ARC,20,3,3,0,20->21->3,20->21->3,30.289412,inf,0.0,181,181,30.289412,14.720873,60.042724,14.662757,0.0,0.0,0.0,0,181,0.5,0.5,0.0,5,0.0,0.0
AttMpls,SM,3,MCF_ARC,21,2,2,0,21->3->7->2,21->3->7->2,43.018452,61.44012,0.0,146,146,43.018452,3.379492,61.44012,3.331113,0.0,0.0,0.0,0,146,0.5,0.5,0.0,5,0.0,0.0
AttMpls,SM,3,MCF_ARC,22,2,2,0,22->3->1->2,22->3->1->2,34.799293,53.220961,0.0,179,179,34.799293,3.379492,53.220961,3.331113,0.0,0.0,0.0,0,179,0.5,0.5,0.0,5,0.0,0.0
AttMpls,SM,3,MCF_ARC,23,2,2,0,23->18->3->1->2,23->22->3->4->7->2,50.026064,68.447732,0.0,170,170,44.68438,3.379492,63.106048,3.331113,0.0,0.0,0.0,0,170,0.5,0.5,0.0,5,0.0,0.0
AttMpls,SM,3,MCF_ARC,24,2,2,0,24->23->10->4->7->2,24->23->10->4->7->2,45.410864,63.832532,0.0,201,201,45.410864,3.379492,63.832532,3.331113,0.0,0.0,0.0,0,201,0.5,0.5,0.0,5,0.0,0.0
AttMpls,SM,3,MCF_ARC,25,2,2,0,25->23->10->4->7->2,25->23->10->4->7->1->2,49.370951,67.79262,0.0,207,207,49.371532,3.379492,67.7932,3.331113,0.0,0.0,0.0,0,207.0,0.5,0.5,0.0,5,0.0,0.0
AttMpls,SM,4,B1,1,1,1,0,1,,0.0,15.98469,0.0,184,184,0.0,1.86428,16.954836,1.86428,0.0,0.0,0.0,0,184,0.5,0.5,0.0,5,0.0,0.0
AttMpls,SM,4,B1,2,2,2,0,2,,0.0,19.100179,0.0,161,161,0.0,4.009623,19.100179,4.009623,0.0,0.0,0.0,0,161,0.5,0.5,0.0,5,0.0,0.0
AttMpls,SM,4,B1,3,3,3,0,3,,0.0,inf,0.0,234,234,0.0,46.728972,61.819527,46.728972,0.0,0.0,0.0,0,234,0.5,0.5,0.0,5,0.0,0.0
AttMpls,SM,4,B1,4,4,4,0,4,,0.0,inf,0.0,194,194,0.0,138.888889,153.979444,138.888889,0.0,0.0,0.0,0,194,0.5,0.5,0.0,5,0.0,0.0
AttMpls,SM,4,B1,5,4,1,1,5->8->7->4,,11.517401,inf,0.0,186,186,7.033591,1.86428,23.988427,1.86428,0.0,0.0,0.0,0,186,0.5,0.5,0.0,5,0.0,0.0
AttMpls,SM,4,B1,6,4,4,0,6->9->4,,10.84589,inf,0.0,173,173,10.84589,138.888889,164.825334,138.888889,0.0,0.0,0.0,0,173.0,0.5,0.5,0.0,5,0.0,0.0
AttMpls,SM,4,B1,7,4,1,1,7->4,,5.777645,inf,0.0,191,191,1.297604,1.86428,18.25244,1.86428,0.0,0.0,0.0,0,191.0,0.5,0.5,0.0,5,0.0,0.0
AttMpls,SM,4,B1,8,4,1,1,8->7->4,,7.771976,inf,0.0,205,205,3.288166,1.86428,20.243002,1.86428,0.0,0.0,0.0,0,205.0,0.5,0.5,0.0,5,0.0,0.0
AttMpls,SM,4,B1,9,4,4,0,9->4,,7.384926,inf,0.0,175,175,7.384926,138.888889,161.36437,138.888889,0.0,0.0,0.0,0,175,0.5,0.5,0.0,5,0.0,0.0
AttMpls,SM,4,B1,10,4,4,0,10->4,,7.919298,inf,0.0,202,202,7.919298,138.888889,161.898743,138.888889,0.0,0.0,0.0,0,202,0.5,0.5,0.0,5,0.0,0.0
AttMpls,SM,4,B1,11,4,4,0,11->14->10->4,,23.864029,inf,0.0,184,184,23.864029,138.888889,177.843473,138.888889,0.0,0.0,0.0,0,184,0.5,0.5,0.0,5,0.0,0.0
AttMpls,SM,4,B1,12,4,4,0,12->14->10->4,,20.354661,inf,0.0,155,155,20.354661,138.888889,174.334106,138.888889,0.0,0.0,0.0,0,155,0.5,0.5,0.0,5,0.0,0.0
AttMpls,SM,4,B1,13,3,3,0,13->14->10->3,,17.056511,inf,0.0,183,183,17.056511,46.728972,78.876039,46.728972,0.0,0.0,0.0,0,183.0,0.5,0.5,0.0,5,0.0,0.0
AttMpls,SM,4,B1,14,3,3,0,14->17->3,,13.94178,inf,0.0,178,178,12.999735,46.728972,74.819263,46.728972,0.0,0.0,0.0,0,178.0,0.5,0.5,0.0,5,0.0,0.0
AttMpls,SM,4,B1,15,3,3,0,15->6->10->3,,18.153713,inf,0.0,175,175,18.153713,46.728972,79.973241,46.728972,0.0,0.0,0.0,0,175,0.5,0.5,0.0,5,0.0,0.0
AttMpls,SM,4,B1,16,3,3,0,16->3,,14.790054,inf,0.0,176,176,14.790054,46.728972,76.609581,46.728972,0.0,0.0,0.0,0,176,0.5,0.5,0.0,5,0.0,0.0
AttMpls,SM,4,B1,17,3,4,1,17->3,,6.647635,inf,0.0,208,208,11.620391,138.888889,165.599836,138.888889,0.0,0.0,0.0,0,208,0.5,0.5,0.0,5,0.0,0.0
AttMpls,SM,4,B1,18,3,3,0,18->3,,29.905639,inf,0.0,176,176,29.905639,46.728972,91.725166,46.728972,0.0,0.0,0.0,0,176,0.5,0.5,0.0,5,0.0,0.0
AttMpls,SM,4,B1,19,3,3,0,19->22->3,,28.851836,inf,0.0,159,159,28.851836,46.728972,90.671363,46.728972,0.0,0.0,0.0,0,159,0.5,0.5,0.0,5,0.0,0.0
AttMpls,SM,4,B1,20,2,2,0,20->21->3->7->2,,45.348676,64.448855,0.0,177,177,44.81939,4.009623,63.919569,4.009623,0.0,0.0,0.0,0,177,0.5,0.5,0.0,5,0.0,0.0
AttMpls,SM,4,B1,21,2,2,0,21->3->1->2,,42.489166,61.589345,0.0,212,212,42.489166,4.009623,61.589345,4.009623,0.0,0.0,0.0,0,212,0.5,0.5,0.0,5,0.0,0.0
AttMpls,SM,4,B1,22,2,2,0,22->3->1->2,,34.799293,53.899471,0.0,144,144,34.799293,4.009623,53.899471,4.009623,0.0,0.0,0.0,0,144,0.5,0.5,0.0,5,0.0,0.0
AttMpls,SM,4,B1,23,2,2,0,23->22->3->1->2,,44.124383,63.224562,0.0,150,150,43.616324,4.009623,62.716503,4.009623,0.0,0.0,0.0,0,150,0.5,0.5,0.0,5,0.0,0.0
AttMpls,SM,4,B1,24,3,4,1,24->23->10->3,,31.557925,inf,0.0,109,109,35.293645,138.888889,189.27309,138.888889,0.0,0.0,0.0,0,109,0.5,0.5,0.0,5,0.0,0.0
AttMpls,SM,4,B1,25,2,2,0,25->23->14->6->8->1->2,,52.373182,71.473361,0.0,209,209,44.370132,4.009623,63.470311,4.009623,0.0,0.0,0.0,0,209.0,0.5,0.5,0.0,5,0.0,0.0
AttMpls,SM,4,B3,1,1,1,0,1,1,0.0,15.98469,0.0,184,184,0.0,11.990408,27.080963,11.990408,0.0,0.0,0.0,0,184,0.5,0.5,0.0,5,0.0,0.0
AttMpls,SM,4,B3,2,2,2,0,2,2,0.0,19.100179,0.0,161,161,0.0,4.009623,19.100179,4.009623,0.0,0.0,0.0,0,161,0.5,0.5,0.0,5,0.0,0.0
AttMpls,SM,4,B3,3,3,3,0,3,3,0.0,inf,0.0,234,234,0.0,5.09165,20.182205,5.09165,0.0,0.0,0.0,0,234,0.5,0.5,0.0,5,0.0,0.0
AttMpls,SM,4,B3,4,4,4,0,4,4,0.0,inf,0.0,194,194,0.0,3.506311,18.596867,3.506311,0.0,0.0,0.0,0,194,0.5,0.5,0.0,5,0.0,0.0
AttMpls,SM,4,B3,5,4,1,1,5->8->7->4,5->8->1,11.517401,inf,0.0,186,186,7.033591,11.990408,34.114554,11.990408,0.0,0.0,0.0,0,186,0.5,0.5,0.0,5,0.0,0.0
AttMpls,SM,4,B3,6,4,1,1,6->9->4,6->8->1,10.84589,inf,0.0,173,173,12.011096,11.990408,39.092059,11.990408,0.0,0.0,0.0,0,173.0,0.5,0.5,0.0,5,0.0,0.0
AttMpls,SM,4,B3,7,4,4,0,7->4,7->4,5.777645,inf,0.0,191,191,5.777645,3.506311,24.374512,3.506311,0.0,0.0,0.0,0,191.0,0.5,0.5,0.0,5,0.0,0.0
AttMpls,SM,4,B3,8,4,4,0,8->7->4,8->7->4,7.771976,inf,0.0,205,205,7.771976,3.506311,26.368843,3.506311,0.0,0.0,0.0,0,205.0,0.5,0.5,0.0,5,0.0,0.0
AttMpls,SM,4,B3,9,4,4,0,9->4,9->4,7.384926,inf,0.0,175,175,7.384926,3.506311,25.981793,3.506311,0.0,0.0,0.0,0,175,0.5,0.5,0.0,5,0.0,0.0
AttMpls,SM,4,B3,10,4,4,0,10->4,10->4,7.919298,inf,0.0,202,202,7.919298,3.506311,26.516165,3.506311,0.0,0.0,0.0,0,202,0.5,0.5,0.0,5,0.0,0.0
AttMpls,SM,4,B3,11,4,1,1,11->14->10->4,11->15->6->8->1,23.864029,inf,0.0,184,184,27.055708,11.990408,54.136671,11.990408,0.0,0.0,0.0,0,184,0.5,0.5,0.0,5,0.0,0.0
AttMpls,SM,4,B3,12,4,4,0,12->14->10->4,12->14->10->4,20.354661,inf,0.0,155,155,20.354661,3.506311,38.951528,3.506311,0.0,0.0,0.0,0,155,0.5,0.5,0.0,5,0.0,0.0
AttMpls,SM,4,B3,13,3,3,0,13->14->10->3,13->14->10->3,17.056511,inf,0.0,183,183,17.056511,5.09165,37.238717,5.09165,0.0,0.0,0.0,0,183.0,0.5,0.5,0.0,5,0.0,0.0
AttMpls,SM,4,B3,14,3,3,0,14->17->3,14->10->3,13.94178,inf,0.0,178,178,12.999735,5.09165,33.18194,5.09165,0.0,0.0,0.0,0,178.0,0.5,0.5,0.0,5,0.0,0.0
AttMpls,SM,4,B3,15,3,1,1,15->6->10->3,15->6->8->1,18.153713,inf,0.0,175,175,18.46055,11.990408,45.541513,11.990408,0.0,0.0,0.0,0,175,0.5,0.5,0.0,5,0.0,0.0
AttMpls,SM,4,B3,16,3,3,0,16->3,16->3,14.790054,inf,0.0,176,176,14.790054,5.09165,34.972259,5.09165,0.0,0.0,0.0,0,176,0.5,0.5,0.0,5,0.0,0.0
AttMpls,SM,4,B3,17,3,1,1,17->3,17->3->1,6.647635,inf,0.0,208,208,18.135064,11.990408,45.216027,11.990408,0.0,0.0,0.0,0,208,0.5,0.5,0.0,5,0.0,0.0
AttMpls,SM,4,B3,18,3,3,0,18->3,18->3,29.905639,inf,0.0,176,176,29.905639,5.09165,50.087844,5.09165,0.0,0.0,0.0,0,176,0.5,0.5,0.0,5,0.0,0.0
AttMpls,SM,4,B3,19,3,3,0,19->22->3,19->22->3,28.851836,inf,0.0,159,159,28.851836,5.09165,49.034041,5.09165,0.0,0.0,0.0,0,159,0.5,0.5,0.0,5,0.0,0.0
AttMpls,SM,4,B3,20,2,2,0,20->21->3->7->2,20->21->3->1->2,45.348676,64.448855,0.0,177,177,44.81939,4.009623,63.919569,4.009623,0.0,0.0,0.0,0,177,0.5,0.5,0.0,5,0.0,0.0
AttMpls,SM,4,B3,21,2,2,0,21->3->1->2,21->3->1->2,42.489166,61.589345,0.0,212,212,42.489166,4.009623,61.589345,4.009623,0.0,0.0,0.0,0,212,0.5,0.5,0.0,5,0.0,0.0
AttMpls,SM,4,B3,22,2,2,0,22->3->1->2,22->3->1->2,34.799293,53.899471,0.0,144,144,34.799293,4.009623,53.899471,4.009623,0.0,0.0,0.0,0,144,0.5,0.5,0.0,5,0.0,0.0
AttMpls,SM,4,B3,23,2,2,0,23->22->3->1->2,23->10->4->7->2,44.124383,63.224562,0.0,150,150,43.616324,4.009623,62.716503,4.009623,0.0,0.0,0.0,0,150,0.5,0.5,0.0,5,0.0,0.0
AttMpls,SM,4,B3,24,3,1,1,24->23->10->3,24->23->10->4->7->1,31.557925,inf,0.0,109,109,42.368894,11.990408,69.449858,11.990408,0.0,0.0,0.0,0,109,0.5,0.5,0.0,5,0.0,0.0
AttMpls,SM,4,B3,25,2,2,0,25->23->14->6->8->1->2,25->13->14->6->8->1->2,52.373182,71.473361,0.0,209,209,44.370132,4.009623,63.470311,4.009623,0.0,0.0,0.0,0,209.0,0.5,0.5,0.0,5,0.0,0.0
CrlNetworkServices,SM,0,B1,1,1,1,0,1,,0.0,25.907486,0.0,154,154,0.0,1.515152,26.630245,1.515152,0.0,0.0,0.0,0,154.0,0.5,0.5,0.0,5,0.0,0.0
CrlNetworkServices,SM,0,B1,2,2,2,0,2,,0.0,26.340884,0.0,171,171,0.0,2.142245,27.257338,2.142245,0.0,0.0,0.0,0,171.0,0.5,0.5,0.0,5,0.0,0.0
CrlNetworkServices,SM,0,B1,3,3,3,0,3,,0.0,inf,0.0,163,163,0.0,277.777778,302.892871,277.777778,0.0,0.0,0.0,0,163,0.5,0.5,0.0,5,0.0,0.0
CrlNetworkServices,SM,0,B1,4,4,3,1,4,,0.0,inf,0.0,152,152,1.428477,277.777778,304.321349,277.777778,0.0,0.0,0.0,0,152,0.5,0.5,0.0,5,0.0,0.0
CrlNetworkServices,SM,0,B1,5,5,5,0,5,,0.0,inf,0.0,216,216,0.0,73.529412,98.644505,73.529412,0.0,0.0,0.0,0,216,0.5,0.5,0.0,5,0.0,0.0
CrlNetworkServices,SM,0,B1,6,5,5,0,6->5,,3.055709,inf,0.0,179,179,3.055709,73.529412,101.700214,73.529412,0.0,0.0,0.0,0,179,0.5,0.5,0.0,5,0.0,0.0
CrlNetworkServices,SM,0,B1,7,5,2,1,7->8->5,,4.110837,inf,0.0,202,202,9.448297,2.142245,36.705635,2.142245,0.0,0.0,0.0,0,202.0,0.5,0.5,0.0,5,0.0,0.0
CrlNetworkServices,SM,0,B1,8,5,5,0,8->5,,1.18294,inf,0.0,220,220,1.18294,73.529412,99.827445,73.529412,0.0,0.0,0.0,0,220,0.5,0.5,0.0,5,0.0,0.0
CrlNetworkServices,SM,0,B1,9,5,5,0,9->7->8->5,,15.723917,inf,0.0,191,191,15.723917,73.529412,114.368423,73.529412,0.0,0.0,0.0,0,191,0.5,0.5,0.0,5,0.0,0.0
CrlNetworkServices,SM,0,B1,10,5,5,0,10->9->7->8->5,,21.444883,inf,0.0,183,183,21.444883,73.529412,120.089388,73.529412,0.0,0.0,0.0,0,183,0.5,0.5,0.0,5,0.0,0.0
CrlNetworkServices,SM,0,B1,11,5,5,0,11->14->7->8->5,,16.808552,inf,0.0,180,180,16.808552,73.529412,115.453057,73.529412,0.0,0.0,0.0,0,180,0.5,0.5,0.0,5,0.0,0.0
CrlNetworkServices,SM,0,B1,12,5,5,0,12->11->14->7->8->5,,25.748452,inf,0.0,121,121,25.748452,73.529412,124.392957,73.529412,0.0,0.0,0.0,0,121,0.5,0.5,0.0,5,0.0,0.0
CrlNetworkServices,SM,0,B1,13,5,5,0,13->9->7->8->5,,22.414991,inf,0.0,166,166,22.414991,73.529412,121.059496,73.529412,0.0,0.0,0.0,0,166,0.5,0.5,0.0,5,0.0,0.0
CrlNetworkServices,SM,0,B1,14,5,2,1,14->7->8->5,,12.926994,inf,0.0,147,147,18.264454,2.142245,45.521793,2.142245,0.0,0.0,0.0,0,147,0.5,0.5,0.0,5,0.0,0.0
CrlNetworkServices,SM,0,B1,15,4,4,0,15->19->10->9->7->2->1->4,,43.719809,inf,0.0,187,187,39.725528,31.25,96.090621,31.25,0.0,0.0,0.0,0,187,0.5,0.5,0.0,5,0.0,0.0
CrlNetworkServices,SM,0,B1,16,4,4,0,16->17->18->19->10->9->7->2->1->4,,43.969447,inf,0.0,184,184,43.969447,31.25,100.334541,31.25,0.0,0.0,0.0,0,184,0.5,0.5,0.0,5,0.0,0.0
CrlNetworkServices,SM,0,B1,17,4,4,0,17->18->19->10->9->7->2->1->4,,42.671843,inf,0.0,144,144,42.671843,31.25,99.036936,31.25,0.0,0.0,0.0,0,144,0.5,0.5,0.0,5,0.0,0.0
CrlNetworkServices,SM,0,B1,18,4,4,0,18->19->10->9->7->2->1->4,,41.227288,inf,0.0,165,165,41.227288,31.25,97.592382,31.25,0.0,0.0,0.0,0,165,0.5,0.5,0.0,5,0.0,0.0
CrlNetworkServices,SM,0,B1,19,4,4,0,19->10->9->7->2->1->4,,40.65525,inf,0.0,171,171,40.65525,31.25,97.020344,31.25,0.0,0.0,0.0,0,171,0.5,0.5,0.0,5,0.0,0.0
CrlNetworkServices,SM,0,B1,20,4,1,1,20->14->7->2->1->4,,32.575515,inf,0.0,193,193,27.760874,1.515152,54.391119,1.515152,0.0,0.0,0.0,0,193.0,0.5,0.5,0.0,5,0.0,0.0
CrlNetworkServices,SM,0,B1,21,4,1,1,21->20->14->7->2->1->4,,36.42164,inf,0.0,207,207,31.607,1.515152,58.237245,1.515152,0.0,0.0,0.0,0,207.0,0.5,0.5,0.0,5,0.0,0.0
CrlNetworkServices,SM,0,B1,22,4,4,0,22->21->20->14->7->2->1->4,,37.873776,inf,0.0,179,179,37.873776,31.25,94.238869,31.25,0.0,0.0,0.0,0,179,0.5,0.5,0.0,5,0.0,0.0
CrlNetworkServices,SM,0,B1,23,3,1,1,23->22->21->20->14->7->2->1->4->3,,48.16928,inf,0.0,202,202,41.926162,1.515152,68.556407,1.515152,0.0,0.0,0.0,0,202,0.5,0.5,0.0,5,0.0,0.0
CrlNetworkServices,SM,0,B1,24,4,4,0,24->25->3->4,,6.737257,inf,0.0,185,185,6.737257,31.25,63.102351,31.25,0.0,0.0,0.0,0,185,0.5,0.5,0.0,5,0.0,0.0
CrlNetworkServices,SM,0,B1,25,3,3,0,25->3,,0.387956,inf,0.0,187,187,0.387956,277.777778,303.280827,277.777778,0.0,0.0,0.0,0,187,0.5,0.5,0.0,5,0.0,0.0
CrlNetworkServices,SM,0,B1,26,3,3,0,26->27->28->32->33->24->25->3,,16.959936,inf,0.0,154,154,16.959936,277.777778,319.852808,277.777778,0.0,0.0,0.0,0,154,0.5,0.5,0.0,5,0.0,0.0
CrlNetworkServices,SM,0,B1,27,3,4,1,27->28->32->33->24->25->3,,14.629712,inf,0.0,169,169,16.058189,31.25,72.423283,31.25,0.0,0.0,0.0,0,169,0.5,0.5,0.0,5,0.0,0.0
CrlNetworkServices,SM,0,B1,28,3,3,0,28->32->33->24->25->3,,6.762363,inf,0.0,190,190,6.762363,277.777778,309.655235,277.777778,0.0,0.0,0.0,0,190,0.5,0.5,0.0,5,0.0,0.0
CrlNetworkServices,SM,0,B1,29,3,3,0,29->28->32->33->24->25->3,,7.837924,inf,0.0,162,162,7.837924,277.777778,310.730796,277.777778,0.0,0.0,0.0,0,162,0.5,0.5,0.0,5,0.0,0.0
CrlNetworkServices,SM,0,B1,30,3,3,0,30->29->28->32->33->24->25->3,,8.552987,inf,0.0,194,194,8.552987,277.777778,311.445858,277.777778,0.0,0.0,0.0,0,194,0.5,0.5,0.0,5,0.0,0.0
CrlNetworkServices,SM,0,B1,31,3,3,0,31->33->24->25->3,,48.866149,inf,0.0,156,156,48.866149,277.777778,351.75902,277.777778,0.0,0.0,0.0,0,156,0.5,0.5,0.0,5,0.0,0.0
CrlNetworkServices,SM,0,B1,32,2,2,0,32->33->24->25->3->4->1->2,,17.775714,44.116598,0.0,211,211,17.775714,2.142245,45.033052,2.142245,0.0,0.0,0.0,0,211,0.5,0.5,0.0,5,0.0,0.0
CrlNetworkServices,SM,0,B1,33,2,2,0,33->24->25->3->4->1->2,,17.534375,43.875259,0.0,195,195,17.534375,2.142245,44.791714,2.142245,0.0,0.0,0.0,0,195,0.5,0.5,0.0,5,0.0,0.0
CrlNetworkServices,SM,0,B3,1,1,1,0,1,1,0.0,25.907486,0.0,154,154,0.0,5.0,30.115093,5.0,0.0,0.0,0.0,0,154.0,0.5,0.5,0.0,5,0.0,0.0
CrlNetworkServices,SM,0,B3,2,2,2,0,2,2,0.0,26.340884,0.0,171,171,0.0,4.409171,29.524264,4.409171,0.0,0.0,0.0,0,171.0,0.5,0.5,0.0,5,0.0,0.0
CrlNetworkServices,SM,0,B3,3,3,3,0,3,3,0.0,inf,0.0,163,163,0.0,5.33049,30.445584,5.33049,0.0,0.0,0.0,0,163,0.5,0.5,0.0,5,0.0,0.0
CrlNetworkServices,SM,0,B3,4,4,4,0,4,4,0.0,inf,0.0,152,152,0.0,4.237288,29.352382,4.237288,0.0,0.0,0.0,0,152,0.5,0.5,0.0,5,0.0,0.0
CrlNetworkServices,SM,0,B3,5,5,5,0,5,5,0.0,inf,0.0,216,216,0.0,3.071253,28.186346,3.071253,0.0,0.0,0.0,0,216,0.5,0.5,0.0,5,0.0,0.0
CrlNetworkServices,SM,0,B3,6,5,5,0,6->5,6->5,3.055709,inf,0.0,179,179,3.055709,3.071253,31.242056,3.071253,0.0,0.0,0.0,0,179,0.5,0.5,0.0,5,0.0,0.0
CrlNetworkServices,SM,0,B3,7,5,2,1,7->8->5,7->2,4.110837,inf,0.0,202,202,9.448297,4.409171,38.972561,4.409171,0.0,0.0,0.0,0,202.0,0.5,0.5,0.0,5,0.0,0.0
CrlNetworkServices,SM,0,B3,8,5,5,0,8->5,8->5,1.18294,inf,0.0,220,220,1.18294,3.071253,29.369287,3.071253,0.0,0.0,0.0,0,220,0.5,0.5,0.0,5,0.0,0.0
CrlNetworkServices,SM,0,B3,9,5,1,1,9->7->8->5,9->7->2->1,15.723917,inf,0.0,191,191,26.374219,5.0,56.489313,5.0,0.0,0.0,0.0,0,191,0.5,0.5,0.0,5,0.0,0.0
CrlNetworkServices,SM,0,B3,10,5,5,0,10->9->7->8->5,10->9->7->8->5,21.444883,inf,0.0,183,183,21.444883,3.071253,49.631229,3.071253,0.0,0.0,0.0,0,183,0.5,0.5,0.0,5,0.0,0.0
CrlNetworkServices,SM,0,B3,11,5,5,0,11->14->7->8->5,11->14->7->8->5,16.808552,inf,0.0,180,180,16.808552,3.071253,44.994899,3.071253,0.0,0.0,0.0,0,180,0.5,0.5,0.0,5,0.0,0.0
CrlNetworkServices,SM,0,B3,12,5,1,1,12->11->14->7->8->5,12->33->24->25->3->4->1,25.748452,inf,0.0,121,121,27.507225,5.0,57.622318,5.0,0.0,0.0,0.0,0,121,0.5,0.5,0.0,5,0.0,0.0
CrlNetworkServices,SM,0,B3,13,5,5,0,13->9->7->8->5,13->9->7->8->5,22.414991,inf,0.0,166,166,22.414991,3.071253,50.601337,3.071253,0.0,0.0,0.0,0,166,0.5,0.5,0.0,5,0.0,0.0
CrlNetworkServices,SM,0,B3,14,5,3,1,14->7->8->5,14->7->2->1->4->3,12.926994,inf,0.0,147,147,29.820414,5.33049,60.265998,5.33049,0.0,0.0,0.0,0,147,0.5,0.5,0.0,5,0.0,0.0
CrlNetworkServices,SM,0,B3,15,4,1,1,15->19->10->9->7->2->1->4,15->22->21->20->14->7->2->1,43.719809,inf,0.0,187,187,34.910887,5.0,65.02598,5.0,0.0,0.0,0.0,0,187,0.5,0.5,0.0,5,0.0,0.0
CrlNetworkServices,SM,0,B3,16,4,4,0,16->17->18->19->10->9->7->2->1->4,16->17->18->19->10->9->7->2->1->4,43.969447,inf,0.0,184,184,43.969447,4.237288,73.321829,4.237288,0.0,0.0,0.0,0,184,0.5,0.5,0.0,5,0.0,0.0
CrlNetworkServices,SM,0,B3,17,4,4,0,17->18->19->10->9->7->2->1->4,17->18->19->10->9->7->2->1->4,42.671843,inf,0.0,144,144,42.671843,4.237288,72.024225,4.237288,0.0,0.0,0.0,0,144,0.5,0.5,0.0,5,0.0,0.0
CrlNetworkServices,SM,0,B3,18,4,4,0,18->19->10->9->7->2->1->4,18->19->10->9->7->2->1->4,41.227288,inf,0.0,165,165,41.227288,4.237288,70.57967,4.237288,0.0,0.0,0.0,0,165,0.5,0.5,0.0,5,0.0,0.0
CrlNetworkServices,SM,0,B3,19,4,4,0,19->10->9->7->2->1->4,19->10->9->7->2->1->4,40.65525,inf,0.0,171,171,40.65525,4.237288,70.007632,4.237288,0.0,0.0,0.0,0,171,0.5,0.5,0.0,5,0.0,0.0
CrlNetworkServices,SM,0,B3,20,4,2,1,20->14->7->2->1->4,20->14->7->2,32.575515,inf,0.0,193,193,22.448032,4.409171,51.972297,4.409171,0.0,0.0,0.0,0,193.0,0.5,0.5,0.0,5,0.0,0.0
CrlNetworkServices,SM,0,B3,21,4,1,1,21->20->14->7->2->1->4,21->20->14->7->2->1,36.42164,inf,0.0,207,207,31.607,5.0,61.722093,5.0,0.0,0.0,0.0,0,207.0,0.5,0.5,0.0,5,0.0,0.0
CrlNetworkServices,SM,0,B3,22,4,4,0,22->21->20->14->7->2->1->4,22->21->20->14->7->2->1->4,37.873776,inf,0.0,179,179,37.873776,4.237288,67.226158,4.237288,0.0,0.0,0.0,0,179,0.5,0.5,0.0,5,0.0,0.0
CrlNetworkServices,SM,0,B3,23,3,1,1,23->22->21->20->14->7->2->1->4->3,23->22->21->20->14->7->2->1,48.16928,inf,0.0,202,202,41.926162,5.0,72.041256,5.0,0.0,0.0,0.0,0,202,0.5,0.5,0.0,5,0.0,0.0
CrlNetworkServices,SM,0,B3,24,4,4,0,24->25->3->4,24->25->3->4,6.737257,inf,0.0,185,185,6.737257,4.237288,36.089639,4.237288,0.0,0.0,0.0,0,185,0.5,0.5,0.0,5,0.0,0.0
CrlNetworkServices,SM,0,B3,25,3,3,0,25->3,25->3,0.387956,inf,0.0,187,187,0.387956,5.33049,30.83354,5.33049,0.0,0.0,0.0,0,187,0.5,0.5,0.0,5,0.0,0.0
CrlNetworkServices,SM,0,B3,26,3,1,1,26->27->28->32->33->24->25->3,26->27->28->32->33->24->25->3->4->1,16.959936,inf,0.0,154,154,23.203054,5.0,53.318148,5.0,0.0,0.0,0.0,0,154,0.5,0.5,0.0,5,0.0,0.0
CrlNetworkServices,SM,0,B3,27,3,3,0,27->28->32->33->24->25->3,27->28->32->33->24->25->3,14.629712,inf,0.0,169,169,14.629712,5.33049,45.075296,5.33049,0.0,0.0,0.0,0,169,0.5,0.5,0.0,5,0.0,0.0
CrlNetworkServices,SM,0,B3,28,3,3,0,28->32->33->24->25->3,28->32->33->24->25->3,6.762363,inf,0.0,190,190,6.762363,5.33049,37.207947,5.33049,0.0,0.0,0.0,0,190,0.5,0.5,0.0,5,0.0,0.0
CrlNetworkServices,SM,0,B3,29,3,3,0,29->28->32->33->24->25->3,29->28->32->33->24->25->3,7.837924,inf,0.0,162,162,7.837924,5.33049,38.283508,5.33049,0.0,0.0,0.0,0,162,0.5,0.5,0.0,5,0.0,0.0
CrlNetworkServices,SM,0,B3,30,3,2,1,30->29->28->32->33->24->25->3,30->29->28->32->33->24->25->3->4->1->2,8.552987,inf,0.0,194,194,20.108947,4.409171,49.633211,4.409171,0.0,0.0,0.0,0,194,0.5,0.5,0.0,5,0.0,0.0
CrlNetworkServices,SM,0,B3,31,3,3,0,31->33->24->25->3,31->33->24->25->3,48.866149,inf,0.0,156,156,48.866149,5.33049,79.311733,5.33049,0.0,0.0,0.0,0,156,0.5,0.5,0.0,5,0.0,0.0
CrlNetworkServices,SM,0,B3,32,2,2,0,32->33->24->25->3->4->1->2,32->33->24->25->3->4->1->2,17.775714,44.116598,0.0,211,211,17.775714,4.409171,47.299978,4.409171,0.0,0.0,0.0,0,211,0.5,0.5,0.0,5,0.0,0.0
CrlNetworkServices,SM,0,B3,33,2,2,0,33->24->25->3->4->1->2,33->24->25->3->4->1->2,17.534375,43.875259,0.0,195,195,17.534375,4.409171,47.05864,4.409171,0.0,0.0,0.0,0,195,0.5,0.5,0.0,5,0.0,0.0
CrlNetworkServices,SM,0,MCF_ARC,1,1,1,0,1,1,0.0,25.907486,0.0,154,154,0.0,2.144618,27.229258,2.114165,0.0,0.0,0.0,0,154.0,0.5,0.5,0.0,5,0.0,0.0
CrlNetworkServices,SM,0,MCF_ARC,2,2,2,0,2,2,0.0,26.340884,0.0,171,171,0.0,2.554376,27.654453,2.53936,0.0,0.0,0.0,0,171.0,0.5,0.5,0.0,5,0.0,0.0
CrlNetworkServices,SM,0,MCF_ARC,3,3,3,0,3,3,0.0,inf,0.0,163,163,0.0,8.464835,32.127716,7.012623,0.0,0.0,0.0,0,163,0.5,0.5,0.0,5,0.0,0.0
CrlNetworkServices,SM,0,MCF_ARC,4,4,4,0,4,4,0.0,inf,0.0,152,152,0.0,13.413832,37.615093,12.5,0.0,0.0,0.0,0,152,0.5,0.5,0.0,5,0.0,0.0
CrlNetworkServices,SM,0,MCF_ARC,5,5,5,0,5,5,0.0,inf,0.0,216,216,0.0,12.668523,36.662438,11.547344,0.0,0.0,0.0,0,216,0.5,0.5,0.0,5,0.0,0.0
CrlNetworkServices,SM,0,MCF_ARC,6,5,5,0,6->5,6->5,3.055709,inf,0.0,179,179,3.055709,12.668523,39.718147,11.547344,0.0,0.0,0.0,0,179,0.5,0.5,0.0,5,0.0,0.0
CrlNetworkServices,SM,0,MCF_ARC,7,5,2,1,7->8->5,7->2,4.110837,inf,0.0,202,202,9.448297,2.554376,37.10275,2.53936,0.0,0.0,0.0,0,202.0,0.5,0.5,0.0,5,0.0,0.0
CrlNetworkServices,SM,0,MCF_ARC,8,5,2,1,8->5,8->7->2,1.18294,inf,0.0,220,220,12.376193,2.554376,40.030647,2.53936,0.0,0.0,0.0,0,220,0.5,0.5,0.0,5,0.0,0.0
CrlNetworkServices,SM,0,MCF_ARC,9,5,5,0,9->7->8->5,9->7->8->5,15.723917,inf,0.0,191,191,15.723917,12.668523,52.386355,11.547344,0.0,0.0,0.0,0,191,0.5,0.5,0.0,5,0.0,0.0
CrlNetworkServices,SM,0,MCF_ARC,10,5,5,0,10->9->7->8->5,10->9->7->8->5,21.444883,inf,0.0,183,183,21.444883,12.668523,58.10732,11.547344,0.0,0.0,0.0,0,183,0.5,0.5,0.0,5,0.0,0.0
CrlNetworkServices,SM,0,MCF_ARC,11,5,5,0,11->14->7->8->5,11->14->7->8->5,16.808552,inf,0.0,180,180,16.808552,12.668523,53.47099,11.547344,0.0,0.0,0.0,0,180,0.5,0.5,0.0,5,0.0,0.0
CrlNetworkServices,SM,0,MCF_ARC,12,5,5,0,12->11->14->7->8->5,12->11->14->7->8->5,25.748452,inf,0.0,121,121,25.748452,12.668523,62.410889,11.547344,0.0,0.0,0.0,0,121,0.5,0.5,0.0,5,0.0,0.0
CrlNetworkServices,SM,0,MCF_ARC,13,5,5,0,13->9->7->8->5,13->9->7->8->5,22.414991,inf,0.0,166,166,22.414991,12.668523,59.077429,11.547344,0.0,0.0,0.0,0,166,0.5,0.5,0.0,5,0.0,0.0
CrlNetworkServices,SM,0,MCF_ARC,14,5,5,0,14->7->8->5,14->7->8->5,12.926994,inf,0.0,147,147,12.926994,12.668523,49.589432,11.547344,0.0,0.0,0.0,0,147,0.5,0.5,0.0,5,0.0,0.0
CrlNetworkServices,SM,0,MCF_ARC,15,4,1,1,15->19->10->9->7->2->1->4,15->22->21->20->14->7->2->1,43.719809,inf,0.0,187,187,34.910887,2.144618,62.140145,2.114165,0.0,0.0,0.0,0,187,0.5,0.5,0.0,5,0.0,0.0
CrlNetworkServices,SM,0,MCF_ARC,16,4,4,0,16->17->18->19->10->9->7->2->1->4,16->17->18->19->10->9->7->2->1->4,43.969447,inf,0.0,184,184,43.969447,13.413832,81.584541,12.5,0.0,0.0,0.0,0,184,0.5,0.5,0.0,5,0.0,0.0
CrlNetworkServices,SM,0,MCF_ARC,17,4,4,0,17->18->19->10->9->7->2->1->4,17->18->19->10->9->7->2->1->4,42.671843,inf,0.0,144,144,42.671843,13.413832,80.286936,12.5,0.0,0.0,0.0,0,144,0.5,0.5,0.0,5,0.0,0.0
CrlNetworkServices,SM,0,MCF_ARC,18,4,4,0,18->19->10->9->7->2->1->4,18->19->10->9->7->2->1->4,41.227288,inf,0.0,165,165,41.227288,13.413832,78.842382,12.5,0.0,0.0,0.0,0,165,0.5,0.5,0.0,5,0.0,0.0
CrlNetworkServices,SM,0,MCF_ARC,19,4,4,0,19->10->9->7->2->1->4,19->10->9->7->2->1->4,40.65525,inf,0.0,171,171,40.65525,13.413832,78.270344,12.5,0.0,0.0,0.0,0,171,0.5,0.5,0.0,5,0.0,0.0
CrlNetworkServices,SM,0,MCF_ARC,20,4,1,1,20->14->7->2->1->4,20->14->7->2->1,32.575515,inf,0.0,193,193,27.760874,2.144618,54.990132,2.114165,0.0,0.0,0.0,0,193.0,0.5,0.5,0.0,5,0.0,0.0
CrlNetworkServices,SM,0,MCF_ARC,21,4,1,1,21->20->14->7->2->1->4,21->20->14->7->2->1,36.42164,inf,0.0,207,207,31.607,2.144618,58.836258,2.114165,0.0,0.0,0.0,0,207.0,0.5,0.5,0.0,5,0.0,0.0
CrlNetworkServices,SM,0,MCF_ARC,22,4,4,0,22->21->20->14->7->2->1->4,22->21->20->14->7->2->1->4,37.873776,inf,0.0,179,179,37.873776,13.413832,75.488869,12.5,0.0,0.0,0.0,0,179,0.5,0.5,0.0,5,0.0,0.0
CrlNetworkServices,SM,0,MCF_ARC,23,3,1,1,23->22->21->20->14->7->2->1->4->3,23->22->21->20->14->7->2->1,48.16928,inf,0.0,202,202,41.926162,2.144618,69.155421,2.114165,0.0,0.0,0.0,0,202,0.5,0.5,0.0,5,0.0,0.0
CrlNetworkServices,SM,0,MCF_ARC,24,4,4,0,24->25->3->4,24->25->3->4,6.737257,inf,0.0,185,185,6.737257,13.413832,44.352351,12.5,0.0,0.0,0.0,0,185,0.5,0.5,0.0,5,0.0,0.0
CrlNetworkServices,SM,0,MCF_ARC,25,3,3,0,25->3,25->3,0.387956,inf,0.0,187,187,0.387956,8.464835,32.515672,7.012623,0.0,0.0,0.0,0,187,0.5,0.5,0.0,5,0.0,0.0
CrlNetworkServices,SM,0,MCF_ARC,26,3,3,0,26->27->28->32->33->24->25->3,26->27->28->32->33->24->25->3,16.959936,inf,0.0,154,154,16.959936,8.464835,49.087652,7.012623,0.0,0.0,0.0,0,154,0.5,0.5,0.0,5,0.0,0.0
CrlNetworkServices,SM,0,MCF_ARC,27,3,3,0,27->28->32->33->24->25->3,27->28->32->33->24->25->3,14.629712,inf,0.0,169,169,14.629712,8.464835,46.757428,7.012623,0.0,0.0,0.0,0,169,0.5,0.5,0.0,5,0.0,0.0
CrlNetworkServices,SM,0,MCF_ARC,28,3,3,0,28->32->33->24->25->3,28->32->33->24->25->3,6.762363,inf,0.0,190,190,6.762363,8.464835,38.89008,7.012623,0.0,0.0,0.0,0,190,0.5,0.5,0.0,5,0.0,0.0
CrlNetworkServices,SM,0,MCF_ARC,29,3,3,0,29->28->32->33->24->25->3,29->28->32->33->24->25->3,7.837924,inf,0.0,162,162,7.837924,8.464835,39.965641,7.012623,0.0,0.0,0.0,0,162,0.5,0.5,0.0,5,0.0,0.0
CrlNetworkServices,SM,0,MCF_ARC,30,3,3,0,30->29->28->32->33->24->25->3,30->29->28->32->33->24->25->3,8.552987,inf,0.0,194,194,8.552987,8.464835,40.680703,7.012623,0.0,0.0,0.0,0,194,0.5,0.5,0.0,5,0.0,0.0
CrlNetworkServices,SM,0,MCF_ARC,31,3,4,1,31->33->24->25->3,31->33->24->25->3->4,48.866149,inf,0.0,156,156,50.294626,13.413832,87.90972,12.5,0.0,0.0,0.0,0,156,0.5,0.5,0.0,5,0.0,0.0
CrlNetworkServices,SM,0,MCF_ARC,32,2,2,0,32->33->24->25->3->4->1->2,32->33->24->25->3->4->1->2,17.775714,44.116598,0.0,211,211,17.775714,2.554376,45.430167,2.53936,0.0,0.0,0.0,0,211,0.5,0.5,0.0,5,0.0,0.0
CrlNetworkServices,SM,0,MCF_ARC,33,2,2,0,33->24->25->3->4->1->2,33->24->25->3->4->1->2,17.534375,43.875259,0.0,195,195,17.534375,2.554376,45.188829,2.53936,0.0,0.0,0.0,0,195,0.5,0.5,0.0,5,0.0,0.0
CrlNetworkServices,SM,1,B1,1,1,1,0,1,,0.0,25.920376,0.0,191,191,0.0,1.773679,26.888772,1.773679,0.0,0.0,0.0,0,191.0,0.5,0.5,0.0,5,0.0,0.0
CrlNetworkServices,SM,1,B1,2,2,2,0,2,,0.0,26.635312,0.0,194,194,0.0,3.30251,28.417603,3.30251,0.0,0.0,0.0,0,194.0,0.5,0.5,0.0,5,0.0,0.0
CrlNetworkServices,SM,1,B1,3,3,3,0,3,,0.0,inf,0.0,165,165,0.0,6.385696,31.500789,6.385696,0.0,0.0,0.0,0,165,0.5,0.5,0.0,5,0.0,0.0
CrlNetworkServices,SM,1,B1,4,4,4,0,4,,0.0,inf,0.0,143,143,0.0,84.745763,109.860856,84.745763,0.0,0.0,0.0,0,143,0.5,0.5,0.0,5,0.0,0.0
CrlNetworkServices,SM,1,B1,5,5,5,0,5,,0.0,inf,0.0,173,173,0.0,555.555556,580.670649,555.555556,0.0,0.0,0.0,0,173,0.5,0.5,0.0,5,0.0,0.0
CrlNetworkServices,SM,1,B1,6,5,5,0,6->5,,3.055709,inf,0.0,202,202,3.055709,555.555556,583.726358,555.555556,0.0,0.0,0.0,0,202,0.5,0.5,0.0,5,0.0,0.0
CrlNetworkServices,SM,1,B1,7,5,2,1,7->8->5,,4.110837,inf,0.0,178,178,9.448297,3.30251,37.8659,3.30251,0.0,0.0,0.0,0,178.0,0.5,0.5,0.0,5,0.0,0.0
CrlNetworkServices,SM,1,B1,8,5,5,0,8->5,,1.18294,inf,0.0,217,217,1.18294,555.555556,581.853589,555.555556,0.0,0.0,0.0,0,217,0.5,0.5,0.0,5,0.0,0.0
CrlNetworkServices,SM,1,B1,9,5,2,1,9->7->8->5,,15.723917,inf,0.0,177,177,21.061378,3.30251,49.478981,3.30251,0.0,0.0,0.0,0,177,0.5,0.5,0.0,5,0.0,0.0
CrlNetworkServices,SM,1,B1,10,5,5,0,10->9->7->8->5,,21.444883,inf,0.0,140,140,21.444883,555.555556,602.115532,555.555556,0.0,0.0,0.0,0,140,0.5,0.5,0.0,5,0.0,0.0
CrlNetworkServices,SM,1,B1,11,5,5,0,11->14->7->8->5,,16.808552,inf,0.0,193,193,16.808552,555.555556,597.479201,555.555556,0.0,0.0,0.0,0,193,0.5,0.5,0.0,5,0.0,0.0
CrlNetworkServices,SM,1,B1,12,5,5,0,12->11->14->7->8->5,,25.748452,inf,0.0,207,207,25.748452,555.555556,606.419101,555.555556,0.0,0.0,0.0,0,207,0.5,0.5,0.0,5,0.0,0.0
CrlNetworkServices,SM,1,B1,13,5,5,0,13->9->7->8->5,,22.414991,inf,0.0,169,169,22.414991,555.555556,603.08564,555.555556,0.0,0.0,0.0,0,169,0.5,0.5,0.0,5,0.0,0.0
CrlNetworkServices,SM,1,B1,14,4,4,0,14->7->2->1->4,,28.391937,inf,0.0,206,206,28.391937,84.745763,138.252793,84.745763,0.0,0.0,0.0,0,206,0.5,0.5,0.0,5,0.0,0.0
CrlNetworkServices,SM,1,B1,15,4,4,0,15->19->10->9->7->2->1->4,,43.719809,inf,0.0,129,129,39.725528,84.745763,149.586384,84.745763,0.0,0.0,0.0,0,129,0.5,0.5,0.0,5,0.0,0.0
CrlNetworkServices,SM,1,B1,16,4,4,0,16->17->18->19->10->9->7->2->1->4,,43.969447,inf,0.0,206,206,43.969447,84.745763,153.830303,84.745763,0.0,0.0,0.0,0,206,0.5,0.5,0.0,5,0.0,0.0
CrlNetworkServices,SM,1,B1,17,5,5,0,17->18->19->10->9->7->8->5,,27.2069,inf,0.0,114,114,27.2069,555.555556,607.877549,555.555556,0.0,0.0,0.0,0,114,0.5,0.5,0.0,5,0.0,0.0
CrlNetworkServices,SM,1,B1,18,4,4,0,18->19->10->9->7->2->1->4,,41.227288,inf,0.0,170,170,41.227288,84.745763,151.088145,84.745763,0.0,0.0,0.0,0,170,0.5,0.5,0.0,5,0.0,0.0
CrlNetworkServices,SM,1,B1,19,4,4,0,19->10->9->7->2->1->4,,40.65525,inf,0.0,193,193,40.65525,84.745763,150.516106,84.745763,0.0,0.0,0.0,0,193,0.5,0.5,0.0,5,0.0,0.0
CrlNetworkServices,SM,1,B1,20,4,1,1,20->14->7->2->1->4,,32.575515,inf,0.0,226,226,27.760874,1.773679,54.649646,1.773679,0.0,0.0,0.0,0,226.0,0.5,0.5,0.0,5,0.0,0.0
CrlNetworkServices,SM,1,B1,21,4,1,1,21->20->14->7->2->1->4,,36.42164,inf,0.0,213,213,31.607,1.773679,58.495772,1.773679,0.0,0.0,0.0,0,213.0,0.5,0.5,0.0,5,0.0,0.0
CrlNetworkServices,SM,1,B1,22,4,4,0,22->21->20->14->7->2->1->4,,37.873776,inf,0.0,198,198,37.873776,84.745763,147.734632,84.745763,0.0,0.0,0.0,0,198,0.5,0.5,0.0,5,0.0,0.0
CrlNetworkServices,SM,1,B1,23,3,1,1,23->22->21->20->14->7->2->1->4->3,,48.16928,inf,0.0,239,239,41.926162,1.773679,68.814934,1.773679,0.0,0.0,0.0,0,239,0.5,0.5,0.0,5,0.0,0.0
CrlNetworkServices,SM,1,B1,24,3,3,0,24->25->3,,5.30878,inf,0.0,177,177,5.30878,6.385696,36.809569,6.385696,0.0,0.0,0.0,0,177,0.5,0.5,0.0,5,0.0,0.0
CrlNetworkServices,SM,1,B1,25,3,4,1,25->3,,0.387956,inf,0.0,160,160,1.816433,84.745763,111.67729,84.745763,0.0,0.0,0.0,0,160,0.5,0.5,0.0,5,0.0,0.0
CrlNetworkServices,SM,1,B1,26,3,3,0,26->20->14->7->2->1->4->3,,61.96318,inf,0.0,160,160,16.959936,6.385696,48.460726,6.385696,0.0,0.0,0.0,0,160,0.5,0.5,0.0,5,0.0,0.0
CrlNetworkServices,SM,1,B1,27,3,3,0,27->28->32->33->24->25->3,,14.629712,inf,0.0,193,193,14.629712,6.385696,46.130501,6.385696,0.0,0.0,0.0,0,193,0.5,0.5,0.0,5,0.0,0.0
CrlNetworkServices,SM,1,B1,28,3,3,0,28->32->33->24->25->3,,6.762363,inf,0.0,197,197,6.762363,6.385696,38.263153,6.385696,0.0,0.0,0.0,0,197,0.5,0.5,0.0,5,0.0,0.0
CrlNetworkServices,SM,1,B1,29,3,3,0,29->28->32->33->24->25->3,,7.837924,inf,0.0,203,203,7.837924,6.385696,39.338714,6.385696,0.0,0.0,0.0,0,203,0.5,0.5,0.0,5,0.0,0.0
CrlNetworkServices,SM,1,B1,30,3,3,0,30->29->28->32->33->24->25->3,,8.552987,inf,0.0,222,222,8.552987,6.385696,40.053776,6.385696,0.0,0.0,0.0,0,222,0.5,0.5,0.0,5,0.0,0.0
CrlNetworkServices,SM,1,B1,31,2,2,0,31->33->24->25->3->4->1->2,,60.422109,87.057421,0.0,146,146,60.422109,3.30251,88.839712,3.30251,0.0,0.0,0.0,0,146,0.5,0.5,0.0,5,0.0,0.0
CrlNetworkServices,SM,1,B1,32,2,2,0,32->28->27->26->20->14->7->2,,61.147402,87.782715,0.0,188,188,17.775714,3.30251,46.193317,3.30251,0.0,0.0,0.0,0,188,0.5,0.5,0.0,5,0.0,0.0
CrlNetworkServices,SM,1,B1,33,2,2,0,33->24->25->3->4->1->2,,17.534375,44.169687,0.0,231,231,17.534375,3.30251,45.951978,3.30251,0.0,0.0,0.0,0,231,0.5,0.5,0.0,5,0.0,0.0
CrlNetworkServices,SM,1,B3,1,1,1,0,1,1,0.0,25.920376,0.0,191,191,0.0,inf,inf,inf,0.0,0.0,0.0,0,191.0,0.5,0.5,0.0,5,0.0,0.0
CrlNetworkServices,SM,1,B3,2,2,2,0,2,2,0.0,26.635312,0.0,194,194,0.0,5.688282,30.803376,5.688282,0.0,0.0,0.0,0,194.0,0.5,0.5,0.0,5,0.0,0.0
CrlNetworkServices,SM,1,B3,3,3,3,0,3,3,0.0,inf,0.0,165,165,0.0,2.64131,27.756404,2.64131,0.0,0.0,0.0,0,165,0.5,0.5,0.0,5,0.0,0.0
CrlNetworkServices,SM,1,B3,4,4,4,0,4,4,0.0,inf,0.0,143,143,0.0,3.324468,28.439562,3.324468,0.0,0.0,0.0,0,143,0.5,0.5,0.0,5,0.0,0.0
CrlNetworkServices,SM,1,B3,5,5,5,0,5,5,0.0,inf,0.0,173,173,0.0,5.353319,30.468412,5.353319,0.0,0.0,0.0,0,173,0.5,0.5,0.0,5,0.0,0.0
CrlNetworkServices,SM,1,B3,6,5,5,0,6->5,6->5,3.055709,inf,0.0,202,202,3.055709,5.353319,33.524122,5.353319,0.0,0.0,0.0,0,202,0.5,0.5,0.0,5,0.0,0.0
CrlNetworkServices,SM,1,B3,7,5,5,0,7->8->5,7->8->5,4.110837,inf,0.0,178,178,4.110837,5.353319,34.579249,5.353319,0.0,0.0,0.0,0,178.0,0.5,0.5,0.0,5,0.0,0.0
CrlNetworkServices,SM,1,B3,8,5,5,0,8->5,8->5,1.18294,inf,0.0,217,217,1.18294,5.353319,31.651353,5.353319,0.0,0.0,0.0,0,217,0.5,0.5,0.0,5,0.0,0.0
CrlNetworkServices,SM,1,B3,9,5,5,0,9->7->8->5,9->7->8->5,15.723917,inf,0.0,177,177,15.723917,5.353319,46.19233,5.353319,0.0,0.0,0.0,0,177,0.5,0.5,0.0,5,0.0,0.0
CrlNetworkServices,SM,1,B3,10,5,1,1,10->9->7->8->5,10->9->7->2->1,21.444883,inf,0.0,140,140,32.095185,inf,inf,inf,0.0,0.0,0.0,0,140,0.5,0.5,0.0,5,0.0,0.0
CrlNetworkServices,SM,1,B3,11,5,2,1,11->14->7->8->5,11->14->7->2,16.808552,inf,0.0,193,193,22.146012,5.688282,52.949388,5.688282,0.0,0.0,0.0,0,193,0.5,0.5,0.0,5,0.0,0.0
CrlNetworkServices,SM,1,B3,12,5,1,1,12->11->14->7->8->5,12->33->24->25->3->4->1,25.748452,inf,0.0,207,207,27.507225,inf,inf,inf,0.0,0.0,0.0,0,207,0.5,0.5,0.0,5,0.0,0.0
CrlNetworkServices,SM,1,B3,13,5,5,0,13->9->7->8->5,13->9->7->8->5,22.414991,inf,0.0,169,169,22.414991,5.353319,52.883403,5.353319,0.0,0.0,0.0,0,169,0.5,0.5,0.0,5,0.0,0.0
CrlNetworkServices,SM,1,B3,14,4,4,0,14->7->2->1->4,14->7->2->1->4,28.391937,inf,0.0,206,206,28.391937,3.324468,56.831498,3.324468,0.0,0.0,0.0,0,206,0.5,0.5,0.0,5,0.0,0.0
CrlNetworkServices,SM,1,B3,15,4,1,1,15->19->10->9->7->2->1->4,15->22->21->20->14->7->2->1,43.719809,inf,0.0,129,129,34.910887,inf,inf,inf,0.0,0.0,0.0,0,129,0.5,0.5,0.0,5,0.0,0.0
CrlNetworkServices,SM,1,B3,16,4,4,0,16->17->18->19->10->9->7->2->1->4,16->17->18->19->10->9->7->2->1->4,43.969447,inf,0.0,206,206,43.969447,3.324468,72.409009,3.324468,0.0,0.0,0.0,0,206,0.5,0.5,0.0,5,0.0,0.0
CrlNetworkServices,SM,1,B3,17,5,5,0,17->18->19->10->9->7->8->5,17->18->19->10->9->7->8->5,27.2069,inf,0.0,114,114,27.2069,5.353319,57.675313,5.353319,0.0,0.0,0.0,0,114,0.5,0.5,0.0,5,0.0,0.0
CrlNetworkServices,SM,1,B3,18,4,4,0,18->19->10->9->7->2->1->4,18->19->10->9->7->2->1->4,41.227288,inf,0.0,170,170,41.227288,3.324468,69.66685,3.324468,0.0,0.0,0.0,0,170,0.5,0.5,0.0,5,0.0,0.0
CrlNetworkServices,SM,1,B3,19,4,4,0,19->10->9->7->2->1->4,19->10->9->7->2->1->4,40.65525,inf,0.0,193,193,40.65525,3.324468,69.094812,3.324468,0.0,0.0,0.0,0,193,0.5,0.5,0.0,5,0.0,0.0
CrlNetworkServices,SM,1,B3,20,4,1,1,20->14->7->2->1->4,20->14->7->2->1,32.575515,inf,0.0,226,226,27.760874,inf,inf,inf,0.0,0.0,0.0,0,226.0,0.5,0.5,0.0,5,0.0,0.0
CrlNetworkServices,SM,1,B3,21,4,2,1,21->20->14->7->2->1->4,21->20->14->7->2,36.42164,inf,0.0,213,213,26.294158,5.688282,57.097533,5.688282,0.0,0.0,0.0,0,213.0,0.5,0.5,0.0,5,0.0,0.0
CrlNetworkServices,SM,1,B3,22,4,4,0,22->21->20->14->7->2->1->4,22->21->20->14->7->2->1->4,37.873776,inf,0.0,198,198,37.873776,3.324468,66.313338,3.324468,0.0,0.0,0.0,0,198,0.5,0.5,0.0,5,0.0,0.0
CrlNetworkServices,SM,1,B3,23,3,1,1,23->22->21->20->14->7->2->1->4->3,23->22->21->20->14->7->2->1,48.16928,inf,0.0,239,239,41.926162,inf,inf,inf,0.0,0.0,0.0,0,239,0.5,0.5,0.0,5,0.0,0.0
CrlNetworkServices,SM,1,B3,24,3,3,0,24->25->3,24->25->3,5.30878,inf,0.0,177,177,5.30878,2.64131,33.065183,2.64131,0.0,0.0,0.0,0,177,0.5,0.5,0.0,5,0.0,0.0
CrlNetworkServices,SM,1,B3,25,3,3,0,25->3,25->3,0.387956,inf,0.0,160,160,0.387956,2.64131,28.14436,2.64131,0.0,0.0,0.0,0,160,0.5,0.5,0.0,5,0.0,0.0
CrlNetworkServices,SM,1,B3,26,3,1,1,26->20->14->7->2->1->4->3,26->27->28->32->33->24->25->3->4->1,61.96318,inf,0.0,160,160,23.203054,inf,inf,inf,0.0,0.0,0.0,0,160,0.5,0.5,0.0,5,0.0,0.0
CrlNetworkServices,SM,1,B3,27,3,3,0,27->28->32->33->24->25->3,27->28->32->33->24->25->3,14.629712,inf,0.0,193,193,14.629712,2.64131,42.386116,2.64131,0.0,0.0,0.0,0,193,0.5,0.5,0.0,5,0.0,0.0
CrlNetworkServices,SM,1,B3,28,3,3,0,28->32->33->24->25->3,28->32->33->24->25->3,6.762363,inf,0.0,197,197,6.762363,2.64131,34.518767,2.64131,0.0,0.0,0.0,0,197,0.5,0.5,0.0,5,0.0,0.0
CrlNetworkServices,SM,1,B3,29,3,3,0,29->28->32->33->24->25->3,29->28->32->33->24->25->3,7.837924,inf,0.0,203,203,7.837924,2.64131,35.594328,2.64131,0.0,0.0,0.0,0,203,0.5,0.5,0.0,5,0.0,0.0
CrlNetworkServices,SM,1,B3,30,3,2,1,30->29->28->32->33->24->25->3,30->29->28->32->33->24->25->3->4->1->2,8.552987,inf,0.0,222,222,20.108947,5.688282,50.912322,5.688282,0.0,0.0,0.0,0,222,0.5,0.5,0.0,5,0.0,0.0
CrlNetworkServices,SM,1,B3,31,2,1,1,31->33->24->25->3->4->1->2,31->33->24->25->3->4->1,60.422109,87.057421,0.0,146,146,55.109267,inf,inf,inf,inf,0.0,0.0,0,146,0.5,0.5,0.0,5,0.0,0.0
CrlNetworkServices,SM,1,B3,32,2,2,0,32->28->27->26->20->14->7->2,32->33->24->25->3->4->1->2,61.147402,87.782715,0.0,188,188,17.775714,5.688282,48.579089,5.688282,0.0,0.0,0.0,0,188,0.5,0.5,0.0,5,0.0,0.0
CrlNetworkServices,SM,1,B3,33,2,2,0,33->24->25->3->4->1->2,33->24->25->3->4->1->2,17.534375,44.169687,0.0,231,231,17.534375,5.688282,48.337751,5.688282,0.0,0.0,0.0,0,231,0.5,0.5,0.0,5,0.0,0.0
CrlNetworkServices,SM,1,MCF_ARC,1,1,1,0,1,1,0.0,25.920376,0.0,191,191,0.0,2.99794,28.040781,2.925688,0.0,0.0,0.0,0,191.0,0.5,0.5,0.0,5,0.0,0.0
CrlNetworkServices,SM,1,MCF_ARC,2,2,2,0,2,2,0.0,26.635312,0.0,194,194,0.0,10.339694,33.462339,8.347245,0.0,0.0,0.0,0,194.0,0.5,0.5,0.0,5,0.0,0.0
CrlNetworkServices,SM,1,MCF_ARC,3,3,3,0,3,3,0.0,inf,0.0,165,165,0.0,4.770137,29.689659,4.574565,0.0,0.0,0.0,0,165,0.5,0.5,0.0,5,0.0,0.0
CrlNetworkServices,SM,1,MCF_ARC,4,4,4,0,4,4,0.0,inf,0.0,143,143,0.0,6.328572,30.935815,5.820722,0.0,0.0,0.0,0,143,0.5,0.5,0.0,5,0.0,0.0
CrlNetworkServices,SM,1,MCF_ARC,5,5,5,0,5,5,0.0,inf,0.0,173,173,0.0,5.43112,30.526349,5.411255,0.0,0.0,0.0,0,173,0.5,0.5,0.0,5,0.0,0.0
CrlNetworkServices,SM,1,MCF_ARC,6,5,5,0,6->5,6->5,3.055709,inf,0.0,202,202,3.055709,5.43112,33.582058,5.411255,0.0,0.0,0.0,0,202,0.5,0.5,0.0,5,0.0,0.0
CrlNetworkServices,SM,1,MCF_ARC,7,5,5,0,7->8->5,7->8->5,4.110837,inf,0.0,178,178,4.110837,5.43112,34.637185,5.411255,0.0,0.0,0.0,0,178.0,0.5,0.5,0.0,5,0.0,0.0
CrlNetworkServices,SM,1,MCF_ARC,8,5,2,1,8->5,8->7->2,1.18294,inf,0.0,217,217,12.376193,10.339694,45.838532,8.347245,0.0,0.0,0.0,0,217,0.5,0.5,0.0,5,0.0,0.0
CrlNetworkServices,SM,1,MCF_ARC,9,5,5,0,9->7->8->5,9->7->8->5,15.723917,inf,0.0,177,177,15.723917,5.43112,46.250266,5.411255,0.0,0.0,0.0,0,177,0.5,0.5,0.0,5,0.0,0.0
CrlNetworkServices,SM,1,MCF_ARC,10,5,5,0,10->9->7->8->5,10->9->7->8->5,21.444883,inf,0.0,140,140,21.444883,5.43112,51.971232,5.411255,0.0,0.0,0.0,0,140,0.5,0.5,0.0,5,0.0,0.0
CrlNetworkServices,SM,1,MCF_ARC,11,5,5,0,11->14->7->8->5,11->14->7->8->5,16.808552,inf,0.0,193,193,16.808552,5.43112,47.334901,5.411255,0.0,0.0,0.0,0,193,0.5,0.5,0.0,5,0.0,0.0
CrlNetworkServices,SM,1,MCF_ARC,12,5,2,1,12->11->14->7->8->5,12->11->14->7->2,25.748452,inf,0.0,207,207,31.085912,10.339694,64.548251,8.347245,0.0,0.0,0.0,0,207,0.5,0.5,0.0,5,0.0,0.0
CrlNetworkServices,SM,1,MCF_ARC,13,5,5,0,13->9->7->8->5,13->9->7->8->5,22.414991,inf,0.0,169,169,22.414991,5.43112,52.94134,5.411255,0.0,0.0,0.0,0,169,0.5,0.5,0.0,5,0.0,0.0
CrlNetworkServices,SM,1,MCF_ARC,14,4,4,0,14->7->2->1->4,14->7->2->1->4,28.391937,inf,0.0,206,206,28.391937,6.328572,59.327752,5.820722,0.0,0.0,0.0,0,206,0.5,0.5,0.0,5,0.0,0.0
CrlNetworkServices,SM,1,MCF_ARC,15,4,4,0,15->19->10->9->7->2->1->4,15->22->21->20->14->7->2->1->4,43.719809,inf,0.0,129,129,39.725528,6.328572,70.661343,5.820722,0.0,0.0,0.0,0,129,0.5,0.5,0.0,5,0.0,0.0
CrlNetworkServices,SM,1,MCF_ARC,16,4,4,0,16->17->18->19->10->9->7->2->1->4,16->17->18->19->10->9->7->2->1->4,43.969447,inf,0.0,206,206,43.969447,6.328572,74.905262,5.820722,0.0,0.0,0.0,0,206,0.5,0.5,0.0,5,0.0,0.0
CrlNetworkServices,SM,1,MCF_ARC,17,5,2,1,17->18->19->10->9->7->8->5,17->18->19->10->9->7->2,27.2069,inf,0.0,114,114,32.54436,10.339694,66.006699,8.347245,0.0,0.0,0.0,0,114,0.5,0.5,0.0,5,0.0,0.0
CrlNetworkServices,SM,1,MCF_ARC,18,4,4,0,18->19->10->9->7->2->1->4,18->19->10->9->7->2->1->4,41.227288,inf,0.0,170,170,41.227288,6.328572,72.163104,5.820722,0.0,0.0,0.0,0,170,0.5,0.5,0.0,5,0.0,0.0
CrlNetworkServices,SM,1,MCF_ARC,19,4,4,0,19->10->9->7->2->1->4,19->10->9->7->2->1->4,40.65525,inf,0.0,193,193,40.65525,6.328572,71.591066,5.820722,0.0,0.0,0.0,0,193,0.5,0.5,0.0,5,0.0,0.0
CrlNetworkServices,SM,1,MCF_ARC,20,4,1,1,20->14->7->2->1->4,20->14->7->2->1,32.575515,inf,0.0,226,226,27.760874,2.99794,55.801655,2.925688,0.0,0.0,0.0,0,226.0,0.5,0.5,0.0,5,0.0,0.0
CrlNetworkServices,SM,1,MCF_ARC,21,4,1,1,21->20->14->7->2->1->4,21->20->14->7->2->1,36.42164,inf,0.0,213,213,31.607,2.99794,59.647781,2.925688,0.0,0.0,0.0,0,213.0,0.5,0.5,0.0,5,0.0,0.0
CrlNetworkServices,SM,1,MCF_ARC,22,4,4,0,22->21->20->14->7->2->1->4,22->21->20->14->7->2->1->4,37.873776,inf,0.0,198,198,37.873776,6.328572,68.809591,5.820722,0.0,0.0,0.0,0,198,0.5,0.5,0.0,5,0.0,0.0
CrlNetworkServices,SM,1,MCF_ARC,23,3,1,1,23->22->21->20->14->7->2->1->4->3,23->22->21->20->14->7->2->1,48.16928,inf,0.0,239,239,41.926162,2.99794,69.966943,2.925688,0.0,0.0,0.0,0,239,0.5,0.5,0.0,5,0.0,0.0
CrlNetworkServices,SM,1,MCF_ARC,24,3,3,0,24->25->3,24->25->3,5.30878,inf,0.0,177,177,5.30878,4.770137,34.998439,4.574565,0.0,0.0,0.0,0,177,0.5,0.5,0.0,5,0.0,0.0
CrlNetworkServices,SM,1,MCF_ARC,25,3,3,0,25->3,25->3,0.387956,inf,0.0,160,160,0.387956,4.770137,30.077615,4.574565,0.0,0.0,0.0,0,160,0.5,0.5,0.0,5,0.0,0.0
CrlNetworkServices,SM,1,MCF_ARC,26,3,3,0,26->20->14->7->2->1->4->3,26->27->28->32->33->24->25->3,61.96318,inf,0.0,160,160,16.959936,4.770137,46.649595,4.574565,0.0,0.0,0.0,0,160,0.5,0.5,0.0,5,0.0,0.0
CrlNetworkServices,SM,1,MCF_ARC,27,3,3,0,27->28->32->33->24->25->3,27->28->32->33->24->25->3,14.629712,inf,0.0,193,193,14.629712,4.770137,44.319371,4.574565,0.0,0.0,0.0,0,193,0.5,0.5,0.0,5,0.0,0.0
CrlNetworkServices,SM,1,MCF_ARC,28,3,3,0,28->32->33->24->25->3,28->32->33->24->25->3,6.762363,inf,0.0,197,197,6.762363,4.770137,36.452022,4.574565,0.0,0.0,0.0,0,197,0.5,0.5,0.0,5,0.0,0.0
CrlNetworkServices,SM,1,MCF_ARC,29,3,3,0,29->28->32->33->24->25->3,29->28->32->33->24->25->3,7.837924,inf,0.0,203,203,7.837924,4.770137,37.527583,4.574565,0.0,0.0,0.0,0,203,0.5,0.5,0.0,5,0.0,0.0
CrlNetworkServices,SM,1,MCF_ARC,30,3,1,1,30->29->28->32->33->24->25->3,30->29->28->32->33->24->25->3->4->1,8.552987,inf,0.0,222,222,14.796105,2.99794,42.836886,2.925688,0.0,0.0,0.0,0,222,0.5,0.5,0.0,5,0.0,0.0
CrlNetworkServices,SM,1,MCF_ARC,31,2,2,0,31->33->24->25->3->4->1->2,31->33->24->25->3->4->1->2,60.422109,87.057421,0.0,146,146,60.422109,10.339694,93.884448,8.347245,0.0,0.0,0.0,0,146,0.5,0.5,0.0,5,0.0,0.0
CrlNetworkServices,SM,1,MCF_ARC,32,2,2,0,32->28->27->26->20->14->7->2,32->33->24->25->3->4->1->2,61.147402,87.782715,0.0,188,188,17.775714,10.339694,51.238052,8.347245,0.0,0.0,0.0,0,188,0.5,0.5,0.0,5,0.0,0.0
CrlNetworkServices,SM,1,MCF_ARC,33,2,2,0,33->24->25->3->4->1->2,33->24->25->3->4->1->2,17.534375,44.169687,0.0,231,231,17.534375,10.339694,50.996714,8.347245,0.0,0.0,0.0,0,231,0.5,0.5,0.0,5,0.0,0.0
CrlNetworkServices,SM,2,B1,1,1,1,0,1,,0.0,25.96327,0.0,185,185,0.0,1.779359,26.894453,1.779359,0.0,0.0,0.0,0,185.0,0.5,0.5,0.0,5,0.0,0.0
CrlNetworkServices,SM,2,B1,2,2,2,0,2,,0.0,26.472682,0.0,153,153,0.0,2.471577,27.58667,2.471577,0.0,0.0,0.0,0,153.0,0.5,0.5,0.0,5,0.0,0.0
CrlNetworkServices,SM,2,B1,3,3,3,0,3,,0.0,inf,0.0,218,218,0.0,111.111111,136.226205,111.111111,0.0,0.0,0.0,0,218,0.5,0.5,0.0,5,0.0,0.0
CrlNetworkServices,SM,2,B1,4,4,4,0,4,,0.0,inf,0.0,177,177,0.0,20.746888,45.861981,20.746888,0.0,0.0,0.0,0,177,0.5,0.5,0.0,5,0.0,0.0
CrlNetworkServices,SM,2,B1,5,5,5,0,5,,0.0,inf,0.0,202,202,0.0,12.195122,37.310215,12.195122,0.0,0.0,0.0,0,202,0.5,0.5,0.0,5,0.0,0.0
CrlNetworkServices,SM,2,B1,6,5,5,0,6->5,,3.055709,inf,0.0,161,161,3.055709,12.195122,40.365925,12.195122,0.0,0.0,0.0,0,161,0.5,0.5,0.0,5,0.0,0.0
CrlNetworkServices,SM,2,B1,7,5,5,0,7->8->5,,4.110837,inf,0.0,157,157,4.110837,12.195122,41.421052,12.195122,0.0,0.0,0.0,0,157.0,0.5,0.5,0.0,5,0.0,0.0
CrlNetworkServices,SM,2,B1,8,5,5,0,8->5,,1.18294,inf,0.0,178,178,1.18294,12.195122,38.493155,12.195122,0.0,0.0,0.0,0,178,0.5,0.5,0.0,5,0.0,0.0
CrlNetworkServices,SM,2,B1,9,5,5,0,9->7->8->5,,15.723917,inf,0.0,161,161,15.723917,12.195122,53.034133,12.195122,0.0,0.0,0.0,0,161,0.5,0.5,0.0,5,0.0,0.0
CrlNetworkServices,SM,2,B1,10,5,2,1,10->9->7->8->5,,21.444883,inf,0.0,166,166,26.782343,2.471577,54.369013,2.471577,0.0,0.0,0.0,0,166,0.5,0.5,0.0,5,0.0,0.0
CrlNetworkServices,SM,2,B1,11,5,5,0,11->14->7->8->5,,16.808552,inf,0.0,243,243,16.808552,12.195122,54.118767,12.195122,0.0,0.0,0.0,0,243,0.5,0.5,0.0,5,0.0,0.0
CrlNetworkServices,SM,2,B1,12,5,5,0,12->11->14->7->8->5,,25.748452,inf,0.0,180,180,25.748452,12.195122,63.058667,12.195122,0.0,0.0,0.0,0,180,0.5,0.5,0.0,5,0.0,0.0
CrlNetworkServices,SM,2,B1,13,5,2,1,13->9->7->8->5,,22.414991,inf,0.0,166,166,27.752451,2.471577,55.339121,2.471577,0.0,0.0,0.0,0,166,0.5,0.5,0.0,5,0.0,0.0
CrlNetworkServices,SM,2,B1,14,4,1,1,14->7->2->1->4,,28.391937,inf,0.0,175,175,23.577296,1.779359,50.471749,1.779359,0.0,0.0,0.0,0,175,0.5,0.5,0.0,5,0.0,0.0
CrlNetworkServices,SM,2,B1,15,4,1,1,15->19->10->9->7->2->1->4,,43.719809,inf,0.0,197,197,34.910887,1.779359,61.80534,1.779359,0.0,0.0,0.0,0,197,0.5,0.5,0.0,5,0.0,0.0
CrlNetworkServices,SM,2,B1,16,4,4,0,16->17->18->19->10->9->7->2->1->4,,43.969447,inf,0.0,218,218,43.969447,20.746888,89.831429,20.746888,0.0,0.0,0.0,0,218,0.5,0.5,0.0,5,0.0,0.0
CrlNetworkServices,SM,2,B1,17,4,4,0,17->18->19->10->9->7->2->1->4,,42.671843,inf,0.0,166,166,42.671843,20.746888,88.533824,20.746888,0.0,0.0,0.0,0,166,0.5,0.5,0.0,5,0.0,0.0
CrlNetworkServices,SM,2,B1,18,4,4,0,18->19->10->9->7->2->1->4,,41.227288,inf,0.0,209,209,41.227288,20.746888,87.08927,20.746888,0.0,0.0,0.0,0,209,0.5,0.5,0.0,5,0.0,0.0
CrlNetworkServices,SM,2,B1,19,4,4,0,19->10->9->7->2->1->4,,40.65525,inf,0.0,154,154,40.65525,20.746888,86.517232,20.746888,0.0,0.0,0.0,0,154,0.5,0.5,0.0,5,0.0,0.0
CrlNetworkServices,SM,2,B1,20,4,1,1,20->14->7->2->1->4,,32.575515,inf,0.0,245,245,27.760874,1.779359,54.655327,1.779359,0.0,0.0,0.0,0,245.0,0.5,0.5,0.0,5,0.0,0.0
CrlNetworkServices,SM,2,B1,21,4,4,0,21->20->14->7->2->1->4,,36.42164,inf,0.0,130,130,36.42164,20.746888,82.283622,20.746888,0.0,0.0,0.0,0,130.0,0.5,0.5,0.0,5,0.0,0.0
CrlNetworkServices,SM,2,B1,22,4,4,0,22->21->20->14->7->2->1->4,,37.873776,inf,0.0,174,174,37.873776,20.746888,83.735757,20.746888,0.0,0.0,0.0,0,174,0.5,0.5,0.0,5,0.0,0.0
CrlNetworkServices,SM,2,B1,23,3,3,0,23->22->21->20->14->7->2->1->4->3,,48.16928,inf,0.0,152,152,48.16928,111.111111,184.395485,111.111111,0.0,0.0,0.0,0,152,0.5,0.5,0.0,5,0.0,0.0
CrlNetworkServices,SM,2,B1,24,3,3,0,24->25->3,,5.30878,inf,0.0,159,159,5.30878,111.111111,141.534984,111.111111,0.0,0.0,0.0,0,159,0.5,0.5,0.0,5,0.0,0.0
CrlNetworkServices,SM,2,B1,25,3,3,0,25->3,,0.387956,inf,0.0,167,167,0.387956,111.111111,136.614161,111.111111,0.0,0.0,0.0,0,167,0.5,0.5,0.0,5,0.0,0.0
CrlNetworkServices,SM,2,B1,26,3,3,0,26->27->28->32->33->24->25->3,,16.959936,inf,0.0,160,160,16.959936,111.111111,153.186141,111.111111,0.0,0.0,0.0,0,160,0.5,0.5,0.0,5,0.0,0.0
CrlNetworkServices,SM,2,B1,27,3,3,0,27->28->32->33->24->25->3,,14.629712,inf,0.0,180,180,14.629712,111.111111,150.855917,111.111111,0.0,0.0,0.0,0,180,0.5,0.5,0.0,5,0.0,0.0
CrlNetworkServices,SM,2,B1,28,3,3,0,28->32->33->24->25->3,,6.762363,inf,0.0,197,197,6.762363,111.111111,142.988568,111.111111,0.0,0.0,0.0,0,197,0.5,0.5,0.0,5,0.0,0.0
CrlNetworkServices,SM,2,B1,29,3,3,0,29->30->31->33->24->25->3,,91.48075,inf,0.0,122,122,7.837924,111.111111,144.064129,111.111111,0.0,0.0,0.0,0,122,0.5,0.5,0.0,5,0.0,0.0
CrlNetworkServices,SM,2,B1,30,3,4,1,30->29->28->32->33->24->25->3,,8.552987,inf,0.0,219,219,9.981464,20.746888,55.843445,20.746888,0.0,0.0,0.0,0,219,0.5,0.5,0.0,5,0.0,0.0
CrlNetworkServices,SM,2,B1,31,2,2,0,31->33->24->25->3->4->1->2,,60.422109,86.894791,0.0,183,183,60.422109,2.471577,88.008779,2.471577,0.0,0.0,0.0,0,183,0.5,0.5,0.0,5,0.0,0.0
CrlNetworkServices,SM,2,B1,32,2,2,0,32->33->24->25->3->4->1->2,,17.775714,44.248396,0.0,171,171,17.775714,2.471577,45.362384,2.471577,0.0,0.0,0.0,0,171,0.5,0.5,0.0,5,0.0,0.0
CrlNetworkServices,SM,2,B1,33,2,2,0,33->24->25->3->4->1->2,,17.534375,44.007057,0.0,166,166,17.534375,2.471577,45.121045,2.471577,0.0,0.0,0.0,0,166,0.5,0.5,0.0,5,0.0,0.0
CrlNetworkServices,SM,2,B3,1,1,1,0,1,1,0.0,25.96327,0.0,185,185,0.0,333.333333,358.448427,333.333333,0.0,0.0,0.0,0,185.0,0.5,0.5,0.0,5,0.0,0.0
CrlNetworkServices,SM,2,B3,2,2,2,0,2,2,0.0,26.472682,0.0,153,153,0.0,3.82263,28.937723,3.82263,0.0,0.0,0.0,0,153.0,0.5,0.5,0.0,5,0.0,0.0
CrlNetworkServices,SM,2,B3,3,3,3,0,3,3,0.0,inf,0.0,218,218,0.0,5.291005,30.406099,5.291005,0.0,0.0,0.0,0,218,0.5,0.5,0.0,5,0.0,0.0
CrlNetworkServices,SM,2,B3,4,4,4,0,4,4,0.0,inf,0.0,177,177,0.0,3.103662,28.218756,3.103662,0.0,0.0,0.0,0,177,0.5,0.5,0.0,5,0.0,0.0
CrlNetworkServices,SM,2,B3,5,5,5,0,5,5,0.0,inf,0.0,202,202,0.0,3.030303,28.145396,3.030303,0.0,0.0,0.0,0,202,0.5,0.5,0.0,5,0.0,0.0
CrlNetworkServices,SM,2,B3,6,5,5,0,6->5,6->5,3.055709,inf,0.0,161,161,3.055709,3.030303,31.201106,3.030303,0.0,0.0,0.0,0,161,0.5,0.5,0.0,5,0.0,0.0
CrlNetworkServices,SM,2,B3,7,5,1,1,7->8->5,7->2->1,4.110837,inf,0.0,157,157,14.761139,333.333333,373.209565,333.333333,0.0,0.0,0.0,0,157.0,0.5,0.5,0.0,5,0.0,0.0
CrlNetworkServices,SM,2,B3,8,5,5,0,8->5,8->5,1.18294,inf,0.0,178,178,1.18294,3.030303,29.328336,3.030303,0.0,0.0,0.0,0,178,0.5,0.5,0.0,5,0.0,0.0
CrlNetworkServices,SM,2,B3,9,5,5,0,9->7->8->5,9->7->8->5,15.723917,inf,0.0,161,161,15.723917,3.030303,43.869314,3.030303,0.0,0.0,0.0,0,161,0.5,0.5,0.0,5,0.0,0.0
CrlNetworkServices,SM,2,B3,10,5,5,0,10->9->7->8->5,10->9->7->8->5,21.444883,inf,0.0,166,166,21.444883,3.030303,49.590279,3.030303,0.0,0.0,0.0,0,166,0.5,0.5,0.0,5,0.0,0.0
CrlNetworkServices,SM,2,B3,11,5,2,1,11->14->7->8->5,11->14->7->2,16.808552,inf,0.0,243,243,22.146012,3.82263,51.083736,3.82263,0.0,0.0,0.0,0,243,0.5,0.5,0.0,5,0.0,0.0
CrlNetworkServices,SM,2,B3,12,5,1,1,12->11->14->7->8->5,12->33->24->25->3->4->1,25.748452,inf,0.0,180,180,27.507225,333.333333,385.955652,333.333333,0.0,0.0,0.0,0,180,0.5,0.5,0.0,5,0.0,0.0
CrlNetworkServices,SM,2,B3,13,5,5,0,13->9->7->8->5,13->9->7->8->5,22.414991,inf,0.0,166,166,22.414991,3.030303,50.560387,3.030303,0.0,0.0,0.0,0,166,0.5,0.5,0.0,5,0.0,0.0
CrlNetworkServices,SM,2,B3,14,4,4,0,14->7->2->1->4,14->7->2->1->4,28.391937,inf,0.0,175,175,28.391937,3.103662,56.610693,3.103662,0.0,0.0,0.0,0,175,0.5,0.5,0.0,5,0.0,0.0
CrlNetworkServices,SM,2,B3,15,4,4,0,15->19->10->9->7->2->1->4,15->22->21->20->14->7->2->1->4,43.719809,inf,0.0,197,197,39.725528,3.103662,67.944284,3.103662,0.0,0.0,0.0,0,197,0.5,0.5,0.0,5,0.0,0.0
CrlNetworkServices,SM,2,B3,16,4,2,1,16->17->18->19->10->9->7->2->1->4,16->17->18->19->10->9->7->2,43.969447,inf,0.0,218,218,33.841965,3.82263,62.779688,3.82263,0.0,0.0,0.0,0,218,0.5,0.5,0.0,5,0.0,0.0
CrlNetworkServices,SM,2,B3,17,4,4,0,17->18->19->10->9->7->2->1->4,17->18->19->10->9->7->2->1->4,42.671843,inf,0.0,166,166,42.671843,3.103662,70.890599,3.103662,0.0,0.0,0.0,0,166,0.5,0.5,0.0,5,0.0,0.0
CrlNetworkServices,SM,2,B3,18,4,1,1,18->19->10->9->7->2->1->4,18->19->10->9->7->2->1,41.227288,inf,0.0,209,209,36.412648,333.333333,394.861074,333.333333,0.0,0.0,0.0,0,209,0.5,0.5,0.0,5,0.0,0.0
CrlNetworkServices,SM,2,B3,19,4,4,0,19->10->9->7->2->1->4,19->10->9->7->2->1->4,40.65525,inf,0.0,154,154,40.65525,3.103662,68.874006,3.103662,0.0,0.0,0.0,0,154,0.5,0.5,0.0,5,0.0,0.0
CrlNetworkServices,SM,2,B3,20,4,1,1,20->14->7->2->1->4,20->14->7->2->1,32.575515,inf,0.0,245,245,27.760874,333.333333,386.209301,333.333333,0.0,0.0,0.0,0,245.0,0.5,0.5,0.0,5,0.0,0.0
CrlNetworkServices,SM,2,B3,21,4,4,0,21->20->14->7->2->1->4,21->20->14->7->2->1->4,36.42164,inf,0.0,130,130,36.42164,3.103662,64.640396,3.103662,0.0,0.0,0.0,0,130.0,0.5,0.5,0.0,5,0.0,0.0
CrlNetworkServices,SM,2,B3,22,4,4,0,22->21->20->14->7->2->1->4,22->21->20->14->7->2->1->4,37.873776,inf,0.0,174,174,37.873776,3.103662,66.092532,3.103662,0.0,0.0,0.0,0,174,0.5,0.5,0.0,5,0.0,0.0
CrlNetworkServices,SM,2,B3,23,3,3,0,23->22->21->20->14->7->2->1->4->3,23->22->21->20->14->7->2->1->4->3,48.16928,inf,0.0,152,152,48.16928,5.291005,78.575379,5.291005,0.0,0.0,0.0,0,152,0.5,0.5,0.0,5,0.0,0.0
CrlNetworkServices,SM,2,B3,24,3,3,0,24->25->3,24->25->3,5.30878,inf,0.0,159,159,5.30878,5.291005,35.714879,5.291005,0.0,0.0,0.0,0,159,0.5,0.5,0.0,5,0.0,0.0
CrlNetworkServices,SM,2,B3,25,3,3,0,25->3,25->3,0.387956,inf,0.0,167,167,0.387956,5.291005,30.794055,5.291005,0.0,0.0,0.0,0,167,0.5,0.5,0.0,5,0.0,0.0
CrlNetworkServices,SM,2,B3,26,3,3,0,26->27->28->32->33->24->25->3,26->27->28->32->33->24->25->3,16.959936,inf,0.0,160,160,16.959936,5.291005,47.366035,5.291005,0.0,0.0,0.0,0,160,0.5,0.5,0.0,5,0.0,0.0
CrlNetworkServices,SM,2,B3,27,3,2,1,27->28->32->33->24->25->3,27->28->32->33->24->25->3->4->1->2,14.629712,inf,0.0,180,180,26.185672,3.82263,55.123395,3.82263,0.0,0.0,0.0,0,180,0.5,0.5,0.0,5,0.0,0.0
CrlNetworkServices,SM,2,B3,28,3,3,0,28->32->33->24->25->3,28->32->33->24->25->3,6.762363,inf,0.0,197,197,6.762363,5.291005,37.168462,5.291005,0.0,0.0,0.0,0,197,0.5,0.5,0.0,5,0.0,0.0
CrlNetworkServices,SM,2,B3,29,3,3,0,29->30->31->33->24->25->3,29->28->32->33->24->25->3,91.48075,inf,0.0,122,122,7.837924,5.291005,38.244023,5.291005,0.0,0.0,0.0,0,122,0.5,0.5,0.0,5,0.0,0.0
CrlNetworkServices,SM,2,B3,30,3,1,1,30->29->28->32->33->24->25->3,30->29->28->32->33->24->25->3->4->1,8.552987,inf,0.0,219,219,14.796105,333.333333,373.244531,333.333333,0.0,0.0,0.0,0,219,0.5,0.5,0.0,5,0.0,0.0
CrlNetworkServices,SM,2,B3,31,2,2,0,31->33->24->25->3->4->1->2,31->33->24->25->3->4->1->2,60.422109,86.894791,0.0,183,183,60.422109,3.82263,89.359832,3.82263,0.0,0.0,0.0,0,183,0.5,0.5,0.0,5,0.0,0.0
CrlNetworkServices,SM,2,B3,32,2,2,0,32->33->24->25->3->4->1->2,32->33->24->25->3->4->1->2,17.775714,44.248396,0.0,171,171,17.775714,3.82263,46.713437,3.82263,0.0,0.0,0.0,0,171,0.5,0.5,0.0,5,0.0,0.0
CrlNetworkServices,SM,2,B3,33,2,1,1,33->24->25->3->4->1->2,33->24->25->3->4->1,17.534375,44.007057,0.0,166,166,12.221533,333.333333,370.66996,333.333333,326.662903,0.0,0.0,0,166,0.5,0.5,0.0,5,0.0,0.0
CrlNetworkServices,SM,2,MCF_ARC,1,1,1,0,1,1,0.0,25.96327,0.0,185,185,0.0,3.484662,28.587316,3.472222,0.0,0.0,0.0,0,185.0,0.5,0.5,0.0,5,0.0,0.0
CrlNetworkServices,SM,2,MCF_ARC,2,2,2,0,2,2,0.0,26.472682,0.0,153,153,0.0,3.23773,28.303869,3.188776,0.0,0.0,0.0,0,153.0,0.5,0.5,0.0,5,0.0,0.0
CrlNetworkServices,SM,2,MCF_ARC,3,3,3,0,3,3,0.0,inf,0.0,218,218,0.0,6.93953,31.326274,6.21118,0.0,0.0,0.0,0,218,0.5,0.5,0.0,5,0.0,0.0
CrlNetworkServices,SM,2,MCF_ARC,4,4,4,0,4,4,0.0,inf,0.0,177,177,0.0,6.765986,30.990534,5.875441,0.0,0.0,0.0,0,177,0.5,0.5,0.0,5,0.0,0.0
CrlNetworkServices,SM,2,MCF_ARC,5,5,5,0,5,5,0.0,inf,0.0,202,202,0.0,5.940837,30.89544,5.780347,0.0,0.0,0.0,0,202,0.5,0.5,0.0,5,0.0,0.0
CrlNetworkServices,SM,2,MCF_ARC,6,5,5,0,6->5,6->5,3.055709,inf,0.0,161,161,3.055709,5.940837,33.951149,5.780347,0.0,0.0,0.0,0,161,0.5,0.5,0.0,5,0.0,0.0
CrlNetworkServices,SM,2,MCF_ARC,7,5,5,0,7->8->5,7->8->5,4.110837,inf,0.0,157,157,4.110837,5.940837,35.006277,5.780347,0.0,0.0,0.0,0,157.0,0.5,0.5,0.0,5,0.0,0.0
CrlNetworkServices,SM,2,MCF_ARC,8,5,5,0,8->5,8->5,1.18294,inf,0.0,178,178,1.18294,5.940837,32.07838,5.780347,0.0,0.0,0.0,0,178,0.5,0.5,0.0,5,0.0,0.0
CrlNetworkServices,SM,2,MCF_ARC,9,5,5,0,9->7->8->5,9->7->8->5,15.723917,inf,0.0,161,161,15.723917,5.940837,46.619358,5.780347,0.0,0.0,0.0,0,161,0.5,0.5,0.0,5,0.0,0.0
CrlNetworkServices,SM,2,MCF_ARC,10,5,5,0,10->9->7->8->5,10->9->7->8->5,21.444883,inf,0.0,166,166,21.444883,5.940837,52.340323,5.780347,0.0,0.0,0.0,0,166,0.5,0.5,0.0,5,0.0,0.0
CrlNetworkServices,SM,2,MCF_ARC,11,5,2,1,11->14->7->8->5,11->14->7->2,16.808552,inf,0.0,243,243,22.146012,3.23773,50.449881,3.188776,0.0,0.0,0.0,0,243,0.5,0.5,0.0,5,0.0,0.0
CrlNetworkServices,SM,2,MCF_ARC,12,5,2,1,12->11->14->7->8->5,12->11->14->7->2,25.748452,inf,0.0,180,180,31.085912,3.23773,59.389781,3.188776,0.0,0.0,0.0,0,180,0.5,0.5,0.0,5,0.0,0.0
CrlNetworkServices,SM,2,MCF_ARC,13,5,5,0,13->9->7->8->5,13->9->7->8->5,22.414991,inf,0.0,166,166,22.414991,5.940837,53.310431,5.780347,0.0,0.0,0.0,0,166,0.5,0.5,0.0,5,0.0,0.0
CrlNetworkServices,SM,2,MCF_ARC,14,4,4,0,14->7->2->1->4,14->7->2->1->4,28.391937,inf,0.0,175,175,28.391937,6.765986,59.382471,5.875441,0.0,0.0,0.0,0,175,0.5,0.5,0.0,5,0.0,0.0
CrlNetworkServices,SM,2,MCF_ARC,15,4,4,0,15->19->10->9->7->2->1->4,15->22->21->20->14->7->2->1->4,43.719809,inf,0.0,197,197,39.725528,6.765986,70.716062,5.875441,0.0,0.0,0.0,0,197,0.5,0.5,0.0,5,0.0,0.0
CrlNetworkServices,SM,2,MCF_ARC,16,4,1,1,16->17->18->19->10->9->7->2->1->4,16->17->18->19->10->9->7->2->1,43.969447,inf,0.0,218,218,39.154806,3.484662,67.742122,3.472222,0.0,0.0,0.0,0,218,0.5,0.5,0.0,5,0.0,0.0
CrlNetworkServices,SM,2,MCF_ARC,17,4,4,0,17->18->19->10->9->7->2->1->4,17->18->19->10->9->7->2->1->4,42.671843,inf,0.0,166,166,42.671843,6.765986,73.662377,5.875441,0.0,0.0,0.0,0,166,0.5,0.5,0.0,5,0.0,0.0
CrlNetworkServices,SM,2,MCF_ARC,18,4,1,1,18->19->10->9->7->2->1->4,18->19->10->9->7->2->1,41.227288,inf,0.0,209,209,36.412648,3.484662,64.999963,3.472222,0.0,0.0,0.0,0,209,0.5,0.5,0.0,5,0.0,0.0
CrlNetworkServices,SM,2,MCF_ARC,19,4,4,0,19->10->9->7->2->1->4,19->10->9->7->2->1->4,40.65525,inf,0.0,154,154,40.65525,6.765986,71.645784,5.875441,0.0,0.0,0.0,0,154,0.5,0.5,0.0,5,0.0,0.0
CrlNetworkServices,SM,2,MCF_ARC,20,4,1,1,20->14->7->2->1->4,20->14->7->2->1,32.575515,inf,0.0,245,245,27.760874,3.484662,56.34819,3.472222,0.0,0.0,0.0,0,245.0,0.5,0.5,0.0,5,0.0,0.0
CrlNetworkServices,SM,2,MCF_ARC,21,4,4,0,21->20->14->7->2->1->4,21->20->14->7->2->1->4,36.42164,inf,0.0,130,130,36.42164,6.765986,67.412175,5.875441,0.0,0.0,0.0,0,130.0,0.5,0.5,0.0,5,0.0,0.0
CrlNetworkServices,SM,2,MCF_ARC,22,4,4,0,22->21->20->14->7->2->1->4,22->21->20->14->7->2->1->4,37.873776,inf,0.0,174,174,37.873776,6.765986,68.86431,5.875441,0.0,0.0,0.0,0,174,0.5,0.5,0.0,5,0.0,0.0
CrlNetworkServices,SM,2,MCF_ARC,23,3,4,1,23->22->21->20->14->7->2->1->4->3,23->22->21->20->14->7->2->1->4,48.16928,inf,0.0,152,152,46.740803,6.765986,77.731337,5.875441,0.0,0.0,0.0,0,152,0.5,0.5,0.0,5,0.0,0.0
CrlNetworkServices,SM,2,MCF_ARC,24,3,3,0,24->25->3,24->25->3,5.30878,inf,0.0,159,159,5.30878,6.93953,36.635053,6.21118,0.0,0.0,0.0,0,159,0.5,0.5,0.0,5,0.0,0.0
CrlNetworkServices,SM,2,MCF_ARC,25,3,3,0,25->3,25->3,0.387956,inf,0.0,167,167,0.387956,6.93953,31.71423,6.21118,0.0,0.0,0.0,0,167,0.5,0.5,0.0,5,0.0,0.0
CrlNetworkServices,SM,2,MCF_ARC,26,3,3,0,26->27->28->32->33->24->25->3,26->27->28->32->33->24->25->3,16.959936,inf,0.0,160,160,16.959936,6.93953,48.28621,6.21118,0.0,0.0,0.0,0,160,0.5,0.5,0.0,5,0.0,0.0
CrlNetworkServices,SM,2,MCF_ARC,27,3,3,0,27->28->32->33->24->25->3,27->28->32->33->24->25->3,14.629712,inf,0.0,180,180,14.629712,6.93953,45.955986,6.21118,0.0,0.0,0.0,0,180,0.5,0.5,0.0,5,0.0,0.0
CrlNetworkServices,SM,2,MCF_ARC,28,3,3,0,28->32->33->24->25->3,28->32->33->24->25->3,6.762363,inf,0.0,197,197,6.762363,6.93953,38.088637,6.21118,0.0,0.0,0.0,0,197,0.5,0.5,0.0,5,0.0,0.0
CrlNetworkServices,SM,2,MCF_ARC,29,3,3,0,29->30->31->33->24->25->3,29->28->32->33->24->25->3,91.48075,inf,0.0,122,122,7.837924,6.93953,39.164198,6.21118,0.0,0.0,0.0,0,122,0.5,0.5,0.0,5,0.0,0.0
CrlNetworkServices,SM,2,MCF_ARC,30,3,1,1,30->29->28->32->33->24->25->3,30->29->28->32->33->24->25->3->4->1,8.552987,inf,0.0,219,219,14.796105,3.484662,43.38342,3.472222,0.0,0.0,0.0,0,219,0.5,0.5,0.0,5,0.0,0.0
CrlNetworkServices,SM,2,MCF_ARC,31,2,2,0,31->33->24->25->3->4->1->2,31->33->24->25->3->4->1->2,60.422109,86.894791,0.0,183,183,60.422109,3.23773,88.725978,3.188776,0.0,0.0,0.0,0,183,0.5,0.5,0.0,5,0.0,0.0
CrlNetworkServices,SM,2,MCF_ARC,32,2,2,0,32->33->24->25->3->4->1->2,32->33->24->25->3->4->1->2,17.775714,44.248396,0.0,171,171,17.775714,3.23773,46.079583,3.188776,0.0,0.0,0.0,0,171,0.5,0.5,0.0,5,0.0,0.0
CrlNetworkServices,SM,2,MCF_ARC,33,2,2,0,33->24->25->3->4->1->2,33->24->25->3->4->1->2,17.534375,44.007057,0.0,166,166,17.534375,3.23773,45.838244,3.188776,0.0,0.0,0.0,0,166,0.5,0.5,0.0,5,0.0,0.0
CrlNetworkServices,SM,3,B1,1,1,1,0,1,,0.0,25.936786,0.0,195,195,0.0,2.262443,27.377537,2.262443,0.0,0.0,0.0,0,195.0,0.5,0.5,0.0,5,0.0,0.0
CrlNetworkServices,SM,3,B1,2,2,2,0,2,,0.0,26.443115,0.0,152,152,0.0,2.427184,27.542278,2.427184,0.0,0.0,0.0,0,152.0,0.5,0.5,0.0,5,0.0,0.0
CrlNetworkServices,SM,3,B1,3,3,3,0,3,,0.0,inf,0.0,227,227,0.0,58.823529,83.938623,58.823529,0.0,0.0,0.0,0,227,0.5,0.5,0.0,5,0.0,0.0
CrlNetworkServices,SM,3,B1,4,4,4,0,4,,0.0,inf,0.0,201,201,0.0,10.10101,35.216104,10.10101,0.0,0.0,0.0,0,201,0.5,0.5,0.0,5,0.0,0.0
CrlNetworkServices,SM,3,B1,5,5,5,0,5,,0.0,inf,0.0,203,203,0.0,38.461538,63.576632,38.461538,0.0,0.0,0.0,0,203,0.5,0.5,0.0,5,0.0,0.0
CrlNetworkServices,SM,3,B1,6,5,5,0,6->5,,3.055709,inf,0.0,172,172,3.055709,38.461538,66.632341,38.461538,0.0,0.0,0.0,0,172,0.5,0.5,0.0,5,0.0,0.0
CrlNetworkServices,SM,3,B1,7,5,5,0,7->8->5,,4.110837,inf,0.0,188,188,4.110837,38.461538,67.687469,38.461538,0.0,0.0,0.0,0,188.0,0.5,0.5,0.0,5,0.0,0.0
CrlNetworkServices,SM,3,B1,8,5,5,0,8->5,,1.18294,inf,0.0,210,210,1.18294,38.461538,64.759572,38.461538,0.0,0.0,0.0,0,210,0.5,0.5,0.0,5,0.0,0.0
CrlNetworkServices,SM,3,B1,9,5,2,1,9->7->8->5,,15.723917,inf,0.0,165,165,21.061378,2.427184,48.603655,2.427184,0.0,0.0,0.0,0,165,0.5,0.5,0.0,5,0.0,0.0
CrlNetworkServices,SM,3,B1,10,5,5,0,10->9->7->8->5,,21.444883,inf,0.0,213,213,21.444883,38.461538,85.021515,38.461538,0.0,0.0,0.0,0,213,0.5,0.5,0.0,5,0.0,0.0
CrlNetworkServices,SM,3,B1,11,5,5,0,11->14->7->8->5,,16.808552,inf,0.0,217,217,16.808552,38.461538,80.385184,38.461538,0.0,0.0,0.0,0,217,0.5,0.5,0.0,5,0.0,0.0
CrlNetworkServices,SM,3,B1,12,5,5,0,12->11->14->7->8->5,,25.748452,inf,0.0,183,183,25.748452,38.461538,89.325084,38.461538,0.0,0.0,0.0,0,183,0.5,0.5,0.0,5,0.0,0.0
CrlNetworkServices,SM,3,B1,13,5,2,1,13->9->7->8->5,,22.414991,inf,0.0,176,176,27.752451,2.427184,55.294729,2.427184,0.0,0.0,0.0,0,176,0.5,0.5,0.0,5,0.0,0.0
CrlNetworkServices,SM,3,B1,14,4,1,1,14->7->2->1->4,,28.391937,inf,0.0,193,193,23.577296,2.262443,50.954833,2.262443,0.0,0.0,0.0,0,193,0.5,0.5,0.0,5,0.0,0.0
CrlNetworkServices,SM,3,B1,15,4,1,1,15->19->10->9->7->2->1->4,,43.719809,inf,0.0,195,195,34.910887,2.262443,62.288424,2.262443,0.0,0.0,0.0,0,195,0.5,0.5,0.0,5,0.0,0.0
CrlNetworkServices,SM,3,B1,16,4,4,0,16->17->18->19->10->9->7->2->1->4,,43.969447,inf,0.0,188,188,43.969447,10.10101,79.185551,10.10101,0.0,0.0,0.0,0,188,0.5,0.5,0.0,5,0.0,0.0
CrlNetworkServices,SM,3,B1,17,4,4,0,17->18->19->10->9->7->2->1->4,,42.671843,inf,0.0,160,160,42.671843,10.10101,77.887947,10.10101,0.0,0.0,0.0,0,160,0.5,0.5,0.0,5,0.0,0.0
CrlNetworkServices,SM,3,B1,18,4,4,0,18->19->10->9->7->2->1->4,,41.227288,inf,0.0,155,155,41.227288,10.10101,76.443392,10.10101,0.0,0.0,0.0,0,155,0.5,0.5,0.0,5,0.0,0.0
CrlNetworkServices,SM,3,B1,19,4,1,1,19->10->9->7->2->1->4,,40.65525,inf,0.0,206,206,35.84061,2.262443,63.218146,2.262443,0.0,0.0,0.0,0,206,0.5,0.5,0.0,5,0.0,0.0
CrlNetworkServices,SM,3,B1,20,4,1,1,20->14->7->2->1->4,,32.575515,inf,0.0,181,181,27.760874,2.262443,55.138411,2.262443,0.0,0.0,0.0,0,181.0,0.5,0.5,0.0,5,0.0,0.0
CrlNetworkServices,SM,3,B1,21,4,4,0,21->20->14->7->2->1->4,,36.42164,inf,0.0,146,146,36.42164,10.10101,71.637744,10.10101,0.0,0.0,0.0,0,146.0,0.5,0.5,0.0,5,0.0,0.0
CrlNetworkServices,SM,3,B1,22,4,4,0,22->21->20->14->7->2->1->4,,37.873776,inf,0.0,179,179,37.873776,10.10101,73.08988,10.10101,0.0,0.0,0.0,0,179,0.5,0.5,0.0,5,0.0,0.0
CrlNetworkServices,SM,3,B1,23,3,4,1,23->22->21->20->14->7->2->1->4->3,,48.16928,inf,0.0,170,170,46.740803,10.10101,81.956907,10.10101,0.0,0.0,0.0,0,170,0.5,0.5,0.0,5,0.0,0.0
CrlNetworkServices,SM,3,B1,24,3,3,0,24->25->3,,5.30878,inf,0.0,201,201,5.30878,58.823529,89.247403,58.823529,0.0,0.0,0.0,0,201,0.5,0.5,0.0,5,0.0,0.0
CrlNetworkServices,SM,3,B1,25,3,3,0,25->3,,0.387956,inf,0.0,207,207,0.387956,58.823529,84.326579,58.823529,0.0,0.0,0.0,0,207,0.5,0.5,0.0,5,0.0,0.0
CrlNetworkServices,SM,3,B1,26,3,3,0,26->20->14->7->2->1->4->3,,61.96318,inf,0.0,219,219,16.959936,58.823529,100.898559,58.823529,0.0,0.0,0.0,0,219,0.5,0.5,0.0,5,0.0,0.0
CrlNetworkServices,SM,3,B1,27,3,4,1,27->28->32->33->24->25->3,,14.629712,inf,0.0,150,150,16.058189,10.10101,51.274293,10.10101,0.0,0.0,0.0,0,150,0.5,0.5,0.0,5,0.0,0.0
CrlNetworkServices,SM,3,B1,28,3,3,0,28->32->33->24->25->3,,6.762363,inf,0.0,176,176,6.762363,58.823529,90.700986,58.823529,0.0,0.0,0.0,0,176,0.5,0.5,0.0,5,0.0,0.0
CrlNetworkServices,SM,3,B1,29,3,3,0,29->28->32->33->24->25->3,,7.837924,inf,0.0,195,195,7.837924,58.823529,91.776547,58.823529,0.0,0.0,0.0,0,195,0.5,0.5,0.0,5,0.0,0.0
CrlNetworkServices,SM,3,B1,30,3,3,0,30->29->28->32->33->24->25->3,,8.552987,inf,0.0,170,170,8.552987,58.823529,92.491609,58.823529,0.0,0.0,0.0,0,170,0.5,0.5,0.0,5,0.0,0.0
CrlNetworkServices,SM,3,B1,31,2,2,0,31->33->24->25->3->4->1->2,,60.422109,86.865224,0.0,164,164,60.422109,2.427184,87.964387,2.427184,0.0,0.0,0.0,0,164,0.5,0.5,0.0,5,0.0,0.0
CrlNetworkServices,SM,3,B1,32,2,2,0,32->33->12->11->14->7->2,,46.612942,73.056057,0.0,180,180,17.775714,2.427184,45.317992,2.427184,0.0,0.0,0.0,0,180,0.5,0.5,0.0,5,0.0,0.0
CrlNetworkServices,SM,3,B1,33,2,2,0,33->24->25->3->4->1->2,,17.534375,43.97749,0.0,163,163,17.534375,2.427184,45.076653,2.427184,0.0,0.0,0.0,0,163,0.5,0.5,0.0,5,0.0,0.0
CrlNetworkServices,SM,3,B3,1,1,1,0,1,1,0.0,25.936786,0.0,195,195,0.0,inf,inf,inf,0.0,0.0,0.0,0,195.0,0.5,0.5,0.0,5,0.0,0.0
CrlNetworkServices,SM,3,B3,2,2,2,0,2,2,0.0,26.443115,0.0,152,152,0.0,3.367003,28.482097,3.367003,0.0,0.0,0.0,0,152.0,0.5,0.5,0.0,5,0.0,0.0
CrlNetworkServices,SM,3,B3,3,3,3,0,3,3,0.0,inf,0.0,227,227,0.0,3.663004,28.778097,3.663004,0.0,0.0,0.0,0,227,0.5,0.5,0.0,5,0.0,0.0
CrlNetworkServices,SM,3,B3,4,4,4,0,4,4,0.0,inf,0.0,201,201,0.0,4.424779,29.539872,4.424779,0.0,0.0,0.0,0,201,0.5,0.5,0.0,5,0.0,0.0
CrlNetworkServices,SM,3,B3,5,5,5,0,5,5,0.0,inf,0.0,203,203,0.0,4.0,29.115093,4.0,0.0,0.0,0.0,0,203,0.5,0.5,0.0,5,0.0,0.0
CrlNetworkServices,SM,3,B3,6,5,5,0,6->5,6->5,3.055709,inf,0.0,172,172,3.055709,4.0,32.170803,4.0,0.0,0.0,0.0,0,172,0.5,0.5,0.0,5,0.0,0.0
CrlNetworkServices,SM,3,B3,7,5,5,0,7->8->5,7->8->5,4.110837,inf,0.0,188,188,4.110837,4.0,33.22593,4.0,0.0,0.0,0.0,0,188.0,0.5,0.5,0.0,5,0.0,0.0
CrlNetworkServices,SM,3,B3,8,5,5,0,8->5,8->5,1.18294,inf,0.0,210,210,1.18294,4.0,30.298033,4.0,0.0,0.0,0.0,0,210,0.5,0.5,0.0,5,0.0,0.0
CrlNetworkServices,SM,3,B3,9,5,1,1,9->7->8->5,9->7->2->1,15.723917,inf,0.0,165,165,26.374219,inf,inf,inf,0.0,0.0,0.0,0,165,0.5,0.5,0.0,5,0.0,0.0
CrlNetworkServices,SM,3,B3,10,5,5,0,10->9->7->8->5,10->9->7->8->5,21.444883,inf,0.0,213,213,21.444883,4.0,50.559976,4.0,0.0,0.0,0.0,0,213,0.5,0.5,0.0,5,0.0,0.0
CrlNetworkServices,SM,3,B3,11,5,2,1,11->14->7->8->5,11->14->7->2,16.808552,inf,0.0,217,217,22.146012,3.367003,50.628109,3.367003,0.0,0.0,0.0,0,217,0.5,0.5,0.0,5,0.0,0.0
CrlNetworkServices,SM,3,B3,12,5,1,1,12->11->14->7->8->5,12->33->24->25->3->4->1,25.748452,inf,0.0,183,183,27.507225,inf,inf,inf,0.0,0.0,0.0,0,183,0.5,0.5,0.0,5,0.0,0.0
CrlNetworkServices,SM,3,B3,13,5,5,0,13->9->7->8->5,13->9->7->8->5,22.414991,inf,0.0,176,176,22.414991,4.0,51.530084,4.0,0.0,0.0,0.0,0,176,0.5,0.5,0.0,5,0.0,0.0
CrlNetworkServices,SM,3,B3,14,4,4,0,14->7->2->1->4,14->7->2->1->4,28.391937,inf,0.0,193,193,28.391937,4.424779,57.931809,4.424779,0.0,0.0,0.0,0,193,0.5,0.5,0.0,5,0.0,0.0
CrlNetworkServices,SM,3,B3,15,4,2,1,15->19->10->9->7->2->1->4,15->22->21->20->14->7->2,43.719809,inf,0.0,195,195,29.598045,3.367003,58.080142,3.367003,0.0,0.0,0.0,0,195,0.5,0.5,0.0,5,0.0,0.0
CrlNetworkServices,SM,3,B3,16,4,4,0,16->17->18->19->10->9->7->2->1->4,16->17->18->19->10->9->7->2->1->4,43.969447,inf,0.0,188,188,43.969447,4.424779,73.509319,4.424779,0.0,0.0,0.0,0,188,0.5,0.5,0.0,5,0.0,0.0
CrlNetworkServices,SM,3,B3,17,4,4,0,17->18->19->10->9->7->2->1->4,17->18->19->10->9->7->2->1->4,42.671843,inf,0.0,160,160,42.671843,4.424779,72.211715,4.424779,0.0,0.0,0.0,0,160,0.5,0.5,0.0,5,0.0,0.0
CrlNetworkServices,SM,3,B3,18,4,4,0,18->19->10->9->7->2->1->4,18->19->10->9->7->2->1->4,41.227288,inf,0.0,155,155,41.227288,4.424779,70.767161,4.424779,0.0,0.0,0.0,0,155,0.5,0.5,0.0,5,0.0,0.0
CrlNetworkServices,SM,3,B3,19,4,1,1,19->10->9->7->2->1->4,19->10->9->7->2->1,40.65525,inf,0.0,206,206,35.84061,inf,inf,inf,0.0,0.0,0.0,0,206,0.5,0.5,0.0,5,0.0,0.0
CrlNetworkServices,SM,3,B3,20,4,1,1,20->14->7->2->1->4,20->14->7->2->1,32.575515,inf,0.0,181,181,27.760874,inf,inf,inf,0.0,0.0,0.0,0,181.0,0.5,0.5,0.0,5,0.0,0.0
CrlNetworkServices,SM,3,B3,21,4,4,0,21->20->14->7->2->1->4,21->20->14->7->2->1->4,36.42164,inf,0.0,146,146,36.42164,4.424779,65.961513,4.424779,0.0,0.0,0.0,0,146.0,0.5,0.5,0.0,5,0.0,0.0
CrlNetworkServices,SM,3,B3,22,4,4,0,22->21->20->14->7->2->1->4,22->21->20->14->7->2->1->4,37.873776,inf,0.0,179,179,37.873776,4.424779,67.413648,4.424779,0.0,0.0,0.0,0,179,0.5,0.5,0.0,5,0.0,0.0
CrlNetworkServices,SM,3,B3,23,3,3,0,23->22->21->20->14->7->2->1->4->3,23->22->21->20->14->7->2->1->4->3,48.16928,inf,0.0,170,170,48.16928,3.663004,76.947377,3.663004,0.0,0.0,0.0,0,170,0.5,0.5,0.0,5,0.0,0.0
CrlNetworkServices,SM,3,B3,24,3,3,0,24->25->3,24->25->3,5.30878,inf,0.0,201,201,5.30878,3.663004,34.086877,3.663004,0.0,0.0,0.0,0,201,0.5,0.5,0.0,5,0.0,0.0
CrlNetworkServices,SM,3,B3,25,3,2,1,25->3,25->3->4->1->2,0.387956,inf,0.0,207,207,11.943916,3.367003,40.426013,3.367003,0.0,0.0,0.0,0,207,0.5,0.5,0.0,5,0.0,0.0
CrlNetworkServices,SM,3,B3,26,3,1,1,26->20->14->7->2->1->4->3,26->27->28->32->33->24->25->3->4->1,61.96318,inf,0.0,219,219,23.203054,inf,inf,inf,0.0,0.0,0.0,0,219,0.5,0.5,0.0,5,0.0,0.0
CrlNetworkServices,SM,3,B3,27,3,1,1,27->28->32->33->24->25->3,27->28->32->33->24->25->3->4->1,14.629712,inf,0.0,150,150,20.87283,inf,inf,inf,0.0,0.0,0.0,0,150,0.5,0.5,0.0,5,0.0,0.0
CrlNetworkServices,SM,3,B3,28,3,3,0,28->32->33->24->25->3,28->32->33->24->25->3,6.762363,inf,0.0,176,176,6.762363,3.663004,35.540461,3.663004,0.0,0.0,0.0,0,176,0.5,0.5,0.0,5,0.0,0.0
CrlNetworkServices,SM,3,B3,29,3,3,0,29->28->32->33->24->25->3,29->28->32->33->24->25->3,7.837924,inf,0.0,195,195,7.837924,3.663004,36.616021,3.663004,0.0,0.0,0.0,0,195,0.5,0.5,0.0,5,0.0,0.0
CrlNetworkServices,SM,3,B3,30,3,3,0,30->29->28->32->33->24->25->3,30->29->28->32->33->24->25->3,8.552987,inf,0.0,170,170,8.552987,3.663004,37.331084,3.663004,0.0,0.0,0.0,0,170,0.5,0.5,0.0,5,0.0,0.0
CrlNetworkServices,SM,3,B3,31,2,2,0,31->33->24->25->3->4->1->2,31->33->24->25->3->4->1->2,60.422109,86.865224,0.0,164,164,60.422109,3.367003,88.904206,3.367003,0.0,0.0,0.0,0,164,0.5,0.5,0.0,5,0.0,0.0
CrlNetworkServices,SM,3,B3,32,2,2,0,32->33->12->11->14->7->2,32->33->24->25->3->4->1->2,46.612942,73.056057,0.0,180,180,17.775714,3.367003,46.25781,3.367003,0.0,0.0,0.0,0,180,0.5,0.5,0.0,5,0.0,0.0
CrlNetworkServices,SM,3,B3,33,2,1,1,33->24->25->3->4->1->2,33->24->25->3->4->1,17.534375,43.97749,0.0,163,163,12.221533,inf,inf,inf,inf,0.0,0.0,0,163,0.5,0.5,0.0,5,0.0,0.0
CrlNetworkServices,SM,3,MCF_ARC,1,1,1,0,1,1,0.0,25.936786,0.0,195,195,0.0,2.596923,27.679196,2.564103,0.0,0.0,0.0,0,195.0,0.5,0.5,0.0,5,0.0,0.0
CrlNetworkServices,SM,3,MCF_ARC,2,2,2,0,2,2,0.0,26.443115,0.0,152,152,0.0,2.906762,27.947955,2.832861,0.0,0.0,0.0,0,152.0,0.5,0.5,0.0,5,0.0,0.0
CrlNetworkServices,SM,3,MCF_ARC,3,3,3,0,3,3,0.0,inf,0.0,227,227,0.0,13.43428,37.615093,12.5,0.0,0.0,0.0,0,227,0.5,0.5,0.0,5,0.0,0.0
CrlNetworkServices,SM,3,MCF_ARC,4,4,4,0,4,4,0.0,inf,0.0,201,201,0.0,12.660116,36.47873,11.363636,0.0,0.0,0.0,0,201,0.5,0.5,0.0,5,0.0,0.0
CrlNetworkServices,SM,3,MCF_ARC,5,5,5,0,5,5,0.0,inf,0.0,203,203,0.0,13.045969,36.879799,11.764706,0.0,0.0,0.0,0,203,0.5,0.5,0.0,5,0.0,0.0
CrlNetworkServices,SM,3,MCF_ARC,6,5,5,0,6->5,6->5,3.055709,inf,0.0,172,172,3.055709,13.045969,39.935508,11.764706,0.0,0.0,0.0,0,172,0.5,0.5,0.0,5,0.0,0.0
CrlNetworkServices,SM,3,MCF_ARC,7,5,5,0,7->8->5,7->8->5,4.110837,inf,0.0,188,188,4.110837,13.045969,40.990636,11.764706,0.0,0.0,0.0,0,188.0,0.5,0.5,0.0,5,0.0,0.0
CrlNetworkServices,SM,3,MCF_ARC,8,5,5,0,8->5,8->5,1.18294,inf,0.0,210,210,1.18294,13.045969,38.062739,11.764706,0.0,0.0,0.0,0,210,0.5,0.5,0.0,5,0.0,0.0
CrlNetworkServices,SM,3,MCF_ARC,9,5,5,0,9->7->8->5,9->7->8->5,15.723917,inf,0.0,165,165,15.723917,13.045969,52.603717,11.764706,0.0,0.0,0.0,0,165,0.5,0.5,0.0,5,0.0,0.0
CrlNetworkServices,SM,3,MCF_ARC,10,5,5,0,10->9->7->8->5,10->9->7->8->5,21.444883,inf,0.0,213,213,21.444883,13.045969,58.324682,11.764706,0.0,0.0,0.0,0,213,0.5,0.5,0.0,5,0.0,0.0
CrlNetworkServices,SM,3,MCF_ARC,11,5,2,1,11->14->7->8->5,11->14->7->2,16.808552,inf,0.0,217,217,22.146012,2.906762,50.093967,2.832861,0.0,0.0,0.0,0,217,0.5,0.5,0.0,5,0.0,0.0
CrlNetworkServices,SM,3,MCF_ARC,12,5,2,1,12->11->14->7->8->5,12->11->14->7->2,25.748452,inf,0.0,183,183,31.085912,2.906762,59.033866,2.832861,0.0,0.0,0.0,0,183,0.5,0.5,0.0,5,0.0,0.0
CrlNetworkServices,SM,3,MCF_ARC,13,5,5,0,13->9->7->8->5,13->9->7->8->5,22.414991,inf,0.0,176,176,22.414991,13.045969,59.29479,11.764706,0.0,0.0,0.0,0,176,0.5,0.5,0.0,5,0.0,0.0
CrlNetworkServices,SM,3,MCF_ARC,14,4,3,1,14->7->2->1->4,14->7->2->1->4->3,28.391937,inf,0.0,193,193,29.820414,13.43428,67.435508,12.5,0.0,0.0,0.0,0,193,0.5,0.5,0.0,5,0.0,0.0
CrlNetworkServices,SM,3,MCF_ARC,15,4,1,1,15->19->10->9->7->2->1->4,15->22->21->20->14->7->2->1,43.719809,inf,0.0,195,195,34.910887,2.596923,62.590083,2.564103,0.0,0.0,0.0,0,195,0.5,0.5,0.0,5,0.0,0.0
CrlNetworkServices,SM,3,MCF_ARC,16,4,4,0,16->17->18->19->10->9->7->2->1->4,16->17->18->19->10->9->7->2->1->4,43.969447,inf,0.0,188,188,43.969447,12.660116,80.448177,11.363636,0.0,0.0,0.0,0,188,0.5,0.5,0.0,5,0.0,0.0
CrlNetworkServices,SM,3,MCF_ARC,17,4,4,0,17->18->19->10->9->7->2->1->4,17->18->19->10->9->7->2->1->4,42.671843,inf,0.0,160,160,42.671843,12.660116,79.150573,11.363636,0.0,0.0,0.0,0,160,0.5,0.5,0.0,5,0.0,0.0
CrlNetworkServices,SM,3,MCF_ARC,18,4,4,0,18->19->10->9->7->2->1->4,18->19->10->9->7->2->1->4,41.227288,inf,0.0,155,155,41.227288,12.660116,77.706018,11.363636,0.0,0.0,0.0,0,155,0.5,0.5,0.0,5,0.0,0.0
CrlNetworkServices,SM,3,MCF_ARC,19,4,1,1,19->10->9->7->2->1->4,19->10->9->7->2->1,40.65525,inf,0.0,206,206,35.84061,2.596923,63.519806,2.564103,0.0,0.0,0.0,0,206,0.5,0.5,0.0,5,0.0,0.0
CrlNetworkServices,SM,3,MCF_ARC,20,4,4,0,20->14->7->2->1->4,20->14->7->2->1->4,32.575515,inf,0.0,181,181,32.575515,12.660116,69.054244,11.363636,0.0,0.0,0.0,0,181.0,0.5,0.5,0.0,5,0.0,0.0
CrlNetworkServices,SM,3,MCF_ARC,21,4,4,0,21->20->14->7->2->1->4,21->20->14->7->2->1->4,36.42164,inf,0.0,146,146,36.42164,12.660116,72.90037,11.363636,0.0,0.0,0.0,0,146.0,0.5,0.5,0.0,5,0.0,0.0
CrlNetworkServices,SM,3,MCF_ARC,22,4,4,0,22->21->20->14->7->2->1->4,22->21->20->14->7->2->1->4,37.873776,inf,0.0,179,179,37.873776,12.660116,74.352506,11.363636,0.0,0.0,0.0,0,179,0.5,0.5,0.0,5,0.0,0.0
CrlNetworkServices,SM,3,MCF_ARC,23,3,3,0,23->22->21->20->14->7->2->1->4->3,23->22->21->20->14->7->2->1->4->3,48.16928,inf,0.0,170,170,48.16928,13.43428,85.784374,12.5,0.0,0.0,0.0,0,170,0.5,0.5,0.0,5,0.0,0.0
CrlNetworkServices,SM,3,MCF_ARC,24,3,3,0,24->25->3,24->25->3,5.30878,inf,0.0,201,201,5.30878,13.43428,42.923873,12.5,0.0,0.0,0.0,0,201,0.5,0.5,0.0,5,0.0,0.0
CrlNetworkServices,SM,3,MCF_ARC,25,3,1,1,25->3,25->3->4->1,0.387956,inf,0.0,207,207,6.631074,2.596923,34.31027,2.564103,0.0,0.0,0.0,0,207,0.5,0.5,0.0,5,0.0,0.0
CrlNetworkServices,SM,3,MCF_ARC,26,3,1,1,26->20->14->7->2->1->4->3,26->27->28->32->33->24->25->3->4->1,61.96318,inf,0.0,219,219,23.203054,2.596923,50.88225,2.564103,0.0,0.0,0.0,0,219,0.5,0.5,0.0,5,0.0,0.0
CrlNetworkServices,SM,3,MCF_ARC,27,3,4,1,27->28->32->33->24->25->3,27->28->32->33->24->25->3->4,14.629712,inf,0.0,150,150,16.058189,12.660116,52.536919,11.363636,0.0,0.0,0.0,0,150,0.5,0.5,0.0,5,0.0,0.0
CrlNetworkServices,SM,3,MCF_ARC,28,3,3,0,28->32->33->24->25->3,28->32->33->24->25->3,6.762363,inf,0.0,176,176,6.762363,13.43428,44.377457,12.5,0.0,0.0,0.0,0,176,0.5,0.5,0.0,5,0.0,0.0
CrlNetworkServices,SM,3,MCF_ARC,29,3,3,0,29->28->32->33->24->25->3,29->28->32->33->24->25->3,7.837924,inf,0.0,195,195,7.837924,13.43428,45.453018,12.5,0.0,0.0,0.0,0,195,0.5,0.5,0.0,5,0.0,0.0
CrlNetworkServices,SM,3,MCF_ARC,30,3,3,0,30->29->28->32->33->24->25->3,30->29->28->32->33->24->25->3,8.552987,inf,0.0,170,170,8.552987,13.43428,46.16808,12.5,0.0,0.0,0.0,0,170,0.5,0.5,0.0,5,0.0,0.0
CrlNetworkServices,SM,3,MCF_ARC,31,2,2,0,31->33->24->25->3->4->1->2,31->33->24->25->3->4->1->2,60.422109,86.865224,0.0,164,164,60.422109,2.906762,88.370064,2.832861,0.0,0.0,0.0,0,164,0.5,0.5,0.0,5,0.0,0.0
CrlNetworkServices,SM,3,MCF_ARC,32,2,2,0,32->33->12->11->14->7->2,32->33->24->25->3->4->1->2,46.612942,73.056057,0.0,180,180,17.775714,2.906762,45.723668,2.832861,0.0,0.0,0.0,0,180,0.5,0.5,0.0,5,0.0,0.0
CrlNetworkServices,SM,3,MCF_ARC,33,2,2,0,33->24->25->3->4->1->2,33->24->25->3->4->1->2,17.534375,43.97749,0.0,163,163,17.534375,2.906762,45.48233,2.832861,0.0,0.0,0.0,0,163,0.5,0.5,0.0,5,0.0,0.0
CrlNetworkServices,SM,4,B1,1,1,1,0,1,,0.0,25.942908,0.0,184,184,0.0,1.639344,26.754438,1.639344,0.0,0.0,0.0,0,184.0,0.5,0.5,0.0,5,0.0,0.0
CrlNetworkServices,SM,4,B1,2,2,2,0,2,,0.0,26.276534,0.0,161,161,0.0,2.020202,27.135295,2.020202,0.0,0.0,0.0,0,161.0,0.5,0.5,0.0,5,0.0,0.0
CrlNetworkServices,SM,4,B1,3,3,3,0,3,,0.0,inf,0.0,234,234,0.0,200.0,225.115093,200.0,0.0,0.0,0.0,0,234,0.5,0.5,0.0,5,0.0,0.0
CrlNetworkServices,SM,4,B1,4,4,4,0,4,,0.0,inf,0.0,194,194,0.0,714.285714,739.400808,714.285714,0.0,0.0,0.0,0,194,0.5,0.5,0.0,5,0.0,0.0
CrlNetworkServices,SM,4,B1,5,5,5,0,5,,0.0,inf,0.0,186,186,0.0,64.935065,90.050158,64.935065,0.0,0.0,0.0,0,186,0.5,0.5,0.0,5,0.0,0.0
CrlNetworkServices,SM,4,B1,6,5,5,0,6->5,,3.055709,inf,0.0,173,173,3.055709,64.935065,93.105868,64.935065,0.0,0.0,0.0,0,173,0.5,0.5,0.0,5,0.0,0.0
CrlNetworkServices,SM,4,B1,7,5,2,1,7->8->5,,4.110837,inf,0.0,191,191,9.448297,2.020202,36.583592,2.020202,0.0,0.0,0.0,0,191.0,0.5,0.5,0.0,5,0.0,0.0
CrlNetworkServices,SM,4,B1,8,5,5,0,8->5,,1.18294,inf,0.0,205,205,1.18294,64.935065,91.233098,64.935065,0.0,0.0,0.0,0,205,0.5,0.5,0.0,5,0.0,0.0
CrlNetworkServices,SM,4,B1,9,5,2,1,9->7->8->5,,15.723917,inf,0.0,175,175,21.061378,2.020202,48.196673,2.020202,0.0,0.0,0.0,0,175,0.5,0.5,0.0,5,0.0,0.0
CrlNetworkServices,SM,4,B1,10,5,5,0,10->9->7->8->5,,21.444883,inf,0.0,202,202,21.444883,64.935065,111.495041,64.935065,0.0,0.0,0.0,0,202,0.5,0.5,0.0,5,0.0,0.0
CrlNetworkServices,SM,4,B1,11,5,5,0,11->14->7->8->5,,16.808552,inf,0.0,184,184,16.808552,64.935065,106.85871,64.935065,0.0,0.0,0.0,0,184,0.5,0.5,0.0,5,0.0,0.0
CrlNetworkServices,SM,4,B1,12,5,5,0,12->11->14->7->8->5,,25.748452,inf,0.0,155,155,25.748452,64.935065,115.79861,64.935065,0.0,0.0,0.0,0,155,0.5,0.5,0.0,5,0.0,0.0
CrlNetworkServices,SM,4,B1,13,5,5,0,13->9->7->8->5,,22.414991,inf,0.0,183,183,22.414991,64.935065,112.465149,64.935065,0.0,0.0,0.0,0,183,0.5,0.5,0.0,5,0.0,0.0
CrlNetworkServices,SM,4,B1,14,4,1,1,14->7->2->1->4,,28.391937,inf,0.0,178,178,23.577296,1.639344,50.331734,1.639344,0.0,0.0,0.0,0,178,0.5,0.5,0.0,5,0.0,0.0
CrlNetworkServices,SM,4,B1,15,4,4,0,15->19->10->9->7->2->1->4,,43.719809,inf,0.0,175,175,39.725528,714.285714,779.126335,714.285714,0.0,0.0,0.0,0,175,0.5,0.5,0.0,5,0.0,0.0
CrlNetworkServices,SM,4,B1,16,4,4,0,16->17->18->19->10->9->7->2->1->4,,43.969447,inf,0.0,176,176,43.969447,714.285714,783.370255,714.285714,0.0,0.0,0.0,0,176,0.5,0.5,0.0,5,0.0,0.0
CrlNetworkServices,SM,4,B1,17,4,1,1,17->18->19->10->9->7->2->1->4,,42.671843,inf,0.0,208,208,37.857202,1.639344,64.61164,1.639344,0.0,0.0,0.0,0,208,0.5,0.5,0.0,5,0.0,0.0
CrlNetworkServices,SM,4,B1,18,4,4,0,18->19->10->9->7->2->1->4,,41.227288,inf,0.0,176,176,41.227288,714.285714,780.628096,714.285714,0.0,0.0,0.0,0,176,0.5,0.5,0.0,5,0.0,0.0
CrlNetworkServices,SM,4,B1,19,5,5,0,19->10->9->7->8->5,,25.190308,inf,0.0,159,159,25.190308,64.935065,115.240466,64.935065,0.0,0.0,0.0,0,159,0.5,0.5,0.0,5,0.0,0.0
CrlNetworkServices,SM,4,B1,20,4,4,0,20->14->7->2->1->4,,32.575515,inf,0.0,177,177,32.575515,714.285714,771.976322,714.285714,0.0,0.0,0.0,0,177.0,0.5,0.5,0.0,5,0.0,0.0
CrlNetworkServices,SM,4,B1,21,4,1,1,21->20->14->7->2->1->4,,36.42164,inf,0.0,212,212,31.607,1.639344,58.361437,1.639344,0.0,0.0,0.0,0,212.0,0.5,0.5,0.0,5,0.0,0.0
CrlNetworkServices,SM,4,B1,22,4,4,0,22->21->20->14->7->2->1->4,,37.873776,inf,0.0,144,144,37.873776,714.285714,777.274584,714.285714,0.0,0.0,0.0,0,144,0.5,0.5,0.0,5,0.0,0.0
CrlNetworkServices,SM,4,B1,23,4,4,0,23->22->21->20->14->7->2->1->4,,46.740803,inf,0.0,150,150,46.740803,714.285714,786.141611,714.285714,0.0,0.0,0.0,0,150,0.5,0.5,0.0,5,0.0,0.0
CrlNetworkServices,SM,4,B1,24,3,4,1,24->25->3,,5.30878,inf,0.0,109,109,6.737257,714.285714,746.138065,714.285714,0.0,0.0,0.0,0,109,0.5,0.5,0.0,5,0.0,0.0
CrlNetworkServices,SM,4,B1,25,3,3,0,25->3,,0.387956,inf,0.0,209,209,0.387956,200.0,225.503049,200.0,0.0,0.0,0.0,0,209,0.5,0.5,0.0,5,0.0,0.0
CrlNetworkServices,SM,4,B1,26,3,4,1,26->27->28->32->33->24->25->3,,16.959936,inf,0.0,200,200,18.388414,714.285714,757.789221,714.285714,0.0,0.0,0.0,0,200,0.5,0.5,0.0,5,0.0,0.0
CrlNetworkServices,SM,4,B1,27,3,3,0,27->28->32->33->24->25->3,,14.629712,inf,0.0,186,186,14.629712,200.0,239.744805,200.0,0.0,0.0,0.0,0,186,0.5,0.5,0.0,5,0.0,0.0
CrlNetworkServices,SM,4,B1,28,3,3,0,28->32->33->24->25->3,,6.762363,inf,0.0,200,200,6.762363,200.0,231.877457,200.0,0.0,0.0,0.0,0,200,0.5,0.5,0.0,5,0.0,0.0
CrlNetworkServices,SM,4,B1,29,3,3,0,29->28->32->33->24->25->3,,7.837924,inf,0.0,169,169,7.837924,200.0,232.953018,200.0,0.0,0.0,0.0,0,169,0.5,0.5,0.0,5,0.0,0.0
CrlNetworkServices,SM,4,B1,30,3,3,0,30->29->28->32->33->24->25->3,,8.552987,inf,0.0,227,227,8.552987,200.0,233.66808,200.0,0.0,0.0,0.0,0,227,0.5,0.5,0.0,5,0.0,0.0
CrlNetworkServices,SM,4,B1,31,3,3,0,31->33->24->25->3,,48.866149,inf,0.0,162,162,48.866149,200.0,273.981242,200.0,0.0,0.0,0.0,0,162,0.5,0.5,0.0,5,0.0,0.0
CrlNetworkServices,SM,4,B1,32,2,2,0,32->33->24->25->3->4->1->2,,17.775714,44.052247,0.0,196,196,17.775714,2.020202,44.911009,2.020202,0.0,0.0,0.0,0,196,0.5,0.5,0.0,5,0.0,0.0
CrlNetworkServices,SM,4,B1,33,2,2,0,33->24->25->3->4->1->2,,17.534375,43.810909,0.0,174,174,17.534375,2.020202,44.669671,2.020202,0.0,0.0,0.0,0,174,0.5,0.5,0.0,5,0.0,0.0
CrlNetworkServices,SM,4,B3,1,1,1,0,1,1,0.0,25.942908,0.0,184,184,0.0,7.194245,32.309338,7.194245,0.0,0.0,0.0,0,184.0,0.5,0.5,0.0,5,0.0,0.0
CrlNetworkServices,SM,4,B3,2,2,2,0,2,2,0.0,26.276534,0.0,161,161,0.0,4.132231,29.247325,4.132231,0.0,0.0,0.0,0,161.0,0.5,0.5,0.0,5,0.0,0.0
CrlNetworkServices,SM,4,B3,3,3,3,0,3,3,0.0,inf,0.0,234,234,0.0,4.149378,29.264471,4.149378,0.0,0.0,0.0,0,234,0.5,0.5,0.0,5,0.0,0.0
CrlNetworkServices,SM,4,B3,4,4,4,0,4,4,0.0,inf,0.0,194,194,0.0,4.359198,29.474291,4.359198,0.0,0.0,0.0,0,194,0.5,0.5,0.0,5,0.0,0.0
CrlNetworkServices,SM,4,B3,5,5,5,0,5,5,0.0,inf,0.0,186,186,0.0,3.631082,28.746175,3.631082,0.0,0.0,0.0,0,186,0.5,0.5,0.0,5,0.0,0.0
CrlNetworkServices,SM,4,B3,6,5,4,1,6->5,6->7->2->1->4,3.055709,inf,0.0,173,173,23.194985,4.359198,52.669276,4.359198,0.0,0.0,0.0,0,173,0.5,0.5,0.0,5,0.0,0.0
CrlNetworkServices,SM,4,B3,7,5,1,1,7->8->5,7->2->1,4.110837,inf,0.0,191,191,14.761139,7.194245,47.070477,7.194245,0.0,0.0,0.0,0,191.0,0.5,0.5,0.0,5,0.0,0.0
CrlNetworkServices,SM,4,B3,8,5,4,1,8->5,8->7->2->1->4,1.18294,inf,0.0,205,205,22.503676,4.359198,51.977967,4.359198,0.0,0.0,0.0,0,205,0.5,0.5,0.0,5,0.0,0.0
CrlNetworkServices,SM,4,B3,9,5,4,1,9->7->8->5,9->7->2->1->4,15.723917,inf,0.0,175,175,31.18886,4.359198,60.663151,4.359198,0.0,0.0,0.0,0,175,0.5,0.5,0.0,5,0.0,0.0
CrlNetworkServices,SM,4,B3,10,5,2,1,10->9->7->8->5,10->9->7->2,21.444883,inf,0.0,202,202,26.782343,4.132231,56.029668,4.132231,0.0,0.0,0.0,0,202,0.5,0.5,0.0,5,0.0,0.0
CrlNetworkServices,SM,4,B3,11,5,4,1,11->14->7->8->5,11->12->33->24->25->3->4,16.808552,inf,0.0,184,184,31.632484,4.359198,61.106775,4.359198,0.0,0.0,0.0,0,184,0.5,0.5,0.0,5,0.0,0.0
CrlNetworkServices,SM,4,B3,12,5,1,1,12->11->14->7->8->5,12->33->24->25->3->4->1,25.748452,inf,0.0,155,155,27.507225,7.194245,59.816563,7.194245,0.0,0.0,0.0,0,155,0.5,0.5,0.0,5,0.0,0.0
CrlNetworkServices,SM,4,B3,13,5,4,1,13->9->7->8->5,13->9->7->2->1->4,22.414991,inf,0.0,183,183,37.879934,4.359198,67.354225,4.359198,0.0,0.0,0.0,0,183,0.5,0.5,0.0,5,0.0,0.0
CrlNetworkServices,SM,4,B3,14,4,5,1,14->7->2->1->4,14->7->8->5,28.391937,inf,0.0,178,178,12.926994,3.631082,41.67317,3.631082,0.0,0.0,0.0,0,178,0.5,0.5,0.0,5,0.0,0.0
CrlNetworkServices,SM,4,B3,15,4,1,1,15->19->10->9->7->2->1->4,15->22->21->20->14->7->2->1,43.719809,inf,0.0,175,175,34.910887,7.194245,67.220225,7.194245,0.0,0.0,0.0,0,175,0.5,0.5,0.0,5,0.0,0.0
CrlNetworkServices,SM,4,B3,16,4,5,1,16->17->18->19->10->9->7->2->1->4,16->17->18->19->10->9->7->8->5,43.969447,inf,0.0,176,176,28.504504,3.631082,57.25068,3.631082,0.0,0.0,0.0,0,176,0.5,0.5,0.0,5,0.0,0.0
CrlNetworkServices,SM,4,B3,17,4,2,1,17->18->19->10->9->7->2->1->4,17->18->19->10->9->7->2,42.671843,inf,0.0,208,208,32.54436,4.132231,61.791685,4.132231,0.0,0.0,0.0,0,208,0.5,0.5,0.0,5,0.0,0.0
CrlNetworkServices,SM,4,B3,18,4,5,1,18->19->10->9->7->2->1->4,18->19->10->9->7->8->5,41.227288,inf,0.0,176,176,25.762346,3.631082,54.508521,3.631082,0.0,0.0,0.0,0,176,0.5,0.5,0.0,5,0.0,0.0
CrlNetworkServices,SM,4,B3,19,5,4,1,19->10->9->7->8->5,19->10->9->7->2->1->4,25.190308,inf,0.0,159,159,40.65525,4.359198,70.129542,4.359198,0.0,0.0,0.0,0,159,0.5,0.5,0.0,5,0.0,0.0
CrlNetworkServices,SM,4,B3,20,4,5,1,20->14->7->2->1->4,20->14->7->8->5,32.575515,inf,0.0,177,177,17.110572,3.631082,45.856747,3.631082,0.0,0.0,0.0,0,177.0,0.5,0.5,0.0,5,0.0,0.0
CrlNetworkServices,SM,4,B3,21,4,1,1,21->20->14->7->2->1->4,21->20->14->7->2->1,36.42164,inf,0.0,212,212,31.607,7.194245,63.916338,7.194245,0.0,0.0,0.0,0,212.0,0.5,0.5,0.0,5,0.0,0.0
CrlNetworkServices,SM,4,B3,22,4,5,1,22->21->20->14->7->2->1->4,22->21->20->14->7->8->5,37.873776,inf,0.0,144,144,22.408833,3.631082,51.155009,3.631082,0.0,0.0,0.0,0,144,0.5,0.5,0.0,5,0.0,0.0
CrlNetworkServices,SM,4,B3,23,4,5,1,23->22->21->20->14->7->2->1->4,23->22->21->20->14->7->8->5,46.740803,inf,0.0,150,150,31.27586,3.631082,60.022036,3.631082,0.0,0.0,0.0,0,150,0.5,0.5,0.0,5,0.0,0.0
CrlNetworkServices,SM,4,B3,24,3,1,1,24->25->3,24->25->3->4->1,5.30878,inf,0.0,109,109,11.551898,7.194245,43.861236,7.194245,0.0,0.0,0.0,0,109,0.5,0.5,0.0,5,0.0,0.0
CrlNetworkServices,SM,4,B3,25,3,2,1,25->3,25->3->4->1->2,0.387956,inf,0.0,209,209,11.943916,4.132231,41.191241,4.132231,0.0,0.0,0.0,0,209,0.5,0.5,0.0,5,0.0,0.0
CrlNetworkServices,SM,4,B3,26,3,3,0,26->27->28->32->33->24->25->3,26->27->28->32->33->24->25->3,16.959936,inf,0.0,200,200,16.959936,4.149378,46.224407,4.149378,0.0,0.0,0.0,0,200,0.5,0.5,0.0,5,0.0,0.0
CrlNetworkServices,SM,4,B3,27,3,3,0,27->28->32->33->24->25->3,27->28->32->33->24->25->3,14.629712,inf,0.0,186,186,14.629712,4.149378,43.894183,4.149378,0.0,0.0,0.0,0,186,0.5,0.5,0.0,5,0.0,0.0
CrlNetworkServices,SM,4,B3,28,3,3,0,28->32->33->24->25->3,28->32->33->24->25->3,6.762363,inf,0.0,200,200,6.762363,4.149378,36.026834,4.149378,0.0,0.0,0.0,0,200,0.5,0.5,0.0,5,0.0,0.0
CrlNetworkServices,SM,4,B3,29,3,3,0,29->28->32->33->24->25->3,29->28->32->33->24->25->3,7.837924,inf,0.0,169,169,7.837924,4.149378,37.102395,4.149378,0.0,0.0,0.0,0,169,0.5,0.5,0.0,5,0.0,0.0
CrlNetworkServices,SM,4,B3,30,3,1,1,30->29->28->32->33->24->25->3,30->29->28->32->33->24->25->3->4->1,8.552987,inf,0.0,227,227,14.796105,7.194245,47.105443,7.194245,0.0,0.0,0.0,0,227,0.5,0.5,0.0,5,0.0,0.0
CrlNetworkServices,SM,4,B3,31,3,3,0,31->33->24->25->3,31->33->24->25->3,48.866149,inf,0.0,162,162,48.866149,4.149378,78.13062,4.149378,0.0,0.0,0.0,0,162,0.5,0.5,0.0,5,0.0,0.0
CrlNetworkServices,SM,4,B3,32,2,2,0,32->33->24->25->3->4->1->2,32->33->24->25->3->4->1->2,17.775714,44.052247,0.0,196,196,17.775714,4.132231,47.023038,4.132231,0.0,0.0,0.0,0,196,0.5,0.5,0.0,5,0.0,0.0
CrlNetworkServices,SM,4,B3,33,2,2,0,33->24->25->3->4->1->2,33->24->25->3->4->1->2,17.534375,43.810909,0.0,174,174,17.534375,4.132231,46.7817,4.132231,0.0,0.0,0.0,0,174,0.5,0.5,0.0,5,0.0,0.0
CrlNetworkServices,SM,4,MCF_ARC,1,1,1,0,1,1,0.0,25.942908,0.0,184,184,0.0,2.646952,27.726059,2.610966,0.0,0.0,0.0,0,184.0,0.5,0.5,0.0,5,0.0,0.0
CrlNetworkServices,SM,4,MCF_ARC,2,2,2,0,2,2,0.0,26.276534,0.0,161,161,0.0,2.810664,27.862346,2.747253,0.0,0.0,0.0,0,161.0,0.5,0.5,0.0,5,0.0,0.0
CrlNetworkServices,SM,4,MCF_ARC,3,3,3,0,3,3,0.0,inf,0.0,234,234,0.0,13.137202,36.879799,11.764706,0.0,0.0,0.0,0,234,0.5,0.5,0.0,5,0.0,0.0
CrlNetworkServices,SM,4,MCF_ARC,4,4,4,0,4,4,0.0,inf,0.0,194,194,0.0,8.285208,31.853638,6.738544,0.0,0.0,0.0,0,194,0.5,0.5,0.0,5,0.0,0.0
CrlNetworkServices,SM,4,MCF_ARC,5,5,5,0,5,5,0.0,inf,0.0,186,186,0.0,8.370571,31.945695,6.830601,0.0,0.0,0.0,0,186,0.5,0.5,0.0,5,0.0,0.0
CrlNetworkServices,SM,4,MCF_ARC,6,5,5,0,6->5,6->5,3.055709,inf,0.0,173,173,3.055709,8.370571,35.001404,6.830601,0.0,0.0,0.0,0,173,0.5,0.5,0.0,5,0.0,0.0
CrlNetworkServices,SM,4,MCF_ARC,7,5,5,0,7->8->5,7->8->5,4.110837,inf,0.0,191,191,4.110837,8.370571,36.056531,6.830601,0.0,0.0,0.0,0,191.0,0.5,0.5,0.0,5,0.0,0.0
CrlNetworkServices,SM,4,MCF_ARC,8,5,5,0,8->5,8->5,1.18294,inf,0.0,205,205,1.18294,8.370571,33.128635,6.830601,0.0,0.0,0.0,0,205,0.5,0.5,0.0,5,0.0,0.0
CrlNetworkServices,SM,4,MCF_ARC,9,5,5,0,9->7->8->5,9->7->8->5,15.723917,inf,0.0,175,175,15.723917,8.370571,47.669612,6.830601,0.0,0.0,0.0,0,175,0.5,0.5,0.0,5,0.0,0.0
CrlNetworkServices,SM,4,MCF_ARC,10,5,5,0,10->9->7->8->5,10->9->7->8->5,21.444883,inf,0.0,202,202,21.444883,8.370571,53.390577,6.830601,0.0,0.0,0.0,0,202,0.5,0.5,0.0,5,0.0,0.0
CrlNetworkServices,SM,4,MCF_ARC,11,5,5,0,11->14->7->8->5,11->14->7->8->5,16.808552,inf,0.0,184,184,16.808552,8.370571,48.754247,6.830601,0.0,0.0,0.0,0,184,0.5,0.5,0.0,5,0.0,0.0
CrlNetworkServices,SM,4,MCF_ARC,12,5,2,1,12->11->14->7->8->5,12->11->14->7->2,25.748452,inf,0.0,155,155,31.085912,2.810664,58.948258,2.747253,0.0,0.0,0.0,0,155,0.5,0.5,0.0,5,0.0,0.0
CrlNetworkServices,SM,4,MCF_ARC,13,5,2,1,13->9->7->8->5,13->9->7->2,22.414991,inf,0.0,183,183,27.752451,2.810664,55.614797,2.747253,0.0,0.0,0.0,0,183,0.5,0.5,0.0,5,0.0,0.0
CrlNetworkServices,SM,4,MCF_ARC,14,4,1,1,14->7->2->1->4,14->7->2->1,28.391937,inf,0.0,178,178,23.577296,2.646952,51.303356,2.610966,0.0,0.0,0.0,0,178,0.5,0.5,0.0,5,0.0,0.0
CrlNetworkServices,SM,4,MCF_ARC,15,4,4,0,15->19->10->9->7->2->1->4,15->22->21->20->14->7->2->1->4,43.719809,inf,0.0,175,175,39.725528,8.285208,71.579166,6.738544,0.0,0.0,0.0,0,175,0.5,0.5,0.0,5,0.0,0.0
CrlNetworkServices,SM,4,MCF_ARC,16,4,4,0,16->17->18->19->10->9->7->2->1->4,16->17->18->19->10->9->7->2->1->4,43.969447,inf,0.0,176,176,43.969447,8.285208,75.823085,6.738544,0.0,0.0,0.0,0,176,0.5,0.5,0.0,5,0.0,0.0
CrlNetworkServices,SM,4,MCF_ARC,17,4,1,1,17->18->19->10->9->7->2->1->4,17->18->19->10->9->7->2->1,42.671843,inf,0.0,208,208,37.857202,2.646952,65.583262,2.610966,0.0,0.0,0.0,0,208,0.5,0.5,0.0,5,0.0,0.0
CrlNetworkServices,SM,4,MCF_ARC,18,4,4,0,18->19->10->9->7->2->1->4,18->19->10->9->7->2->1->4,41.227288,inf,0.0,176,176,41.227288,8.285208,73.080926,6.738544,0.0,0.0,0.0,0,176,0.5,0.5,0.0,5,0.0,0.0
CrlNetworkServices,SM,4,MCF_ARC,19,5,2,1,19->10->9->7->8->5,19->10->9->7->2,25.190308,inf,0.0,159,159,30.527768,2.810664,58.390114,2.747253,0.0,0.0,0.0,0,159,0.5,0.5,0.0,5,0.0,0.0
CrlNetworkServices,SM,4,MCF_ARC,20,4,4,0,20->14->7->2->1->4,20->14->7->2->1->4,32.575515,inf,0.0,177,177,32.575515,8.285208,64.429153,6.738544,0.0,0.0,0.0,0,177.0,0.5,0.5,0.0,5,0.0,0.0
CrlNetworkServices,SM,4,MCF_ARC,21,4,1,1,21->20->14->7->2->1->4,21->20->14->7->2->1,36.42164,inf,0.0,212,212,31.607,2.646952,59.333059,2.610966,0.0,0.0,0.0,0,212.0,0.5,0.5,0.0,5,0.0,0.0
CrlNetworkServices,SM,4,MCF_ARC,22,4,4,0,22->21->20->14->7->2->1->4,22->21->20->14->7->2->1->4,37.873776,inf,0.0,144,144,37.873776,8.285208,69.727414,6.738544,0.0,0.0,0.0,0,144,0.5,0.5,0.0,5,0.0,0.0
CrlNetworkServices,SM,4,MCF_ARC,23,4,4,0,23->22->21->20->14->7->2->1->4,23->22->21->20->14->7->2->1->4,46.740803,inf,0.0,150,150,46.740803,8.285208,78.594441,6.738544,0.0,0.0,0.0,0,150,0.5,0.5,0.0,5,0.0,0.0
CrlNetworkServices,SM,4,MCF_ARC,24,3,3,0,24->25->3,24->25->3,5.30878,inf,0.0,109,109,5.30878,13.137202,42.188579,11.764706,0.0,0.0,0.0,0,109,0.5,0.5,0.0,5,0.0,0.0
CrlNetworkServices,SM,4,MCF_ARC,25,3,3,0,25->3,25->3,0.387956,inf,0.0,209,209,0.387956,13.137202,37.267755,11.764706,0.0,0.0,0.0,0,209,0.5,0.5,0.0,5,0.0,0.0
CrlNetworkServices,SM,4,MCF_ARC,26,3,3,0,26->27->28->32->33->24->25->3,26->27->28->32->33->24->25->3,16.959936,inf,0.0,200,200,16.959936,13.137202,53.839736,11.764706,0.0,0.0,0.0,0,200,0.5,0.5,0.0,5,0.0,0.0
CrlNetworkServices,SM,4,MCF_ARC,27,3,3,0,27->28->32->33->24->25->3,27->28->32->33->24->25->3,14.629712,inf,0.0,186,186,14.629712,13.137202,51.509511,11.764706,0.0,0.0,0.0,0,186,0.5,0.5,0.0,5,0.0,0.0
CrlNetworkServices,SM,4,MCF_ARC,28,3,3,0,28->32->33->24->25->3,28->32->33->24->25->3,6.762363,inf,0.0,200,200,6.762363,13.137202,43.642163,11.764706,0.0,0.0,0.0,0,200,0.5,0.5,0.0,5,0.0,0.0
CrlNetworkServices,SM,4,MCF_ARC,29,3,3,0,29->28->32->33->24->25->3,29->28->32->33->24->25->3,7.837924,inf,0.0,169,169,7.837924,13.137202,44.717724,11.764706,0.0,0.0,0.0,0,169,0.5,0.5,0.0,5,0.0,0.0
CrlNetworkServices,SM,4,MCF_ARC,30,3,1,1,30->29->28->32->33->24->25->3,30->29->28->32->33->24->25->3->4->1,8.552987,inf,0.0,227,227,14.796105,2.646952,42.522164,2.610966,0.0,0.0,0.0,0,227,0.5,0.5,0.0,5,0.0,0.0
CrlNetworkServices,SM,4,MCF_ARC,31,3,4,1,31->33->24->25->3,31->33->24->25->3->4,48.866149,inf,0.0,162,162,50.294626,8.285208,82.148264,6.738544,0.0,0.0,0.0,0,162,0.5,0.5,0.0,5,0.0,0.0
CrlNetworkServices,SM,4,MCF_ARC,32,2,2,0,32->33->24->25->3->4->1->2,32->33->24->25->3->4->1->2,17.775714,44.052247,0.0,196,196,17.775714,2.810664,45.63806,2.747253,0.0,0.0,0.0,0,196,0.5,0.5,0.0,5,0.0,0.0
CrlNetworkServices,SM,4,MCF_ARC,33,2,2,0,33->24->25->3->4->1->2,33->24->25->3->4->1->2,17.534375,43.810909,0.0,174,174,17.534375,2.810664,45.396721,2.747253,0.0,0.0,0.0,0,174,0.5,0.5,0.0,5,0.0,0.0
Xspedius,SM,0,B1,1,1,1,0,1,,0.0,47.942111,0.0,154,154,0.0,3.182686,50.189518,3.182686,0.0,0.0,0.0,0,154.0,0.5,0.5,0.0,5,0.0,0.0
Xspedius,SM,0,B1,2,2,2,0,2,,0.0,47.965973,0.0,171,171,0.0,1.164687,48.171519,1.164687,0.0,0.0,0.0,0,171,0.5,0.5,0.0,5,0.0,0.0
Xspedius,SM,0,B1,3,3,3,0,3,,0.0,inf,0.0,163,163,0.0,11.210762,58.217594,11.210762,0.0,0.0,0.0,0,163,0.5,0.5,0.0,5,0.0,0.0
Xspedius,SM,0,B1,4,4,4,0,4,,0.0,inf,0.0,152,152,0.0,192.307692,239.314524,192.307692,0.0,0.0,0.0,0,152,0.5,0.5,0.0,5,0.0,0.0
Xspedius,SM,0,B1,5,5,5,0,5,,0.0,inf,0.0,216,216,0.0,37.037037,84.043869,37.037037,0.0,0.0,0.0,0,216,0.5,0.5,0.0,5,0.0,0.0
Xspedius,SM,0,B1,6,6,6,0,6,,0.0,inf,0.0,179,179,0.0,50.0,97.006832,50.0,0.0,0.0,0.0,0,179,0.5,0.5,0.0,5,0.0,0.0
Xspedius,SM,0,B1,7,6,1,1,7->16->8->24->17->19->6,,25.460938,inf,0.0,202,202,8.158257,3.182686,58.347776,3.182686,0.0,0.0,0.0,0,202,0.5,0.5,0.0,5,0.0,0.0
Xspedius,SM,0,B1,8,6,6,0,8->5->9->19->6,,15.017175,inf,0.0,220,220,13.340761,50.0,110.347593,50.0,0.0,0.0,0.0,0,220,0.5,0.5,0.0,5,0.0,0.0
Xspedius,SM,0,B1,9,6,6,0,9->19->6,,5.631367,inf,0.0,191,191,5.631367,50.0,102.638199,50.0,0.0,0.0,0.0,0,191.0,0.5,0.5,0.0,5,0.0,0.0
Xspedius,SM,0,B1,10,6,6,0,10->19->6,,3.777003,inf,0.0,183,183,3.777003,50.0,100.783835,50.0,0.0,0.0,0.0,0,183,0.5,0.5,0.0,5,0.0,0.0
Xspedius,SM,0,B1,11,6,6,0,11->1->24->17->19->6,,30.11589,inf,0.0,180,180,24.527001,50.0,121.533833,50.0,0.0,0.0,0.0,0,180,0.5,0.5,0.0,5,0.0,0.0
Xspedius,SM,0,B1,12,6,6,0,12->13->24->32->25->6,,28.578832,inf,0.0,121,121,19.631232,50.0,116.638064,50.0,0.0,0.0,0.0,0,121,0.5,0.5,0.0,5,0.0,0.0
Xspedius,SM,0,B1,13,6,6,0,13->24->17->19->6,,16.57087,inf,0.0,166,166,16.57087,50.0,113.577702,50.0,0.0,0.0,0.0,0,166,0.5,0.5,0.0,5,0.0,0.0
Xspedius,SM,0,B1,14,5,5,0,14->33->34->9->5,,12.602853,inf,0.0,147,147,12.602853,37.037037,96.646722,37.037037,0.0,0.0,0.0,0,147,0.5,0.5,0.0,5,0.0,0.0
Xspedius,SM,0,B1,15,5,5,0,15->24->8->5,,13.628753,inf,0.0,187,187,13.628753,37.037037,97.672622,37.037037,0.0,0.0,0.0,0,187,0.5,0.5,0.0,5,0.0,0.0
Xspedius,SM,0,B1,16,5,2,1,16->8->5,,9.458309,inf,0.0,184,184,6.987413,1.164687,55.158932,1.164687,0.0,0.0,0.0,0,184,0.5,0.5,0.0,5,0.0,0.0
Xspedius,SM,0,B1,17,5,1,1,17->24->8->5,,8.878987,inf,0.0,144,144,11.538353,3.182686,61.727871,3.182686,0.0,0.0,0.0,0,144.0,0.5,0.5,0.0,5,0.0,0.0
Xspedius,SM,0,B1,18,5,5,0,18->24->8->5,,8.977916,inf,0.0,165,165,8.977916,37.037037,93.021785,37.037037,0.0,0.0,0.0,0,165,0.5,0.5,0.0,5,0.0,0.0
Xspedius,SM,0,B1,19,5,5,0,19->9->5,,9.252448,inf,0.0,171,171,9.252448,37.037037,93.296317,37.037037,0.0,0.0,0.0,0,171.0,0.5,0.5,0.0,5,0.0,0.0
Xspedius,SM,0,B1,20,5,5,0,20->18->24->8->5,,11.463621,inf,0.0,193,193,11.463621,37.037037,95.507491,37.037037,0.0,0.0,0.0,0,193,0.5,0.5,0.0,5,0.0,0.0
Xspedius,SM,0,B1,21,4,1,1,21->1->4,,21.402425,inf,0.0,207,207,5.865512,3.182686,56.05503,3.182686,0.0,0.0,0.0,0,207,0.5,0.5,0.0,5,0.0,0.0
Xspedius,SM,0,B1,22,4,4,0,22->21->1->4,,22.774202,inf,0.0,179,179,22.774202,192.307692,262.088726,192.307692,0.0,0.0,0.0,0,179,0.5,0.5,0.0,5,0.0,0.0
Xspedius,SM,0,B1,23,4,1,1,23->1->4,,22.65367,inf,0.0,202,202,7.116757,3.182686,57.306276,3.182686,0.0,0.0,0.0,0,202,0.5,0.5,0.0,5,0.0,0.0
Xspedius,SM,0,B1,24,4,4,0,24->1->4,,24.820909,inf,0.0,185,185,19.592704,192.307692,258.907229,192.307692,0.0,0.0,0.0,0,185.0,0.5,0.5,0.0,5,0.0,0.0
Xspedius,SM,0,B1,25,4,4,0,25->32->3->4,,7.979738,inf,0.0,187,187,7.979738,192.307692,247.294262,192.307692,0.0,0.0,0.0,0,187,0.5,0.5,0.0,5,0.0,0.0
Xspedius,SM,0,B1,26,5,5,0,26->32->24->8->5,,23.89611,inf,0.0,154,154,15.198986,37.037037,99.242855,37.037037,0.0,0.0,0.0,0,154,0.5,0.5,0.0,5,0.0,0.0
Xspedius,SM,0,B1,27,4,4,0,27->28->4,,18.414973,inf,0.0,169,169,18.414973,192.307692,257.729497,192.307692,0.0,0.0,0.0,0,169,0.5,0.5,0.0,5,0.0,0.0
Xspedius,SM,0,B1,28,4,4,0,28->4,,8.834675,inf,0.0,190,190,8.834675,192.307692,248.149199,192.307692,0.0,0.0,0.0,0,190,0.5,0.5,0.0,5,0.0,0.0
Xspedius,SM,0,B1,29,3,3,0,29->28->4->3,,16.802485,inf,0.0,162,162,16.388001,11.210762,74.605596,11.210762,0.0,0.0,0.0,0,162,0.5,0.5,0.0,5,0.0,0.0
Xspedius,SM,0,B1,30,3,3,0,30->31->32->3,,16.922658,inf,0.0,194,194,16.922658,11.210762,75.140253,11.210762,0.0,0.0,0.0,0,194,0.5,0.5,0.0,5,0.0,0.0
Xspedius,SM,0,B1,31,3,4,1,31->32->3,,12.696162,inf,0.0,156,156,16.195582,192.307692,255.510107,192.307692,0.0,0.0,0.0,0,156,0.5,0.5,0.0,5,0.0,0.0
Xspedius,SM,0,B1,32,3,3,0,32->3,,3.994249,inf,0.0,211,211,3.994249,11.210762,62.211843,11.210762,0.0,0.0,0.0,0,211,0.5,0.5,0.0,5,0.0,0.0
Xspedius,SM,0,B1,33,3,3,0,33->31->32->3,,20.78501,inf,0.0,195,195,8.591154,11.210762,66.808748,11.210762,0.0,0.0,0.0,0,195,0.5,0.5,0.0,5,0.0,0.0
Xspedius,SM,0,B1,34,3,3,0,34->25->32->3,,8.099523,inf,0.0,149,149,8.099523,11.210762,66.317117,11.210762,0.0,0.0,0.0,0,149.0,0.5,0.5,0.0,5,0.0,0.0
Xspedius,SM,0,B3,1,1,1,0,1,1,0.0,47.942111,0.0,154,154,0.0,3.71471,50.721542,3.71471,0.0,0.0,0.0,0,154.0,0.5,0.5,0.0,5,0.0,0.0
Xspedius,SM,0,B3,2,2,2,0,2,2,0.0,47.965973,0.0,171,171,0.0,inf,inf,inf,0.0,0.0,0.0,0,171,0.5,0.5,0.0,5,0.0,0.0
Xspedius,SM,0,B3,3,3,3,0,3,3,0.0,inf,0.0,163,163,0.0,3.410641,50.417473,3.410641,0.0,0.0,0.0,0,163,0.5,0.5,0.0,5,0.0,0.0
Xspedius,SM,0,B3,4,4,4,0,4,4,0.0,inf,0.0,152,152,0.0,3.142678,50.14951,3.142678,0.0,0.0,0.0,0,152,0.5,0.5,0.0,5,0.0,0.0
Xspedius,SM,0,B3,5,5,5,0,5,5,0.0,inf,0.0,216,216,0.0,4.149378,51.15621,4.149378,0.0,0.0,0.0,0,216,0.5,0.5,0.0,5,0.0,0.0
Xspedius,SM,0,B3,6,6,6,0,6,6,0.0,inf,0.0,179,179,0.0,4.366812,51.373644,4.366812,0.0,0.0,0.0,0,179,0.5,0.5,0.0,5,0.0,0.0
Xspedius,SM,0,B3,7,6,6,0,7->16->8->24->17->19->6,7->16->8->24->17->19->6,25.460938,inf,0.0,202,202,25.460938,4.366812,76.834582,4.366812,0.0,0.0,0.0,0,202,0.5,0.5,0.0,5,0.0,0.0
Xspedius,SM,0,B3,8,6,1,1,8->5->9->19->6,8->24->1,15.017175,inf,0.0,220,220,12.74496,3.71471,63.466503,3.71471,0.0,0.0,0.0,0,220,0.5,0.5,0.0,5,0.0,0.0
Xspedius,SM,0,B3,9,6,2,1,9->19->6,9->5->8->16->7->2,5.631367,inf,0.0,191,191,22.667864,inf,inf,inf,0.0,0.0,0.0,0,191.0,0.5,0.5,0.0,5,0.0,0.0
Xspedius,SM,0,B3,10,6,6,0,10->19->6,10->19->6,3.777003,inf,0.0,183,183,3.777003,4.366812,55.150647,4.366812,0.0,0.0,0.0,0,183,0.5,0.5,0.0,5,0.0,0.0
Xspedius,SM,0,B3,11,6,6,0,11->1->24->17->19->6,11->12->13->24->17->19->6,30.11589,inf,0.0,180,180,24.527001,4.366812,75.900645,4.366812,0.0,0.0,0.0,0,180,0.5,0.5,0.0,5,0.0,0.0
Xspedius,SM,0,B3,12,6,6,0,12->13->24->32->25->6,12->13->24->17->19->6,28.578832,inf,0.0,121,121,19.631232,4.366812,71.004876,4.366812,0.0,0.0,0.0,0,121,0.5,0.5,0.0,5,0.0,0.0
Xspedius,SM,0,B3,13,6,6,0,13->24->17->19->6,13->24->17->19->6,16.57087,inf,0.0,166,166,16.57087,4.366812,67.944514,4.366812,0.0,0.0,0.0,0,166,0.5,0.5,0.0,5,0.0,0.0
Xspedius,SM,0,B3,14,5,5,0,14->33->34->9->5,14->33->34->9->5,12.602853,inf,0.0,147,147,12.602853,4.149378,63.759063,4.149378,0.0,0.0,0.0,0,147,0.5,0.5,0.0,5,0.0,0.0
Xspedius,SM,0,B3,15,5,5,0,15->24->8->5,15->24->8->5,13.628753,inf,0.0,187,187,13.628753,4.149378,64.784963,4.149378,0.0,0.0,0.0,0,187,0.5,0.5,0.0,5,0.0,0.0
Xspedius,SM,0,B3,16,5,1,1,16->8->5,16->7->2->1,9.458309,inf,0.0,184,184,13.983791,3.71471,64.705334,3.71471,0.0,0.0,0.0,0,184,0.5,0.5,0.0,5,0.0,0.0
Xspedius,SM,0,B3,17,5,5,0,17->24->8->5,17->24->8->5,8.878987,inf,0.0,144,144,8.878987,4.149378,60.035196,4.149378,0.0,0.0,0.0,0,144.0,0.5,0.5,0.0,5,0.0,0.0
Xspedius,SM,0,B3,18,5,2,1,18->24->8->5,18->24->1->2,8.977916,inf,0.0,165,165,18.633661,inf,inf,inf,0.0,0.0,0.0,0,165,0.5,0.5,0.0,5,0.0,0.0
Xspedius,SM,0,B3,19,5,5,0,19->9->5,19->9->5,9.252448,inf,0.0,171,171,9.252448,4.149378,60.408658,4.149378,0.0,0.0,0.0,0,171.0,0.5,0.5,0.0,5,0.0,0.0
Xspedius,SM,0,B3,20,5,2,1,20->18->24->8->5,20->18->24->1->2,11.463621,inf,0.0,193,193,21.119366,inf,inf,inf,0.0,0.0,0.0,0,193,0.5,0.5,0.0,5,0.0,0.0
Xspedius,SM,0,B3,21,4,4,0,21->1->4,21->1->4,21.402425,inf,0.0,207,207,21.402425,3.142678,71.551934,3.142678,0.0,0.0,0.0,0,207,0.5,0.5,0.0,5,0.0,0.0
Xspedius,SM,0,B3,22,4,2,1,22->21->1->4,22->7->2,22.774202,inf,0.0,179,179,7.513196,inf,inf,inf,0.0,0.0,0.0,0,179,0.5,0.5,0.0,5,0.0,0.0
Xspedius,SM,0,B3,23,4,2,1,23->1->4,23->22->7->2,22.65367,inf,0.0,202,202,9.0797,inf,inf,inf,0.0,0.0,0.0,0,202,0.5,0.5,0.0,5,0.0,0.0
Xspedius,SM,0,B3,24,4,1,1,24->1->4,24->1,24.820909,inf,0.0,185,185,9.283996,3.71471,60.005538,3.71471,0.0,0.0,0.0,0,185.0,0.5,0.5,0.0,5,0.0,0.0
Xspedius,SM,0,B3,25,4,4,0,25->32->3->4,25->32->3->4,7.979738,inf,0.0,187,187,7.979738,3.142678,58.129247,3.142678,0.0,0.0,0.0,0,187,0.5,0.5,0.0,5,0.0,0.0
Xspedius,SM,0,B3,26,5,5,0,26->32->24->8->5,26->6->19->9->5,23.89611,inf,0.0,154,154,15.198986,4.149378,66.355196,4.149378,0.0,0.0,0.0,0,154,0.5,0.5,0.0,5,0.0,0.0
Xspedius,SM,0,B3,27,4,4,0,27->28->4,27->28->4,18.414973,inf,0.0,169,169,18.414973,3.142678,68.564482,3.142678,0.0,0.0,0.0,0,169,0.5,0.5,0.0,5,0.0,0.0
Xspedius,SM,0,B3,28,4,4,0,28->4,28->4,8.834675,inf,0.0,190,190,8.834675,3.142678,58.984184,3.142678,0.0,0.0,0.0,0,190,0.5,0.5,0.0,5,0.0,0.0
Xspedius,SM,0,B3,29,3,3,0,29->28->4->3,29->31->32->3,16.802485,inf,0.0,162,162,16.388001,3.410641,66.805475,3.410641,0.0,0.0,0.0,0,162,0.5,0.5,0.0,5,0.0,0.0
Xspedius,SM,0,B3,30,3,3,0,30->31->32->3,30->31->32->3,16.922658,inf,0.0,194,194,16.922658,3.410641,67.340131,3.410641,0.0,0.0,0.0,0,194,0.5,0.5,0.0,5,0.0,0.0
Xspedius,SM,0,B3,31,3,3,0,31->32->3,31->32->3,12.696162,inf,0.0,156,156,12.696162,3.410641,63.113635,3.410641,0.0,0.0,0.0,0,156,0.5,0.5,0.0,5,0.0,0.0
Xspedius,SM,0,B3,32,3,1,1,32->3,32->24->1,3.994249,inf,0.0,211,211,21.383031,3.71471,72.104573,3.71471,0.0,0.0,0.0,0,211,0.5,0.5,0.0,5,0.0,0.0
Xspedius,SM,0,B3,33,3,3,0,33->31->32->3,33->14->25->32->3,20.78501,inf,0.0,195,195,8.591154,3.410641,59.008627,3.410641,0.0,0.0,0.0,0,195,0.5,0.5,0.0,5,0.0,0.0
Xspedius,SM,0,B3,34,3,2,1,34->25->32->3,34->9->5->8->16->7->2,8.099523,inf,0.0,149,149,24.809925,inf,inf,inf,0.0,0.0,0.0,0,149.0,0.5,0.5,0.0,5,0.0,0.0
Xspedius,SM,0,MCF_ARC,1,1,1,0,1,1,0.0,47.942111,0.0,154,154,0.0,14.483656,59.633095,12.626263,0.0,0.0,0.0,0,154.0,0.5,0.5,0.0,5,0.0,0.0
Xspedius,SM,0,MCF_ARC,2,2,2,0,2,2,0.0,47.965973,0.0,171,171,0.0,1.179384,48.183857,1.177024,0.0,0.0,0.0,0,171,0.5,0.5,0.0,5,0.0,0.0
Xspedius,SM,0,MCF_ARC,3,3,3,0,3,3,0.0,inf,0.0,163,163,0.0,13.641788,58.217594,11.210762,0.0,0.0,0.0,0,163,0.5,0.5,0.0,5,0.0,0.0
Xspedius,SM,0,MCF_ARC,4,4,4,0,4,4,0.0,inf,0.0,152,152,0.0,8.895373,54.51434,7.507508,0.0,0.0,0.0,0,152,0.5,0.5,0.0,5,0.0,0.0
Xspedius,SM,0,MCF_ARC,5,5,5,0,5,5,0.0,inf,0.0,216,216,0.0,14.312535,59.66506,12.658228,0.0,0.0,0.0,0,216,0.5,0.5,0.0,5,0.0,0.0
Xspedius,SM,0,MCF_ARC,6,6,6,0,6,6,0.0,inf,0.0,179,179,0.0,13.824885,58.911594,11.904762,0.0,0.0,0.0,0,179,0.5,0.5,0.0,5,0.0,0.0
Xspedius,SM,0,MCF_ARC,7,6,1,1,7->16->8->24->17->19->6,7->2->1,25.460938,inf,0.0,202,202,8.158257,14.483656,67.791352,12.626263,0.0,0.0,0.0,0,202,0.5,0.5,0.0,5,0.0,0.0
Xspedius,SM,0,MCF_ARC,8,6,1,1,8->5->9->19->6,8->24->1,15.017175,inf,0.0,220,220,12.74496,14.483656,72.378055,12.626263,0.0,0.0,0.0,0,220,0.5,0.5,0.0,5,0.0,0.0
Xspedius,SM,0,MCF_ARC,9,6,6,0,9->19->6,9->19->6,5.631367,inf,0.0,191,191,5.631367,13.824885,64.542961,11.904762,0.0,0.0,0.0,0,191.0,0.5,0.5,0.0,5,0.0,0.0
Xspedius,SM,0,MCF_ARC,10,6,6,0,10->19->6,10->19->6,3.777003,inf,0.0,183,183,3.777003,13.824885,62.688597,11.904762,0.0,0.0,0.0,0,183,0.5,0.5,0.0,5,0.0,0.0
Xspedius,SM,0,MCF_ARC,11,6,6,0,11->1->24->17->19->6,11->12->13->24->17->19->6,30.11589,inf,0.0,180,180,24.527001,13.824885,83.438595,11.904762,0.0,0.0,0.0,0,180,0.5,0.5,0.0,5,0.0,0.0
Xspedius,SM,0,MCF_ARC,12,6,6,0,12->13->24->32->25->6,12->13->24->17->19->6,28.578832,inf,0.0,121,121,19.631232,13.824885,78.542826,11.904762,0.0,0.0,0.0,0,121,0.5,0.5,0.0,5,0.0,0.0
Xspedius,SM,0,MCF_ARC,13,6,6,0,13->24->17->19->6,13->24->17->19->6,16.57087,inf,0.0,166,166,16.57087,13.824885,75.482464,11.904762,0.0,0.0,0.0,0,166,0.5,0.5,0.0,5,0.0,0.0
Xspedius,SM,0,MCF_ARC,14,5,5,0,14->33->34->9->5,14->33->34->9->5,12.602853,inf,0.0,147,147,12.602853,14.312535,72.267913,12.658228,0.0,0.0,0.0,0,147,0.5,0.5,0.0,5,0.0,0.0
Xspedius,SM,0,MCF_ARC,15,5,1,1,15->24->8->5,15->24->1,13.628753,inf,0.0,187,187,16.28812,14.483656,75.921214,12.626263,0.0,0.0,0.0,0,187,0.5,0.5,0.0,5,0.0,0.0
Xspedius,SM,0,MCF_ARC,16,5,5,0,16->8->5,16->8->5,9.458309,inf,0.0,184,184,9.458309,14.312535,69.123369,12.658228,0.0,0.0,0.0,0,184,0.5,0.5,0.0,5,0.0,0.0
Xspedius,SM,0,MCF_ARC,17,5,5,0,17->24->8->5,17->24->8->5,8.878987,inf,0.0,144,144,8.878987,14.312535,68.544047,12.658228,0.0,0.0,0.0,0,144.0,0.5,0.5,0.0,5,0.0,0.0
Xspedius,SM,0,MCF_ARC,18,5,5,0,18->24->8->5,18->24->8->5,8.977916,inf,0.0,165,165,8.977916,14.312535,68.642976,12.658228,0.0,0.0,0.0,0,165,0.5,0.5,0.0,5,0.0,0.0
Xspedius,SM,0,MCF_ARC,19,5,5,0,19->9->5,19->9->5,9.252448,inf,0.0,171,171,9.252448,14.312535,68.917508,12.658228,0.0,0.0,0.0,0,171.0,0.5,0.5,0.0,5,0.0,0.0
Xspedius,SM,0,MCF_ARC,20,5,2,1,20->18->24->8->5,20->18->24->1->2,11.463621,inf,0.0,193,193,21.119366,1.179384,69.303223,1.177024,0.0,0.0,0.0,0,193,0.5,0.5,0.0,5,0.0,0.0
Xspedius,SM,0,MCF_ARC,21,4,4,0,21->1->4,21->1->4,21.402425,inf,0.0,207,207,21.402425,8.895373,75.916764,7.507508,0.0,0.0,0.0,0,207,0.5,0.5,0.0,5,0.0,0.0
Xspedius,SM,0,MCF_ARC,22,4,1,1,22->21->1->4,22->21->1,22.774202,inf,0.0,179,179,7.237289,14.483656,66.870384,12.626263,0.0,0.0,0.0,0,179,0.5,0.5,0.0,5,0.0,0.0
Xspedius,SM,0,MCF_ARC,23,4,1,1,23->1->4,23->1,22.65367,inf,0.0,202,202,7.116757,14.483656,66.749852,12.626263,0.0,0.0,0.0,0,202,0.5,0.5,0.0,5,0.0,0.0
Xspedius,SM,0,MCF_ARC,24,4,4,0,24->1->4,24->32->3->4,24.820909,inf,0.0,185,185,19.592704,8.895373,74.107044,7.507508,0.0,0.0,0.0,0,185.0,0.5,0.5,0.0,5,0.0,0.0
Xspedius,SM,0,MCF_ARC,25,4,4,0,25->32->3->4,25->32->3->4,7.979738,inf,0.0,187,187,7.979738,8.895373,62.494077,7.507508,0.0,0.0,0.0,0,187,0.5,0.5,0.0,5,0.0,0.0
Xspedius,SM,0,MCF_ARC,26,5,5,0,26->32->24->8->5,26->6->19->9->5,23.89611,inf,0.0,154,154,15.198986,14.312535,74.864046,12.658228,0.0,0.0,0.0,0,154,0.5,0.5,0.0,5,0.0,0.0
Xspedius,SM,0,MCF_ARC,27,4,4,0,27->28->4,27->28->4,18.414973,inf,0.0,169,169,18.414973,8.895373,72.929312,7.507508,0.0,0.0,0.0,0,169,0.5,0.5,0.0,5,0.0,0.0
Xspedius,SM,0,MCF_ARC,28,4,4,0,28->4,28->4,8.834675,inf,0.0,190,190,8.834675,8.895373,63.349014,7.507508,0.0,0.0,0.0,0,190,0.5,0.5,0.0,5,0.0,0.0
Xspedius,SM,0,MCF_ARC,29,3,3,0,29->28->4->3,29->31->32->3,16.802485,inf,0.0,162,162,16.388001,13.641788,74.605596,11.210762,0.0,0.0,0.0,0,162,0.5,0.5,0.0,5,0.0,0.0
Xspedius,SM,0,MCF_ARC,30,3,3,0,30->31->32->3,30->31->32->3,16.922658,inf,0.0,194,194,16.922658,13.641788,75.140253,11.210762,0.0,0.0,0.0,0,194,0.5,0.5,0.0,5,0.0,0.0
Xspedius,SM,0,MCF_ARC,31,3,6,1,31->32->3,31->32->25->6,12.696162,inf,0.0,156,156,15.430275,13.824885,74.341869,11.904762,0.0,0.0,0.0,0,156,0.5,0.5,0.0,5,0.0,0.0
Xspedius,SM,0,MCF_ARC,32,3,3,0,32->3,32->3,3.994249,inf,0.0,211,211,3.994249,13.641788,62.211843,11.210762,0.0,0.0,0.0,0,211,0.5,0.5,0.0,5,0.0,0.0
Xspedius,SM,0,MCF_ARC,33,3,3,0,33->31->32->3,33->14->25->32->3,20.78501,inf,0.0,195,195,8.591154,13.641788,66.808748,11.210762,0.0,0.0,0.0,0,195,0.5,0.5,0.0,5,0.0,0.0
Xspedius,SM,0,MCF_ARC,34,3,3,0,34->25->32->3,34->25->32->3,8.099523,inf,0.0,149,149,8.099523,13.641788,66.317117,11.210762,0.0,0.0,0.0,0,149.0,0.5,0.5,0.0,5,0.0,0.0
Xspedius,SM,1,B1,1,1,1,0,1,,0.0,47.95219,0.0,191,191,0.0,4.35161,51.358442,4.35161,0.0,0.0,0.0,0,191.0,0.5,0.5,0.0,5,0.0,0.0
Xspedius,SM,1,B1,2,2,2,0,2,,0.0,47.98915,0.0,194,194,0.0,1.231527,48.238359,1.231527,0.0,0.0,0.0,0,194,0.5,0.5,0.0,5,0.0,0.0
Xspedius,SM,1,B1,3,3,4,1,3,,0.0,inf,0.0,165,165,3.499421,90.909091,141.415344,90.909091,0.0,0.0,0.0,0,165,0.5,0.5,0.0,5,0.0,0.0
Xspedius,SM,1,B1,4,4,4,0,4,,0.0,inf,0.0,143,143,0.0,90.909091,137.915923,90.909091,0.0,0.0,0.0,0,143,0.5,0.5,0.0,5,0.0,0.0
Xspedius,SM,1,B1,5,5,5,0,5,,0.0,inf,0.0,173,173,0.0,1000.0,1047.006832,1000.0,0.0,0.0,0.0,0,173,0.5,0.5,0.0,5,0.0,0.0
Xspedius,SM,1,B1,6,6,6,0,6,,0.0,inf,0.0,202,202,0.0,21.276596,68.283428,21.276596,0.0,0.0,0.0,0,202,0.5,0.5,0.0,5,0.0,0.0
Xspedius,SM,1,B1,7,6,1,1,7->16->8->24->17->19->6,,25.460938,inf,0.0,178,178,8.158257,4.35161,59.5167,4.35161,0.0,0.0,0.0,0,178,0.5,0.5,0.0,5,0.0,0.0
Xspedius,SM,1,B1,8,6,6,0,8->24->17->19->6,,13.340761,inf,0.0,217,217,13.340761,21.276596,81.624189,21.276596,0.0,0.0,0.0,0,217,0.5,0.5,0.0,5,0.0,0.0
Xspedius,SM,1,B1,9,6,6,0,9->19->6,,5.631367,inf,0.0,177,177,5.631367,21.276596,73.914795,21.276596,0.0,0.0,0.0,0,177.0,0.5,0.5,0.0,5,0.0,0.0
Xspedius,SM,1,B1,10,6,3,1,10->19->6,,3.777003,inf,0.0,140,140,14.447831,625.0,686.454663,625.0,0.0,0.0,0.0,0,140,0.5,0.5,0.0,5,0.0,0.0
Xspedius,SM,1,B1,11,6,6,0,11->1->24->17->19->6,,30.11589,inf,0.0,193,193,24.527001,21.276596,92.810429,21.276596,0.0,0.0,0.0,0,193,0.5,0.5,0.0,5,0.0,0.0
Xspedius,SM,1,B1,12,6,6,0,12->13->24->17->19->6,,19.631232,inf,0.0,207,207,19.631232,21.276596,87.91466,21.276596,0.0,0.0,0.0,0,207,0.5,0.5,0.0,5,0.0,0.0
Xspedius,SM,1,B1,13,6,6,0,13->24->17->19->6,,16.57087,inf,0.0,169,169,16.57087,21.276596,84.854298,21.276596,0.0,0.0,0.0,0,169,0.5,0.5,0.0,5,0.0,0.0
Xspedius,SM,1,B1,14,5,5,0,14->25->34->9->5,,14.911306,inf,0.0,206,206,12.602853,1000.0,1059.609685,1000.0,0.0,0.0,0.0,0,206,0.5,0.5,0.0,5,0.0,0.0
Xspedius,SM,1,B1,15,5,5,0,15->24->8->5,,13.628753,inf,0.0,129,129,13.628753,1000.0,1060.635585,1000.0,0.0,0.0,0.0,0,129,0.5,0.5,0.0,5,0.0,0.0
Xspedius,SM,1,B1,16,5,2,1,16->8->5,,9.458309,inf,0.0,206,206,6.987413,1.231527,55.225772,1.231527,0.0,0.0,0.0,0,206,0.5,0.5,0.0,5,0.0,0.0
Xspedius,SM,1,B1,17,5,5,0,17->24->8->5,,8.878987,inf,0.0,114,114,8.878987,1000.0,1055.885819,1000.0,0.0,0.0,0.0,0,114.0,0.5,0.5,0.0,5,0.0,0.0
Xspedius,SM,1,B1,18,5,5,0,18->24->8->5,,8.977916,inf,0.0,170,170,8.977916,1000.0,1055.984748,1000.0,0.0,0.0,0.0,0,170,0.5,0.5,0.0,5,0.0,0.0
Xspedius,SM,1,B1,19,5,5,0,19->9->5,,9.252448,inf,0.0,193,193,9.252448,1000.0,1056.25928,1000.0,0.0,0.0,0.0,0,193.0,0.5,0.5,0.0,5,0.0,0.0
Xspedius,SM,1,B1,20,5,5,0,20->18->24->8->5,,11.463621,inf,0.0,226,226,11.463621,1000.0,1058.470454,1000.0,0.0,0.0,0.0,0,226,0.5,0.5,0.0,5,0.0,0.0
Xspedius,SM,1,B1,21,4,1,1,21->1->4,,21.402425,inf,0.0,213,213,5.865512,4.35161,57.223954,4.35161,0.0,0.0,0.0,0,213,0.5,0.5,0.0,5,0.0,0.0
Xspedius,SM,1,B1,22,4,1,1,22->23->1->4,,24.220173,inf,0.0,198,198,7.237289,4.35161,58.595731,4.35161,0.0,0.0,0.0,0,198,0.5,0.5,0.0,5,0.0,0.0
Xspedius,SM,1,B1,23,4,1,1,23->1->4,,22.65367,inf,0.0,239,239,7.116757,4.35161,58.4752,4.35161,0.0,0.0,0.0,0,239,0.5,0.5,0.0,5,0.0,0.0
Xspedius,SM,1,B1,24,4,4,0,24->32->3->4,,19.592704,inf,0.0,177,177,19.592704,90.909091,157.508628,90.909091,0.0,0.0,0.0,0,177.0,0.5,0.5,0.0,5,0.0,0.0
Xspedius,SM,1,B1,25,4,4,0,25->32->3->4,,7.979738,inf,0.0,160,160,7.979738,90.909091,145.895661,90.909091,0.0,0.0,0.0,0,160,0.5,0.5,0.0,5,0.0,0.0
Xspedius,SM,1,B1,26,4,4,0,26->32->3->4,,12.666115,inf,0.0,160,160,12.666115,90.909091,150.582038,90.909091,0.0,0.0,0.0,0,160,0.5,0.5,0.0,5,0.0,0.0
Xspedius,SM,1,B1,27,4,4,0,27->28->4,,18.414973,inf,0.0,193,193,18.414973,90.909091,156.330896,90.909091,0.0,0.0,0.0,0,193,0.5,0.5,0.0,5,0.0,0.0
Xspedius,SM,1,B1,28,3,3,0,28->4->3,,12.334095,inf,0.0,197,197,12.334095,625.0,684.340927,625.0,0.0,0.0,0.0,0,197,0.5,0.5,0.0,5,0.0,0.0
Xspedius,SM,1,B1,29,3,4,1,29->31->32->3,,16.388001,inf,0.0,203,203,13.303064,90.909091,151.218987,90.909091,0.0,0.0,0.0,0,203,0.5,0.5,0.0,5,0.0,0.0
Xspedius,SM,1,B1,30,3,3,0,30->31->32->3,,16.922658,inf,0.0,222,222,16.922658,625.0,688.92949,625.0,0.0,0.0,0.0,0,222,0.5,0.5,0.0,5,0.0,0.0
Xspedius,SM,1,B1,31,3,3,0,31->32->3,,12.696162,inf,0.0,146,146,12.696162,625.0,684.702994,625.0,0.0,0.0,0.0,0,146,0.5,0.5,0.0,5,0.0,0.0
Xspedius,SM,1,B1,32,3,3,0,32->3,,3.994249,inf,0.0,188,188,3.994249,625.0,676.001081,625.0,0.0,0.0,0.0,0,188,0.5,0.5,0.0,5,0.0,0.0
Xspedius,SM,1,B1,33,3,3,0,33->31->32->3,,20.78501,inf,0.0,231,231,8.591154,625.0,680.597986,625.0,0.0,0.0,0.0,0,231,0.5,0.5,0.0,5,0.0,0.0
Xspedius,SM,1,B1,34,3,3,0,34->25->32->3,,8.099523,inf,0.0,164,164,8.099523,625.0,680.106355,625.0,0.0,0.0,0.0,0,164.0,0.5,0.5,0.0,5,0.0,0.0
Xspedius,SM,1,B3,1,1,1,0,1,1,0.0,47.95219,0.0,191,191,0.0,102.040816,149.047648,102.040816,0.0,0.0,0.0,0,191.0,0.5,0.5,0.0,5,0.0,0.0
Xspedius,SM,1,B3,2,2,2,0,2,2,0.0,47.98915,0.0,194,194,0.0,4.201681,51.208513,4.201681,0.0,0.0,0.0,0,194,0.5,0.5,0.0,5,0.0,0.0
Xspedius,SM,1,B3,3,3,3,0,3,3,0.0,inf,0.0,165,165,0.0,2.73523,49.742062,2.73523,0.0,0.0,0.0,0,165,0.5,0.5,0.0,5,0.0,0.0
Xspedius,SM,1,B3,4,4,4,0,4,4,0.0,inf,0.0,143,143,0.0,6.896552,53.903384,6.896552,0.0,0.0,0.0,0,143,0.5,0.5,0.0,5,0.0,0.0
Xspedius,SM,1,B3,5,5,5,0,5,5,0.0,inf,0.0,173,173,0.0,5.235602,52.242434,5.235602,0.0,0.0,0.0,0,173,0.5,0.5,0.0,5,0.0,0.0
Xspedius,SM,1,B3,6,6,6,0,6,6,0.0,inf,0.0,202,202,0.0,6.535948,53.54278,6.535948,0.0,0.0,0.0,0,202,0.5,0.5,0.0,5,0.0,0.0
Xspedius,SM,1,B3,7,6,6,0,7->16->8->24->17->19->6,7->16->8->24->17->19->6,25.460938,inf,0.0,178,178,25.460938,6.535948,79.003717,6.535948,0.0,0.0,0.0,0,178,0.5,0.5,0.0,5,0.0,0.0
Xspedius,SM,1,B3,8,6,1,1,8->24->17->19->6,8->24->1,13.340761,inf,0.0,217,217,12.74496,102.040816,161.792609,102.040816,0.0,0.0,0.0,0,217,0.5,0.5,0.0,5,0.0,0.0
Xspedius,SM,1,B3,9,6,6,0,9->19->6,9->19->6,5.631367,inf,0.0,177,177,5.631367,6.535948,59.174147,6.535948,0.0,0.0,0.0,0,177.0,0.5,0.5,0.0,5,0.0,0.0
Xspedius,SM,1,B3,10,6,6,0,10->19->6,10->19->6,3.777003,inf,0.0,140,140,3.777003,6.535948,57.319782,6.535948,0.0,0.0,0.0,0,140,0.5,0.5,0.0,5,0.0,0.0
Xspedius,SM,1,B3,11,6,6,0,11->1->24->17->19->6,11->12->13->24->17->19->6,30.11589,inf,0.0,193,193,24.527001,6.535948,78.069781,6.535948,0.0,0.0,0.0,0,193,0.5,0.5,0.0,5,0.0,0.0
Xspedius,SM,1,B3,12,6,2,1,12->13->24->17->19->6,12->11->1->2,19.631232,inf,0.0,207,207,22.844245,4.201681,74.052758,4.201681,0.0,0.0,0.0,0,207,0.5,0.5,0.0,5,0.0,0.0
Xspedius,SM,1,B3,13,6,6,0,13->24->17->19->6,13->24->17->19->6,16.57087,inf,0.0,169,169,16.57087,6.535948,70.11365,6.535948,0.0,0.0,0.0,0,169,0.5,0.5,0.0,5,0.0,0.0
Xspedius,SM,1,B3,14,5,5,0,14->25->34->9->5,14->33->34->9->5,14.911306,inf,0.0,206,206,12.602853,5.235602,64.845287,5.235602,0.0,0.0,0.0,0,206,0.5,0.5,0.0,5,0.0,0.0
Xspedius,SM,1,B3,15,5,5,0,15->24->8->5,15->24->8->5,13.628753,inf,0.0,129,129,13.628753,5.235602,65.871187,5.235602,0.0,0.0,0.0,0,129,0.5,0.5,0.0,5,0.0,0.0
Xspedius,SM,1,B3,16,5,5,0,16->8->5,16->8->5,9.458309,inf,0.0,206,206,9.458309,5.235602,61.700743,5.235602,0.0,0.0,0.0,0,206,0.5,0.5,0.0,5,0.0,0.0
Xspedius,SM,1,B3,17,5,5,0,17->24->8->5,17->24->8->5,8.878987,inf,0.0,114,114,8.878987,5.235602,61.121421,5.235602,0.0,0.0,0.0,0,114.0,0.5,0.5,0.0,5,0.0,0.0
Xspedius,SM,1,B3,18,5,2,1,18->24->8->5,18->24->1->2,8.977916,inf,0.0,170,170,18.633661,4.201681,69.842174,4.201681,0.0,0.0,0.0,0,170,0.5,0.5,0.0,5,0.0,0.0
Xspedius,SM,1,B3,19,5,5,0,19->9->5,19->9->5,9.252448,inf,0.0,193,193,9.252448,5.235602,61.494883,5.235602,0.0,0.0,0.0,0,193.0,0.5,0.5,0.0,5,0.0,0.0
Xspedius,SM,1,B3,20,5,1,1,20->18->24->8->5,20->18->24->1,11.463621,inf,0.0,226,226,14.122988,102.040816,163.170636,102.040816,0.0,0.0,0.0,0,226,0.5,0.5,0.0,5,0.0,0.0
Xspedius,SM,1,B3,21,4,4,0,21->1->4,21->1->4,21.402425,inf,0.0,213,213,21.402425,6.896552,75.305808,6.896552,0.0,0.0,0.0,0,213,0.5,0.5,0.0,5,0.0,0.0
Xspedius,SM,1,B3,22,4,4,0,22->23->1->4,22->21->1->4,24.220173,inf,0.0,198,198,22.774202,6.896552,76.677585,6.896552,0.0,0.0,0.0,0,198,0.5,0.5,0.0,5,0.0,0.0
Xspedius,SM,1,B3,23,4,2,1,23->1->4,23->22->7->2,22.65367,inf,0.0,239,239,9.0797,4.201681,60.288212,4.201681,0.0,0.0,0.0,0,239,0.5,0.5,0.0,5,0.0,0.0
Xspedius,SM,1,B3,24,4,1,1,24->32->3->4,24->1,19.592704,inf,0.0,177,177,9.283996,102.040816,158.331644,102.040816,0.0,0.0,0.0,0,177.0,0.5,0.5,0.0,5,0.0,0.0
Xspedius,SM,1,B3,25,4,4,0,25->32->3->4,25->32->3->4,7.979738,inf,0.0,160,160,7.979738,6.896552,61.883121,6.896552,0.0,0.0,0.0,0,160,0.5,0.5,0.0,5,0.0,0.0
Xspedius,SM,1,B3,26,4,4,0,26->32->3->4,26->32->3->4,12.666115,inf,0.0,160,160,12.666115,6.896552,66.569499,6.896552,0.0,0.0,0.0,0,160,0.5,0.5,0.0,5,0.0,0.0
Xspedius,SM,1,B3,27,4,4,0,27->28->4,27->28->4,18.414973,inf,0.0,193,193,18.414973,6.896552,72.318356,6.896552,0.0,0.0,0.0,0,193,0.5,0.5,0.0,5,0.0,0.0
Xspedius,SM,1,B3,28,3,1,1,28->4->3,28->4->1,12.334095,inf,0.0,197,197,24.371587,102.040816,173.419236,102.040816,0.0,0.0,0.0,0,197,0.5,0.5,0.0,5,0.0,0.0
Xspedius,SM,1,B3,29,3,3,0,29->31->32->3,29->31->32->3,16.388001,inf,0.0,203,203,16.388001,2.73523,66.130063,2.73523,0.0,0.0,0.0,0,203,0.5,0.5,0.0,5,0.0,0.0
Xspedius,SM,1,B3,30,3,3,0,30->31->32->3,30->31->32->3,16.922658,inf,0.0,222,222,16.922658,2.73523,66.66472,2.73523,0.0,0.0,0.0,0,222,0.5,0.5,0.0,5,0.0,0.0
Xspedius,SM,1,B3,31,3,3,0,31->32->3,31->32->3,12.696162,inf,0.0,146,146,12.696162,2.73523,62.438223,2.73523,0.0,0.0,0.0,0,146,0.5,0.5,0.0,5,0.0,0.0
Xspedius,SM,1,B3,32,3,3,0,32->3,32->3,3.994249,inf,0.0,188,188,3.994249,2.73523,53.736311,2.73523,0.0,0.0,0.0,0,188,0.5,0.5,0.0,5,0.0,0.0
Xspedius,SM,1,B3,33,3,1,1,33->31->32->3,33->34->9->19->17->24->1,20.78501,inf,0.0,231,231,24.790807,102.040816,173.838456,102.040816,0.0,0.0,0.0,0,231,0.5,0.5,0.0,5,0.0,0.0
Xspedius,SM,1,B3,34,3,2,1,34->25->32->3,34->9->5->8->16->7->2,8.099523,inf,0.0,164,164,24.809925,4.201681,76.018438,4.201681,0.0,0.0,0.0,0,164.0,0.5,0.5,0.0,5,0.0,0.0
Xspedius,SM,1,MCF_ARC,1,1,1,0,1,1,0.0,47.95219,0.0,191,191,0.0,4.92473,51.662326,4.655493,0.0,0.0,0.0,0,191.0,0.5,0.5,0.0,5,0.0,0.0
Xspedius,SM,1,MCF_ARC,2,2,2,0,2,2,0.0,47.98915,0.0,194,194,0.0,1.717881,48.713317,1.706485,0.0,0.0,0.0,0,194,0.5,0.5,0.0,5,0.0,0.0
Xspedius,SM,1,MCF_ARC,3,3,3,0,3,3,0.0,inf,0.0,165,165,0.0,13.728532,58.968555,11.961722,0.0,0.0,0.0,0,165,0.5,0.5,0.0,5,0.0,0.0
Xspedius,SM,1,MCF_ARC,4,4,4,0,4,4,0.0,inf,0.0,143,143,0.0,15.616221,61.499586,14.492754,0.0,0.0,0.0,0,143,0.5,0.5,0.0,5,0.0,0.0
Xspedius,SM,1,MCF_ARC,5,5,5,0,5,5,0.0,inf,0.0,173,173,0.0,13.718874,58.501085,11.494253,0.0,0.0,0.0,0,173,0.5,0.5,0.0,5,0.0,0.0
Xspedius,SM,1,MCF_ARC,6,6,6,0,6,6,0.0,inf,0.0,202,202,0.0,16.354079,63.135864,16.129032,0.0,0.0,0.0,0,202,0.5,0.5,0.0,5,0.0,0.0
Xspedius,SM,1,MCF_ARC,7,6,6,0,7->16->8->24->17->19->6,7->22->21->1->24->17->19->6,25.460938,inf,0.0,178,178,32.752399,16.354079,95.888263,16.129032,0.0,0.0,0.0,0,178,0.5,0.5,0.0,5,0.0,0.0
Xspedius,SM,1,MCF_ARC,8,6,6,0,8->24->17->19->6,8->24->17->19->6,13.340761,inf,0.0,217,217,13.340761,16.354079,76.476625,16.129032,0.0,0.0,0.0,0,217,0.5,0.5,0.0,5,0.0,0.0
Xspedius,SM,1,MCF_ARC,9,6,6,0,9->19->6,9->19->6,5.631367,inf,0.0,177,177,5.631367,16.354079,68.767231,16.129032,0.0,0.0,0.0,0,177.0,0.5,0.5,0.0,5,0.0,0.0
Xspedius,SM,1,MCF_ARC,10,6,5,1,10->19->6,10->19->9->5,3.777003,inf,0.0,140,140,10.42839,13.718874,68.929475,11.494253,0.0,0.0,0.0,0,140,0.5,0.5,0.0,5,0.0,0.0
Xspedius,SM,1,MCF_ARC,11,6,1,1,11->1->24->17->19->6,11->1,30.11589,inf,0.0,193,193,10.952098,4.92473,62.614423,4.655493,0.0,0.0,0.0,0,193,0.5,0.5,0.0,5,0.0,0.0
Xspedius,SM,1,MCF_ARC,12,6,6,0,12->13->24->17->19->6,12->13->24->17->19->6,19.631232,inf,0.0,207,207,19.631232,16.354079,82.767096,16.129032,0.0,0.0,0.0,0,207,0.5,0.5,0.0,5,0.0,0.0
Xspedius,SM,1,MCF_ARC,13,6,6,0,13->24->17->19->6,13->24->17->19->6,16.57087,inf,0.0,169,169,16.57087,16.354079,79.706734,16.129032,0.0,0.0,0.0,0,169,0.5,0.5,0.0,5,0.0,0.0
Xspedius,SM,1,MCF_ARC,14,5,5,0,14->25->34->9->5,14->33->34->9->5,14.911306,inf,0.0,206,206,12.602853,13.718874,71.103938,11.494253,0.0,0.0,0.0,0,206,0.5,0.5,0.0,5,0.0,0.0
Xspedius,SM,1,MCF_ARC,15,5,5,0,15->24->8->5,15->24->8->5,13.628753,inf,0.0,129,129,13.628753,13.718874,72.129838,11.494253,0.0,0.0,0.0,0,129,0.5,0.5,0.0,5,0.0,0.0
Xspedius,SM,1,MCF_ARC,16,5,2,1,16->8->5,16->7->2,9.458309,inf,0.0,206,206,6.987413,1.717881,55.70073,1.706485,0.0,0.0,0.0,0,206,0.5,0.5,0.0,5,0.0,0.0
Xspedius,SM,1,MCF_ARC,17,5,5,0,17->24->8->5,17->24->8->5,8.878987,inf,0.0,114,114,8.878987,13.718874,67.380072,11.494253,0.0,0.0,0.0,0,114.0,0.5,0.5,0.0,5,0.0,0.0
Xspedius,SM,1,MCF_ARC,18,5,5,0,18->24->8->5,18->24->8->5,8.977916,inf,0.0,170,170,8.977916,13.718874,67.479001,11.494253,0.0,0.0,0.0,0,170,0.5,0.5,0.0,5,0.0,0.0
Xspedius,SM,1,MCF_ARC,19,5,5,0,19->9->5,19->17->24->8->5,9.252448,inf,0.0,193,193,13.903365,13.718874,72.40445,11.494253,0.0,0.0,0.0,0,193.0,0.5,0.5,0.0,5,0.0,0.0
Xspedius,SM,1,MCF_ARC,20,5,2,1,20->18->24->8->5,20->18->24->1->2,11.463621,inf,0.0,226,226,21.119366,1.717881,69.832683,1.706485,0.0,0.0,0.0,0,226,0.5,0.5,0.0,5,0.0,0.0
Xspedius,SM,1,MCF_ARC,21,4,1,1,21->1->4,21->1,21.402425,inf,0.0,213,213,5.865512,4.92473,57.527837,4.655493,0.0,0.0,0.0,0,213,0.5,0.5,0.0,5,0.0,0.0
Xspedius,SM,1,MCF_ARC,22,4,1,1,22->23->1->4,22->21->1,24.220173,inf,0.0,198,198,7.237289,4.92473,58.899614,4.655493,0.0,0.0,0.0,0,198,0.5,0.5,0.0,5,0.0,0.0
Xspedius,SM,1,MCF_ARC,23,4,1,1,23->1->4,23->1,22.65367,inf,0.0,239,239,7.116757,4.92473,58.779083,4.655493,0.0,0.0,0.0,0,239,0.5,0.5,0.0,5,0.0,0.0
Xspedius,SM,1,MCF_ARC,24,4,4,0,24->32->3->4,24->32->3->4,19.592704,inf,0.0,177,177,19.592704,15.616221,81.09229,14.492754,0.0,0.0,0.0,0,177.0,0.5,0.5,0.0,5,0.0,0.0
Xspedius,SM,1,MCF_ARC,25,4,4,0,25->32->3->4,25->32->3->4,7.979738,inf,0.0,160,160,7.979738,15.616221,69.479323,14.492754,0.0,0.0,0.0,0,160,0.5,0.5,0.0,5,0.0,0.0
Xspedius,SM,1,MCF_ARC,26,4,4,0,26->32->3->4,26->32->3->4,12.666115,inf,0.0,160,160,12.666115,15.616221,74.165701,14.492754,0.0,0.0,0.0,0,160,0.5,0.5,0.0,5,0.0,0.0
Xspedius,SM,1,MCF_ARC,27,4,4,0,27->28->4,27->28->4,18.414973,inf,0.0,193,193,18.414973,15.616221,79.914558,14.492754,0.0,0.0,0.0,0,193,0.5,0.5,0.0,5,0.0,0.0
Xspedius,SM,1,MCF_ARC,28,3,3,0,28->4->3,28->4->3,12.334095,inf,0.0,197,197,12.334095,13.728532,71.30265,11.961722,0.0,0.0,0.0,0,197,0.5,0.5,0.0,5,0.0,0.0
Xspedius,SM,1,MCF_ARC,29,3,3,0,29->31->32->3,29->31->32->3,16.388001,inf,0.0,203,203,16.388001,13.728532,75.356556,11.961722,0.0,0.0,0.0,0,203,0.5,0.5,0.0,5,0.0,0.0
Xspedius,SM,1,MCF_ARC,30,3,3,0,30->31->32->3,30->31->32->3,16.922658,inf,0.0,222,222,16.922658,13.728532,75.891213,11.961722,0.0,0.0,0.0,0,222,0.5,0.5,0.0,5,0.0,0.0
Xspedius,SM,1,MCF_ARC,31,3,4,1,31->32->3,31->32->3->4,12.696162,inf,0.0,146,146,16.195582,15.616221,77.695168,14.492754,0.0,0.0,0.0,0,146,0.5,0.5,0.0,5,0.0,0.0
Xspedius,SM,1,MCF_ARC,32,3,3,0,32->3,32->3,3.994249,inf,0.0,188,188,3.994249,13.728532,62.962804,11.961722,0.0,0.0,0.0,0,188,0.5,0.5,0.0,5,0.0,0.0
Xspedius,SM,1,MCF_ARC,33,3,3,0,33->31->32->3,33->14->25->32->3,20.78501,inf,0.0,231,231,8.591154,13.728532,67.559708,11.961722,0.0,0.0,0.0,0,231,0.5,0.5,0.0,5,0.0,0.0
Xspedius,SM,1,MCF_ARC,34,3,4,1,34->25->32->3,34->25->32->3->4,8.099523,inf,0.0,164,164,11.598943,15.616221,73.098529,14.492754,0.0,0.0,0.0,0,164.0,0.5,0.5,0.0,5,0.0,0.0
Xspedius,SM,2,B1,1,1,1,0,1,,0.0,48.012666,0.0,185,185,0.0,4.945598,51.952431,4.945598,0.0,0.0,0.0,0,185.0,0.5,0.5,0.0,5,0.0,0.0
Xspedius,SM,2,B1,2,2,2,0,2,,0.0,48.18358,0.0,153,153,0.0,1.582779,48.589611,1.582779,0.0,0.0,0.0,0,153,0.5,0.5,0.0,5,0.0,0.0
Xspedius,SM,2,B1,3,3,3,0,3,,0.0,inf,0.0,218,218,0.0,39.68254,86.689372,39.68254,0.0,0.0,0.0,0,218,0.5,0.5,0.0,5,0.0,0.0
Xspedius,SM,2,B1,4,4,4,0,4,,0.0,inf,0.0,177,177,0.0,16.07717,63.084003,16.07717,0.0,0.0,0.0,0,177,0.5,0.5,0.0,5,0.0,0.0
Xspedius,SM,2,B1,5,5,5,0,5,,0.0,inf,0.0,202,202,0.0,9.67118,56.678012,9.67118,0.0,0.0,0.0,0,202,0.5,0.5,0.0,5,0.0,0.0
Xspedius,SM,2,B1,6,6,6,0,6,,0.0,inf,0.0,161,161,0.0,98.039216,145.046048,98.039216,0.0,0.0,0.0,0,161,0.5,0.5,0.0,5,0.0,0.0
Xspedius,SM,2,B1,7,6,6,0,7->16->8->24->32->25->6,,34.408538,inf,0.0,157,157,25.460938,98.039216,170.506985,98.039216,0.0,0.0,0.0,0,157,0.5,0.5,0.0,5,0.0,0.0
Xspedius,SM,2,B1,8,6,6,0,8->24->17->19->6,,13.340761,inf,0.0,178,178,13.340761,98.039216,158.386809,98.039216,0.0,0.0,0.0,0,178,0.5,0.5,0.0,5,0.0,0.0
Xspedius,SM,2,B1,9,6,6,0,9->19->6,,5.631367,inf,0.0,161,161,5.631367,98.039216,150.677415,98.039216,0.0,0.0,0.0,0,161.0,0.5,0.5,0.0,5,0.0,0.0
Xspedius,SM,2,B1,10,6,6,0,10->19->6,,3.777003,inf,0.0,166,166,3.777003,98.039216,148.82305,98.039216,0.0,0.0,0.0,0,166,0.5,0.5,0.0,5,0.0,0.0
Xspedius,SM,2,B1,11,6,1,1,11->12->13->24->17->19->6,,24.527001,inf,0.0,243,243,10.952098,4.945598,62.904528,4.945598,0.0,0.0,0.0,0,243,0.5,0.5,0.0,5,0.0,0.0
Xspedius,SM,2,B1,12,6,6,0,12->13->24->17->19->6,,19.631232,inf,0.0,180,180,19.631232,98.039216,164.67728,98.039216,0.0,0.0,0.0,0,180,0.5,0.5,0.0,5,0.0,0.0
Xspedius,SM,2,B1,13,6,6,0,13->24->17->19->6,,16.57087,inf,0.0,166,166,16.57087,98.039216,161.616918,98.039216,0.0,0.0,0.0,0,166,0.5,0.5,0.0,5,0.0,0.0
Xspedius,SM,2,B1,14,5,5,0,14->33->34->9->5,,12.602853,inf,0.0,175,175,12.602853,9.67118,69.280865,9.67118,0.0,0.0,0.0,0,175,0.5,0.5,0.0,5,0.0,0.0
Xspedius,SM,2,B1,15,5,5,0,15->24->8->5,,13.628753,inf,0.0,197,197,13.628753,9.67118,70.306765,9.67118,0.0,0.0,0.0,0,197,0.5,0.5,0.0,5,0.0,0.0
Xspedius,SM,2,B1,16,5,2,1,16->8->5,,9.458309,inf,0.0,218,218,6.987413,1.582779,55.577024,1.582779,0.0,0.0,0.0,0,218,0.5,0.5,0.0,5,0.0,0.0
Xspedius,SM,2,B1,17,5,5,0,17->24->8->5,,8.878987,inf,0.0,166,166,8.878987,9.67118,65.556999,9.67118,0.0,0.0,0.0,0,166.0,0.5,0.5,0.0,5,0.0,0.0
Xspedius,SM,2,B1,18,5,5,0,18->24->8->5,,8.977916,inf,0.0,209,209,8.977916,9.67118,65.655928,9.67118,0.0,0.0,0.0,0,209,0.5,0.5,0.0,5,0.0,0.0
Xspedius,SM,2,B1,19,5,5,0,19->9->5,,9.252448,inf,0.0,154,154,9.252448,9.67118,65.93046,9.67118,0.0,0.0,0.0,0,154.0,0.5,0.5,0.0,5,0.0,0.0
Xspedius,SM,2,B1,20,4,1,1,20->18->24->32->3->4,,24.431696,inf,0.0,245,245,14.122988,4.945598,66.075418,4.945598,0.0,0.0,0.0,0,245,0.5,0.5,0.0,5,0.0,0.0
Xspedius,SM,2,B1,21,5,1,1,21->1->24->8->5,,21.774137,inf,0.0,130,130,5.865512,4.945598,57.817942,4.945598,0.0,0.0,0.0,0,130,0.5,0.5,0.0,5,0.0,0.0
Xspedius,SM,2,B1,22,4,1,1,22->21->1->4,,22.774202,inf,0.0,174,174,7.237289,4.945598,59.189719,4.945598,0.0,0.0,0.0,0,174,0.5,0.5,0.0,5,0.0,0.0
Xspedius,SM,2,B1,23,4,4,0,23->1->4,,22.65367,inf,0.0,152,152,22.65367,16.07717,85.737673,16.07717,0.0,0.0,0.0,0,152,0.5,0.5,0.0,5,0.0,0.0
Xspedius,SM,2,B1,24,4,4,0,24->32->3->4,,19.592704,inf,0.0,159,159,19.592704,16.07717,82.676707,16.07717,0.0,0.0,0.0,0,159.0,0.5,0.5,0.0,5,0.0,0.0
Xspedius,SM,2,B1,25,4,4,0,25->32->3->4,,7.979738,inf,0.0,167,167,7.979738,16.07717,71.06374,16.07717,0.0,0.0,0.0,0,167,0.5,0.5,0.0,5,0.0,0.0
Xspedius,SM,2,B1,26,4,4,0,26->32->3->4,,12.666115,inf,0.0,160,160,12.666115,16.07717,75.750118,16.07717,0.0,0.0,0.0,0,160,0.5,0.5,0.0,5,0.0,0.0
Xspedius,SM,2,B1,27,4,4,0,27->28->4,,18.414973,inf,0.0,180,180,18.414973,16.07717,81.498975,16.07717,0.0,0.0,0.0,0,180,0.5,0.5,0.0,5,0.0,0.0
Xspedius,SM,2,B1,28,3,3,0,28->4->3,,12.334095,inf,0.0,197,197,12.334095,39.68254,99.023467,39.68254,0.0,0.0,0.0,0,197,0.5,0.5,0.0,5,0.0,0.0
Xspedius,SM,2,B1,29,3,4,1,29->31->32->3,,16.388001,inf,0.0,122,122,13.303064,16.07717,76.387067,16.07717,0.0,0.0,0.0,0,122,0.5,0.5,0.0,5,0.0,0.0
Xspedius,SM,2,B1,30,3,3,0,30->31->32->3,,16.922658,inf,0.0,219,219,16.922658,39.68254,103.61203,39.68254,0.0,0.0,0.0,0,219,0.5,0.5,0.0,5,0.0,0.0
Xspedius,SM,2,B1,31,3,3,0,31->32->3,,12.696162,inf,0.0,183,183,12.696162,39.68254,99.385533,39.68254,0.0,0.0,0.0,0,183,0.5,0.5,0.0,5,0.0,0.0
Xspedius,SM,2,B1,32,3,3,0,32->3,,3.994249,inf,0.0,171,171,3.994249,39.68254,90.683621,39.68254,0.0,0.0,0.0,0,171,0.5,0.5,0.0,5,0.0,0.0
Xspedius,SM,2,B1,33,3,3,0,33->31->32->3,,20.78501,inf,0.0,166,166,8.591154,39.68254,95.280526,39.68254,0.0,0.0,0.0,0,166,0.5,0.5,0.0,5,0.0,0.0
Xspedius,SM,2,B1,34,2,2,0,34->9->5->8->16->7->2,,24.809925,72.993505,0.0,222,222,24.809925,1.582779,73.399537,1.582779,0.0,0.0,0.0,0,222.0,0.5,0.5,0.0,5,0.0,0.0
Xspedius,SM,2,B3,1,1,1,0,1,1,0.0,48.012666,0.0,185,185,0.0,6.98324,53.990072,6.98324,0.0,0.0,0.0,0,185.0,0.5,0.5,0.0,5,0.0,0.0
Xspedius,SM,2,B3,2,2,2,0,2,2,0.0,48.18358,0.0,153,153,0.0,5.787037,52.793869,5.787037,0.0,0.0,0.0,0,153,0.5,0.5,0.0,5,0.0,0.0
Xspedius,SM,2,B3,3,3,3,0,3,3,0.0,inf,0.0,218,218,0.0,4.873294,51.880126,4.873294,0.0,0.0,0.0,0,218,0.5,0.5,0.0,5,0.0,0.0
Xspedius,SM,2,B3,4,4,4,0,4,4,0.0,inf,0.0,177,177,0.0,6.165228,53.17206,6.165228,0.0,0.0,0.0,0,177,0.5,0.5,0.0,5,0.0,0.0
Xspedius,SM,2,B3,5,5,5,0,5,5,0.0,inf,0.0,202,202,0.0,5.482456,52.489288,5.482456,0.0,0.0,0.0,0,202,0.5,0.5,0.0,5,0.0,0.0
Xspedius,SM,2,B3,6,6,6,0,6,6,0.0,inf,0.0,161,161,0.0,5.910165,52.916998,5.910165,0.0,0.0,0.0,0,161,0.5,0.5,0.0,5,0.0,0.0
Xspedius,SM,2,B3,7,6,6,0,7->16->8->24->32->25->6,7->16->8->24->17->19->6,34.408538,inf,0.0,157,157,25.460938,5.910165,78.377935,5.910165,0.0,0.0,0.0,0,157,0.5,0.5,0.0,5,0.0,0.0
Xspedius,SM,2,B3,8,6,1,1,8->24->17->19->6,8->24->1,13.340761,inf,0.0,178,178,12.74496,6.98324,66.735033,6.98324,0.0,0.0,0.0,0,178,0.5,0.5,0.0,5,0.0,0.0
Xspedius,SM,2,B3,9,6,6,0,9->19->6,9->19->6,5.631367,inf,0.0,161,161,5.631367,5.910165,58.548364,5.910165,0.0,0.0,0.0,0,161.0,0.5,0.5,0.0,5,0.0,0.0
Xspedius,SM,2,B3,10,6,6,0,10->19->6,10->19->6,3.777003,inf,0.0,166,166,3.777003,5.910165,56.694,5.910165,0.0,0.0,0.0,0,166,0.5,0.5,0.0,5,0.0,0.0
Xspedius,SM,2,B3,11,6,6,0,11->12->13->24->17->19->6,11->12->13->24->17->19->6,24.527001,inf,0.0,243,243,24.527001,5.910165,77.443998,5.910165,0.0,0.0,0.0,0,243,0.5,0.5,0.0,5,0.0,0.0
Xspedius,SM,2,B3,12,6,2,1,12->13->24->17->19->6,12->11->1->2,19.631232,inf,0.0,180,180,22.844245,5.787037,75.638114,5.787037,0.0,0.0,0.0,0,180,0.5,0.5,0.0,5,0.0,0.0
Xspedius,SM,2,B3,13,6,3,1,13->24->17->19->6,13->24->32->3,16.57087,inf,0.0,166,166,22.784358,4.873294,74.664484,4.873294,0.0,0.0,0.0,0,166,0.5,0.5,0.0,5,0.0,0.0
Xspedius,SM,2,B3,14,5,5,0,14->33->34->9->5,14->33->34->9->5,12.602853,inf,0.0,175,175,12.602853,5.482456,65.092141,5.482456,0.0,0.0,0.0,0,175,0.5,0.5,0.0,5,0.0,0.0
Xspedius,SM,2,B3,15,5,5,0,15->24->8->5,15->24->8->5,13.628753,inf,0.0,197,197,13.628753,5.482456,66.118042,5.482456,0.0,0.0,0.0,0,197,0.5,0.5,0.0,5,0.0,0.0
Xspedius,SM,2,B3,16,5,2,1,16->8->5,16->7->2,9.458309,inf,0.0,218,218,6.987413,5.787037,59.781282,5.787037,0.0,0.0,0.0,0,218,0.5,0.5,0.0,5,0.0,0.0
Xspedius,SM,2,B3,17,5,5,0,17->24->8->5,17->24->8->5,8.878987,inf,0.0,166,166,8.878987,5.482456,61.368275,5.482456,0.0,0.0,0.0,0,166.0,0.5,0.5,0.0,5,0.0,0.0
Xspedius,SM,2,B3,18,5,1,1,18->24->8->5,18->24->1,8.977916,inf,0.0,209,209,11.637283,6.98324,65.627355,6.98324,0.0,0.0,0.0,0,209,0.5,0.5,0.0,5,0.0,0.0
Xspedius,SM,2,B3,19,5,5,0,19->9->5,19->9->5,9.252448,inf,0.0,154,154,9.252448,5.482456,61.741737,5.482456,0.0,0.0,0.0,0,154.0,0.5,0.5,0.0,5,0.0,0.0
Xspedius,SM,2,B3,20,4,1,1,20->18->24->32->3->4,20->18->24->1,24.431696,inf,0.0,245,245,14.122988,6.98324,68.11306,6.98324,0.0,0.0,0.0,0,245,0.5,0.5,0.0,5,0.0,0.0
Xspedius,SM,2,B3,21,5,5,0,21->1->24->8->5,21->1->24->8->5,21.774137,inf,0.0,130,130,21.774137,5.482456,74.263426,5.482456,0.0,0.0,0.0,0,130,0.5,0.5,0.0,5,0.0,0.0
Xspedius,SM,2,B3,22,4,4,0,22->21->1->4,22->21->1->4,22.774202,inf,0.0,174,174,22.774202,6.165228,75.946262,6.165228,0.0,0.0,0.0,0,174,0.5,0.5,0.0,5,0.0,0.0
Xspedius,SM,2,B3,23,4,2,1,23->1->4,23->22->7->2,22.65367,inf,0.0,152,152,9.0797,5.787037,61.873569,5.787037,0.0,0.0,0.0,0,152,0.5,0.5,0.0,5,0.0,0.0
Xspedius,SM,2,B3,24,4,4,0,24->32->3->4,24->32->3->4,19.592704,inf,0.0,159,159,19.592704,6.165228,72.764765,6.165228,0.0,0.0,0.0,0,159.0,0.5,0.5,0.0,5,0.0,0.0
Xspedius,SM,2,B3,25,4,4,0,25->32->3->4,25->32->3->4,7.979738,inf,0.0,167,167,7.979738,6.165228,61.151798,6.165228,0.0,0.0,0.0,0,167,0.5,0.5,0.0,5,0.0,0.0
Xspedius,SM,2,B3,26,4,4,0,26->32->3->4,26->32->3->4,12.666115,inf,0.0,160,160,12.666115,6.165228,65.838176,6.165228,0.0,0.0,0.0,0,160,0.5,0.5,0.0,5,0.0,0.0
Xspedius,SM,2,B3,27,4,4,0,27->28->4,27->28->4,18.414973,inf,0.0,180,180,18.414973,6.165228,71.587033,6.165228,0.0,0.0,0.0,0,180,0.5,0.5,0.0,5,0.0,0.0
Xspedius,SM,2,B3,28,3,3,0,28->4->3,28->4->3,12.334095,inf,0.0,197,197,12.334095,4.873294,64.214222,4.873294,0.0,0.0,0.0,0,197,0.5,0.5,0.0,5,0.0,0.0
Xspedius,SM,2,B3,29,3,6,1,29->31->32->3,29->31->32->25->6,16.388001,inf,0.0,122,122,19.122114,5.910165,72.039112,5.910165,0.0,0.0,0.0,0,122,0.5,0.5,0.0,5,0.0,0.0
Xspedius,SM,2,B3,30,3,1,1,30->31->32->3,30->31->32->24->1,16.922658,inf,0.0,219,219,34.31144,6.98324,88.301512,6.98324,0.0,0.0,0.0,0,219,0.5,0.5,0.0,5,0.0,0.0
Xspedius,SM,2,B3,31,3,2,1,31->32->3,31->33->34->9->5->8->16->7->2,12.696162,inf,0.0,183,183,35.954483,5.787037,88.748352,5.787037,0.0,0.0,0.0,0,183,0.5,0.5,0.0,5,0.0,0.0
Xspedius,SM,2,B3,32,3,3,0,32->3,32->3,3.994249,inf,0.0,171,171,3.994249,4.873294,55.874375,4.873294,0.0,0.0,0.0,0,171,0.5,0.5,0.0,5,0.0,0.0
Xspedius,SM,2,B3,33,3,2,1,33->31->32->3,33->34->9->5->8->16->7->2,20.78501,inf,0.0,166,166,27.865634,5.787037,80.659503,5.787037,0.0,0.0,0.0,0,166,0.5,0.5,0.0,5,0.0,0.0
Xspedius,SM,2,B3,34,2,3,1,34->9->5->8->16->7->2,34->25->32->3,24.809925,72.993505,0.0,222,222,8.099523,4.873294,59.979649,4.873294,0.0,0.0,0.0,0,222.0,0.5,0.5,0.0,5,0.0,0.0
Xspedius,SM,2,MCF_ARC,1,1,1,0,1,1,0.0,48.012666,0.0,185,185,0.0,10.920827,55.840754,8.833922,0.0,0.0,0.0,0,185.0,0.5,0.5,0.0,5,0.0,0.0
Xspedius,SM,2,MCF_ARC,2,2,2,0,2,2,0.0,48.18358,0.0,153,153,0.0,1.587116,48.589611,1.582779,0.0,0.0,0.0,0,153,0.5,0.5,0.0,5,0.0,0.0
Xspedius,SM,2,MCF_ARC,3,3,3,0,3,3,0.0,inf,0.0,218,218,0.0,16.377158,62.583156,15.576324,0.0,0.0,0.0,0,218,0.5,0.5,0.0,5,0.0,0.0
Xspedius,SM,2,MCF_ARC,4,4,4,0,4,4,0.0,inf,0.0,177,177,0.0,16.599865,63.084003,16.07717,0.0,0.0,0.0,0,177,0.5,0.5,0.0,5,0.0,0.0
Xspedius,SM,2,MCF_ARC,5,5,5,0,5,5,0.0,inf,0.0,202,202,0.0,11.99501,56.678012,9.67118,0.0,0.0,0.0,0,202,0.5,0.5,0.0,5,0.0,0.0
Xspedius,SM,2,MCF_ARC,6,6,6,0,6,6,0.0,inf,0.0,161,161,0.0,16.822573,63.618128,16.611296,0.0,0.0,0.0,0,161,0.5,0.5,0.0,5,0.0,0.0
Xspedius,SM,2,MCF_ARC,7,6,6,0,7->16->8->24->32->25->6,7->16->8->24->17->19->6,34.408538,inf,0.0,157,157,25.460938,16.822573,89.079065,16.611296,0.0,0.0,0.0,0,157,0.5,0.5,0.0,5,0.0,0.0
Xspedius,SM,2,MCF_ARC,8,6,6,0,8->24->17->19->6,8->24->17->19->6,13.340761,inf,0.0,178,178,13.340761,16.822573,76.958888,16.611296,0.0,0.0,0.0,0,178,0.5,0.5,0.0,5,0.0,0.0
Xspedius,SM,2,MCF_ARC,9,6,6,0,9->19->6,9->19->6,5.631367,inf,0.0,161,161,5.631367,16.822573,69.249495,16.611296,0.0,0.0,0.0,0,161.0,0.5,0.5,0.0,5,0.0,0.0
Xspedius,SM,2,MCF_ARC,10,6,6,0,10->19->6,10->19->6,3.777003,inf,0.0,166,166,3.777003,16.822573,67.39513,16.611296,0.0,0.0,0.0,0,166,0.5,0.5,0.0,5,0.0,0.0
Xspedius,SM,2,MCF_ARC,11,6,1,1,11->12->13->24->17->19->6,11->1,24.527001,inf,0.0,243,243,10.952098,10.920827,66.792852,8.833922,0.0,0.0,0.0,0,243,0.5,0.5,0.0,5,0.0,0.0
Xspedius,SM,2,MCF_ARC,12,6,3,1,12->13->24->17->19->6,12->13->24->32->3,19.631232,inf,0.0,180,180,25.844719,16.377158,88.427876,15.576324,0.0,0.0,0.0,0,180,0.5,0.5,0.0,5,0.0,0.0
Xspedius,SM,2,MCF_ARC,13,6,6,0,13->24->17->19->6,13->24->17->19->6,16.57087,inf,0.0,166,166,16.57087,16.822573,80.188998,16.611296,0.0,0.0,0.0,0,166,0.5,0.5,0.0,5,0.0,0.0
Xspedius,SM,2,MCF_ARC,14,5,5,0,14->33->34->9->5,14->33->34->9->5,12.602853,inf,0.0,175,175,12.602853,11.99501,69.280865,9.67118,0.0,0.0,0.0,0,175,0.5,0.5,0.0,5,0.0,0.0
Xspedius,SM,2,MCF_ARC,15,5,5,0,15->24->8->5,15->24->8->5,13.628753,inf,0.0,197,197,13.628753,11.99501,70.306765,9.67118,0.0,0.0,0.0,0,197,0.5,0.5,0.0,5,0.0,0.0
Xspedius,SM,2,MCF_ARC,16,5,2,1,16->8->5,16->7->2,9.458309,inf,0.0,218,218,6.987413,1.587116,55.577024,1.582779,0.0,0.0,0.0,0,218,0.5,0.5,0.0,5,0.0,0.0
Xspedius,SM,2,MCF_ARC,17,5,5,0,17->24->8->5,17->24->8->5,8.878987,inf,0.0,166,166,8.878987,11.99501,65.556999,9.67118,0.0,0.0,0.0,0,166.0,0.5,0.5,0.0,5,0.0,0.0
Xspedius,SM,2,MCF_ARC,18,5,5,0,18->24->8->5,18->24->8->5,8.977916,inf,0.0,209,209,8.977916,11.99501,65.655928,9.67118,0.0,0.0,0.0,0,209,0.5,0.5,0.0,5,0.0,0.0
Xspedius,SM,2,MCF_ARC,19,5,5,0,19->9->5,19->9->5,9.252448,inf,0.0,154,154,9.252448,11.99501,65.93046,9.67118,0.0,0.0,0.0,0,154.0,0.5,0.5,0.0,5,0.0,0.0
Xspedius,SM,2,MCF_ARC,20,4,1,1,20->18->24->32->3->4,20->18->24->1,24.431696,inf,0.0,245,245,14.122988,10.920827,69.963742,8.833922,0.0,0.0,0.0,0,245,0.5,0.5,0.0,5,0.0,0.0
Xspedius,SM,2,MCF_ARC,21,5,6,1,21->1->24->8->5,21->22->7->16->8->24->17->19->6,21.774137,inf,0.0,130,130,33.184032,16.822573,96.80216,16.611296,0.0,0.0,0.0,0,130,0.5,0.5,0.0,5,0.0,0.0
Xspedius,SM,2,MCF_ARC,22,4,1,1,22->21->1->4,22->21->1,22.774202,inf,0.0,174,174,7.237289,10.920827,63.078043,8.833922,0.0,0.0,0.0,0,174,0.5,0.5,0.0,5,0.0,0.0
Xspedius,SM,2,MCF_ARC,23,4,4,0,23->1->4,23->1->4,22.65367,inf,0.0,152,152,22.65367,16.599865,85.737673,16.07717,0.0,0.0,0.0,0,152,0.5,0.5,0.0,5,0.0,0.0
Xspedius,SM,2,MCF_ARC,24,4,4,0,24->32->3->4,24->32->3->4,19.592704,inf,0.0,159,159,19.592704,16.599865,82.676707,16.07717,0.0,0.0,0.0,0,159.0,0.5,0.5,0.0,5,0.0,0.0
Xspedius,SM,2,MCF_ARC,25,4,4,0,25->32->3->4,25->32->3->4,7.979738,inf,0.0,167,167,7.979738,16.599865,71.06374,16.07717,0.0,0.0,0.0,0,167,0.5,0.5,0.0,5,0.0,0.0
Xspedius,SM,2,MCF_ARC,26,4,4,0,26->32->3->4,26->32->3->4,12.666115,inf,0.0,160,160,12.666115,16.599865,75.750118,16.07717,0.0,0.0,0.0,0,160,0.5,0.5,0.0,5,0.0,0.0
Xspedius,SM,2,MCF_ARC,27,4,4,0,27->28->4,27->28->4,18.414973,inf,0.0,180,180,18.414973,16.599865,81.498975,16.07717,0.0,0.0,0.0,0,180,0.5,0.5,0.0,5,0.0,0.0
Xspedius,SM,2,MCF_ARC,28,3,3,0,28->4->3,28->4->3,12.334095,inf,0.0,197,197,12.334095,16.377158,74.917251,15.576324,0.0,0.0,0.0,0,197,0.5,0.5,0.0,5,0.0,0.0
Xspedius,SM,2,MCF_ARC,29,3,4,1,29->31->32->3,29->28->4,16.388001,inf,0.0,122,122,13.303064,16.599865,76.387067,16.07717,0.0,0.0,0.0,0,122,0.5,0.5,0.0,5,0.0,0.0
Xspedius,SM,2,MCF_ARC,30,3,1,1,30->31->32->3,30->31->32->3->4->1,16.922658,inf,0.0,219,219,35.958991,10.920827,91.799746,8.833922,0.0,0.0,0.0,0,219,0.5,0.5,0.0,5,0.0,0.0
Xspedius,SM,2,MCF_ARC,31,3,3,0,31->32->3,31->32->3,12.696162,inf,0.0,183,183,12.696162,16.377158,75.279318,15.576324,0.0,0.0,0.0,0,183,0.5,0.5,0.0,5,0.0,0.0
Xspedius,SM,2,MCF_ARC,32,3,3,0,32->3,32->3,3.994249,inf,0.0,171,171,3.994249,16.377158,66.577405,15.576324,0.0,0.0,0.0,0,171,0.5,0.5,0.0,5,0.0,0.0
Xspedius,SM,2,MCF_ARC,33,3,3,0,33->31->32->3,33->14->25->32->3,20.78501,inf,0.0,166,166,8.591154,16.377158,71.17431,15.576324,0.0,0.0,0.0,0,166,0.5,0.5,0.0,5,0.0,0.0
Xspedius,SM,2,MCF_ARC,34,2,2,0,34->9->5->8->16->7->2,34->9->5->8->24->1->2,24.809925,72.993505,0.0,222,222,31.269208,1.587116,79.858819,1.582779,0.0,0.0,0.0,0,222.0,0.5,0.5,0.0,5,0.0,0.0
Xspedius,SM,3,B1,1,1,1,0,1,,0.0,47.997912,0.0,195,195,0.0,9.174312,56.181144,9.174312,0.0,0.0,0.0,0,195.0,0.5,0.5,0.0,5,0.0,0.0
Xspedius,SM,3,B1,2,2,2,0,2,,0.0,47.957402,0.0,152,152,0.0,1.420455,48.427287,1.420455,0.0,0.0,0.0,0,152,0.5,0.5,0.0,5,0.0,0.0
Xspedius,SM,3,B1,3,3,4,1,3,,0.0,inf,0.0,227,227,3.499421,84.745763,135.252015,84.745763,0.0,0.0,0.0,0,227,0.5,0.5,0.0,5,0.0,0.0
Xspedius,SM,3,B1,4,4,4,0,4,,0.0,inf,0.0,201,201,0.0,84.745763,131.752595,84.745763,0.0,0.0,0.0,0,201,0.5,0.5,0.0,5,0.0,0.0
Xspedius,SM,3,B1,5,5,5,0,5,,0.0,inf,0.0,203,203,0.0,20.0,67.006832,20.0,0.0,0.0,0.0,0,203,0.5,0.5,0.0,5,0.0,0.0
Xspedius,SM,3,B1,6,6,6,0,6,,0.0,inf,0.0,172,172,0.0,9.433962,56.440794,9.433962,0.0,0.0,0.0,0,172,0.5,0.5,0.0,5,0.0,0.0
Xspedius,SM,3,B1,7,6,1,1,7->16->8->24->17->19->6,,25.460938,inf,0.0,188,188,8.158257,9.174312,64.339402,9.174312,0.0,0.0,0.0,0,188,0.5,0.5,0.0,5,0.0,0.0
Xspedius,SM,3,B1,8,6,6,0,8->24->17->19->6,,13.340761,inf,0.0,210,210,13.340761,9.433962,69.781555,9.433962,0.0,0.0,0.0,0,210,0.5,0.5,0.0,5,0.0,0.0
Xspedius,SM,3,B1,9,6,6,0,9->19->6,,5.631367,inf,0.0,165,165,5.631367,9.433962,62.072161,9.433962,0.0,0.0,0.0,0,165.0,0.5,0.5,0.0,5,0.0,0.0
Xspedius,SM,3,B1,10,6,6,0,10->19->6,,3.777003,inf,0.0,213,213,3.777003,9.433962,60.217797,9.433962,0.0,0.0,0.0,0,213,0.5,0.5,0.0,5,0.0,0.0
Xspedius,SM,3,B1,11,6,1,1,11->1->4->3->32->25->6,,40.711042,inf,0.0,217,217,10.952098,9.174312,67.133242,9.174312,0.0,0.0,0.0,0,217,0.5,0.5,0.0,5,0.0,0.0
Xspedius,SM,3,B1,12,6,6,0,12->13->24->17->19->6,,19.631232,inf,0.0,183,183,19.631232,9.433962,76.072026,9.433962,0.0,0.0,0.0,0,183,0.5,0.5,0.0,5,0.0,0.0
Xspedius,SM,3,B1,13,5,5,0,13->24->8->5,,13.315703,inf,0.0,176,176,13.315703,20.0,80.322535,20.0,0.0,0.0,0.0,0,176,0.5,0.5,0.0,5,0.0,0.0
Xspedius,SM,3,B1,14,5,5,0,14->33->34->9->5,,12.602853,inf,0.0,193,193,12.602853,20.0,79.609685,20.0,0.0,0.0,0.0,0,193,0.5,0.5,0.0,5,0.0,0.0
Xspedius,SM,3,B1,15,5,5,0,15->24->8->5,,13.628753,inf,0.0,195,195,13.628753,20.0,80.635585,20.0,0.0,0.0,0.0,0,195,0.5,0.5,0.0,5,0.0,0.0
Xspedius,SM,3,B1,16,5,2,1,16->8->5,,9.458309,inf,0.0,188,188,6.987413,1.420455,55.414699,1.420455,0.0,0.0,0.0,0,188,0.5,0.5,0.0,5,0.0,0.0
Xspedius,SM,3,B1,17,5,2,1,17->19->9->5,,14.276827,inf,0.0,160,160,18.534731,1.420455,66.962018,1.420455,0.0,0.0,0.0,0,160.0,0.5,0.5,0.0,5,0.0,0.0
Xspedius,SM,3,B1,18,6,6,0,18->17->19->6,,8.988647,inf,0.0,155,155,8.988647,9.433962,65.429442,9.433962,0.0,0.0,0.0,0,155,0.5,0.5,0.0,5,0.0,0.0
Xspedius,SM,3,B1,19,5,5,0,19->9->5,,9.252448,inf,0.0,206,206,9.252448,20.0,76.25928,20.0,0.0,0.0,0.0,0,206.0,0.5,0.5,0.0,5,0.0,0.0
Xspedius,SM,3,B1,20,5,5,0,20->18->24->8->5,,11.463621,inf,0.0,181,181,11.463621,20.0,78.470454,20.0,0.0,0.0,0.0,0,181,0.5,0.5,0.0,5,0.0,0.0
Xspedius,SM,3,B1,21,4,1,1,21->1->4,,21.402425,inf,0.0,146,146,5.865512,9.174312,62.046656,9.174312,0.0,0.0,0.0,0,146,0.5,0.5,0.0,5,0.0,0.0
Xspedius,SM,3,B1,22,4,1,1,22->21->1->4,,22.774202,inf,0.0,179,179,7.237289,9.174312,63.418433,9.174312,0.0,0.0,0.0,0,179,0.5,0.5,0.0,5,0.0,0.0
Xspedius,SM,3,B1,23,4,1,1,23->1->4,,22.65367,inf,0.0,170,170,7.116757,9.174312,63.297901,9.174312,0.0,0.0,0.0,0,170,0.5,0.5,0.0,5,0.0,0.0
Xspedius,SM,3,B1,24,4,4,0,24->1->4,,24.820909,inf,0.0,201,201,19.592704,84.745763,151.345299,84.745763,0.0,0.0,0.0,0,201.0,0.5,0.5,0.0,5,0.0,0.0
Xspedius,SM,3,B1,25,4,4,0,25->32->3->4,,7.979738,inf,0.0,207,207,7.979738,84.745763,139.732332,84.745763,0.0,0.0,0.0,0,207,0.5,0.5,0.0,5,0.0,0.0
Xspedius,SM,3,B1,26,4,4,0,26->32->3->4,,12.666115,inf,0.0,219,219,12.666115,84.745763,144.41871,84.745763,0.0,0.0,0.0,0,219,0.5,0.5,0.0,5,0.0,0.0
Xspedius,SM,3,B1,27,4,4,0,27->28->4,,18.414973,inf,0.0,150,150,18.414973,84.745763,150.167567,84.745763,0.0,0.0,0.0,0,150,0.5,0.5,0.0,5,0.0,0.0
Xspedius,SM,3,B1,28,3,3,0,28->4->3,,12.334095,inf,0.0,176,176,12.334095,71.428571,130.769499,71.428571,0.0,0.0,0.0,0,176,0.5,0.5,0.0,5,0.0,0.0
Xspedius,SM,3,B1,29,3,3,0,29->31->32->3,,16.388001,inf,0.0,195,195,16.388001,71.428571,134.823405,71.428571,0.0,0.0,0.0,0,195,0.5,0.5,0.0,5,0.0,0.0
Xspedius,SM,3,B1,30,3,3,0,30->31->32->3,,16.922658,inf,0.0,170,170,16.922658,71.428571,135.358062,71.428571,0.0,0.0,0.0,0,170,0.5,0.5,0.0,5,0.0,0.0
Xspedius,SM,3,B1,31,3,3,0,31->32->3,,12.696162,inf,0.0,164,164,12.696162,71.428571,131.131565,71.428571,0.0,0.0,0.0,0,164,0.5,0.5,0.0,5,0.0,0.0
Xspedius,SM,3,B1,32,3,3,0,32->3,,3.994249,inf,0.0,180,180,3.994249,71.428571,122.429653,71.428571,0.0,0.0,0.0,0,180,0.5,0.5,0.0,5,0.0,0.0
Xspedius,SM,3,B1,33,3,3,0,33->31->32->3,,20.78501,inf,0.0,163,163,8.591154,71.428571,127.026557,71.428571,0.0,0.0,0.0,0,163,0.5,0.5,0.0,5,0.0,0.0
Xspedius,SM,3,B1,34,3,3,0,34->25->32->3,,8.099523,inf,0.0,142,142,8.099523,71.428571,126.534926,71.428571,0.0,0.0,0.0,0,142.0,0.5,0.5,0.0,5,0.0,0.0
Xspedius,SM,3,B3,1,1,1,0,1,1,0.0,47.997912,0.0,195,195,0.0,inf,inf,inf,0.0,0.0,0.0,0,195.0,0.5,0.5,0.0,5,0.0,0.0
Xspedius,SM,3,B3,2,2,2,0,2,2,0.0,47.957402,0.0,152,152,0.0,3.875969,50.882801,3.875969,0.0,0.0,0.0,0,152,0.5,0.5,0.0,5,0.0,0.0
Xspedius,SM,3,B3,3,3,3,0,3,3,0.0,inf,0.0,227,227,0.0,6.17284,53.179672,6.17284,0.0,0.0,0.0,0,227,0.5,0.5,0.0,5,0.0,0.0
Xspedius,SM,3,B3,4,4,4,0,4,4,0.0,inf,0.0,201,201,0.0,3.834356,50.841188,3.834356,0.0,0.0,0.0,0,201,0.5,0.5,0.0,5,0.0,0.0
Xspedius,SM,3,B3,5,5,5,0,5,5,0.0,inf,0.0,203,203,0.0,4.329004,51.335836,4.329004,0.0,0.0,0.0,0,203,0.5,0.5,0.0,5,0.0,0.0
Xspedius,SM,3,B3,6,6,6,0,6,6,0.0,inf,0.0,172,172,0.0,4.329004,51.335836,4.329004,0.0,0.0,0.0,0,172,0.5,0.5,0.0,5,0.0,0.0
Xspedius,SM,3,B3,7,6,6,0,7->16->8->24->17->19->6,7->16->8->24->17->19->6,25.460938,inf,0.0,188,188,25.460938,4.329004,76.796774,4.329004,0.0,0.0,0.0,0,188,0.5,0.5,0.0,5,0.0,0.0
Xspedius,SM,3,B3,8,6,2,1,8->24->17->19->6,8->16->7->2,13.340761,inf,0.0,210,210,13.282056,3.875969,64.164857,3.875969,0.0,0.0,0.0,0,210,0.5,0.5,0.0,5,0.0,0.0
Xspedius,SM,3,B3,9,6,1,1,9->19->6,9->19->17->24->1,5.631367,inf,0.0,165,165,19.593037,inf,inf,inf,0.0,0.0,0.0,0,165.0,0.5,0.5,0.0,5,0.0,0.0
Xspedius,SM,3,B3,10,6,6,0,10->19->6,10->19->6,3.777003,inf,0.0,213,213,3.777003,4.329004,55.112839,4.329004,0.0,0.0,0.0,0,213,0.5,0.5,0.0,5,0.0,0.0
Xspedius,SM,3,B3,11,6,6,0,11->1->4->3->32->25->6,11->12->13->24->17->19->6,40.711042,inf,0.0,217,217,24.527001,4.329004,75.862837,4.329004,0.0,0.0,0.0,0,217,0.5,0.5,0.0,5,0.0,0.0
Xspedius,SM,3,B3,12,6,6,0,12->13->24->17->19->6,12->13->24->17->19->6,19.631232,inf,0.0,183,183,19.631232,4.329004,70.967068,4.329004,0.0,0.0,0.0,0,183,0.5,0.5,0.0,5,0.0,0.0
Xspedius,SM,3,B3,13,5,5,0,13->24->8->5,13->24->8->5,13.315703,inf,0.0,176,176,13.315703,4.329004,64.65154,4.329004,0.0,0.0,0.0,0,176,0.5,0.5,0.0,5,0.0,0.0
Xspedius,SM,3,B3,14,5,5,0,14->33->34->9->5,14->33->34->9->5,12.602853,inf,0.0,193,193,12.602853,4.329004,63.93869,4.329004,0.0,0.0,0.0,0,193,0.5,0.5,0.0,5,0.0,0.0
Xspedius,SM,3,B3,15,5,5,0,15->24->8->5,15->24->8->5,13.628753,inf,0.0,195,195,13.628753,4.329004,64.96459,4.329004,0.0,0.0,0.0,0,195,0.5,0.5,0.0,5,0.0,0.0
Xspedius,SM,3,B3,16,5,2,1,16->8->5,16->7->2,9.458309,inf,0.0,188,188,6.987413,3.875969,57.870214,3.875969,0.0,0.0,0.0,0,188,0.5,0.5,0.0,5,0.0,0.0
Xspedius,SM,3,B3,17,5,1,1,17->19->9->5,17->24->1,14.276827,inf,0.0,160,160,11.538353,inf,inf,inf,0.0,0.0,0.0,0,160.0,0.5,0.5,0.0,5,0.0,0.0
Xspedius,SM,3,B3,18,6,1,1,18->17->19->6,18->24->1,8.988647,inf,0.0,155,155,11.637283,inf,inf,inf,0.0,0.0,0.0,0,155,0.5,0.5,0.0,5,0.0,0.0
Xspedius,SM,3,B3,19,5,5,0,19->9->5,19->9->5,9.252448,inf,0.0,206,206,9.252448,4.329004,60.588285,4.329004,0.0,0.0,0.0,0,206.0,0.5,0.5,0.0,5,0.0,0.0
Xspedius,SM,3,B3,20,5,1,1,20->18->24->8->5,20->18->24->1,11.463621,inf,0.0,181,181,14.122988,inf,inf,inf,0.0,0.0,0.0,0,181,0.5,0.5,0.0,5,0.0,0.0
Xspedius,SM,3,B3,21,4,1,1,21->1->4,21->1,21.402425,inf,0.0,146,146,5.865512,inf,inf,inf,0.0,0.0,0.0,0,146,0.5,0.5,0.0,5,0.0,0.0
Xspedius,SM,3,B3,22,4,4,0,22->21->1->4,22->21->1->4,22.774202,inf,0.0,179,179,22.774202,3.834356,73.615389,3.834356,0.0,0.0,0.0,0,179,0.5,0.5,0.0,5,0.0,0.0
Xspedius,SM,3,B3,23,4,1,1,23->1->4,23->1,22.65367,inf,0.0,170,170,7.116757,inf,inf,inf,0.0,0.0,0.0,0,170,0.5,0.5,0.0,5,0.0,0.0
Xspedius,SM,3,B3,24,4,2,1,24->1->4,24->1->2,24.820909,inf,0.0,201,201,16.280374,3.875969,67.163176,3.875969,0.0,0.0,0.0,0,201.0,0.5,0.5,0.0,5,0.0,0.0
Xspedius,SM,3,B3,25,4,4,0,25->32->3->4,25->32->3->4,7.979738,inf,0.0,207,207,7.979738,3.834356,58.820926,3.834356,0.0,0.0,0.0,0,207,0.5,0.5,0.0,5,0.0,0.0
Xspedius,SM,3,B3,26,4,4,0,26->32->3->4,26->32->3->4,12.666115,inf,0.0,219,219,12.666115,3.834356,63.507303,3.834356,0.0,0.0,0.0,0,219,0.5,0.5,0.0,5,0.0,0.0
Xspedius,SM,3,B3,27,4,4,0,27->28->4,27->28->4,18.414973,inf,0.0,150,150,18.414973,3.834356,69.25616,3.834356,0.0,0.0,0.0,0,150,0.5,0.5,0.0,5,0.0,0.0
Xspedius,SM,3,B3,28,3,3,0,28->4->3,28->4->3,12.334095,inf,0.0,176,176,12.334095,6.17284,65.513767,6.17284,0.0,0.0,0.0,0,176,0.5,0.5,0.0,5,0.0,0.0
Xspedius,SM,3,B3,29,3,2,1,29->31->32->3,29->28->4->1->2,16.388001,inf,0.0,195,195,35.836355,3.875969,86.719156,3.875969,0.0,0.0,0.0,0,195,0.5,0.5,0.0,5,0.0,0.0
Xspedius,SM,3,B3,30,3,3,0,30->31->32->3,30->31->32->3,16.922658,inf,0.0,170,170,16.922658,6.17284,70.10233,6.17284,0.0,0.0,0.0,0,170,0.5,0.5,0.0,5,0.0,0.0
Xspedius,SM,3,B3,31,3,3,0,31->32->3,31->32->3,12.696162,inf,0.0,164,164,12.696162,6.17284,65.875833,6.17284,0.0,0.0,0.0,0,164,0.5,0.5,0.0,5,0.0,0.0
Xspedius,SM,3,B3,32,3,1,1,32->3,32->24->1,3.994249,inf,0.0,180,180,21.383031,inf,inf,inf,0.0,0.0,0.0,0,180,0.5,0.5,0.0,5,0.0,0.0
Xspedius,SM,3,B3,33,3,3,0,33->31->32->3,33->14->25->32->3,20.78501,inf,0.0,163,163,8.591154,6.17284,61.770825,6.17284,0.0,0.0,0.0,0,163,0.5,0.5,0.0,5,0.0,0.0
Xspedius,SM,3,B3,34,3,3,0,34->25->32->3,34->25->32->3,8.099523,inf,0.0,142,142,8.099523,6.17284,61.279194,6.17284,0.0,0.0,0.0,0,142.0,0.5,0.5,0.0,5,0.0,0.0
Xspedius,SM,3,MCF_ARC,1,1,1,0,1,1,0.0,47.997912,0.0,195,195,0.0,15.564522,61.292546,14.285714,0.0,0.0,0.0,0,195.0,0.5,0.5,0.0,5,0.0,0.0
Xspedius,SM,3,MCF_ARC,2,2,2,0,2,2,0.0,47.957402,0.0,152,152,0.0,1.597059,48.601728,1.594896,0.0,0.0,0.0,0,152,0.5,0.5,0.0,5,0.0,0.0
Xspedius,SM,3,MCF_ARC,3,3,3,0,3,3,0.0,inf,0.0,227,227,0.0,13.214623,57.876397,10.869565,0.0,0.0,0.0,0,227,0.5,0.5,0.0,5,0.0,0.0
Xspedius,SM,3,MCF_ARC,4,4,4,0,4,4,0.0,inf,0.0,201,201,0.0,15.917847,62.204401,15.197568,0.0,0.0,0.0,0,201,0.5,0.5,0.0,5,0.0,0.0
Xspedius,SM,3,MCF_ARC,5,5,5,0,5,5,0.0,inf,0.0,203,203,0.0,15.77815,61.712714,14.705882,0.0,0.0,0.0,0,203,0.5,0.5,0.0,5,0.0,0.0
Xspedius,SM,3,MCF_ARC,6,6,6,0,6,6,0.0,inf,0.0,172,172,0.0,15.350895,60.895721,13.888889,0.0,0.0,0.0,0,172,0.5,0.5,0.0,5,0.0,0.0
Xspedius,SM,3,MCF_ARC,7,6,1,1,7->16->8->24->17->19->6,7->22->21->1,25.460938,inf,0.0,188,188,13.588606,15.564522,74.881153,14.285714,0.0,0.0,0.0,0,188,0.5,0.5,0.0,5,0.0,0.0
Xspedius,SM,3,MCF_ARC,8,6,6,0,8->24->17->19->6,8->24->17->19->6,13.340761,inf,0.0,210,210,13.340761,15.350895,74.236482,13.888889,0.0,0.0,0.0,0,210,0.5,0.5,0.0,5,0.0,0.0
Xspedius,SM,3,MCF_ARC,9,6,6,0,9->19->6,9->19->6,5.631367,inf,0.0,165,165,5.631367,15.350895,66.527088,13.888889,0.0,0.0,0.0,0,165.0,0.5,0.5,0.0,5,0.0,0.0
Xspedius,SM,3,MCF_ARC,10,6,6,0,10->19->6,10->19->6,3.777003,inf,0.0,213,213,3.777003,15.350895,64.672724,13.888889,0.0,0.0,0.0,0,213,0.5,0.5,0.0,5,0.0,0.0
Xspedius,SM,3,MCF_ARC,11,6,6,0,11->1->4->3->32->25->6,11->12->13->24->17->19->6,40.711042,inf,0.0,217,217,24.527001,15.350895,85.422722,13.888889,0.0,0.0,0.0,0,217,0.5,0.5,0.0,5,0.0,0.0
Xspedius,SM,3,MCF_ARC,12,6,1,1,12->13->24->17->19->6,12->11->1,19.631232,inf,0.0,183,183,15.847866,15.564522,77.140413,14.285714,0.0,0.0,0.0,0,183,0.5,0.5,0.0,5,0.0,0.0
Xspedius,SM,3,MCF_ARC,13,5,5,0,13->24->8->5,13->24->8->5,13.315703,inf,0.0,176,176,13.315703,15.77815,75.028418,14.705882,0.0,0.0,0.0,0,176,0.5,0.5,0.0,5,0.0,0.0
Xspedius,SM,3,MCF_ARC,14,5,5,0,14->33->34->9->5,14->33->34->9->5,12.602853,inf,0.0,193,193,12.602853,15.77815,74.315568,14.705882,0.0,0.0,0.0,0,193,0.5,0.5,0.0,5,0.0,0.0
Xspedius,SM,3,MCF_ARC,15,5,5,0,15->24->8->5,15->24->8->5,13.628753,inf,0.0,195,195,13.628753,15.77815,75.341468,14.705882,0.0,0.0,0.0,0,195,0.5,0.5,0.0,5,0.0,0.0
Xspedius,SM,3,MCF_ARC,16,5,5,0,16->8->5,16->8->5,9.458309,inf,0.0,188,188,9.458309,15.77815,71.171023,14.705882,0.0,0.0,0.0,0,188,0.5,0.5,0.0,5,0.0,0.0
Xspedius,SM,3,MCF_ARC,17,5,1,1,17->19->9->5,17->24->1,14.276827,inf,0.0,160,160,11.538353,15.564522,72.830899,14.285714,0.0,0.0,0.0,0,160.0,0.5,0.5,0.0,5,0.0,0.0
Xspedius,SM,3,MCF_ARC,18,6,6,0,18->17->19->6,18->17->19->6,8.988647,inf,0.0,155,155,8.988647,15.350895,69.884368,13.888889,0.0,0.0,0.0,0,155,0.5,0.5,0.0,5,0.0,0.0
Xspedius,SM,3,MCF_ARC,19,5,2,1,19->9->5,19->6->25->32->3->4->1->2,9.252448,inf,0.0,206,206,39.356384,1.597059,87.958112,1.594896,0.0,0.0,0.0,0,206.0,0.5,0.5,0.0,5,0.0,0.0
Xspedius,SM,3,MCF_ARC,20,5,5,0,20->18->24->8->5,20->18->24->8->5,11.463621,inf,0.0,181,181,11.463621,15.77815,73.176336,14.705882,0.0,0.0,0.0,0,181,0.5,0.5,0.0,5,0.0,0.0
Xspedius,SM,3,MCF_ARC,21,4,4,0,21->1->4,21->1->4,21.402425,inf,0.0,146,146,21.402425,15.917847,83.606825,15.197568,0.0,0.0,0.0,0,146,0.5,0.5,0.0,5,0.0,0.0
Xspedius,SM,3,MCF_ARC,22,4,4,0,22->21->1->4,22->21->1->4,22.774202,inf,0.0,179,179,22.774202,15.917847,84.978602,15.197568,0.0,0.0,0.0,0,179,0.5,0.5,0.0,5,0.0,0.0
Xspedius,SM,3,MCF_ARC,23,4,4,0,23->1->4,23->1->4,22.65367,inf,0.0,170,170,22.65367,15.917847,84.858071,15.197568,0.0,0.0,0.0,0,170,0.5,0.5,0.0,5,0.0,0.0
Xspedius,SM,3,MCF_ARC,24,4,1,1,24->1->4,24->1,24.820909,inf,0.0,201,201,9.283996,15.564522,70.576542,14.285714,0.0,0.0,0.0,0,201.0,0.5,0.5,0.0,5,0.0,0.0
Xspedius,SM,3,MCF_ARC,25,4,1,1,25->32->3->4,25->32->3->4->1,7.979738,inf,0.0,207,207,23.51665,15.564522,84.809197,14.285714,0.0,0.0,0.0,0,207,0.5,0.5,0.0,5,0.0,0.0
Xspedius,SM,3,MCF_ARC,26,4,2,1,26->32->3->4,26->6->19->17->24->8->16->7->2,12.666115,inf,0.0,219,219,29.968293,1.597059,78.570021,1.594896,0.0,0.0,0.0,0,219,0.5,0.5,0.0,5,0.0,0.0
Xspedius,SM,3,MCF_ARC,27,4,4,0,27->28->4,27->28->4,18.414973,inf,0.0,150,150,18.414973,15.917847,80.619373,15.197568,0.0,0.0,0.0,0,150,0.5,0.5,0.0,5,0.0,0.0
Xspedius,SM,3,MCF_ARC,28,3,3,0,28->4->3,28->4->3,12.334095,inf,0.0,176,176,12.334095,13.214623,70.210493,10.869565,0.0,0.0,0.0,0,176,0.5,0.5,0.0,5,0.0,0.0
Xspedius,SM,3,MCF_ARC,29,3,3,0,29->31->32->3,29->31->32->3,16.388001,inf,0.0,195,195,16.388001,13.214623,74.264399,10.869565,0.0,0.0,0.0,0,195,0.5,0.5,0.0,5,0.0,0.0
Xspedius,SM,3,MCF_ARC,30,3,3,0,30->31->32->3,30->31->32->3,16.922658,inf,0.0,170,170,16.922658,13.214623,74.799055,10.869565,0.0,0.0,0.0,0,170,0.5,0.5,0.0,5,0.0,0.0
Xspedius,SM,3,MCF_ARC,31,3,3,0,31->32->3,31->32->3,12.696162,inf,0.0,164,164,12.696162,13.214623,70.572559,10.869565,0.0,0.0,0.0,0,164,0.5,0.5,0.0,5,0.0,0.0
Xspedius,SM,3,MCF_ARC,32,3,3,0,32->3,32->3,3.994249,inf,0.0,180,180,3.994249,13.214623,61.870646,10.869565,0.0,0.0,0.0,0,180,0.5,0.5,0.0,5,0.0,0.0
Xspedius,SM,3,MCF_ARC,33,3,4,1,33->31->32->3,33->14->25->32->3->4,20.78501,inf,0.0,163,163,12.090574,15.917847,74.294975,15.197568,0.0,0.0,0.0,0,163,0.5,0.5,0.0,5,0.0,0.0
Xspedius,SM,3,MCF_ARC,34,3,4,1,34->25->32->3,34->25->32->3->4,8.099523,inf,0.0,142,142,11.598943,15.917847,73.803344,15.197568,0.0,0.0,0.0,0,142.0,0.5,0.5,0.0,5,0.0,0.0
Xspedius,SM,4,B1,1,1,1,0,1,,0.0,47.995756,0.0,184,184,0.0,7.680492,54.687324,7.680492,0.0,0.0,0.0,0,184.0,0.5,0.5,0.0,5,0.0,0.0
Xspedius,SM,4,B1,2,2,2,0,2,,0.0,47.973763,0.0,161,161,0.0,1.16523,48.172062,1.16523,0.0,0.0,0.0,0,161,0.5,0.5,0.0,5,0.0,0.0
Xspedius,SM,4,B1,3,3,3,0,3,,0.0,96.511783,0.0,234,234,0.0,49.50495,96.511783,49.50495,0.0,0.0,0.0,0,234,0.5,0.5,0.0,5,0.0,0.0
Xspedius,SM,4,B1,4,4,4,0,4,,0.0,inf,0.0,194,194,0.0,23.041475,70.048307,23.041475,0.0,0.0,0.0,0,194,0.5,0.5,0.0,5,0.0,0.0
Xspedius,SM,4,B1,5,5,5,0,5,,0.0,inf,0.0,186,186,0.0,61.728395,108.735227,61.728395,0.0,0.0,0.0,0,186,0.5,0.5,0.0,5,0.0,0.0
Xspedius,SM,4,B1,6,6,6,0,6,,0.0,inf,0.0,173,173,0.0,9.784736,56.791568,9.784736,0.0,0.0,0.0,0,173,0.5,0.5,0.0,5,0.0,0.0
Xspedius,SM,4,B1,7,6,1,1,7->16->8->5->9->19->6,,27.137352,inf,0.0,191,191,8.158257,7.680492,62.845581,7.680492,0.0,0.0,0.0,0,191,0.5,0.5,0.0,5,0.0,0.0
Xspedius,SM,4,B1,8,6,6,0,8->24->17->19->6,,13.340761,inf,0.0,205,205,13.340761,9.784736,70.132329,9.784736,0.0,0.0,0.0,0,205,0.5,0.5,0.0,5,0.0,0.0
Xspedius,SM,4,B1,9,6,6,0,9->19->6,,5.631367,inf,0.0,175,175,5.631367,9.784736,62.422935,9.784736,0.0,0.0,0.0,0,175.0,0.5,0.5,0.0,5,0.0,0.0
Xspedius,SM,4,B1,10,6,6,0,10->19->6,,3.777003,inf,0.0,202,202,3.777003,9.784736,60.568571,9.784736,0.0,0.0,0.0,0,202,0.5,0.5,0.0,5,0.0,0.0
Xspedius,SM,4,B1,11,6,1,1,11->15->20->18->17->19->6,,33.479202,inf,0.0,184,184,10.952098,7.680492,65.639421,7.680492,0.0,0.0,0.0,0,184,0.5,0.5,0.0,5,0.0,0.0
Xspedius,SM,4,B1,12,6,6,0,12->13->24->32->25->6,,28.578832,inf,0.0,155,155,19.631232,9.784736,76.4228,9.784736,0.0,0.0,0.0,0,155,0.5,0.5,0.0,5,0.0,0.0
Xspedius,SM,4,B1,13,6,6,0,13->24->17->19->6,,16.57087,inf,0.0,183,183,16.57087,9.784736,73.362438,9.784736,0.0,0.0,0.0,0,183,0.5,0.5,0.0,5,0.0,0.0
Xspedius,SM,4,B1,14,5,5,0,14->33->34->9->5,,12.602853,inf,0.0,178,178,12.602853,61.728395,121.33808,61.728395,0.0,0.0,0.0,0,178,0.5,0.5,0.0,5,0.0,0.0
Xspedius,SM,4,B1,15,5,5,0,15->24->8->5,,13.628753,inf,0.0,175,175,13.628753,61.728395,122.36398,61.728395,0.0,0.0,0.0,0,175,0.5,0.5,0.0,5,0.0,0.0
Xspedius,SM,4,B1,16,5,2,1,16->8->5,,9.458309,inf,0.0,176,176,6.987413,1.16523,55.159474,1.16523,0.0,0.0,0.0,0,176,0.5,0.5,0.0,5,0.0,0.0
Xspedius,SM,4,B1,17,5,5,0,17->24->8->5,,8.878987,inf,0.0,208,208,8.878987,61.728395,117.614214,61.728395,0.0,0.0,0.0,0,208.0,0.5,0.5,0.0,5,0.0,0.0
Xspedius,SM,4,B1,18,5,5,0,18->24->8->5,,8.977916,inf,0.0,176,176,8.977916,61.728395,117.713144,61.728395,0.0,0.0,0.0,0,176,0.5,0.5,0.0,5,0.0,0.0
Xspedius,SM,4,B1,19,5,5,0,19->9->5,,9.252448,inf,0.0,159,159,9.252448,61.728395,117.987675,61.728395,0.0,0.0,0.0,0,159.0,0.5,0.5,0.0,5,0.0,0.0
Xspedius,SM,4,B1,20,5,5,0,20->18->24->8->5,,11.463621,inf,0.0,177,177,11.463621,61.728395,120.198849,61.728395,0.0,0.0,0.0,0,177,0.5,0.5,0.0,5,0.0,0.0
Xspedius,SM,4,B1,21,4,1,1,21->1->4,,21.402425,inf,0.0,212,212,5.865512,7.680492,60.552835,7.680492,0.0,0.0,0.0,0,212,0.5,0.5,0.0,5,0.0,0.0
Xspedius,SM,4,B1,22,5,1,1,22->7->16->8->5,,21.63516,inf,0.0,144,144,7.237289,7.680492,61.924612,7.680492,0.0,0.0,0.0,0,144,0.5,0.5,0.0,5,0.0,0.0
Xspedius,SM,4,B1,23,4,1,1,23->1->4,,22.65367,inf,0.0,150,150,7.116757,7.680492,61.804081,7.680492,0.0,0.0,0.0,0,150,0.5,0.5,0.0,5,0.0,0.0
Xspedius,SM,4,B1,24,4,4,0,24->1->4,,24.820909,inf,0.0,109,109,19.592704,23.041475,89.641011,23.041475,0.0,0.0,0.0,0,109.0,0.5,0.5,0.0,5,0.0,0.0
Xspedius,SM,4,B1,25,4,4,0,25->32->3->4,,7.979738,inf,0.0,209,209,7.979738,23.041475,78.028044,23.041475,0.0,0.0,0.0,0,209,0.5,0.5,0.0,5,0.0,0.0
Xspedius,SM,4,B1,26,4,4,0,26->32->3->4,,12.666115,inf,0.0,200,200,12.666115,23.041475,82.714422,23.041475,0.0,0.0,0.0,0,200,0.5,0.5,0.0,5,0.0,0.0
Xspedius,SM,4,B1,27,4,4,0,27->28->4,,18.414973,inf,0.0,186,186,18.414973,23.041475,88.463279,23.041475,0.0,0.0,0.0,0,186,0.5,0.5,0.0,5,0.0,0.0
Xspedius,SM,4,B1,28,4,4,0,28->4,,8.834675,inf,0.0,200,200,8.834675,23.041475,78.882981,23.041475,0.0,0.0,0.0,0,200,0.5,0.5,0.0,5,0.0,0.0
Xspedius,SM,4,B1,29,4,4,0,29->28->4,,13.303064,inf,0.0,169,169,13.303064,23.041475,83.351371,23.041475,0.0,0.0,0.0,0,169,0.5,0.5,0.0,5,0.0,0.0
Xspedius,SM,4,B1,30,3,3,0,30->31->32->3,,16.922658,113.434441,0.0,227,227,16.922658,49.50495,113.434441,49.50495,0.0,0.0,0.0,0,227,0.5,0.5,0.0,5,0.0,0.0
Xspedius,SM,4,B1,31,3,3,0,31->32->3,,12.696162,109.207944,0.0,162,162,12.696162,49.50495,109.207944,49.50495,0.0,0.0,0.0,0,162,0.5,0.5,0.0,5,0.0,0.0
Xspedius,SM,4,B1,32,3,3,0,32->3,,3.994249,100.506032,0.0,196,196,3.994249,49.50495,100.506032,49.50495,0.0,0.0,0.0,0,196,0.5,0.5,0.0,5,0.0,0.0
Xspedius,SM,4,B1,33,3,3,0,33->31->32->3,,20.78501,117.296793,0.0,174,174,8.591154,49.50495,105.102936,49.50495,0.0,0.0,0.0,0,174,0.5,0.5,0.0,5,0.0,0.0
Xspedius,SM,4,B1,34,3,3,0,34->25->32->3,,8.099523,104.611305,0.0,182,182,8.099523,49.50495,104.611305,49.50495,0.0,0.0,0.0,0,182.0,0.5,0.5,0.0,5,0.0,0.0
Xspedius,SM,4,B3,1,1,1,0,1,1,0.0,47.995756,0.0,184,184,0.0,inf,inf,inf,0.0,0.0,0.0,0,184.0,0.5,0.5,0.0,5,0.0,0.0
Xspedius,SM,4,B3,2,2,2,0,2,2,0.0,47.973763,0.0,161,161,0.0,4.306632,51.313464,4.306632,0.0,0.0,0.0,0,161,0.5,0.5,0.0,5,0.0,0.0
Xspedius,SM,4,B3,3,3,3,0,3,3,0.0,96.511783,0.0,234,234,0.0,5.488474,52.495306,5.488474,0.0,0.0,0.0,0,234,0.5,0.5,0.0,5,0.0,0.0
Xspedius,SM,4,B3,4,4,4,0,4,4,0.0,inf,0.0,194,194,0.0,2.837684,49.844517,2.837684,0.0,0.0,0.0,0,194,0.5,0.5,0.0,5,0.0,0.0
Xspedius,SM,4,B3,5,5,5,0,5,5,0.0,inf,0.0,186,186,0.0,4.440497,51.447329,4.440497,0.0,0.0,0.0,0,186,0.5,0.5,0.0,5,0.0,0.0
Xspedius,SM,4,B3,6,6,6,0,6,6,0.0,inf,0.0,173,173,0.0,3.445899,50.452732,3.445899,0.0,0.0,0.0,0,173,0.5,0.5,0.0,5,0.0,0.0
Xspedius,SM,4,B3,7,6,6,0,7->16->8->5->9->19->6,7->16->8->24->17->19->6,27.137352,inf,0.0,191,191,25.460938,3.445899,75.913669,3.445899,0.0,0.0,0.0,0,191,0.5,0.5,0.0,5,0.0,0.0
Xspedius,SM,4,B3,8,6,2,1,8->24->17->19->6,8->16->7->2,13.340761,inf,0.0,205,205,13.282056,4.306632,64.59552,4.306632,0.0,0.0,0.0,0,205,0.5,0.5,0.0,5,0.0,0.0
Xspedius,SM,4,B3,9,6,1,1,9->19->6,9->19->17->24->1,5.631367,inf,0.0,175,175,19.593037,inf,inf,inf,0.0,0.0,0.0,0,175.0,0.5,0.5,0.0,5,0.0,0.0
Xspedius,SM,4,B3,10,6,6,0,10->19->6,10->19->6,3.777003,inf,0.0,202,202,3.777003,3.445899,54.229734,3.445899,0.0,0.0,0.0,0,202,0.5,0.5,0.0,5,0.0,0.0
Xspedius,SM,4,B3,11,6,6,0,11->15->20->18->17->19->6,11->12->13->24->17->19->6,33.479202,inf,0.0,184,184,24.527001,3.445899,74.979732,3.445899,0.0,0.0,0.0,0,184,0.5,0.5,0.0,5,0.0,0.0
Xspedius,SM,4,B3,12,6,6,0,12->13->24->32->25->6,12->13->24->17->19->6,28.578832,inf,0.0,155,155,19.631232,3.445899,70.083963,3.445899,0.0,0.0,0.0,0,155,0.5,0.5,0.0,5,0.0,0.0
Xspedius,SM,4,B3,13,6,1,1,13->24->17->19->6,13->24->1,16.57087,inf,0.0,183,183,15.97507,inf,inf,inf,0.0,0.0,0.0,0,183,0.5,0.5,0.0,5,0.0,0.0
Xspedius,SM,4,B3,14,5,5,0,14->33->34->9->5,14->33->34->9->5,12.602853,inf,0.0,178,178,12.602853,4.440497,64.050183,4.440497,0.0,0.0,0.0,0,178,0.5,0.5,0.0,5,0.0,0.0
Xspedius,SM,4,B3,15,5,5,0,15->24->8->5,15->24->8->5,13.628753,inf,0.0,175,175,13.628753,4.440497,65.076083,4.440497,0.0,0.0,0.0,0,175,0.5,0.5,0.0,5,0.0,0.0
Xspedius,SM,4,B3,16,5,2,1,16->8->5,16->7->2,9.458309,inf,0.0,176,176,6.987413,4.306632,58.300877,4.306632,0.0,0.0,0.0,0,176,0.5,0.5,0.0,5,0.0,0.0
Xspedius,SM,4,B3,17,5,5,0,17->24->8->5,17->24->8->5,8.878987,inf,0.0,208,208,8.878987,4.440497,60.326316,4.440497,0.0,0.0,0.0,0,208.0,0.5,0.5,0.0,5,0.0,0.0
Xspedius,SM,4,B3,18,5,1,1,18->24->8->5,18->24->1,8.977916,inf,0.0,176,176,11.637283,inf,inf,inf,0.0,0.0,0.0,0,176,0.5,0.5,0.0,5,0.0,0.0
Xspedius,SM,4,B3,19,5,5,0,19->9->5,19->9->5,9.252448,inf,0.0,159,159,9.252448,4.440497,60.699778,4.440497,0.0,0.0,0.0,0,159.0,0.5,0.5,0.0,5,0.0,0.0
Xspedius,SM,4,B3,20,5,1,1,20->18->24->8->5,20->18->24->1,11.463621,inf,0.0,177,177,14.122988,inf,inf,inf,0.0,0.0,0.0,0,177,0.5,0.5,0.0,5,0.0,0.0
Xspedius,SM,4,B3,21,4,1,1,21->1->4,21->1,21.402425,inf,0.0,212,212,5.865512,inf,inf,inf,0.0,0.0,0.0,0,212,0.5,0.5,0.0,5,0.0,0.0
Xspedius,SM,4,B3,22,5,5,0,22->7->16->8->5,22->7->16->8->5,21.63516,inf,0.0,144,144,21.63516,4.440497,73.082489,4.440497,0.0,0.0,0.0,0,144,0.5,0.5,0.0,5,0.0,0.0
Xspedius,SM,4,B3,23,4,2,1,23->1->4,23->22->7->2,22.65367,inf,0.0,150,150,9.0797,4.306632,60.393164,4.306632,0.0,0.0,0.0,0,150,0.5,0.5,0.0,5,0.0,0.0
Xspedius,SM,4,B3,24,4,2,1,24->1->4,24->1->2,24.820909,inf,0.0,109,109,16.280374,4.306632,67.593839,4.306632,0.0,0.0,0.0,0,109.0,0.5,0.5,0.0,5,0.0,0.0
Xspedius,SM,4,B3,25,4,4,0,25->32->3->4,25->32->3->4,7.979738,inf,0.0,209,209,7.979738,2.837684,57.824254,2.837684,0.0,0.0,0.0,0,209,0.5,0.5,0.0,5,0.0,0.0
Xspedius,SM,4,B3,26,4,1,1,26->32->3->4,26->6->19->17->24->1,12.666115,inf,0.0,200,200,22.509269,inf,inf,inf,0.0,0.0,0.0,0,200,0.5,0.5,0.0,5,0.0,0.0
Xspedius,SM,4,B3,27,4,4,0,27->28->4,27->28->4,18.414973,inf,0.0,186,186,18.414973,2.837684,68.259489,2.837684,0.0,0.0,0.0,0,186,0.5,0.5,0.0,5,0.0,0.0
Xspedius,SM,4,B3,28,4,4,0,28->4,28->4,8.834675,inf,0.0,200,200,8.834675,2.837684,58.679191,2.837684,0.0,0.0,0.0,0,200,0.5,0.5,0.0,5,0.0,0.0
Xspedius,SM,4,B3,29,4,4,0,29->28->4,29->28->4,13.303064,inf,0.0,169,169,13.303064,2.837684,63.147581,2.837684,0.0,0.0,0.0,0,169,0.5,0.5,0.0,5,0.0,0.0
Xspedius,SM,4,B3,30,3,3,0,30->31->32->3,30->31->32->3,16.922658,113.434441,0.0,227,227,16.922658,5.488474,69.417964,5.488474,0.0,0.0,0.0,0,227,0.5,0.5,0.0,5,0.0,0.0
Xspedius,SM,4,B3,31,3,2,1,31->32->3,31->33->34->9->5->8->16->7->2,12.696162,109.207944,0.0,162,162,35.954483,4.306632,87.267948,4.306632,0.0,0.0,0.0,0,162,0.5,0.5,0.0,5,0.0,0.0
Xspedius,SM,4,B3,32,3,3,0,32->3,32->3,3.994249,100.506032,0.0,196,196,3.994249,5.488474,56.489555,5.488474,0.0,0.0,0.0,0,196,0.5,0.5,0.0,5,0.0,0.0
Xspedius,SM,4,B3,33,3,3,0,33->31->32->3,33->14->25->32->3,20.78501,117.296793,0.0,174,174,8.591154,5.488474,61.08646,5.488474,0.0,0.0,0.0,0,174,0.5,0.5,0.0,5,0.0,0.0
Xspedius,SM,4,B3,34,3,3,0,34->25->32->3,34->25->32->3,8.099523,104.611305,0.0,182,182,8.099523,5.488474,60.594829,5.488474,0.0,0.0,0.0,0,182.0,0.5,0.5,0.0,5,0.0,0.0
Xspedius,SM,4,MCF_ARC,1,1,1,0,1,1,0.0,47.995756,0.0,184,184,0.0,16.469124,63.084003,16.07717,0.0,0.0,0.0,0,184.0,0.5,0.5,0.0,5,0.0,0.0
Xspedius,SM,4,MCF_ARC,2,2,2,0,2,2,0.0,47.973763,0.0,161,161,0.0,1.211673,48.217193,1.210361,0.0,0.0,0.0,0,161,0.5,0.5,0.0,5,0.0,0.0
Xspedius,SM,4,MCF_ARC,3,3,3,0,3,3,0.0,96.511783,0.0,234,234,0.0,16.577516,63.346701,16.339869,0.0,0.0,0.0,0,234,0.5,0.5,0.0,5,0.0,0.0
Xspedius,SM,4,MCF_ARC,4,4,4,0,4,4,0.0,inf,0.0,194,194,0.0,15.092992,61.843627,14.836795,0.0,0.0,0.0,0,194,0.5,0.5,0.0,5,0.0,0.0
Xspedius,SM,4,MCF_ARC,5,5,5,0,5,5,0.0,inf,0.0,186,186,0.0,14.118416,59.47566,12.468828,0.0,0.0,0.0,0,186,0.5,0.5,0.0,5,0.0,0.0
Xspedius,SM,4,MCF_ARC,6,6,6,0,6,6,0.0,inf,0.0,173,173,0.0,15.276809,60.668034,13.661202,0.0,0.0,0.0,0,173,0.5,0.5,0.0,5,0.0,0.0
Xspedius,SM,4,MCF_ARC,7,6,1,1,7->16->8->5->9->19->6,7->2->1,27.137352,inf,0.0,191,191,8.158257,16.469124,71.24226,16.07717,0.0,0.0,0.0,0,191,0.5,0.5,0.0,5,0.0,0.0
Xspedius,SM,4,MCF_ARC,8,6,6,0,8->24->17->19->6,8->24->17->19->6,13.340761,inf,0.0,205,205,13.340761,15.276809,74.008795,13.661202,0.0,0.0,0.0,0,205,0.5,0.5,0.0,5,0.0,0.0
Xspedius,SM,4,MCF_ARC,9,6,6,0,9->19->6,9->19->6,5.631367,inf,0.0,175,175,5.631367,15.276809,66.299401,13.661202,0.0,0.0,0.0,0,175.0,0.5,0.5,0.0,5,0.0,0.0
Xspedius,SM,4,MCF_ARC,10,6,6,0,10->19->6,10->19->6,3.777003,inf,0.0,202,202,3.777003,15.276809,64.445037,13.661202,0.0,0.0,0.0,0,202,0.5,0.5,0.0,5,0.0,0.0
Xspedius,SM,4,MCF_ARC,11,6,6,0,11->15->20->18->17->19->6,11->12->13->24->17->19->6,33.479202,inf,0.0,184,184,24.527001,15.276809,85.195035,13.661202,0.0,0.0,0.0,0,184,0.5,0.5,0.0,5,0.0,0.0
Xspedius,SM,4,MCF_ARC,12,6,1,1,12->13->24->32->25->6,12->13->24->1,28.578832,inf,0.0,155,155,19.035431,16.469124,82.119434,16.07717,0.0,0.0,0.0,0,155,0.5,0.5,0.0,5,0.0,0.0
Xspedius,SM,4,MCF_ARC,13,6,6,0,13->24->17->19->6,13->24->17->19->6,16.57087,inf,0.0,183,183,16.57087,15.276809,77.238904,13.661202,0.0,0.0,0.0,0,183,0.5,0.5,0.0,5,0.0,0.0
Xspedius,SM,4,MCF_ARC,14,5,5,0,14->33->34->9->5,14->33->34->9->5,12.602853,inf,0.0,178,178,12.602853,14.118416,72.078513,12.468828,0.0,0.0,0.0,0,178,0.5,0.5,0.0,5,0.0,0.0
Xspedius,SM,4,MCF_ARC,15,5,5,0,15->24->8->5,15->24->8->5,13.628753,inf,0.0,175,175,13.628753,14.118416,73.104413,12.468828,0.0,0.0,0.0,0,175,0.5,0.5,0.0,5,0.0,0.0
Xspedius,SM,4,MCF_ARC,16,5,1,1,16->8->5,16->7->2->1,9.458309,inf,0.0,176,176,13.983791,16.469124,77.067794,16.07717,0.0,0.0,0.0,0,176,0.5,0.5,0.0,5,0.0,0.0
Xspedius,SM,4,MCF_ARC,17,5,2,1,17->24->8->5,17->24->8->16->7->2,8.878987,inf,0.0,208,208,18.997377,1.211673,67.21457,1.210361,0.0,0.0,0.0,0,208.0,0.5,0.5,0.0,5,0.0,0.0
Xspedius,SM,4,MCF_ARC,18,5,5,0,18->24->8->5,18->17->24->8->5,8.977916,inf,0.0,176,176,10.242194,14.118416,69.717854,12.468828,0.0,0.0,0.0,0,176,0.5,0.5,0.0,5,0.0,0.0
Xspedius,SM,4,MCF_ARC,19,5,5,0,19->9->5,19->9->5,9.252448,inf,0.0,159,159,9.252448,14.118416,68.728108,12.468828,0.0,0.0,0.0,0,159.0,0.5,0.5,0.0,5,0.0,0.0
Xspedius,SM,4,MCF_ARC,20,5,5,0,20->18->24->8->5,20->18->24->8->5,11.463621,inf,0.0,177,177,11.463621,14.118416,70.939282,12.468828,0.0,0.0,0.0,0,177,0.5,0.5,0.0,5,0.0,0.0
Xspedius,SM,4,MCF_ARC,21,4,4,0,21->1->4,21->1->4,21.402425,inf,0.0,212,212,21.402425,15.092992,83.246052,14.836795,0.0,0.0,0.0,0,212,0.5,0.5,0.0,5,0.0,0.0
Xspedius,SM,4,MCF_ARC,22,5,5,0,22->7->16->8->5,22->7->16->8->5,21.63516,inf,0.0,144,144,21.63516,14.118416,81.11082,12.468828,0.0,0.0,0.0,0,144,0.5,0.5,0.0,5,0.0,0.0
Xspedius,SM,4,MCF_ARC,23,4,4,0,23->1->4,23->1->4,22.65367,inf,0.0,150,150,22.65367,15.092992,84.497297,14.836795,0.0,0.0,0.0,0,150,0.5,0.5,0.0,5,0.0,0.0
Xspedius,SM,4,MCF_ARC,24,4,4,0,24->1->4,24->17->19->6->25->32->3->4,24.820909,inf,0.0,109,109,24.101828,15.092992,85.945455,14.836795,0.0,0.0,0.0,0,109.0,0.5,0.5,0.0,5,0.0,0.0
Xspedius,SM,4,MCF_ARC,25,4,4,0,25->32->3->4,25->32->3->4,7.979738,inf,0.0,209,209,7.979738,15.092992,69.823365,14.836795,0.0,0.0,0.0,0,209,0.5,0.5,0.0,5,0.0,0.0
Xspedius,SM,4,MCF_ARC,26,4,4,0,26->32->3->4,26->32->3->4,12.666115,inf,0.0,200,200,12.666115,15.092992,74.509743,14.836795,0.0,0.0,0.0,0,200,0.5,0.5,0.0,5,0.0,0.0
Xspedius,SM,4,MCF_ARC,27,4,3,1,27->28->4,27->28->4->3,18.414973,inf,0.0,186,186,21.914393,16.577516,85.261094,16.339869,0.0,0.0,0.0,0,186,0.5,0.5,0.0,5,0.0,0.0
Xspedius,SM,4,MCF_ARC,28,4,1,1,28->4,28->4->1,8.834675,inf,0.0,200,200,24.371587,16.469124,87.45559,16.07717,0.0,0.0,0.0,0,200,0.5,0.5,0.0,5,0.0,0.0
Xspedius,SM,4,MCF_ARC,29,4,4,0,29->28->4,29->28->4,13.303064,inf,0.0,169,169,13.303064,15.092992,75.146691,14.836795,0.0,0.0,0.0,0,169,0.5,0.5,0.0,5,0.0,0.0
Xspedius,SM,4,MCF_ARC,30,3,1,1,30->31->32->3,30->31->32->3->4->1,16.922658,113.434441,0.0,227,227,35.958991,16.469124,99.042994,16.07717,0.0,0.0,0.0,0,227,0.5,0.5,0.0,5,0.0,0.0
Xspedius,SM,4,MCF_ARC,31,3,3,0,31->32->3,31->32->3,12.696162,109.207944,0.0,162,162,12.696162,16.577516,76.042863,16.339869,0.0,0.0,0.0,0,162,0.5,0.5,0.0,5,0.0,0.0
Xspedius,SM,4,MCF_ARC,32,3,3,0,32->3,32->3,3.994249,100.506032,0.0,196,196,3.994249,16.577516,67.34095,16.339869,0.0,0.0,0.0,0,196,0.5,0.5,0.0,5,0.0,0.0
Xspedius,SM,4,MCF_ARC,33,3,3,0,33->31->32->3,33->14->25->32->3,20.78501,117.296793,0.0,174,174,8.591154,16.577516,71.937855,16.339869,0.0,0.0,0.0,0,174,0.5,0.5,0.0,5,0.0,0.0
Xspedius,SM,4,MCF_ARC,34,3,3,0,34->25->32->3,34->25->32->3,8.099523,104.611305,0.0,182,182,8.099523,16.577516,71.446224,16.339869,0.0,0.0,0.0,0,182.0,0.5,0.5,0.0,5,0.0,0.0
Geant2010,SM,0,B1,1,1,1,0,1,,0.0,19.700254,0.0,154,154,0.0,13.927577,32.782379,13.927577,0.0,0.0,0.0,0,154,0.5,0.5,0.0,5,0.0,0.0
Geant2010,SM,0,B1,2,2,2,0,2,,0.0,19.729999,0.0,171,171,0.0,0.875197,19.729999,0.875197,0.0,0.0,0.0,0,171,0.5,0.5,0.0,5,0.0,0.0
Geant2010,SM,0,B1,3,3,3,0,3,,0.0,inf,0.0,163,163,0.0,5.112474,23.967277,5.112474,0.0,0.0,0.0,0,163.0,0.5,0.5,0.0,5,0.0,0.0
Geant2010,SM,0,B1,4,4,4,0,4,,0.0,inf,0.0,152,152,0.0,147.058824,165.913626,147.058824,0.0,0.0,0.0,0,152,0.5,0.5,0.0,5,0.0,0.0
Geant2010,SM,0,B1,5,5,5,0,5,,0.0,inf,0.0,216,216,0.0,294.117647,312.972449,294.117647,0.0,0.0,0.0,0,216.0,0.5,0.5,0.0,5,0.0,0.0
Geant2010,SM,0,B1,6,6,6,0,6,,0.0,inf,0.0,179,179,0.0,46.728972,65.583774,46.728972,0.0,0.0,0.0,0,179,0.5,0.5,0.0,5,0.0,0.0
Geant2010,SM,0,B1,7,6,6,0,7->5->6,,6.023543,inf,0.0,202,202,6.023543,46.728972,71.607317,46.728972,0.0,0.0,0.0,0,202.0,0.5,0.5,0.0,5,0.0,0.0
Geant2010,SM,0,B1,8,6,5,1,8->7->5->6,,8.903265,inf,0.0,220,220,4.799397,294.117647,317.771847,294.117647,0.0,0.0,0.0,0,220,0.5,0.5,0.0,5,0.0,0.0
Geant2010,SM,0,B1,9,6,6,0,9->5->6,,7.74351,inf,0.0,191,191,7.74351,46.728972,73.327284,46.728972,0.0,0.0,0.0,0,191,0.5,0.5,0.0,5,0.0,0.0
Geant2010,SM,0,B1,10,6,6,0,10->27->21->6,,9.733065,inf,0.0,183,183,9.733065,46.728972,75.316839,46.728972,0.0,0.0,0.0,0,183,0.5,0.5,0.0,5,0.0,0.0
Geant2010,SM,0,B1,11,6,6,0,11->20->21->6,,10.841908,inf,0.0,180,180,10.841908,46.728972,76.425682,46.728972,0.0,0.0,0.0,0,180,0.5,0.5,0.0,5,0.0,0.0
Geant2010,SM,0,B1,12,6,6,0,12->20->21->6,,10.979721,inf,0.0,121,121,10.979721,46.728972,76.563495,46.728972,0.0,0.0,0.0,0,121,0.5,0.5,0.0,5,0.0,0.0
Geant2010,SM,0,B1,13,6,6,0,13->11->20->21->6,,21.400173,inf,0.0,166,166,20.417979,46.728972,86.001753,46.728972,0.0,0.0,0.0,0,166,0.5,0.5,0.0,5,0.0,0.0
Geant2010,SM,0,B1,14,6,6,0,14->27->21->6,,16.291983,inf,0.0,147,147,16.091463,46.728972,81.675237,46.728972,0.0,0.0,0.0,0,147,0.5,0.5,0.0,5,0.0,0.0
Geant2010,SM,0,B1,15,5,5,0,15->10->27->5,,35.64429,inf,0.0,187,187,27.997855,294.117647,340.970304,294.117647,0.0,0.0,0.0,0,187,0.5,0.5,0.0,5,0.0,0.0
Geant2010,SM,0,B1,16,5,5,0,16->5,,29.89488,inf,0.0,184,184,29.89488,294.117647,342.867329,294.117647,0.0,0.0,0.0,0,184,0.5,0.5,0.0,5,0.0,0.0
Geant2010,SM,0,B1,17,6,4,1,17->10->9->5->6,,21.36157,inf,0.0,144,144,23.575166,147.058824,189.488792,147.058824,0.0,0.0,0.0,0,144,0.5,0.5,0.0,5,0.0,0.0
Geant2010,SM,0,B1,18,5,1,1,18->11->14->10->9->5,,27.391489,inf,0.0,165,165,19.859032,13.927577,52.641411,13.927577,0.0,0.0,0.0,0,165,0.5,0.5,0.0,5,0.0,0.0
Geant2010,SM,0,B1,19,5,5,0,19->25->26->27->5,,14.527532,inf,0.0,171,171,14.527532,294.117647,327.499982,294.117647,0.0,0.0,0.0,0,171,0.5,0.5,0.0,5,0.0,0.0
Geant2010,SM,0,B1,20,5,1,1,20->21->27->5,,8.160712,inf,0.0,193,193,11.810014,13.927577,44.592393,13.927577,0.0,0.0,0.0,0,193.0,0.5,0.5,0.0,5,0.0,0.0
Geant2010,SM,0,B1,21,5,5,0,21->27->5,,6.542758,inf,0.0,207,207,6.542758,294.117647,319.515207,294.117647,0.0,0.0,0.0,0,207.0,0.5,0.5,0.0,5,0.0,0.0
Geant2010,SM,0,B1,22,5,1,1,22->23->9->5,,20.2069,inf,0.0,179,179,20.805896,13.927577,53.588275,13.927577,0.0,0.0,0.0,0,179,0.5,0.5,0.0,5,0.0,0.0
Geant2010,SM,0,B1,23,5,5,0,23->9->5,,15.174145,inf,0.0,202,202,15.174145,294.117647,328.146594,294.117647,0.0,0.0,0.0,0,202,0.5,0.5,0.0,5,0.0,0.0
Geant2010,SM,0,B1,24,4,4,0,24->20->21->6->4,,10.86453,inf,0.0,185,185,10.86453,147.058824,176.778156,147.058824,0.0,0.0,0.0,0,185,0.5,0.5,0.0,5,0.0,0.0
Geant2010,SM,0,B1,25,4,4,0,25->20->21->6->4,,10.673026,inf,0.0,187,187,10.564163,147.058824,176.477789,147.058824,0.0,0.0,0.0,0,187,0.5,0.5,0.0,5,0.0,0.0
Geant2010,SM,0,B1,26,4,4,0,26->27->5->4,,15.095071,inf,0.0,154,154,9.391992,147.058824,175.305617,147.058824,0.0,0.0,0.0,0,154,0.5,0.5,0.0,5,0.0,0.0
Geant2010,SM,0,B1,27,4,1,1,27->21->6->4,,6.60669,inf,0.0,169,169,9.641609,13.927577,42.423988,13.927577,0.0,0.0,0.0,0,169.0,0.5,0.5,0.0,5,0.0,0.0
Geant2010,SM,0,B1,28,4,4,0,28->4,,5.348983,inf,0.0,190,190,5.348983,147.058824,171.262609,147.058824,0.0,0.0,0.0,0,190,0.5,0.5,0.0,5,0.0,0.0
Geant2010,SM,0,B1,29,4,4,0,29->5->4,,26.584141,inf,0.0,162,162,26.584141,147.058824,192.497767,147.058824,0.0,0.0,0.0,0,162,0.5,0.5,0.0,5,0.0,0.0
Geant2010,SM,0,B1,30,4,1,1,30->3->5->4,,34.141634,inf,0.0,194,194,23.866538,13.927577,56.648917,13.927577,0.0,0.0,0.0,0,194,0.5,0.5,0.0,5,0.0,0.0
Geant2010,SM,0,B1,31,4,4,0,31->32->8->7->5->4,,19.206306,inf,0.0,156,156,19.206306,147.058824,185.119931,147.058824,0.0,0.0,0.0,0,156,0.5,0.5,0.0,5,0.0,0.0
Geant2010,SM,0,B1,32,3,1,1,32->2->1->3,,11.173094,inf,0.0,211,211,4.94886,13.927577,37.731239,13.927577,0.0,0.0,0.0,0,211,0.5,0.5,0.0,5,0.0,0.0
Geant2010,SM,0,B1,33,3,3,0,33->3,,7.19713,inf,0.0,195,195,7.19713,5.112474,31.164406,5.112474,0.0,0.0,0.0,0,195,0.5,0.5,0.0,5,0.0,0.0
Geant2010,SM,0,B1,34,3,3,0,34->3,,5.236,inf,0.0,149,149,5.236,5.112474,29.203277,5.112474,0.0,0.0,0.0,0,149,0.5,0.5,0.0,5,0.0,0.0
Geant2010,SM,0,B1,35,3,3,0,35->34->3,,7.898444,inf,0.0,140,140,7.898444,5.112474,31.865721,5.112474,0.0,0.0,0.0,0,140,0.5,0.5,0.0,5,0.0,0.0
Geant2010,SM,0,B1,36,3,3,0,36->3,,8.394786,inf,0.0,154,154,8.394786,5.112474,32.362063,5.112474,0.0,0.0,0.0,0,154,0.5,0.5,0.0,5,0.0,0.0
Geant2010,SM,0,B1,37,3,3,0,37->36->3,,11.195232,inf,0.0,277,277,11.195232,5.112474,35.162509,5.112474,0.0,0.0,0.0,0,277,0.5,0.5,0.0,5,0.0,0.0
Geant2010,SM,0,B3,1,1,1,0,1,1,0.0,19.700254,0.0,154,154,0.0,4.035513,22.890315,4.035513,0.0,0.0,0.0,0,154,0.5,0.5,0.0,5,0.0,0.0
Geant2010,SM,0,B3,2,2,2,0,2,2,0.0,19.729999,0.0,171,171,0.0,32.679739,51.534541,32.679739,0.0,0.0,0.0,0,171,0.5,0.5,0.0,5,0.0,0.0
Geant2010,SM,0,B3,3,3,3,0,3,3,0.0,inf,0.0,163,163,0.0,5.567929,24.422731,5.567929,0.0,0.0,0.0,0,163.0,0.5,0.5,0.0,5,0.0,0.0
Geant2010,SM,0,B3,4,4,4,0,4,4,0.0,inf,0.0,152,152,0.0,3.186743,22.041545,3.186743,0.0,0.0,0.0,0,152,0.5,0.5,0.0,5,0.0,0.0
Geant2010,SM,0,B3,5,5,5,0,5,5,0.0,inf,0.0,216,216,0.0,3.644315,22.499117,3.644315,0.0,0.0,0.0,0,216.0,0.5,0.5,0.0,5,0.0,0.0
Geant2010,SM,0,B3,6,6,6,0,6,6,0.0,inf,0.0,179,179,0.0,2.529084,21.383887,2.529084,0.0,0.0,0.0,0,179,0.5,0.5,0.0,5,0.0,0.0
Geant2010,SM,0,B3,7,6,6,0,7->5->6,7->5->6,6.023543,inf,0.0,202,202,6.023543,2.529084,27.40743,2.529084,0.0,0.0,0.0,0,202.0,0.5,0.5,0.0,5,0.0,0.0
Geant2010,SM,0,B3,8,6,2,1,8->7->5->6,8->32->2,8.903265,inf,0.0,220,220,6.654191,32.679739,58.188732,32.679739,0.0,0.0,0.0,0,220,0.5,0.5,0.0,5,0.0,0.0
Geant2010,SM,0,B3,9,6,1,1,9->5->6,9->5->1,7.74351,inf,0.0,191,191,7.288945,4.035513,30.17926,4.035513,0.0,0.0,0.0,0,191,0.5,0.5,0.0,5,0.0,0.0
Geant2010,SM,0,B3,10,6,1,1,10->27->21->6,10->9->5->1,9.733065,inf,0.0,183,183,9.416706,4.035513,32.30702,4.035513,0.0,0.0,0.0,0,183,0.5,0.5,0.0,5,0.0,0.0
Geant2010,SM,0,B3,11,6,6,0,11->20->21->6,11->20->21->6,10.841908,inf,0.0,180,180,10.841908,2.529084,32.225794,2.529084,0.0,0.0,0.0,0,180,0.5,0.5,0.0,5,0.0,0.0
Geant2010,SM,0,B3,12,6,6,0,12->20->21->6,12->20->21->6,10.979721,inf,0.0,121,121,10.979721,2.529084,32.363608,2.529084,0.0,0.0,0.0,0,121,0.5,0.5,0.0,5,0.0,0.0
Geant2010,SM,0,B3,13,6,6,0,13->11->20->21->6,13->12->20->21->6,21.400173,inf,0.0,166,166,20.417979,2.529084,41.801866,2.529084,0.0,0.0,0.0,0,166,0.5,0.5,0.0,5,0.0,0.0
Geant2010,SM,0,B3,14,6,6,0,14->27->21->6,14->11->20->21->6,16.291983,inf,0.0,147,147,16.091463,2.529084,37.47535,2.529084,0.0,0.0,0.0,0,147,0.5,0.5,0.0,5,0.0,0.0
Geant2010,SM,0,B3,15,5,5,0,15->10->27->5,15->14->27->5,35.64429,inf,0.0,187,187,27.997855,3.644315,50.496972,3.644315,0.0,0.0,0.0,0,187,0.5,0.5,0.0,5,0.0,0.0
Geant2010,SM,0,B3,16,5,5,0,16->5,16->5,29.89488,inf,0.0,184,184,29.89488,3.644315,52.393997,3.644315,0.0,0.0,0.0,0,184,0.5,0.5,0.0,5,0.0,0.0
Geant2010,SM,0,B3,17,6,2,1,17->10->9->5->6,17->10->9->5->1->2,21.36157,inf,0.0,144,144,22.643042,32.679739,74.177583,32.679739,0.0,0.0,0.0,0,144,0.5,0.5,0.0,5,0.0,0.0
Geant2010,SM,0,B3,18,5,5,0,18->11->14->10->9->5,18->11->20->21->27->5,27.391489,inf,0.0,165,165,16.209729,3.644315,38.708846,3.644315,0.0,0.0,0.0,0,165,0.5,0.5,0.0,5,0.0,0.0
Geant2010,SM,0,B3,19,5,5,0,19->25->26->27->5,19->25->26->27->5,14.527532,inf,0.0,171,171,14.527532,3.644315,37.02665,3.644315,0.0,0.0,0.0,0,171,0.5,0.5,0.0,5,0.0,0.0
Geant2010,SM,0,B3,20,5,5,0,20->21->27->5,20->21->27->5,8.160712,inf,0.0,193,193,8.160712,3.644315,30.659829,3.644315,0.0,0.0,0.0,0,193.0,0.5,0.5,0.0,5,0.0,0.0
Geant2010,SM,0,B3,21,5,2,1,21->27->5,21->27->5->1->2,6.542758,inf,0.0,207,207,11.928097,32.679739,63.462638,32.679739,0.0,0.0,0.0,0,207.0,0.5,0.5,0.0,5,0.0,0.0
Geant2010,SM,0,B3,22,5,1,1,22->23->9->5,22->32->2->1,20.2069,inf,0.0,179,179,20.805896,4.035513,43.696211,4.035513,0.0,0.0,0.0,0,179,0.5,0.5,0.0,5,0.0,0.0
Geant2010,SM,0,B3,23,5,2,1,23->9->5,23->8->32->2,15.174145,inf,0.0,202,202,17.179385,32.679739,68.713926,32.679739,0.0,0.0,0.0,0,202,0.5,0.5,0.0,5,0.0,0.0
Geant2010,SM,0,B3,24,4,2,1,24->20->21->6->4,24->20->21->27->5->1->2,10.86453,inf,0.0,185,185,16.736388,32.679739,68.270929,32.679739,0.0,0.0,0.0,0,185,0.5,0.5,0.0,5,0.0,0.0
Geant2010,SM,0,B3,25,4,1,1,25->20->21->6->4,25->26->27->5->1,10.673026,inf,0.0,187,187,13.599082,4.035513,36.489397,4.035513,0.0,0.0,0.0,0,187,0.5,0.5,0.0,5,0.0,0.0
Geant2010,SM,0,B3,26,4,2,1,26->27->5->4,26->27->5->1->2,15.095071,inf,0.0,154,154,14.162947,32.679739,65.697488,32.679739,0.0,0.0,0.0,0,154,0.5,0.5,0.0,5,0.0,0.0
Geant2010,SM,0,B3,27,4,4,0,27->21->6->4,27->21->6->4,6.60669,inf,0.0,169,169,6.60669,3.186743,28.648235,3.186743,0.0,0.0,0.0,0,169.0,0.5,0.5,0.0,5,0.0,0.0
Geant2010,SM,0,B3,28,4,4,0,28->4,28->4,5.348983,inf,0.0,190,190,5.348983,3.186743,27.390529,3.186743,0.0,0.0,0.0,0,190,0.5,0.5,0.0,5,0.0,0.0
Geant2010,SM,0,B3,29,4,4,0,29->5->4,29->5->4,26.584141,inf,0.0,162,162,26.584141,3.186743,48.625687,3.186743,0.0,0.0,0.0,0,162,0.5,0.5,0.0,5,0.0,0.0
Geant2010,SM,0,B3,30,4,4,0,30->3->5->4,30->32->8->7->5->4,34.141634,inf,0.0,194,194,33.475905,3.186743,55.517451,3.186743,0.0,0.0,0.0,0,194,0.5,0.5,0.0,5,0.0,0.0
Geant2010,SM,0,B3,31,4,4,0,31->32->8->7->5->4,31->32->8->7->5->4,19.206306,inf,0.0,156,156,19.206306,3.186743,41.247851,3.186743,0.0,0.0,0.0,0,156,0.5,0.5,0.0,5,0.0,0.0
Geant2010,SM,0,B3,32,3,3,0,32->2->1->3,32->2->1->3,11.173094,inf,0.0,211,211,11.173094,5.567929,35.595825,5.567929,0.0,0.0,0.0,0,211,0.5,0.5,0.0,5,0.0,0.0
Geant2010,SM,0,B3,33,3,1,1,33->3,33->3->1,7.19713,inf,0.0,195,195,13.421363,4.035513,36.311678,4.035513,0.0,0.0,0.0,0,195,0.5,0.5,0.0,5,0.0,0.0
Geant2010,SM,0,B3,34,3,3,0,34->3,34->3,5.236,inf,0.0,149,149,5.236,5.567929,29.658731,5.567929,0.0,0.0,0.0,0,149,0.5,0.5,0.0,5,0.0,0.0
Geant2010,SM,0,B3,35,3,3,0,35->34->3,35->34->3,7.898444,inf,0.0,140,140,7.898444,5.567929,32.321175,5.567929,0.0,0.0,0.0,0,140,0.5,0.5,0.0,5,0.0,0.0
Geant2010,SM,0,B3,36,3,3,0,36->3,36->3,8.394786,inf,0.0,154,154,8.394786,5.567929,32.817517,5.567929,0.0,0.0,0.0,0,154,0.5,0.5,0.0,5,0.0,0.0
Geant2010,SM,0,B3,37,3,3,0,37->36->3,37->36->3,11.195232,inf,0.0,277,277,11.195232,5.567929,35.617963,5.567929,0.0,0.0,0.0,0,277,0.5,0.5,0.0,5,0.0,0.0
Geant2010,SM,0,MCF_ARC,1,1,1,0,1,1,0.0,19.700254,0.0,154,154,0.0,4.478609,23.095684,4.240882,0.0,0.0,0.0,0,154,0.5,0.5,0.0,5,0.0,0.0
Geant2010,SM,0,MCF_ARC,2,2,2,0,2,2,0.0,19.729999,0.0,171,171,0.0,1.159006,20.01007,1.155268,0.0,0.0,0.0,0,171,0.5,0.5,0.0,5,0.0,0.0
Geant2010,SM,0,MCF_ARC,3,3,3,0,3,3,0.0,inf,0.0,163,163,0.0,14.661114,32.259628,13.404826,0.0,0.0,0.0,0,163.0,0.5,0.5,0.0,5,0.0,0.0
Geant2010,SM,0,MCF_ARC,4,4,4,0,4,4,0.0,inf,0.0,152,152,0.0,11.585387,28.306598,9.451796,0.0,0.0,0.0,0,152,0.5,0.5,0.0,5,0.0,0.0
Geant2010,SM,0,MCF_ARC,5,5,5,0,5,5,0.0,inf,0.0,216,216,0.0,13.512927,31.292613,12.437811,0.0,0.0,0.0,0,216.0,0.5,0.5,0.0,5,0.0,0.0
Geant2010,SM,0,MCF_ARC,6,6,6,0,6,6,0.0,inf,0.0,179,179,0.0,13.593021,31.449261,12.594458,0.0,0.0,0.0,0,179,0.5,0.5,0.0,5,0.0,0.0
Geant2010,SM,0,MCF_ARC,7,6,1,1,7->5->6,7->5->1,6.023543,inf,0.0,202,202,5.568978,4.478609,28.664662,4.240882,0.0,0.0,0.0,0,202.0,0.5,0.5,0.0,5,0.0,0.0
Geant2010,SM,0,MCF_ARC,8,6,1,1,8->7->5->6,8->7->5->1,8.903265,inf,0.0,220,220,8.4487,4.478609,31.544384,4.240882,0.0,0.0,0.0,0,220,0.5,0.5,0.0,5,0.0,0.0
Geant2010,SM,0,MCF_ARC,9,6,6,0,9->5->6,9->5->6,7.74351,inf,0.0,191,191,7.74351,13.593021,39.192771,12.594458,0.0,0.0,0.0,0,191,0.5,0.5,0.0,5,0.0,0.0
Geant2010,SM,0,MCF_ARC,10,6,6,0,10->27->21->6,10->27->21->6,9.733065,inf,0.0,183,183,9.733065,13.593021,41.182326,12.594458,0.0,0.0,0.0,0,183,0.5,0.5,0.0,5,0.0,0.0
Geant2010,SM,0,MCF_ARC,11,6,6,0,11->20->21->6,11->20->21->6,10.841908,inf,0.0,180,180,10.841908,13.593021,42.291168,12.594458,0.0,0.0,0.0,0,180,0.5,0.5,0.0,5,0.0,0.0
Geant2010,SM,0,MCF_ARC,12,6,6,0,12->20->21->6,12->20->21->6,10.979721,inf,0.0,121,121,10.979721,13.593021,42.428982,12.594458,0.0,0.0,0.0,0,121,0.5,0.5,0.0,5,0.0,0.0
Geant2010,SM,0,MCF_ARC,13,6,6,0,13->11->20->21->6,13->12->20->21->6,21.400173,inf,0.0,166,166,20.417979,13.593021,51.86724,12.594458,0.0,0.0,0.0,0,166,0.5,0.5,0.0,5,0.0,0.0
Geant2010,SM,0,MCF_ARC,14,6,6,0,14->27->21->6,14->11->20->21->6,16.291983,inf,0.0,147,147,16.091463,13.593021,47.540724,12.594458,0.0,0.0,0.0,0,147,0.5,0.5,0.0,5,0.0,0.0
Geant2010,SM,0,MCF_ARC,15,5,3,1,15->10->27->5,15->14->27->5->3,35.64429,inf,0.0,187,187,34.710867,14.661114,66.970495,13.404826,0.0,0.0,0.0,0,187,0.5,0.5,0.0,5,0.0,0.0
Geant2010,SM,0,MCF_ARC,16,5,5,0,16->5,16->5,29.89488,inf,0.0,184,184,29.89488,13.512927,61.187493,12.437811,0.0,0.0,0.0,0,184,0.5,0.5,0.0,5,0.0,0.0
Geant2010,SM,0,MCF_ARC,17,6,6,0,17->10->9->5->6,17->10->27->21->6,21.36157,inf,0.0,144,144,21.223365,13.593021,52.672625,12.594458,0.0,0.0,0.0,0,144,0.5,0.5,0.0,5,0.0,0.0
Geant2010,SM,0,MCF_ARC,18,5,5,0,18->11->14->10->9->5,18->11->20->21->27->5,27.391489,inf,0.0,165,165,16.209729,13.512927,47.502342,12.437811,0.0,0.0,0.0,0,165,0.5,0.5,0.0,5,0.0,0.0
Geant2010,SM,0,MCF_ARC,19,5,5,0,19->25->26->27->5,19->25->26->27->5,14.527532,inf,0.0,171,171,14.527532,13.512927,45.820146,12.437811,0.0,0.0,0.0,0,171,0.5,0.5,0.0,5,0.0,0.0
Geant2010,SM,0,MCF_ARC,20,5,5,0,20->21->27->5,20->21->27->5,8.160712,inf,0.0,193,193,8.160712,13.512927,39.453325,12.437811,0.0,0.0,0.0,0,193.0,0.5,0.5,0.0,5,0.0,0.0
Geant2010,SM,0,MCF_ARC,21,5,1,1,21->27->5,21->27->5->1,6.542758,inf,0.0,207,207,10.19206,4.478609,33.287745,4.240882,0.0,0.0,0.0,0,207.0,0.5,0.5,0.0,5,0.0,0.0
Geant2010,SM,0,MCF_ARC,22,5,5,0,22->23->9->5,22->23->9->5,20.2069,inf,0.0,179,179,20.2069,13.512927,51.499514,12.437811,0.0,0.0,0.0,0,179,0.5,0.5,0.0,5,0.0,0.0
Geant2010,SM,0,MCF_ARC,23,5,5,0,23->9->5,23->9->5,15.174145,inf,0.0,202,202,15.174145,13.512927,46.466758,12.437811,0.0,0.0,0.0,0,202,0.5,0.5,0.0,5,0.0,0.0
Geant2010,SM,0,MCF_ARC,24,4,4,0,24->20->21->6->4,24->20->21->6->4,10.86453,inf,0.0,185,185,10.86453,11.585387,39.171128,9.451796,0.0,0.0,0.0,0,185,0.5,0.5,0.0,5,0.0,0.0
Geant2010,SM,0,MCF_ARC,25,4,4,0,25->20->21->6->4,25->26->27->21->6->4,10.673026,inf,0.0,187,187,10.564163,11.585387,38.870761,9.451796,0.0,0.0,0.0,0,187,0.5,0.5,0.0,5,0.0,0.0
Geant2010,SM,0,MCF_ARC,26,4,4,0,26->27->5->4,26->27->21->6->4,15.095071,inf,0.0,154,154,9.391992,11.585387,37.69859,9.451796,0.0,0.0,0.0,0,154,0.5,0.5,0.0,5,0.0,0.0
Geant2010,SM,0,MCF_ARC,27,4,4,0,27->21->6->4,27->21->6->4,6.60669,inf,0.0,169,169,6.60669,11.585387,34.913288,9.451796,0.0,0.0,0.0,0,169.0,0.5,0.5,0.0,5,0.0,0.0
Geant2010,SM,0,MCF_ARC,28,4,4,0,28->4,28->4,5.348983,inf,0.0,190,190,5.348983,11.585387,33.655581,9.451796,0.0,0.0,0.0,0,190,0.5,0.5,0.0,5,0.0,0.0
Geant2010,SM,0,MCF_ARC,29,4,1,1,29->5->4,29->3->1,26.584141,inf,0.0,162,162,21.883069,4.478609,44.978754,4.240882,0.0,0.0,0.0,0,162,0.5,0.5,0.0,5,0.0,0.0
Geant2010,SM,0,MCF_ARC,30,4,4,0,30->3->5->4,30->3->29->5->4,34.141634,inf,0.0,194,194,63.354136,11.585387,91.660734,9.451796,0.0,0.0,0.0,0,194,0.5,0.5,0.0,5,0.0,0.0
Geant2010,SM,0,MCF_ARC,31,4,1,1,31->32->8->7->5->4,31->32->2->1,19.206306,inf,0.0,156,156,9.596939,4.478609,32.692623,4.240882,0.0,0.0,0.0,0,156,0.5,0.5,0.0,5,0.0,0.0
Geant2010,SM,0,MCF_ARC,32,3,3,0,32->2->1->3,32->30->3,11.173094,inf,0.0,211,211,40.028837,14.661114,72.288465,13.404826,0.0,0.0,0.0,0,211,0.5,0.5,0.0,5,0.0,0.0
Geant2010,SM,0,MCF_ARC,33,3,3,0,33->3,33->3,7.19713,inf,0.0,195,195,7.19713,14.661114,39.456758,13.404826,0.0,0.0,0.0,0,195,0.5,0.5,0.0,5,0.0,0.0
Geant2010,SM,0,MCF_ARC,34,3,3,0,34->3,34->3,5.236,inf,0.0,149,149,5.236,14.661114,37.495628,13.404826,0.0,0.0,0.0,0,149,0.5,0.5,0.0,5,0.0,0.0
Geant2010,SM,0,MCF_ARC,35,3,3,0,35->34->3,35->34->3,7.898444,inf,0.0,140,140,7.898444,14.661114,40.158072,13.404826,0.0,0.0,0.0,0,140,0.5,0.5,0.0,5,0.0,0.0
Geant2010,SM,0,MCF_ARC,36,3,3,0,36->3,36->3,8.394786,inf,0.0,154,154,8.394786,14.661114,40.654414,13.404826,0.0,0.0,0.0,0,154,0.5,0.5,0.0,5,0.0,0.0
Geant2010,SM,0,MCF_ARC,37,3,2,1,37->36->3,37->28->4->5->7->8->32->2,11.195232,inf,0.0,277,277,25.401689,1.159006,45.41176,1.155268,0.0,0.0,0.0,0,277,0.5,0.5,0.0,5,0.0,0.0
Geant2010,SM,1,B1,1,1,1,0,1,,0.0,19.726946,0.0,191,191,0.0,277.777778,296.63258,277.777778,0.0,0.0,0.0,0,191,0.5,0.5,0.0,5,0.0,0.0
Geant2010,SM,1,B1,2,2,2,0,2,,0.0,19.750539,0.0,194,194,0.0,0.895736,19.750539,0.895736,0.0,0.0,0.0,0,194,0.5,0.5,0.0,5,0.0,0.0
Geant2010,SM,1,B1,3,3,3,0,3,,0.0,inf,0.0,165,165,0.0,37.878788,56.73359,37.878788,0.0,0.0,0.0,0,165.0,0.5,0.5,0.0,5,0.0,0.0
Geant2010,SM,1,B1,4,4,4,0,4,,0.0,inf,0.0,143,143,0.0,185.185185,204.039987,185.185185,0.0,0.0,0.0,0,143,0.5,0.5,0.0,5,0.0,0.0
Geant2010,SM,1,B1,5,5,5,0,5,,0.0,inf,0.0,173,173,0.0,135.135135,153.989937,135.135135,0.0,0.0,0.0,0,173.0,0.5,0.5,0.0,5,0.0,0.0
Geant2010,SM,1,B1,6,6,6,0,6,,0.0,inf,0.0,202,202,0.0,185.185185,204.039987,185.185185,0.0,0.0,0.0,0,202,0.5,0.5,0.0,5,0.0,0.0
Geant2010,SM,1,B1,7,6,5,1,7->5->6,,6.023543,inf,0.0,178,178,1.919675,135.135135,155.909613,135.135135,0.0,0.0,0.0,0,178.0,0.5,0.5,0.0,5,0.0,0.0
Geant2010,SM,1,B1,8,6,6,0,8->7->5->6,,8.903265,inf,0.0,217,217,8.903265,185.185185,212.943252,185.185185,0.0,0.0,0.0,0,217,0.5,0.5,0.0,5,0.0,0.0
Geant2010,SM,1,B1,9,6,6,0,9->5->6,,7.74351,inf,0.0,177,177,7.74351,185.185185,211.783497,185.185185,0.0,0.0,0.0,0,177,0.5,0.5,0.0,5,0.0,0.0
Geant2010,SM,1,B1,10,6,6,0,10->27->21->6,,9.733065,inf,0.0,140,140,9.733065,185.185185,213.773052,185.185185,0.0,0.0,0.0,0,140,0.5,0.5,0.0,5,0.0,0.0
Geant2010,SM,1,B1,11,6,6,0,11->20->21->6,,10.841908,inf,0.0,193,193,10.841908,185.185185,214.881895,185.185185,0.0,0.0,0.0,0,193,0.5,0.5,0.0,5,0.0,0.0
Geant2010,SM,1,B1,12,6,6,0,12->20->21->6,,10.979721,inf,0.0,207,207,10.979721,185.185185,215.019708,185.185185,0.0,0.0,0.0,0,207,0.5,0.5,0.0,5,0.0,0.0
Geant2010,SM,1,B1,13,6,6,0,13->11->20->21->6,,21.400173,inf,0.0,169,169,20.417979,185.185185,224.457966,185.185185,0.0,0.0,0.0,0,169,0.5,0.5,0.0,5,0.0,0.0
Geant2010,SM,1,B1,14,5,5,0,14->27->5,,18.818962,inf,0.0,206,206,18.818962,135.135135,172.8089,135.135135,0.0,0.0,0.0,0,206,0.5,0.5,0.0,5,0.0,0.0
Geant2010,SM,1,B1,15,6,4,1,15->14->11->20->21->6,,25.270356,inf,0.0,129,129,28.411718,185.185185,232.451705,185.185185,0.0,0.0,0.0,0,129,0.5,0.5,0.0,5,0.0,0.0
Geant2010,SM,1,B1,16,5,1,1,16->5,,29.89488,inf,0.0,206,206,33.544182,277.777778,330.176762,277.777778,0.0,0.0,0.0,0,206,0.5,0.5,0.0,5,0.0,0.0
Geant2010,SM,1,B1,17,5,5,0,17->10->9->5,,17.257703,inf,0.0,114,114,17.257703,135.135135,171.24764,135.135135,0.0,0.0,0.0,0,114,0.5,0.5,0.0,5,0.0,0.0
Geant2010,SM,1,B1,18,5,1,1,18->11->20->21->6->5,,16.685715,inf,0.0,170,170,19.859032,277.777778,316.491612,277.777778,0.0,0.0,0.0,0,170,0.5,0.5,0.0,5,0.0,0.0
Geant2010,SM,1,B1,19,5,5,0,19->25->26->27->5,,14.527532,inf,0.0,193,193,14.527532,135.135135,168.51747,135.135135,0.0,0.0,0.0,0,193,0.5,0.5,0.0,5,0.0,0.0
Geant2010,SM,1,B1,20,5,5,0,20->21->6->5,,8.636697,inf,0.0,226,226,8.160712,135.135135,162.150649,135.135135,0.0,0.0,0.0,0,226.0,0.5,0.5,0.0,5,0.0,0.0
Geant2010,SM,1,B1,21,5,5,0,21->6->5,,7.018743,inf,0.0,213,213,6.542758,135.135135,160.532695,135.135135,0.0,0.0,0.0,0,213.0,0.5,0.5,0.0,5,0.0,0.0
Geant2010,SM,1,B1,22,4,1,1,22->23->9->5->4,,26.524363,inf,0.0,198,198,20.805896,277.777778,317.438476,277.777778,0.0,0.0,0.0,0,198,0.5,0.5,0.0,5,0.0,0.0
Geant2010,SM,1,B1,23,4,1,1,23->9->5->4,,21.491608,inf,0.0,239,239,18.823447,277.777778,315.456027,277.777778,0.0,0.0,0.0,0,239,0.5,0.5,0.0,5,0.0,0.0
Geant2010,SM,1,B1,24,4,4,0,24->20->21->6->4,,10.86453,inf,0.0,177,177,10.86453,185.185185,214.904517,185.185185,0.0,0.0,0.0,0,177,0.5,0.5,0.0,5,0.0,0.0
Geant2010,SM,1,B1,25,4,4,0,25->26->27->5->4,,16.267243,inf,0.0,160,160,10.564163,185.185185,214.60415,185.185185,0.0,0.0,0.0,0,160,0.5,0.5,0.0,5,0.0,0.0
Geant2010,SM,1,B1,26,4,4,0,26->27->5->4,,15.095071,inf,0.0,160,160,9.391992,185.185185,213.431979,185.185185,0.0,0.0,0.0,0,160,0.5,0.5,0.0,5,0.0,0.0
Geant2010,SM,1,B1,27,4,4,0,27->5->4,,12.309769,inf,0.0,193,193,6.60669,185.185185,210.646677,185.185185,0.0,0.0,0.0,0,193.0,0.5,0.5,0.0,5,0.0,0.0
Geant2010,SM,1,B1,28,4,4,0,28->4,,5.348983,inf,0.0,197,197,5.348983,185.185185,209.388971,185.185185,0.0,0.0,0.0,0,197,0.5,0.5,0.0,5,0.0,0.0
Geant2010,SM,1,B1,29,3,3,0,29->3,,15.658836,inf,0.0,203,203,15.658836,37.878788,72.392426,37.878788,0.0,0.0,0.0,0,203,0.5,0.5,0.0,5,0.0,0.0
Geant2010,SM,1,B1,30,3,3,0,30->3,,21.111159,inf,0.0,222,222,21.111159,37.878788,77.844749,37.878788,0.0,0.0,0.0,0,222,0.5,0.5,0.0,5,0.0,0.0
Geant2010,SM,1,B1,31,4,4,0,31->32->8->7->5->4,,19.206306,inf,0.0,146,146,19.206306,185.185185,223.246293,185.185185,0.0,0.0,0.0,0,146,0.5,0.5,0.0,5,0.0,0.0
Geant2010,SM,1,B1,32,3,1,1,32->2->1->3,,11.173094,inf,0.0,188,188,4.94886,277.777778,301.58144,277.777778,0.0,0.0,0.0,0,188,0.5,0.5,0.0,5,0.0,0.0
Geant2010,SM,1,B1,33,3,3,0,33->3,,7.19713,inf,0.0,231,231,7.19713,37.878788,63.93072,37.878788,0.0,0.0,0.0,0,231,0.5,0.5,0.0,5,0.0,0.0
Geant2010,SM,1,B1,34,3,3,0,34->3,,5.236,inf,0.0,164,164,5.236,37.878788,61.969591,37.878788,0.0,0.0,0.0,0,164,0.5,0.5,0.0,5,0.0,0.0
Geant2010,SM,1,B1,35,3,3,0,35->34->3,,7.898444,inf,0.0,178,178,7.898444,37.878788,64.632034,37.878788,0.0,0.0,0.0,0,178,0.5,0.5,0.0,5,0.0,0.0
Geant2010,SM,1,B1,36,3,3,0,36->3,,8.394786,inf,0.0,189,189,8.394786,37.878788,65.128376,37.878788,0.0,0.0,0.0,0,189,0.5,0.5,0.0,5,0.0,0.0
Geant2010,SM,1,B1,37,3,1,1,37->36->3,,11.195232,inf,0.0,142,142,17.419466,277.777778,314.052046,277.777778,0.0,0.0,0.0,0,142,0.5,0.5,0.0,5,0.0,0.0
Geant2010,SM,1,B3,1,1,1,0,1,1,0.0,19.726946,0.0,191,191,0.0,3.128911,21.983713,3.128911,0.0,0.0,0.0,0,191,0.5,0.5,0.0,5,0.0,0.0
Geant2010,SM,1,B3,2,2,2,0,2,2,0.0,19.750539,0.0,194,194,0.0,inf,inf,inf,0.0,0.0,0.0,0,194,0.5,0.5,0.0,5,0.0,0.0
Geant2010,SM,1,B3,3,3,3,0,3,3,0.0,inf,0.0,165,165,0.0,4.025765,22.880567,4.025765,0.0,0.0,0.0,0,165.0,0.5,0.5,0.0,5,0.0,0.0
Geant2010,SM,1,B3,4,4,4,0,4,4,0.0,inf,0.0,143,143,0.0,3.211304,22.066106,3.211304,0.0,0.0,0.0,0,143,0.5,0.5,0.0,5,0.0,0.0
Geant2010,SM,1,B3,5,5,5,0,5,5,0.0,inf,0.0,173,173,0.0,4.868549,23.723351,4.868549,0.0,0.0,0.0,0,173.0,0.5,0.5,0.0,5,0.0,0.0
Geant2010,SM,1,B3,6,6,6,0,6,6,0.0,inf,0.0,202,202,0.0,5.170631,24.025433,5.170631,0.0,0.0,0.0,0,202,0.5,0.5,0.0,5,0.0,0.0
Geant2010,SM,1,B3,7,6,2,1,7->5->6,7->5->1->2,6.023543,inf,0.0,178,178,7.305014,inf,inf,inf,0.0,0.0,0.0,0,178.0,0.5,0.5,0.0,5,0.0,0.0
Geant2010,SM,1,B3,8,6,6,0,8->7->5->6,8->7->5->6,8.903265,inf,0.0,217,217,8.903265,5.170631,32.928698,5.170631,0.0,0.0,0.0,0,217,0.5,0.5,0.0,5,0.0,0.0
Geant2010,SM,1,B3,9,6,2,1,9->5->6,9->5->1->2,7.74351,inf,0.0,177,177,9.024982,inf,inf,inf,0.0,0.0,0.0,0,177,0.5,0.5,0.0,5,0.0,0.0
Geant2010,SM,1,B3,10,6,1,1,10->27->21->6,10->9->5->1,9.733065,inf,0.0,140,140,9.416706,3.128911,31.400419,3.128911,0.0,0.0,0.0,0,140,0.5,0.5,0.0,5,0.0,0.0
Geant2010,SM,1,B3,11,6,6,0,11->20->21->6,11->20->21->6,10.841908,inf,0.0,193,193,10.841908,5.170631,34.867341,5.170631,0.0,0.0,0.0,0,193,0.5,0.5,0.0,5,0.0,0.0
Geant2010,SM,1,B3,12,6,6,0,12->20->21->6,12->20->21->6,10.979721,inf,0.0,207,207,10.979721,5.170631,35.005154,5.170631,0.0,0.0,0.0,0,207,0.5,0.5,0.0,5,0.0,0.0
Geant2010,SM,1,B3,13,6,6,0,13->11->20->21->6,13->12->20->21->6,21.400173,inf,0.0,169,169,20.417979,5.170631,44.443412,5.170631,0.0,0.0,0.0,0,169,0.5,0.5,0.0,5,0.0,0.0
Geant2010,SM,1,B3,14,5,5,0,14->27->5,14->27->5,18.818962,inf,0.0,206,206,18.818962,4.868549,42.542314,4.868549,0.0,0.0,0.0,0,206,0.5,0.5,0.0,5,0.0,0.0
Geant2010,SM,1,B3,15,6,6,0,15->14->11->20->21->6,15->14->11->20->21->6,25.270356,inf,0.0,129,129,25.270356,5.170631,49.295789,5.170631,0.0,0.0,0.0,0,129,0.5,0.5,0.0,5,0.0,0.0
Geant2010,SM,1,B3,16,5,5,0,16->5,16->5,29.89488,inf,0.0,206,206,29.89488,4.868549,53.618231,4.868549,0.0,0.0,0.0,0,206,0.5,0.5,0.0,5,0.0,0.0
Geant2010,SM,1,B3,17,5,5,0,17->10->9->5,17->10->9->5,17.257703,inf,0.0,114,114,17.257703,4.868549,40.981054,4.868549,0.0,0.0,0.0,0,114,0.5,0.5,0.0,5,0.0,0.0
Geant2010,SM,1,B3,18,5,2,1,18->11->20->21->6->5,18->11->20->21->27->5->1->2,16.685715,inf,0.0,170,170,21.595068,inf,inf,inf,0.0,0.0,0.0,0,170,0.5,0.5,0.0,5,0.0,0.0
Geant2010,SM,1,B3,19,5,5,0,19->25->26->27->5,19->25->26->27->5,14.527532,inf,0.0,193,193,14.527532,4.868549,38.250884,4.868549,0.0,0.0,0.0,0,193,0.5,0.5,0.0,5,0.0,0.0
Geant2010,SM,1,B3,20,5,1,1,20->21->6->5,20->21->27->5->1,8.636697,inf,0.0,226,226,11.810014,3.128911,33.793727,3.128911,0.0,0.0,0.0,0,226.0,0.5,0.5,0.0,5,0.0,0.0
Geant2010,SM,1,B3,21,5,5,0,21->6->5,21->27->5,7.018743,inf,0.0,213,213,6.542758,4.868549,30.266109,4.868549,0.0,0.0,0.0,0,213.0,0.5,0.5,0.0,5,0.0,0.0
Geant2010,SM,1,B3,22,4,2,1,22->23->9->5->4,22->32->2,26.524363,inf,0.0,198,198,19.069859,inf,inf,inf,0.0,0.0,0.0,0,198,0.5,0.5,0.0,5,0.0,0.0
Geant2010,SM,1,B3,23,4,1,1,23->9->5->4,23->9->5->1,21.491608,inf,0.0,239,239,18.823447,3.128911,40.807161,3.128911,0.0,0.0,0.0,0,239,0.5,0.5,0.0,5,0.0,0.0
Geant2010,SM,1,B3,24,4,2,1,24->20->21->6->4,24->20->21->27->5->1->2,10.86453,inf,0.0,177,177,16.736388,inf,inf,inf,0.0,0.0,0.0,0,177,0.5,0.5,0.0,5,0.0,0.0
Geant2010,SM,1,B3,25,4,4,0,25->26->27->5->4,25->26->27->21->6->4,16.267243,inf,0.0,160,160,10.564163,3.211304,32.630269,3.211304,0.0,0.0,0.0,0,160,0.5,0.5,0.0,5,0.0,0.0
Geant2010,SM,1,B3,26,4,4,0,26->27->5->4,26->27->21->6->4,15.095071,inf,0.0,160,160,9.391992,3.211304,31.458098,3.211304,0.0,0.0,0.0,0,160,0.5,0.5,0.0,5,0.0,0.0
Geant2010,SM,1,B3,27,4,4,0,27->5->4,27->21->6->4,12.309769,inf,0.0,193,193,6.60669,3.211304,28.672796,3.211304,0.0,0.0,0.0,0,193.0,0.5,0.5,0.0,5,0.0,0.0
Geant2010,SM,1,B3,28,4,4,0,28->4,28->4,5.348983,inf,0.0,197,197,5.348983,3.211304,27.415089,3.211304,0.0,0.0,0.0,0,197,0.5,0.5,0.0,5,0.0,0.0
Geant2010,SM,1,B3,29,3,3,0,29->3,29->3,15.658836,inf,0.0,203,203,15.658836,4.025765,38.539403,4.025765,0.0,0.0,0.0,0,203,0.5,0.5,0.0,5,0.0,0.0
Geant2010,SM,1,B3,30,3,1,1,30->3,30->32->2->1,21.111159,inf,0.0,222,222,23.866538,3.128911,45.850252,3.128911,0.0,0.0,0.0,0,222,0.5,0.5,0.0,5,0.0,0.0
Geant2010,SM,1,B3,31,4,4,0,31->32->8->7->5->4,31->32->8->7->5->4,19.206306,inf,0.0,146,146,19.206306,3.211304,41.272412,3.211304,0.0,0.0,0.0,0,146,0.5,0.5,0.0,5,0.0,0.0
Geant2010,SM,1,B3,32,3,2,1,32->2->1->3,32->2,11.173094,inf,0.0,188,188,3.212824,inf,inf,inf,0.0,0.0,0.0,0,188,0.5,0.5,0.0,5,0.0,0.0
Geant2010,SM,1,B3,33,3,3,0,33->3,33->3,7.19713,inf,0.0,231,231,7.19713,4.025765,30.077697,4.025765,0.0,0.0,0.0,0,231,0.5,0.5,0.0,5,0.0,0.0
Geant2010,SM,1,B3,34,3,3,0,34->3,34->3,5.236,inf,0.0,164,164,5.236,4.025765,28.116568,4.025765,0.0,0.0,0.0,0,164,0.5,0.5,0.0,5,0.0,0.0
Geant2010,SM,1,B3,35,3,3,0,35->34->3,35->34->3,7.898444,inf,0.0,178,178,7.898444,4.025765,30.779011,4.025765,0.0,0.0,0.0,0,178,0.5,0.5,0.0,5,0.0,0.0
Geant2010,SM,1,B3,36,3,3,0,36->3,36->3,8.394786,inf,0.0,189,189,8.394786,4.025765,31.275353,4.025765,0.0,0.0,0.0,0,189,0.5,0.5,0.0,5,0.0,0.0
Geant2010,SM,1,B3,37,3,2,1,37->36->3,37->36->3->1->2,11.195232,inf,0.0,142,142,19.155502,inf,inf,inf,0.0,0.0,0.0,0,142,0.5,0.5,0.0,5,0.0,0.0
Geant2010,SM,2,B1,1,1,1,0,1,,0.0,19.764058,0.0,185,185,0.0,1250.0,1268.854802,1250.0,0.0,0.0,0.0,0,185,0.5,0.5,0.0,5,0.0,0.0
Geant2010,SM,2,B1,2,2,2,0,2,,0.0,19.700111,0.0,153,153,0.0,0.845309,19.700111,0.845309,0.0,0.0,0.0,0,153,0.5,0.5,0.0,5,0.0,0.0
Geant2010,SM,2,B1,3,3,3,0,3,,0.0,inf,0.0,218,218,0.0,555.555556,574.410358,555.555556,0.0,0.0,0.0,0,218.0,0.5,0.5,0.0,5,0.0,0.0
Geant2010,SM,2,B1,4,4,4,0,4,,0.0,inf,0.0,177,177,0.0,28.089888,46.94469,28.089888,0.0,0.0,0.0,0,177,0.5,0.5,0.0,5,0.0,0.0
Geant2010,SM,2,B1,5,5,5,0,5,,0.0,inf,0.0,202,202,0.0,1250.0,1268.854802,1250.0,0.0,0.0,0.0,0,202.0,0.5,0.5,0.0,5,0.0,0.0
Geant2010,SM,2,B1,6,6,6,0,6,,0.0,inf,0.0,161,161,0.0,69.444444,88.299247,69.444444,0.0,0.0,0.0,0,161,0.5,0.5,0.0,5,0.0,0.0
Geant2010,SM,2,B1,7,6,6,0,7->5->6,,6.023543,inf,0.0,157,157,6.023543,69.444444,94.322789,69.444444,0.0,0.0,0.0,0,157.0,0.5,0.5,0.0,5,0.0,0.0
Geant2010,SM,2,B1,8,6,5,1,8->7->5->6,,8.903265,inf,0.0,178,178,4.799397,1250.0,1273.6542,1250.0,0.0,0.0,0.0,0,178,0.5,0.5,0.0,5,0.0,0.0
Geant2010,SM,2,B1,9,6,6,0,9->5->6,,7.74351,inf,0.0,161,161,7.74351,69.444444,96.042757,69.444444,0.0,0.0,0.0,0,161,0.5,0.5,0.0,5,0.0,0.0
Geant2010,SM,2,B1,10,6,6,0,10->27->21->6,,9.733065,inf,0.0,166,166,9.733065,69.444444,98.032312,69.444444,0.0,0.0,0.0,0,166,0.5,0.5,0.0,5,0.0,0.0
Geant2010,SM,2,B1,11,6,1,1,11->20->21->6,,10.841908,inf,0.0,243,243,18.119092,1250.0,1286.973894,1250.0,0.0,0.0,0.0,0,243,0.5,0.5,0.0,5,0.0,0.0
Geant2010,SM,2,B1,12,6,6,0,12->20->21->6,,10.979721,inf,0.0,180,180,10.979721,69.444444,99.278968,69.444444,0.0,0.0,0.0,0,180,0.5,0.5,0.0,5,0.0,0.0
Geant2010,SM,2,B1,13,6,6,0,13->11->20->21->6,,21.400173,inf,0.0,166,166,20.417979,69.444444,108.717226,69.444444,0.0,0.0,0.0,0,166,0.5,0.5,0.0,5,0.0,0.0
Geant2010,SM,2,B1,14,6,6,0,14->11->20->21->6,,16.091463,inf,0.0,175,175,16.091463,69.444444,104.39071,69.444444,0.0,0.0,0.0,0,175,0.5,0.5,0.0,5,0.0,0.0
Geant2010,SM,2,B1,15,5,1,1,15->14->27->5,,27.997855,inf,0.0,197,197,31.647157,1250.0,1300.501959,1250.0,0.0,0.0,0.0,0,197,0.5,0.5,0.0,5,0.0,0.0
Geant2010,SM,2,B1,16,5,1,1,16->5,,29.89488,inf,0.0,218,218,33.544182,1250.0,1302.398984,1250.0,0.0,0.0,0.0,0,218,0.5,0.5,0.0,5,0.0,0.0
Geant2010,SM,2,B1,17,5,5,0,17->10->9->5,,17.257703,inf,0.0,166,166,17.257703,1250.0,1286.112505,1250.0,0.0,0.0,0.0,0,166,0.5,0.5,0.0,5,0.0,0.0
Geant2010,SM,2,B1,18,5,5,0,18->11->20->21->27->5,,16.209729,inf,0.0,209,209,16.209729,1250.0,1285.064532,1250.0,0.0,0.0,0.0,0,209,0.5,0.5,0.0,5,0.0,0.0
Geant2010,SM,2,B1,19,5,5,0,19->25->26->27->5,,14.527532,inf,0.0,154,154,14.527532,1250.0,1283.382335,1250.0,0.0,0.0,0.0,0,154,0.5,0.5,0.0,5,0.0,0.0
Geant2010,SM,2,B1,20,5,5,0,20->21->27->5,,8.160712,inf,0.0,245,245,8.160712,1250.0,1277.015514,1250.0,0.0,0.0,0.0,0,245.0,0.5,0.5,0.0,5,0.0,0.0
Geant2010,SM,2,B1,21,5,5,0,21->6->5,,7.018743,inf,0.0,130,130,6.542758,1250.0,1275.39756,1250.0,0.0,0.0,0.0,0,130.0,0.5,0.5,0.0,5,0.0,0.0
Geant2010,SM,2,B1,22,4,4,0,22->23->9->5->4,,26.524363,inf,0.0,174,174,26.524363,28.089888,73.469053,28.089888,0.0,0.0,0.0,0,174,0.5,0.5,0.0,5,0.0,0.0
Geant2010,SM,2,B1,23,4,4,0,23->9->5->4,,21.491608,inf,0.0,152,152,21.491608,28.089888,68.436298,28.089888,0.0,0.0,0.0,0,152,0.5,0.5,0.0,5,0.0,0.0
Geant2010,SM,2,B1,24,4,4,0,24->20->21->6->4,,10.86453,inf,0.0,159,159,10.86453,28.089888,57.80922,28.089888,0.0,0.0,0.0,0,159,0.5,0.5,0.0,5,0.0,0.0
Geant2010,SM,2,B1,25,4,4,0,25->20->21->6->4,,10.673026,inf,0.0,167,167,10.564163,28.089888,57.508853,28.089888,0.0,0.0,0.0,0,167,0.5,0.5,0.0,5,0.0,0.0
Geant2010,SM,2,B1,26,4,4,0,26->27->5->4,,15.095071,inf,0.0,160,160,9.391992,28.089888,56.336681,28.089888,0.0,0.0,0.0,0,160,0.5,0.5,0.0,5,0.0,0.0
Geant2010,SM,2,B1,27,4,4,0,27->21->6->4,,6.60669,inf,0.0,180,180,6.60669,28.089888,53.551379,28.089888,0.0,0.0,0.0,0,180.0,0.5,0.5,0.0,5,0.0,0.0
Geant2010,SM,2,B1,28,4,4,0,28->4,,5.348983,inf,0.0,197,197,5.348983,28.089888,52.293673,28.089888,0.0,0.0,0.0,0,197,0.5,0.5,0.0,5,0.0,0.0
Geant2010,SM,2,B1,29,4,6,1,29->5->4,,26.584141,inf,0.0,122,122,24.370546,69.444444,112.669792,69.444444,0.0,0.0,0.0,0,122,0.5,0.5,0.0,5,0.0,0.0
Geant2010,SM,2,B1,30,4,1,1,30->3->5->6->4,,35.069401,inf,0.0,219,219,23.866538,1250.0,1292.72134,1250.0,0.0,0.0,0.0,0,219,0.5,0.5,0.0,5,0.0,0.0
Geant2010,SM,2,B1,31,3,3,0,31->32->2->1->3,,15.821172,inf,0.0,183,183,15.821172,555.555556,590.23153,555.555556,0.0,0.0,0.0,0,183,0.5,0.5,0.0,5,0.0,0.0
Geant2010,SM,2,B1,32,3,3,0,32->30->3,,40.028837,inf,0.0,171,171,11.173094,555.555556,585.583452,555.555556,0.0,0.0,0.0,0,171,0.5,0.5,0.0,5,0.0,0.0
Geant2010,SM,2,B1,33,3,3,0,33->3,,7.19713,inf,0.0,166,166,7.19713,555.555556,581.607488,555.555556,0.0,0.0,0.0,0,166,0.5,0.5,0.0,5,0.0,0.0
Geant2010,SM,2,B1,34,3,1,1,34->3,,5.236,inf,0.0,222,222,11.460234,1250.0,1280.315036,1250.0,0.0,0.0,0.0,0,222,0.5,0.5,0.0,5,0.0,0.0
Geant2010,SM,2,B1,35,3,3,0,35->34->3,,7.898444,inf,0.0,193,193,7.898444,555.555556,582.308802,555.555556,0.0,0.0,0.0,0,193,0.5,0.5,0.0,5,0.0,0.0
Geant2010,SM,2,B1,36,3,3,0,36->3,,8.394786,inf,0.0,140,140,8.394786,555.555556,582.805144,555.555556,0.0,0.0,0.0,0,140,0.5,0.5,0.0,5,0.0,0.0
Geant2010,SM,2,B1,37,3,3,0,37->36->3,,11.195232,inf,0.0,212,212,11.195232,555.555556,585.60559,555.555556,0.0,0.0,0.0,0,212,0.5,0.5,0.0,5,0.0,0.0
Geant2010,SM,2,B3,1,1,1,0,1,1,0.0,19.764058,0.0,185,185,0.0,11.013216,29.868018,11.013216,0.0,0.0,0.0,0,185,0.5,0.5,0.0,5,0.0,0.0
Geant2010,SM,2,B3,2,2,2,0,2,2,0.0,19.700111,0.0,153,153,0.0,4.1841,23.038903,4.1841,0.0,0.0,0.0,0,153,0.5,0.5,0.0,5,0.0,0.0
Geant2010,SM,2,B3,3,3,3,0,3,3,0.0,inf,0.0,218,218,0.0,5.787037,24.641839,5.787037,0.0,0.0,0.0,0,218.0,0.5,0.5,0.0,5,0.0,0.0
Geant2010,SM,2,B3,4,4,4,0,4,4,0.0,inf,0.0,177,177,0.0,2.780868,21.63567,2.780868,0.0,0.0,0.0,0,177,0.5,0.5,0.0,5,0.0,0.0
Geant2010,SM,2,B3,5,5,5,0,5,5,0.0,inf,0.0,202,202,0.0,5.720824,24.575626,5.720824,0.0,0.0,0.0,0,202.0,0.5,0.5,0.0,5,0.0,0.0
Geant2010,SM,2,B3,6,6,6,0,6,6,0.0,inf,0.0,161,161,0.0,5.015045,23.869847,5.015045,0.0,0.0,0.0,0,161,0.5,0.5,0.0,5,0.0,0.0
Geant2010,SM,2,B3,7,6,1,1,7->5->6,7->5->1,6.023543,inf,0.0,157,157,5.568978,11.013216,35.436996,11.013216,0.0,0.0,0.0,0,157.0,0.5,0.5,0.0,5,0.0,0.0
Geant2010,SM,2,B3,8,6,6,0,8->7->5->6,8->7->5->6,8.903265,inf,0.0,178,178,8.903265,5.015045,32.773112,5.015045,0.0,0.0,0.0,0,178,0.5,0.5,0.0,5,0.0,0.0
Geant2010,SM,2,B3,9,6,1,1,9->5->6,9->5->1,7.74351,inf,0.0,161,161,7.288945,11.013216,37.156963,11.013216,0.0,0.0,0.0,0,161,0.5,0.5,0.0,5,0.0,0.0
Geant2010,SM,2,B3,10,6,2,1,10->27->21->6,10->9->5->1->2,9.733065,inf,0.0,166,166,11.152742,4.1841,34.191645,4.1841,0.0,0.0,0.0,0,166,0.5,0.5,0.0,5,0.0,0.0
Geant2010,SM,2,B3,11,6,6,0,11->20->21->6,11->20->21->6,10.841908,inf,0.0,243,243,10.841908,5.015045,34.711755,5.015045,0.0,0.0,0.0,0,243,0.5,0.5,0.0,5,0.0,0.0
Geant2010,SM,2,B3,12,6,6,0,12->20->21->6,12->20->21->6,10.979721,inf,0.0,180,180,10.979721,5.015045,34.849568,5.015045,0.0,0.0,0.0,0,180,0.5,0.5,0.0,5,0.0,0.0
Geant2010,SM,2,B3,13,6,6,0,13->11->20->21->6,13->12->20->21->6,21.400173,inf,0.0,166,166,20.417979,5.015045,44.287826,5.015045,0.0,0.0,0.0,0,166,0.5,0.5,0.0,5,0.0,0.0
Geant2010,SM,2,B3,14,6,6,0,14->11->20->21->6,14->11->20->21->6,16.091463,inf,0.0,175,175,16.091463,5.015045,39.961311,5.015045,0.0,0.0,0.0,0,175,0.5,0.5,0.0,5,0.0,0.0
Geant2010,SM,2,B3,15,5,5,0,15->14->27->5,15->14->27->5,27.997855,inf,0.0,197,197,27.997855,5.720824,52.573481,5.720824,0.0,0.0,0.0,0,197,0.5,0.5,0.0,5,0.0,0.0
Geant2010,SM,2,B3,16,5,5,0,16->5,16->5,29.89488,inf,0.0,218,218,29.89488,5.720824,54.470506,5.720824,0.0,0.0,0.0,0,218,0.5,0.5,0.0,5,0.0,0.0
Geant2010,SM,2,B3,17,5,1,1,17->10->9->5,17->10->9->5->1,17.257703,inf,0.0,166,166,20.907005,11.013216,50.775023,11.013216,0.0,0.0,0.0,0,166,0.5,0.5,0.0,5,0.0,0.0
Geant2010,SM,2,B3,18,5,5,0,18->11->20->21->27->5,18->11->20->21->27->5,16.209729,inf,0.0,209,209,16.209729,5.720824,40.785355,5.720824,0.0,0.0,0.0,0,209,0.5,0.5,0.0,5,0.0,0.0
Geant2010,SM,2,B3,19,5,5,0,19->25->26->27->5,19->25->26->27->5,14.527532,inf,0.0,154,154,14.527532,5.720824,39.103159,5.720824,0.0,0.0,0.0,0,154,0.5,0.5,0.0,5,0.0,0.0
Geant2010,SM,2,B3,20,5,2,1,20->21->27->5,20->21->27->5->1->2,8.160712,inf,0.0,245,245,13.546051,4.1841,36.584953,4.1841,0.0,0.0,0.0,0,245.0,0.5,0.5,0.0,5,0.0,0.0
Geant2010,SM,2,B3,21,5,5,0,21->6->5,21->27->5,7.018743,inf,0.0,130,130,6.542758,5.720824,31.118384,5.720824,0.0,0.0,0.0,0,130.0,0.5,0.5,0.0,5,0.0,0.0
Geant2010,SM,2,B3,22,4,1,1,22->23->9->5->4,22->32->2->1,26.524363,inf,0.0,174,174,20.805896,11.013216,50.673914,11.013216,0.0,0.0,0.0,0,174,0.5,0.5,0.0,5,0.0,0.0
Geant2010,SM,2,B3,23,4,2,1,23->9->5->4,23->8->32->2,21.491608,inf,0.0,152,152,17.179385,4.1841,40.218287,4.1841,0.0,0.0,0.0,0,152,0.5,0.5,0.0,5,0.0,0.0
Geant2010,SM,2,B3,24,4,2,1,24->20->21->6->4,24->20->21->27->5->1->2,10.86453,inf,0.0,159,159,16.736388,4.1841,39.775291,4.1841,0.0,0.0,0.0,0,159,0.5,0.5,0.0,5,0.0,0.0
Geant2010,SM,2,B3,25,4,4,0,25->20->21->6->4,25->26->27->21->6->4,10.673026,inf,0.0,167,167,10.564163,2.780868,32.199833,2.780868,0.0,0.0,0.0,0,167,0.5,0.5,0.0,5,0.0,0.0
Geant2010,SM,2,B3,26,4,4,0,26->27->5->4,26->27->21->6->4,15.095071,inf,0.0,160,160,9.391992,2.780868,31.027661,2.780868,0.0,0.0,0.0,0,160,0.5,0.5,0.0,5,0.0,0.0
Geant2010,SM,2,B3,27,4,1,1,27->21->6->4,27->5->1,6.60669,inf,0.0,180,180,9.641609,11.013216,39.509627,11.013216,0.0,0.0,0.0,0,180.0,0.5,0.5,0.0,5,0.0,0.0
Geant2010,SM,2,B3,28,4,4,0,28->4,28->4,5.348983,inf,0.0,197,197,5.348983,2.780868,26.984653,2.780868,0.0,0.0,0.0,0,197,0.5,0.5,0.0,5,0.0,0.0
Geant2010,SM,2,B3,29,4,4,0,29->5->4,29->5->4,26.584141,inf,0.0,122,122,26.584141,2.780868,48.219811,2.780868,0.0,0.0,0.0,0,122,0.5,0.5,0.0,5,0.0,0.0
Geant2010,SM,2,B3,30,4,4,0,30->3->5->6->4,30->32->8->7->5->4,35.069401,inf,0.0,219,219,33.475905,2.780868,55.111575,2.780868,0.0,0.0,0.0,0,219,0.5,0.5,0.0,5,0.0,0.0
Geant2010,SM,2,B3,31,3,3,0,31->32->2->1->3,31->32->2->1->3,15.821172,inf,0.0,183,183,15.821172,5.787037,40.463011,5.787037,0.0,0.0,0.0,0,183,0.5,0.5,0.0,5,0.0,0.0
Geant2010,SM,2,B3,32,3,1,1,32->30->3,32->2->1,40.028837,inf,0.0,171,171,4.94886,11.013216,34.816878,11.013216,0.0,0.0,0.0,0,171,0.5,0.5,0.0,5,0.0,0.0
Geant2010,SM,2,B3,33,3,3,0,33->3,33->3,7.19713,inf,0.0,166,166,7.19713,5.787037,31.838969,5.787037,0.0,0.0,0.0,0,166,0.5,0.5,0.0,5,0.0,0.0
Geant2010,SM,2,B3,34,3,2,1,34->3,34->3->1->2,5.236,inf,0.0,222,222,13.19627,4.1841,36.235173,4.1841,0.0,0.0,0.0,0,222,0.5,0.5,0.0,5,0.0,0.0
Geant2010,SM,2,B3,35,3,3,0,35->34->3,35->34->3,7.898444,inf,0.0,193,193,7.898444,5.787037,32.540284,5.787037,0.0,0.0,0.0,0,193,0.5,0.5,0.0,5,0.0,0.0
Geant2010,SM,2,B3,36,3,3,0,36->3,36->3,8.394786,inf,0.0,140,140,8.394786,5.787037,33.036626,5.787037,0.0,0.0,0.0,0,140,0.5,0.5,0.0,5,0.0,0.0
Geant2010,SM,2,B3,37,3,3,0,37->36->3,37->36->3,11.195232,inf,0.0,212,212,11.195232,5.787037,35.837072,5.787037,0.0,0.0,0.0,0,212,0.5,0.5,0.0,5,0.0,0.0
Geant2010,SM,2,MCF_ARC,1,1,1,0,1,1,0.0,19.764058,0.0,185,185,0.0,12.981464,29.748048,10.893246,0.0,0.0,0.0,0,185,0.5,0.5,0.0,5,0.0,0.0
Geant2010,SM,2,MCF_ARC,2,2,2,0,2,2,0.0,19.700111,0.0,153,153,0.0,1.441039,20.293651,1.438849,0.0,0.0,0.0,0,153,0.5,0.5,0.0,5,0.0,0.0
Geant2010,SM,2,MCF_ARC,3,3,3,0,3,3,0.0,inf,0.0,218,218,0.0,6.321577,24.997308,6.142506,0.0,0.0,0.0,0,218.0,0.5,0.5,0.0,5,0.0,0.0
Geant2010,SM,2,MCF_ARC,4,4,4,0,4,4,0.0,inf,0.0,177,177,0.0,12.888496,30.270327,11.415525,0.0,0.0,0.0,0,177,0.5,0.5,0.0,5,0.0,0.0
Geant2010,SM,2,MCF_ARC,5,5,5,0,5,5,0.0,inf,0.0,202,202,0.0,15.420295,34.052371,15.197568,0.0,0.0,0.0,0,202.0,0.5,0.5,0.0,5,0.0,0.0
Geant2010,SM,2,MCF_ARC,6,6,6,0,6,6,0.0,inf,0.0,161,161,0.0,9.12345,26.351054,7.496252,0.0,0.0,0.0,0,161,0.5,0.5,0.0,5,0.0,0.0
Geant2010,SM,2,MCF_ARC,7,6,6,0,7->5->6,7->5->6,6.023543,inf,0.0,157,157,6.023543,9.12345,32.374597,7.496252,0.0,0.0,0.0,0,157.0,0.5,0.5,0.0,5,0.0,0.0
Geant2010,SM,2,MCF_ARC,8,6,6,0,8->7->5->6,8->7->5->6,8.903265,inf,0.0,178,178,8.903265,9.12345,35.254319,7.496252,0.0,0.0,0.0,0,178,0.5,0.5,0.0,5,0.0,0.0
Geant2010,SM,2,MCF_ARC,9,6,6,0,9->5->6,9->5->6,7.74351,inf,0.0,161,161,7.74351,9.12345,34.094564,7.496252,0.0,0.0,0.0,0,161,0.5,0.5,0.0,5,0.0,0.0
Geant2010,SM,2,MCF_ARC,10,6,6,0,10->27->21->6,10->27->21->6,9.733065,inf,0.0,166,166,9.733065,9.12345,36.084119,7.496252,0.0,0.0,0.0,0,166,0.5,0.5,0.0,5,0.0,0.0
Geant2010,SM,2,MCF_ARC,11,6,2,1,11->20->21->6,11->20->21->27->5->3->30->32->2,10.841908,inf,0.0,243,243,64.424463,1.441039,84.718114,1.438849,0.0,0.0,0.0,0,243,0.5,0.5,0.0,5,0.0,0.0
Geant2010,SM,2,MCF_ARC,12,6,6,0,12->20->21->6,12->20->21->6,10.979721,inf,0.0,180,180,10.979721,9.12345,37.330775,7.496252,0.0,0.0,0.0,0,180,0.5,0.5,0.0,5,0.0,0.0
Geant2010,SM,2,MCF_ARC,13,6,6,0,13->11->20->21->6,13->12->20->21->6,21.400173,inf,0.0,166,166,20.417979,9.12345,46.769033,7.496252,0.0,0.0,0.0,0,166,0.5,0.5,0.0,5,0.0,0.0
Geant2010,SM,2,MCF_ARC,14,6,5,1,14->11->20->21->6,14->27->5,16.091463,inf,0.0,175,175,18.818962,15.420295,52.871333,15.197568,0.0,0.0,0.0,0,175,0.5,0.5,0.0,5,0.0,0.0
Geant2010,SM,2,MCF_ARC,15,5,1,1,15->14->27->5,15->14->11->20->21->6->5->1,27.997855,inf,0.0,197,197,33.023525,12.981464,62.771574,10.893246,0.0,0.0,0.0,0,197,0.5,0.5,0.0,5,0.0,0.0
Geant2010,SM,2,MCF_ARC,16,5,5,0,16->5,16->5,29.89488,inf,0.0,218,218,29.89488,15.420295,63.94725,15.197568,0.0,0.0,0.0,0,218,0.5,0.5,0.0,5,0.0,0.0
Geant2010,SM,2,MCF_ARC,17,5,5,0,17->10->9->5,17->10->9->5,17.257703,inf,0.0,166,166,17.257703,15.420295,51.310073,15.197568,0.0,0.0,0.0,0,166,0.5,0.5,0.0,5,0.0,0.0
Geant2010,SM,2,MCF_ARC,18,5,1,1,18->11->20->21->27->5,18->11->20->21->27->5->3->1,16.209729,inf,0.0,209,209,29.146975,12.981464,58.895023,10.893246,0.0,0.0,0.0,0,209,0.5,0.5,0.0,5,0.0,0.0
Geant2010,SM,2,MCF_ARC,19,5,5,0,19->25->26->27->5,19->25->26->27->5,14.527532,inf,0.0,154,154,14.527532,15.420295,48.579903,15.197568,0.0,0.0,0.0,0,154,0.5,0.5,0.0,5,0.0,0.0
Geant2010,SM,2,MCF_ARC,20,5,2,1,20->21->27->5,20->21->6->5->1->2,8.160712,inf,0.0,245,245,14.022036,1.441039,34.315687,1.438849,0.0,0.0,0.0,0,245.0,0.5,0.5,0.0,5,0.0,0.0
Geant2010,SM,2,MCF_ARC,21,5,5,0,21->6->5,21->27->5,7.018743,inf,0.0,130,130,6.542758,15.420295,40.595128,15.197568,0.0,0.0,0.0,0,130.0,0.5,0.5,0.0,5,0.0,0.0
Geant2010,SM,2,MCF_ARC,22,4,5,1,22->23->9->5->4,22->32->2->1->3->5,26.524363,inf,0.0,174,174,33.743141,15.420295,67.795512,15.197568,0.0,0.0,0.0,0,174,0.5,0.5,0.0,5,0.0,0.0
Geant2010,SM,2,MCF_ARC,23,4,4,0,23->9->5->4,23->9->5->4,21.491608,inf,0.0,152,152,21.491608,12.888496,51.761935,11.415525,0.0,0.0,0.0,0,152,0.5,0.5,0.0,5,0.0,0.0
Geant2010,SM,2,MCF_ARC,24,4,4,0,24->20->21->6->4,24->20->21->6->4,10.86453,inf,0.0,159,159,10.86453,12.888496,41.134857,11.415525,0.0,0.0,0.0,0,159,0.5,0.5,0.0,5,0.0,0.0
Geant2010,SM,2,MCF_ARC,25,4,4,0,25->20->21->6->4,25->20->21->6->4,10.673026,inf,0.0,167,167,10.673026,12.888496,40.943354,11.415525,0.0,0.0,0.0,0,167,0.5,0.5,0.0,5,0.0,0.0
Geant2010,SM,2,MCF_ARC,26,4,4,0,26->27->5->4,26->27->21->6->4,15.095071,inf,0.0,160,160,9.391992,12.888496,39.662319,11.415525,0.0,0.0,0.0,0,160,0.5,0.5,0.0,5,0.0,0.0
Geant2010,SM,2,MCF_ARC,27,4,4,0,27->21->6->4,27->21->6->4,6.60669,inf,0.0,180,180,6.60669,12.888496,36.877017,11.415525,0.0,0.0,0.0,0,180.0,0.5,0.5,0.0,5,0.0,0.0
Geant2010,SM,2,MCF_ARC,28,4,4,0,28->4,28->4,5.348983,inf,0.0,197,197,5.348983,12.888496,35.619311,11.415525,0.0,0.0,0.0,0,197,0.5,0.5,0.0,5,0.0,0.0
Geant2010,SM,2,MCF_ARC,29,4,4,0,29->5->4,29->5->4,26.584141,inf,0.0,122,122,26.584141,12.888496,56.854469,11.415525,0.0,0.0,0.0,0,122,0.5,0.5,0.0,5,0.0,0.0
Geant2010,SM,2,MCF_ARC,30,4,1,1,30->3->5->6->4,30->3->1,35.069401,inf,0.0,219,219,27.335393,12.981464,57.083441,10.893246,0.0,0.0,0.0,0,219,0.5,0.5,0.0,5,0.0,0.0
Geant2010,SM,2,MCF_ARC,31,3,3,0,31->32->2->1->3,31->32->30->3,15.821172,inf,0.0,183,183,44.676915,6.321577,69.674224,6.142506,0.0,0.0,0.0,0,183,0.5,0.5,0.0,5,0.0,0.0
Geant2010,SM,2,MCF_ARC,32,3,1,1,32->30->3,32->2->1,40.028837,inf,0.0,171,171,4.94886,12.981464,34.696909,10.893246,0.0,0.0,0.0,0,171,0.5,0.5,0.0,5,0.0,0.0
Geant2010,SM,2,MCF_ARC,33,3,3,0,33->3,33->3,7.19713,inf,0.0,166,166,7.19713,6.321577,32.194438,6.142506,0.0,0.0,0.0,0,166,0.5,0.5,0.0,5,0.0,0.0
Geant2010,SM,2,MCF_ARC,34,3,3,0,34->3,34->3,5.236,inf,0.0,222,222,5.236,6.321577,30.233309,6.142506,0.0,0.0,0.0,0,222,0.5,0.5,0.0,5,0.0,0.0
Geant2010,SM,2,MCF_ARC,35,3,3,0,35->34->3,35->34->3,7.898444,inf,0.0,193,193,7.898444,6.321577,32.895753,6.142506,0.0,0.0,0.0,0,193,0.5,0.5,0.0,5,0.0,0.0
Geant2010,SM,2,MCF_ARC,36,3,3,0,36->3,36->3,8.394786,inf,0.0,140,140,8.394786,6.321577,33.392095,6.142506,0.0,0.0,0.0,0,140,0.5,0.5,0.0,5,0.0,0.0
Geant2010,SM,2,MCF_ARC,37,3,1,1,37->36->3,37->36->3->1,11.195232,inf,0.0,212,212,17.419466,12.981464,47.167514,10.893246,0.0,0.0,0.0,0,212,0.5,0.5,0.0,5,0.0,0.0
Geant2010,SM,3,B1,1,1,1,0,1,,0.0,19.750699,0.0,195,195,0.0,27.624309,46.479112,27.624309,0.0,0.0,0.0,0,195,0.5,0.5,0.0,5,0.0,0.0
Geant2010,SM,3,B1,2,2,2,0,2,,0.0,19.866743,0.0,152,152,0.0,1.011941,19.866743,1.011941,0.0,0.0,0.0,0,152,0.5,0.5,0.0,5,0.0,0.0
Geant2010,SM,3,B1,3,3,3,0,3,,0.0,inf,0.0,227,227,0.0,32.051282,50.906084,32.051282,0.0,0.0,0.0,0,227.0,0.5,0.5,0.0,5,0.0,0.0
Geant2010,SM,3,B1,4,4,4,0,4,,0.0,inf,0.0,201,201,0.0,56.818182,75.672984,56.818182,0.0,0.0,0.0,0,201,0.5,0.5,0.0,5,0.0,0.0
Geant2010,SM,3,B1,5,5,5,0,5,,0.0,inf,0.0,203,203,0.0,5000.0,5018.854802,5000.0,0.0,0.0,0.0,0,203.0,0.5,0.5,0.0,5,0.0,0.0
Geant2010,SM,3,B1,6,6,6,0,6,,0.0,inf,0.0,172,172,0.0,5000.0,5018.854802,5000.0,0.0,0.0,0.0,0,172,0.5,0.5,0.0,5,0.0,0.0
Geant2010,SM,3,B1,7,6,6,0,7->5->6,,6.023543,inf,0.0,188,188,6.023543,5000.0,5024.878345,5000.0,0.0,0.0,0.0,0,188.0,0.5,0.5,0.0,5,0.0,0.0
Geant2010,SM,3,B1,8,6,6,0,8->7->5->6,,8.903265,inf,0.0,210,210,8.903265,5000.0,5027.758067,5000.0,0.0,0.0,0.0,0,210,0.5,0.5,0.0,5,0.0,0.0
Geant2010,SM,3,B1,9,6,6,0,9->5->6,,7.74351,inf,0.0,165,165,7.74351,5000.0,5026.598312,5000.0,0.0,0.0,0.0,0,165,0.5,0.5,0.0,5,0.0,0.0
Geant2010,SM,3,B1,10,6,5,1,10->27->21->6,,9.733065,inf,0.0,213,213,5.767403,5000.0,5024.622205,5000.0,0.0,0.0,0.0,0,213,0.5,0.5,0.0,5,0.0,0.0
Geant2010,SM,3,B1,11,6,6,0,11->20->21->6,,10.841908,inf,0.0,217,217,10.841908,5000.0,5029.69671,5000.0,0.0,0.0,0.0,0,217,0.5,0.5,0.0,5,0.0,0.0
Geant2010,SM,3,B1,12,6,6,0,12->20->21->6,,10.979721,inf,0.0,183,183,10.979721,5000.0,5029.834523,5000.0,0.0,0.0,0.0,0,183,0.5,0.5,0.0,5,0.0,0.0
Geant2010,SM,3,B1,13,6,6,0,13->12->20->21->6,,20.417979,inf,0.0,176,176,20.417979,5000.0,5039.272781,5000.0,0.0,0.0,0.0,0,176,0.5,0.5,0.0,5,0.0,0.0
Geant2010,SM,3,B1,14,5,5,0,14->27->5,,18.818962,inf,0.0,193,193,18.818962,5000.0,5037.673765,5000.0,0.0,0.0,0.0,0,193,0.5,0.5,0.0,5,0.0,0.0
Geant2010,SM,3,B1,15,5,5,0,15->14->27->5,,27.997855,inf,0.0,195,195,27.997855,5000.0,5046.852657,5000.0,0.0,0.0,0.0,0,195,0.5,0.5,0.0,5,0.0,0.0
Geant2010,SM,3,B1,16,5,1,1,16->5,,29.89488,inf,0.0,188,188,33.544182,27.624309,80.023294,27.624309,0.0,0.0,0.0,0,188,0.5,0.5,0.0,5,0.0,0.0
Geant2010,SM,3,B1,17,5,1,1,17->10->9->5,,17.257703,inf,0.0,160,160,20.907005,27.624309,67.386117,27.624309,0.0,0.0,0.0,0,160,0.5,0.5,0.0,5,0.0,0.0
Geant2010,SM,3,B1,18,5,5,0,18->11->14->27->5,,25.808457,inf,0.0,155,155,16.209729,5000.0,5035.064532,5000.0,0.0,0.0,0.0,0,155,0.5,0.5,0.0,5,0.0,0.0
Geant2010,SM,3,B1,19,5,5,0,19->25->26->27->5,,14.527532,inf,0.0,206,206,14.527532,5000.0,5033.382335,5000.0,0.0,0.0,0.0,0,206,0.5,0.5,0.0,5,0.0,0.0
Geant2010,SM,3,B1,20,5,1,1,20->21->27->5,,8.160712,inf,0.0,181,181,11.810014,27.624309,58.289126,27.624309,0.0,0.0,0.0,0,181.0,0.5,0.5,0.0,5,0.0,0.0
Geant2010,SM,3,B1,21,5,5,0,21->27->5,,6.542758,inf,0.0,146,146,6.542758,5000.0,5025.39756,5000.0,0.0,0.0,0.0,0,146.0,0.5,0.5,0.0,5,0.0,0.0
Geant2010,SM,3,B1,22,4,4,0,22->32->16->5->4,,88.137762,inf,0.0,179,179,26.524363,56.818182,102.197347,56.818182,0.0,0.0,0.0,0,179,0.5,0.5,0.0,5,0.0,0.0
Geant2010,SM,3,B1,23,4,4,0,23->9->5->4,,21.491608,inf,0.0,170,170,21.491608,56.818182,97.164592,56.818182,0.0,0.0,0.0,0,170,0.5,0.5,0.0,5,0.0,0.0
Geant2010,SM,3,B1,24,4,4,0,24->20->21->6->4,,10.86453,inf,0.0,201,201,10.86453,56.818182,86.537514,56.818182,0.0,0.0,0.0,0,201,0.5,0.5,0.0,5,0.0,0.0
Geant2010,SM,3,B1,25,4,1,1,25->20->21->6->4,,10.673026,inf,0.0,207,207,13.599082,27.624309,60.078194,27.624309,0.0,0.0,0.0,0,207,0.5,0.5,0.0,5,0.0,0.0
Geant2010,SM,3,B1,26,4,4,0,26->27->21->6->4,,9.391992,inf,0.0,219,219,9.391992,56.818182,85.064976,56.818182,0.0,0.0,0.0,0,219,0.5,0.5,0.0,5,0.0,0.0
Geant2010,SM,3,B1,27,4,4,0,27->5->6->4,,13.237536,inf,0.0,150,150,6.60669,56.818182,82.279674,56.818182,0.0,0.0,0.0,0,150.0,0.5,0.5,0.0,5,0.0,0.0
Geant2010,SM,3,B1,28,4,4,0,28->4,,5.348983,inf,0.0,176,176,5.348983,56.818182,81.021967,56.818182,0.0,0.0,0.0,0,176,0.5,0.5,0.0,5,0.0,0.0
Geant2010,SM,3,B1,29,3,3,0,29->3,,15.658836,inf,0.0,195,195,15.658836,32.051282,66.56492,32.051282,0.0,0.0,0.0,0,195,0.5,0.5,0.0,5,0.0,0.0
Geant2010,SM,3,B1,30,3,3,0,30->3,,21.111159,inf,0.0,170,170,21.111159,32.051282,72.017244,32.051282,0.0,0.0,0.0,0,170,0.5,0.5,0.0,5,0.0,0.0
Geant2010,SM,3,B1,31,3,1,1,31->32->30->3,,44.676915,inf,0.0,164,164,9.596939,27.624309,56.07605,27.624309,0.0,0.0,0.0,0,164,0.5,0.5,0.0,5,0.0,0.0
Geant2010,SM,3,B1,32,3,1,1,32->2->1->3,,11.173094,inf,0.0,180,180,4.94886,27.624309,51.427972,27.624309,0.0,0.0,0.0,0,180,0.5,0.5,0.0,5,0.0,0.0
Geant2010,SM,3,B1,33,3,3,0,33->3,,7.19713,inf,0.0,163,163,7.19713,32.051282,58.103214,32.051282,0.0,0.0,0.0,0,163,0.5,0.5,0.0,5,0.0,0.0
Geant2010,SM,3,B1,34,3,3,0,34->3,,5.236,inf,0.0,142,142,5.236,32.051282,56.142085,32.051282,0.0,0.0,0.0,0,142,0.5,0.5,0.0,5,0.0,0.0
Geant2010,SM,3,B1,35,3,3,0,35->34->3,,7.898444,inf,0.0,167,167,7.898444,32.051282,58.804529,32.051282,0.0,0.0,0.0,0,167,0.5,0.5,0.0,5,0.0,0.0
Geant2010,SM,3,B1,36,3,3,0,36->3,,8.394786,inf,0.0,216,216,8.394786,32.051282,59.300871,32.051282,0.0,0.0,0.0,0,216,0.5,0.5,0.0,5,0.0,0.0
Geant2010,SM,3,B1,37,2,2,0,37->36->3->1->2,,19.155502,39.022245,0.0,171,171,19.155502,1.011941,39.022245,1.011941,0.0,0.0,0.0,0,171,0.5,0.5,0.0,5,0.0,0.0
Geant2010,SM,3,B3,1,1,1,0,1,1,0.0,19.750699,0.0,195,195,0.0,inf,inf,inf,0.0,0.0,0.0,0,195,0.5,0.5,0.0,5,0.0,0.0
Geant2010,SM,3,B3,2,2,2,0,2,2,0.0,19.866743,0.0,152,152,0.0,4.180602,23.035404,4.180602,0.0,0.0,0.0,0,152,0.5,0.5,0.0,5,0.0,0.0
Geant2010,SM,3,B3,3,3,3,0,3,3,0.0,inf,0.0,227,227,0.0,4.215852,23.070654,4.215852,0.0,0.0,0.0,0,227.0,0.5,0.5,0.0,5,0.0,0.0
Geant2010,SM,3,B3,4,4,4,0,4,4,0.0,inf,0.0,201,201,0.0,5.567929,24.422731,5.567929,0.0,0.0,0.0,0,201,0.5,0.5,0.0,5,0.0,0.0
Geant2010,SM,3,B3,5,5,5,0,5,5,0.0,inf,0.0,203,203,0.0,3.594536,22.449339,3.594536,0.0,0.0,0.0,0,203.0,0.5,0.5,0.0,5,0.0,0.0
Geant2010,SM,3,B3,6,6,6,0,6,6,0.0,inf,0.0,172,172,0.0,5.313496,24.168299,5.313496,0.0,0.0,0.0,0,172,0.5,0.5,0.0,5,0.0,0.0
Geant2010,SM,3,B3,7,6,2,1,7->5->6,7->5->1->2,6.023543,inf,0.0,188,188,7.305014,4.180602,30.340419,4.180602,0.0,0.0,0.0,0,188.0,0.5,0.5,0.0,5,0.0,0.0
Geant2010,SM,3,B3,8,6,6,0,8->7->5->6,8->7->5->6,8.903265,inf,0.0,210,210,8.903265,5.313496,33.071563,5.313496,0.0,0.0,0.0,0,210,0.5,0.5,0.0,5,0.0,0.0
Geant2010,SM,3,B3,9,6,6,0,9->5->6,9->5->6,7.74351,inf,0.0,165,165,7.74351,5.313496,31.911809,5.313496,0.0,0.0,0.0,0,165,0.5,0.5,0.0,5,0.0,0.0
Geant2010,SM,3,B3,10,6,1,1,10->27->21->6,10->9->5->1,9.733065,inf,0.0,213,213,9.416706,inf,inf,inf,0.0,0.0,0.0,0,213,0.5,0.5,0.0,5,0.0,0.0
Geant2010,SM,3,B3,11,6,6,0,11->20->21->6,11->20->21->6,10.841908,inf,0.0,217,217,10.841908,5.313496,35.010206,5.313496,0.0,0.0,0.0,0,217,0.5,0.5,0.0,5,0.0,0.0
Geant2010,SM,3,B3,12,6,6,0,12->20->21->6,12->20->21->6,10.979721,inf,0.0,183,183,10.979721,5.313496,35.14802,5.313496,0.0,0.0,0.0,0,183,0.5,0.5,0.0,5,0.0,0.0
Geant2010,SM,3,B3,13,6,6,0,13->12->20->21->6,13->12->20->21->6,20.417979,inf,0.0,176,176,20.417979,5.313496,44.586278,5.313496,0.0,0.0,0.0,0,176,0.5,0.5,0.0,5,0.0,0.0
Geant2010,SM,3,B3,14,5,1,1,14->27->5,14->27->5->1,18.818962,inf,0.0,193,193,22.468265,inf,inf,inf,0.0,0.0,0.0,0,193,0.5,0.5,0.0,5,0.0,0.0
Geant2010,SM,3,B3,15,5,2,1,15->14->27->5,15->14->27->5->1->2,27.997855,inf,0.0,195,195,33.383194,4.180602,56.418598,4.180602,0.0,0.0,0.0,0,195,0.5,0.5,0.0,5,0.0,0.0
Geant2010,SM,3,B3,16,5,5,0,16->5,16->5,29.89488,inf,0.0,188,188,29.89488,3.594536,52.344218,3.594536,0.0,0.0,0.0,0,188,0.5,0.5,0.0,5,0.0,0.0
Geant2010,SM,3,B3,17,5,5,0,17->10->9->5,17->10->9->5,17.257703,inf,0.0,160,160,17.257703,3.594536,39.707041,3.594536,0.0,0.0,0.0,0,160,0.5,0.5,0.0,5,0.0,0.0
Geant2010,SM,3,B3,18,5,5,0,18->11->14->27->5,18->11->20->21->27->5,25.808457,inf,0.0,155,155,16.209729,3.594536,38.659068,3.594536,0.0,0.0,0.0,0,155,0.5,0.5,0.0,5,0.0,0.0
Geant2010,SM,3,B3,19,5,1,1,19->25->26->27->5,19->25->26->27->5->1,14.527532,inf,0.0,206,206,18.176835,inf,inf,inf,0.0,0.0,0.0,0,206,0.5,0.5,0.0,5,0.0,0.0
Geant2010,SM,3,B3,20,5,5,0,20->21->27->5,20->21->27->5,8.160712,inf,0.0,181,181,8.160712,3.594536,30.61005,3.594536,0.0,0.0,0.0,0,181.0,0.5,0.5,0.0,5,0.0,0.0
Geant2010,SM,3,B3,21,5,5,0,21->27->5,21->27->5,6.542758,inf,0.0,146,146,6.542758,3.594536,28.992096,3.594536,0.0,0.0,0.0,0,146.0,0.5,0.5,0.0,5,0.0,0.0
Geant2010,SM,3,B3,22,4,4,0,22->32->16->5->4,22->23->9->5->4,88.137762,inf,0.0,179,179,26.524363,5.567929,50.947094,5.567929,0.0,0.0,0.0,0,179,0.5,0.5,0.0,5,0.0,0.0
Geant2010,SM,3,B3,23,4,4,0,23->9->5->4,23->9->5->4,21.491608,inf,0.0,170,170,21.491608,5.567929,45.914339,5.567929,0.0,0.0,0.0,0,170,0.5,0.5,0.0,5,0.0,0.0
Geant2010,SM,3,B3,24,4,4,0,24->20->21->6->4,24->20->21->6->4,10.86453,inf,0.0,201,201,10.86453,5.567929,35.287261,5.567929,0.0,0.0,0.0,0,201,0.5,0.5,0.0,5,0.0,0.0
Geant2010,SM,3,B3,25,4,4,0,25->20->21->6->4,25->26->27->21->6->4,10.673026,inf,0.0,207,207,10.564163,5.567929,34.986894,5.567929,0.0,0.0,0.0,0,207,0.5,0.5,0.0,5,0.0,0.0
Geant2010,SM,3,B3,26,4,1,1,26->27->21->6->4,26->27->5->1,9.391992,inf,0.0,219,219,12.426911,inf,inf,inf,0.0,0.0,0.0,0,219,0.5,0.5,0.0,5,0.0,0.0
Geant2010,SM,3,B3,27,4,2,1,27->5->6->4,27->5->1->2,13.237536,inf,0.0,150,150,11.377645,4.180602,34.41305,4.180602,0.0,0.0,0.0,0,150.0,0.5,0.5,0.0,5,0.0,0.0
Geant2010,SM,3,B3,28,4,4,0,28->4,28->4,5.348983,inf,0.0,176,176,5.348983,5.567929,29.771714,5.567929,0.0,0.0,0.0,0,176,0.5,0.5,0.0,5,0.0,0.0
Geant2010,SM,3,B3,29,3,3,0,29->3,29->3,15.658836,inf,0.0,195,195,15.658836,4.215852,38.72949,4.215852,0.0,0.0,0.0,0,195,0.5,0.5,0.0,5,0.0,0.0
Geant2010,SM,3,B3,30,3,1,1,30->3,30->32->2->1,21.111159,inf,0.0,170,170,23.866538,inf,inf,inf,0.0,0.0,0.0,0,170,0.5,0.5,0.0,5,0.0,0.0
Geant2010,SM,3,B3,31,3,1,1,31->32->30->3,31->32->2->1,44.676915,inf,0.0,164,164,9.596939,inf,inf,inf,0.0,0.0,0.0,0,164,0.5,0.5,0.0,5,0.0,0.0
Geant2010,SM,3,B3,32,3,3,0,32->2->1->3,32->2->1->3,11.173094,inf,0.0,180,180,11.173094,4.215852,34.243748,4.215852,0.0,0.0,0.0,0,180,0.5,0.5,0.0,5,0.0,0.0
Geant2010,SM,3,B3,33,3,3,0,33->3,33->3,7.19713,inf,0.0,163,163,7.19713,4.215852,30.267784,4.215852,0.0,0.0,0.0,0,163,0.5,0.5,0.0,5,0.0,0.0
Geant2010,SM,3,B3,34,3,3,0,34->3,34->3,5.236,inf,0.0,142,142,5.236,4.215852,28.306654,4.215852,0.0,0.0,0.0,0,142,0.5,0.5,0.0,5,0.0,0.0
Geant2010,SM,3,B3,35,3,3,0,35->34->3,35->34->3,7.898444,inf,0.0,167,167,7.898444,4.215852,30.969098,4.215852,0.0,0.0,0.0,0,167,0.5,0.5,0.0,5,0.0,0.0
Geant2010,SM,3,B3,36,3,2,1,36->3,36->3->1->2,8.394786,inf,0.0,216,216,16.355056,4.180602,39.39046,4.180602,0.0,0.0,0.0,0,216,0.5,0.5,0.0,5,0.0,0.0
Geant2010,SM,3,B3,37,2,2,0,37->36->3->1->2,37->36->3->1->2,19.155502,39.022245,0.0,171,171,19.155502,4.180602,42.190906,4.180602,0.0,0.0,0.0,0,171,0.5,0.5,0.0,5,0.0,0.0
Geant2010,SM,3,MCF_ARC,1,1,1,0,1,1,0.0,19.750699,0.0,195,195,0.0,11.593083,28.270998,9.416196,0.0,0.0,0.0,0,195,0.5,0.5,0.0,5,0.0,0.0
Geant2010,SM,3,MCF_ARC,2,2,2,0,2,2,0.0,19.866743,0.0,152,152,0.0,1.825839,20.66574,1.810938,0.0,0.0,0.0,0,152,0.5,0.5,0.0,5,0.0,0.0
Geant2010,SM,3,MCF_ARC,3,3,3,0,3,3,0.0,inf,0.0,227,227,0.0,13.664509,30.874033,12.019231,0.0,0.0,0.0,0,227.0,0.5,0.5,0.0,5,0.0,0.0
Geant2010,SM,3,MCF_ARC,4,4,4,0,4,4,0.0,inf,0.0,201,201,0.0,5.679898,24.422731,5.567929,0.0,0.0,0.0,0,201,0.5,0.5,0.0,5,0.0,0.0
Geant2010,SM,3,MCF_ARC,5,5,5,0,5,5,0.0,inf,0.0,203,203,0.0,13.484385,30.591891,11.737089,0.0,0.0,0.0,0,203.0,0.5,0.5,0.0,5,0.0,0.0
Geant2010,SM,3,MCF_ARC,6,6,6,0,6,6,0.0,inf,0.0,172,172,0.0,15.105501,33.735755,14.880952,0.0,0.0,0.0,0,172,0.5,0.5,0.0,5,0.0,0.0
Geant2010,SM,3,MCF_ARC,7,6,6,0,7->5->6,7->5->6,6.023543,inf,0.0,188,188,6.023543,15.105501,39.759297,14.880952,0.0,0.0,0.0,0,188.0,0.5,0.5,0.0,5,0.0,0.0
Geant2010,SM,3,MCF_ARC,8,6,6,0,8->7->5->6,8->7->5->4->6,8.903265,inf,0.0,210,210,14.258223,15.105501,47.993977,14.880952,0.0,0.0,0.0,0,210,0.5,0.5,0.0,5,0.0,0.0
Geant2010,SM,3,MCF_ARC,9,6,6,0,9->5->6,9->5->6,7.74351,inf,0.0,165,165,7.74351,15.105501,41.479265,14.880952,0.0,0.0,0.0,0,165,0.5,0.5,0.0,5,0.0,0.0
Geant2010,SM,3,MCF_ARC,10,6,1,1,10->27->21->6,10->9->8->32->2->1,9.733065,inf,0.0,213,213,14.877932,11.593083,43.14893,9.416196,0.0,0.0,0.0,0,213,0.5,0.5,0.0,5,0.0,0.0
Geant2010,SM,3,MCF_ARC,11,6,2,1,11->20->21->6,11->20->21->6->5->1->2,10.841908,inf,0.0,217,217,20.331114,1.825839,40.996854,1.810938,0.0,0.0,0.0,0,217,0.5,0.5,0.0,5,0.0,0.0
Geant2010,SM,3,MCF_ARC,12,6,6,0,12->20->21->6,12->20->21->6,10.979721,inf,0.0,183,183,10.979721,15.105501,44.715476,14.880952,0.0,0.0,0.0,0,183,0.5,0.5,0.0,5,0.0,0.0
Geant2010,SM,3,MCF_ARC,13,6,6,0,13->12->20->21->6,13->12->20->21->6,20.417979,inf,0.0,176,176,20.417979,15.105501,54.153734,14.880952,0.0,0.0,0.0,0,176,0.5,0.5,0.0,5,0.0,0.0
Geant2010,SM,3,MCF_ARC,14,5,5,0,14->27->5,14->27->5,18.818962,inf,0.0,193,193,18.818962,13.484385,49.410854,11.737089,0.0,0.0,0.0,0,193,0.5,0.5,0.0,5,0.0,0.0
Geant2010,SM,3,MCF_ARC,15,5,1,1,15->14->27->5,15->14->27->5->1,27.997855,inf,0.0,195,195,31.647157,11.593083,59.918155,9.416196,0.0,0.0,0.0,0,195,0.5,0.5,0.0,5,0.0,0.0
Geant2010,SM,3,MCF_ARC,16,5,5,0,16->5,16->5,29.89488,inf,0.0,188,188,29.89488,13.484385,60.486771,11.737089,0.0,0.0,0.0,0,188,0.5,0.5,0.0,5,0.0,0.0
Geant2010,SM,3,MCF_ARC,17,5,5,0,17->10->9->5,17->10->27->5,17.257703,inf,0.0,160,160,23.750344,13.484385,54.342235,11.737089,0.0,0.0,0.0,0,160,0.5,0.5,0.0,5,0.0,0.0
Geant2010,SM,3,MCF_ARC,18,5,5,0,18->11->14->27->5,18->11->20->21->6->5,25.808457,inf,0.0,155,155,16.685715,13.484385,47.277606,11.737089,0.0,0.0,0.0,0,155,0.5,0.5,0.0,5,0.0,0.0
Geant2010,SM,3,MCF_ARC,19,5,1,1,19->25->26->27->5,19->25->26->27->5->1,14.527532,inf,0.0,206,206,18.176835,11.593083,46.447833,9.416196,0.0,0.0,0.0,0,206,0.5,0.5,0.0,5,0.0,0.0
Geant2010,SM,3,MCF_ARC,20,5,5,0,20->21->27->5,20->21->27->5,8.160712,inf,0.0,181,181,8.160712,13.484385,38.752603,11.737089,0.0,0.0,0.0,0,181.0,0.5,0.5,0.0,5,0.0,0.0
Geant2010,SM,3,MCF_ARC,21,5,5,0,21->27->5,21->27->5,6.542758,inf,0.0,146,146,6.542758,13.484385,37.134649,11.737089,0.0,0.0,0.0,0,146.0,0.5,0.5,0.0,5,0.0,0.0
Geant2010,SM,3,MCF_ARC,22,4,4,0,22->32->16->5->4,22->23->10->27->21->6->4,88.137762,inf,0.0,179,179,29.810665,5.679898,54.233396,5.567929,0.0,0.0,0.0,0,179,0.5,0.5,0.0,5,0.0,0.0
Geant2010,SM,3,MCF_ARC,23,4,4,0,23->9->5->4,23->9->5->4,21.491608,inf,0.0,170,170,21.491608,5.679898,45.914339,5.567929,0.0,0.0,0.0,0,170,0.5,0.5,0.0,5,0.0,0.0
Geant2010,SM,3,MCF_ARC,24,4,4,0,24->20->21->6->4,24->20->21->6->4,10.86453,inf,0.0,201,201,10.86453,5.679898,35.287261,5.567929,0.0,0.0,0.0,0,201,0.5,0.5,0.0,5,0.0,0.0
Geant2010,SM,3,MCF_ARC,25,4,4,0,25->20->21->6->4,25->26->27->21->6->4,10.673026,inf,0.0,207,207,10.564163,5.679898,34.986894,5.567929,0.0,0.0,0.0,0,207,0.5,0.5,0.0,5,0.0,0.0
Geant2010,SM,3,MCF_ARC,26,4,2,1,26->27->21->6->4,26->27->5->3->1->2,9.391992,inf,0.0,219,219,23.45089,1.825839,44.116631,1.810938,0.0,0.0,0.0,0,219,0.5,0.5,0.0,5,0.0,0.0
Geant2010,SM,3,MCF_ARC,27,4,6,1,27->5->6->4,27->21->6,13.237536,inf,0.0,150,150,3.465327,15.105501,37.201082,14.880952,0.0,0.0,0.0,0,150.0,0.5,0.5,0.0,5,0.0,0.0
Geant2010,SM,3,MCF_ARC,28,4,4,0,28->4,28->4,5.348983,inf,0.0,176,176,5.348983,5.679898,29.771714,5.567929,0.0,0.0,0.0,0,176,0.5,0.5,0.0,5,0.0,0.0
Geant2010,SM,3,MCF_ARC,29,3,3,0,29->3,29->3,15.658836,inf,0.0,195,195,15.658836,13.664509,46.532869,12.019231,0.0,0.0,0.0,0,195,0.5,0.5,0.0,5,0.0,0.0
Geant2010,SM,3,MCF_ARC,30,3,3,0,30->3,30->3,21.111159,inf,0.0,170,170,21.111159,13.664509,51.985192,12.019231,0.0,0.0,0.0,0,170,0.5,0.5,0.0,5,0.0,0.0
Geant2010,SM,3,MCF_ARC,31,3,3,0,31->32->30->3,31->32->30->3,44.676915,inf,0.0,164,164,44.676915,13.664509,75.550948,12.019231,0.0,0.0,0.0,0,164,0.5,0.5,0.0,5,0.0,0.0
Geant2010,SM,3,MCF_ARC,32,3,1,1,32->2->1->3,32->2->1,11.173094,inf,0.0,180,180,4.94886,11.593083,33.219858,9.416196,0.0,0.0,0.0,0,180,0.5,0.5,0.0,5,0.0,0.0
Geant2010,SM,3,MCF_ARC,33,3,3,0,33->3,33->3,7.19713,inf,0.0,163,163,7.19713,13.664509,38.071163,12.019231,0.0,0.0,0.0,0,163,0.5,0.5,0.0,5,0.0,0.0
Geant2010,SM,3,MCF_ARC,34,3,3,0,34->3,34->3,5.236,inf,0.0,142,142,5.236,13.664509,36.110033,12.019231,0.0,0.0,0.0,0,142,0.5,0.5,0.0,5,0.0,0.0
Geant2010,SM,3,MCF_ARC,35,3,3,0,35->34->3,35->34->3,7.898444,inf,0.0,167,167,7.898444,13.664509,38.772477,12.019231,0.0,0.0,0.0,0,167,0.5,0.5,0.0,5,0.0,0.0
Geant2010,SM,3,MCF_ARC,36,3,1,1,36->3,36->3->1,8.394786,inf,0.0,216,216,14.61902,11.593083,42.890018,9.416196,0.0,0.0,0.0,0,216,0.5,0.5,0.0,5,0.0,0.0
Geant2010,SM,3,MCF_ARC,37,2,2,0,37->36->3->1->2,37->36->3->1->2,19.155502,39.022245,0.0,171,171,19.155502,1.825839,39.821243,1.810938,0.0,0.0,0.0,0,171,0.5,0.5,0.0,5,0.0,0.0
Geant2010,SM,4,B1,1,1,1,0,1,,0.0,19.748298,0.0,184,184,0.0,12.953368,31.80817,12.953368,0.0,0.0,0.0,0,184,0.5,0.5,0.0,5,0.0,0.0
Geant2010,SM,4,B1,2,2,2,0,2,,0.0,19.730306,0.0,161,161,0.0,0.875503,19.730306,0.875503,0.0,0.0,0.0,0,161,0.5,0.5,0.0,5,0.0,0.0
Geant2010,SM,4,B1,3,3,3,0,3,,0.0,inf,0.0,234,234,0.0,312.5,331.354802,312.5,0.0,0.0,0.0,0,234.0,0.5,0.5,0.0,5,0.0,0.0
Geant2010,SM,4,B1,4,4,4,0,4,,0.0,inf,0.0,194,194,0.0,1000.0,1018.854802,1000.0,0.0,0.0,0.0,0,194,0.5,0.5,0.0,5,0.0,0.0
Geant2010,SM,4,B1,5,5,1,1,5,,0.0,inf,0.0,186,186,3.649302,12.953368,35.457473,12.953368,0.0,0.0,0.0,0,186.0,0.5,0.5,0.0,5,0.0,0.0
Geant2010,SM,4,B1,6,6,6,0,6,,0.0,inf,0.0,173,173,0.0,98.039216,116.894018,98.039216,0.0,0.0,0.0,0,173,0.5,0.5,0.0,5,0.0,0.0
Geant2010,SM,4,B1,7,6,6,0,7->5->6,,6.023543,inf,0.0,191,191,6.023543,98.039216,122.917561,98.039216,0.0,0.0,0.0,0,191.0,0.5,0.5,0.0,5,0.0,0.0
Geant2010,SM,4,B1,8,6,6,0,8->7->5->6,,8.903265,inf,0.0,205,205,8.903265,98.039216,125.797283,98.039216,0.0,0.0,0.0,0,205,0.5,0.5,0.0,5,0.0,0.0
Geant2010,SM,4,B1,9,6,5,1,9->5->6,,7.74351,inf,0.0,175,175,3.639643,357.142857,379.637302,357.142857,0.0,0.0,0.0,0,175,0.5,0.5,0.0,5,0.0,0.0
Geant2010,SM,4,B1,10,6,6,0,10->27->21->6,,9.733065,inf,0.0,202,202,9.733065,98.039216,126.627083,98.039216,0.0,0.0,0.0,0,202,0.5,0.5,0.0,5,0.0,0.0
Geant2010,SM,4,B1,11,6,6,0,11->20->21->6,,10.841908,inf,0.0,184,184,10.841908,98.039216,127.735926,98.039216,0.0,0.0,0.0,0,184,0.5,0.5,0.0,5,0.0,0.0
Geant2010,SM,4,B1,12,6,6,0,12->20->21->6,,10.979721,inf,0.0,155,155,10.979721,98.039216,127.873739,98.039216,0.0,0.0,0.0,0,155,0.5,0.5,0.0,5,0.0,0.0
Geant2010,SM,4,B1,13,6,6,0,13->12->20->21->6,,20.417979,inf,0.0,183,183,20.417979,98.039216,137.311997,98.039216,0.0,0.0,0.0,0,183,0.5,0.5,0.0,5,0.0,0.0
Geant2010,SM,4,B1,14,5,5,0,14->27->5,,18.818962,inf,0.0,178,178,18.818962,357.142857,394.816622,357.142857,0.0,0.0,0.0,0,178,0.5,0.5,0.0,5,0.0,0.0
Geant2010,SM,4,B1,15,5,5,0,15->10->9->5,,29.151649,inf,0.0,175,175,27.997855,357.142857,403.995514,357.142857,0.0,0.0,0.0,0,175,0.5,0.5,0.0,5,0.0,0.0
Geant2010,SM,4,B1,16,5,5,0,16->5,,29.89488,inf,0.0,176,176,29.89488,357.142857,405.892539,357.142857,0.0,0.0,0.0,0,176,0.5,0.5,0.0,5,0.0,0.0
Geant2010,SM,4,B1,17,5,1,1,17->10->9->5,,17.257703,inf,0.0,208,208,20.907005,12.953368,52.715175,12.953368,0.0,0.0,0.0,0,208,0.5,0.5,0.0,5,0.0,0.0
Geant2010,SM,4,B1,18,5,5,0,18->11->14->27->5,,25.808457,inf,0.0,176,176,16.209729,357.142857,392.207389,357.142857,0.0,0.0,0.0,0,176,0.5,0.5,0.0,5,0.0,0.0
Geant2010,SM,4,B1,19,6,4,1,19->25->20->21->6,,12.109417,inf,0.0,159,159,15.141916,1000.0,1033.996718,1000.0,0.0,0.0,0.0,0,159,0.5,0.5,0.0,5,0.0,0.0
Geant2010,SM,4,B1,20,5,5,0,20->21->6->5,,8.636697,inf,0.0,177,177,8.160712,357.142857,384.158371,357.142857,0.0,0.0,0.0,0,177.0,0.5,0.5,0.0,5,0.0,0.0
Geant2010,SM,4,B1,21,5,1,1,21->27->5,,6.542758,inf,0.0,212,212,10.19206,12.953368,42.00023,12.953368,0.0,0.0,0.0,0,212.0,0.5,0.5,0.0,5,0.0,0.0
Geant2010,SM,4,B1,22,5,5,0,22->23->9->5,,20.2069,inf,0.0,144,144,20.2069,357.142857,396.20456,357.142857,0.0,0.0,0.0,0,144,0.5,0.5,0.0,5,0.0,0.0
Geant2010,SM,4,B1,23,4,4,0,23->9->5->4,,21.491608,inf,0.0,150,150,21.491608,1000.0,1040.34641,1000.0,0.0,0.0,0.0,0,150,0.5,0.5,0.0,5,0.0,0.0
Geant2010,SM,4,B1,24,4,4,0,24->20->21->6->4,,10.86453,inf,0.0,109,109,10.86453,1000.0,1029.719332,1000.0,0.0,0.0,0.0,0,109,0.5,0.5,0.0,5,0.0,0.0
Geant2010,SM,4,B1,25,4,4,0,25->26->27->5->4,,16.267243,inf,0.0,209,209,10.564163,1000.0,1029.418965,1000.0,0.0,0.0,0.0,0,209,0.5,0.5,0.0,5,0.0,0.0
Geant2010,SM,4,B1,26,4,4,0,26->27->5->4,,15.095071,inf,0.0,200,200,9.391992,1000.0,1028.246794,1000.0,0.0,0.0,0.0,0,200,0.5,0.5,0.0,5,0.0,0.0
Geant2010,SM,4,B1,27,4,4,0,27->21->6->4,,6.60669,inf,0.0,186,186,6.60669,1000.0,1025.461492,1000.0,0.0,0.0,0.0,0,186.0,0.5,0.5,0.0,5,0.0,0.0
Geant2010,SM,4,B1,28,4,4,0,28->4,,5.348983,inf,0.0,200,200,5.348983,1000.0,1024.203786,1000.0,0.0,0.0,0.0,0,200,0.5,0.5,0.0,5,0.0,0.0
Geant2010,SM,4,B1,29,4,5,1,29->5->4,,26.584141,inf,0.0,169,169,20.266678,357.142857,396.264338,357.142857,0.0,0.0,0.0,0,169,0.5,0.5,0.0,5,0.0,0.0
Geant2010,SM,4,B1,30,4,1,1,30->3->5->4,,34.141634,inf,0.0,227,227,23.866538,12.953368,55.674708,12.953368,0.0,0.0,0.0,0,227,0.5,0.5,0.0,5,0.0,0.0
Geant2010,SM,4,B1,31,3,3,0,31->32->30->3,,44.676915,inf,0.0,162,162,15.821172,312.5,347.175974,312.5,0.0,0.0,0.0,0,162,0.5,0.5,0.0,5,0.0,0.0
Geant2010,SM,4,B1,32,3,3,0,32->2->1->3,,11.173094,inf,0.0,196,196,11.173094,312.5,342.527896,312.5,0.0,0.0,0.0,0,196,0.5,0.5,0.0,5,0.0,0.0
Geant2010,SM,4,B1,33,3,3,0,33->3,,7.19713,inf,0.0,174,174,7.19713,312.5,338.551932,312.5,0.0,0.0,0.0,0,174,0.5,0.5,0.0,5,0.0,0.0
Geant2010,SM,4,B1,34,3,3,0,34->3,,5.236,inf,0.0,182,182,5.236,312.5,336.590803,312.5,0.0,0.0,0.0,0,182,0.5,0.5,0.0,5,0.0,0.0
Geant2010,SM,4,B1,35,3,3,0,35->34->3,,7.898444,inf,0.0,202,202,7.898444,312.5,339.253247,312.5,0.0,0.0,0.0,0,202,0.5,0.5,0.0,5,0.0,0.0
Geant2010,SM,4,B1,36,3,1,1,36->3,,8.394786,inf,0.0,209,209,14.61902,12.953368,46.42719,12.953368,0.0,0.0,0.0,0,209,0.5,0.5,0.0,5,0.0,0.0
Geant2010,SM,4,B1,37,3,3,0,37->36->3,,11.195232,inf,0.0,150,150,11.195232,312.5,342.550034,312.5,0.0,0.0,0.0,0,150,0.5,0.5,0.0,5,0.0,0.0
Geant2010,SM,4,B3,1,1,1,0,1,1,0.0,19.748298,0.0,184,184,0.0,3.132832,21.987634,3.132832,0.0,0.0,0.0,0,184,0.5,0.5,0.0,5,0.0,0.0
Geant2010,SM,4,B3,2,2,2,0,2,2,0.0,19.730306,0.0,161,161,0.0,inf,inf,inf,0.0,0.0,0.0,0,161,0.5,0.5,0.0,5,0.0,0.0
Geant2010,SM,4,B3,3,3,3,0,3,3,0.0,inf,0.0,234,234,0.0,5.643341,24.498143,5.643341,0.0,0.0,0.0,0,234.0,0.5,0.5,0.0,5,0.0,0.0
Geant2010,SM,4,B3,4,4,4,0,4,4,0.0,inf,0.0,194,194,0.0,3.236246,22.091048,3.236246,0.0,0.0,0.0,0,194,0.5,0.5,0.0,5,0.0,0.0
Geant2010,SM,4,B3,5,5,5,0,5,5,0.0,inf,0.0,186,186,0.0,3.679176,22.533978,3.679176,0.0,0.0,0.0,0,186.0,0.5,0.5,0.0,5,0.0,0.0
Geant2010,SM,4,B3,6,6,6,0,6,6,0.0,inf,0.0,173,173,0.0,3.872967,22.727769,3.872967,0.0,0.0,0.0,0,173,0.5,0.5,0.0,5,0.0,0.0
Geant2010,SM,4,B3,7,6,6,0,7->5->6,7->5->6,6.023543,inf,0.0,191,191,6.023543,3.872967,28.751312,3.872967,0.0,0.0,0.0,0,191.0,0.5,0.5,0.0,5,0.0,0.0
Geant2010,SM,4,B3,8,6,1,1,8->7->5->6,8->32->2->1,8.903265,inf,0.0,205,205,8.390228,3.132832,30.377862,3.132832,0.0,0.0,0.0,0,205,0.5,0.5,0.0,5,0.0,0.0
Geant2010,SM,4,B3,9,6,2,1,9->5->6,9->5->1->2,7.74351,inf,0.0,175,175,9.024982,inf,inf,inf,0.0,0.0,0.0,0,175,0.5,0.5,0.0,5,0.0,0.0
Geant2010,SM,4,B3,10,6,2,1,10->27->21->6,10->9->5->1->2,9.733065,inf,0.0,202,202,11.152742,inf,inf,inf,0.0,0.0,0.0,0,202,0.5,0.5,0.0,5,0.0,0.0
Geant2010,SM,4,B3,11,6,6,0,11->20->21->6,11->20->21->6,10.841908,inf,0.0,184,184,10.841908,3.872967,33.569677,3.872967,0.0,0.0,0.0,0,184,0.5,0.5,0.0,5,0.0,0.0
Geant2010,SM,4,B3,12,6,6,0,12->20->21->6,12->20->21->6,10.979721,inf,0.0,155,155,10.979721,3.872967,33.70749,3.872967,0.0,0.0,0.0,0,155,0.5,0.5,0.0,5,0.0,0.0
Geant2010,SM,4,B3,13,6,6,0,13->12->20->21->6,13->12->20->21->6,20.417979,inf,0.0,183,183,20.417979,3.872967,43.145748,3.872967,0.0,0.0,0.0,0,183,0.5,0.5,0.0,5,0.0,0.0
Geant2010,SM,4,B3,14,5,5,0,14->27->5,14->27->5,18.818962,inf,0.0,178,178,18.818962,3.679176,41.35294,3.679176,0.0,0.0,0.0,0,178,0.5,0.5,0.0,5,0.0,0.0
Geant2010,SM,4,B3,15,5,2,1,15->10->9->5,15->14->27->5->1->2,29.151649,inf,0.0,175,175,33.383194,inf,inf,inf,0.0,0.0,0.0,0,175,0.5,0.5,0.0,5,0.0,0.0
Geant2010,SM,4,B3,16,5,5,0,16->5,16->5,29.89488,inf,0.0,176,176,29.89488,3.679176,52.428858,3.679176,0.0,0.0,0.0,0,176,0.5,0.5,0.0,5,0.0,0.0
Geant2010,SM,4,B3,17,5,5,0,17->10->9->5,17->10->9->5,17.257703,inf,0.0,208,208,17.257703,3.679176,39.791681,3.679176,0.0,0.0,0.0,0,208,0.5,0.5,0.0,5,0.0,0.0
Geant2010,SM,4,B3,18,5,5,0,18->11->14->27->5,18->11->20->21->27->5,25.808457,inf,0.0,176,176,16.209729,3.679176,38.743707,3.679176,0.0,0.0,0.0,0,176,0.5,0.5,0.0,5,0.0,0.0
Geant2010,SM,4,B3,19,6,6,0,19->25->20->21->6,19->25->26->27->21->6,12.109417,inf,0.0,159,159,12.000553,3.872967,34.728322,3.872967,0.0,0.0,0.0,0,159,0.5,0.5,0.0,5,0.0,0.0
Geant2010,SM,4,B3,20,5,5,0,20->21->6->5,20->21->27->5,8.636697,inf,0.0,177,177,8.160712,3.679176,30.69469,3.679176,0.0,0.0,0.0,0,177.0,0.5,0.5,0.0,5,0.0,0.0
Geant2010,SM,4,B3,21,5,1,1,21->27->5,21->27->5->1,6.542758,inf,0.0,212,212,10.19206,3.132832,32.179694,3.132832,0.0,0.0,0.0,0,212.0,0.5,0.5,0.0,5,0.0,0.0
Geant2010,SM,4,B3,22,5,2,1,22->23->9->5,22->32->2,20.2069,inf,0.0,144,144,19.069859,inf,inf,inf,0.0,0.0,0.0,0,144,0.5,0.5,0.0,5,0.0,0.0
Geant2010,SM,4,B3,23,4,2,1,23->9->5->4,23->8->32->2,21.491608,inf,0.0,150,150,17.179385,inf,inf,inf,0.0,0.0,0.0,0,150,0.5,0.5,0.0,5,0.0,0.0
Geant2010,SM,4,B3,24,4,4,0,24->20->21->6->4,24->20->21->6->4,10.86453,inf,0.0,109,109,10.86453,3.236246,32.955578,3.236246,0.0,0.0,0.0,0,109,0.5,0.5,0.0,5,0.0,0.0
Geant2010,SM,4,B3,25,4,1,1,25->26->27->5->4,25->26->27->5->1,16.267243,inf,0.0,209,209,13.599082,3.132832,35.586716,3.132832,0.0,0.0,0.0,0,209,0.5,0.5,0.0,5,0.0,0.0
Geant2010,SM,4,B3,26,4,4,0,26->27->5->4,26->27->21->6->4,15.095071,inf,0.0,200,200,9.391992,3.236246,31.48304,3.236246,0.0,0.0,0.0,0,200,0.5,0.5,0.0,5,0.0,0.0
Geant2010,SM,4,B3,27,4,2,1,27->21->6->4,27->5->1->2,6.60669,inf,0.0,186,186,11.377645,inf,inf,inf,0.0,0.0,0.0,0,186.0,0.5,0.5,0.0,5,0.0,0.0
Geant2010,SM,4,B3,28,4,4,0,28->4,28->4,5.348983,inf,0.0,200,200,5.348983,3.236246,27.440031,3.236246,0.0,0.0,0.0,0,200,0.5,0.5,0.0,5,0.0,0.0
Geant2010,SM,4,B3,29,4,4,0,29->5->4,29->5->4,26.584141,inf,0.0,169,169,26.584141,3.236246,48.675189,3.236246,0.0,0.0,0.0,0,169,0.5,0.5,0.0,5,0.0,0.0
Geant2010,SM,4,B3,30,4,4,0,30->3->5->4,30->32->8->7->5->4,34.141634,inf,0.0,227,227,33.475905,3.236246,55.566953,3.236246,0.0,0.0,0.0,0,227,0.5,0.5,0.0,5,0.0,0.0
Geant2010,SM,4,B3,31,3,3,0,31->32->30->3,31->32->2->1->3,44.676915,inf,0.0,162,162,15.821172,5.643341,40.319315,5.643341,0.0,0.0,0.0,0,162,0.5,0.5,0.0,5,0.0,0.0
Geant2010,SM,4,B3,32,3,3,0,32->2->1->3,32->2->1->3,11.173094,inf,0.0,196,196,11.173094,5.643341,35.671237,5.643341,0.0,0.0,0.0,0,196,0.5,0.5,0.0,5,0.0,0.0
Geant2010,SM,4,B3,33,3,1,1,33->3,33->3->1,7.19713,inf,0.0,174,174,13.421363,3.132832,35.408997,3.132832,0.0,0.0,0.0,0,174,0.5,0.5,0.0,5,0.0,0.0
Geant2010,SM,4,B3,34,3,3,0,34->3,34->3,5.236,inf,0.0,182,182,5.236,5.643341,29.734143,5.643341,0.0,0.0,0.0,0,182,0.5,0.5,0.0,5,0.0,0.0
Geant2010,SM,4,B3,35,3,3,0,35->34->3,35->34->3,7.898444,inf,0.0,202,202,7.898444,5.643341,32.396587,5.643341,0.0,0.0,0.0,0,202,0.5,0.5,0.0,5,0.0,0.0
Geant2010,SM,4,B3,36,3,2,1,36->3,36->3->1->2,8.394786,inf,0.0,209,209,16.355056,inf,inf,inf,0.0,0.0,0.0,0,209,0.5,0.5,0.0,5,0.0,0.0
Geant2010,SM,4,B3,37,3,3,0,37->36->3,37->36->3,11.195232,inf,0.0,150,150,11.195232,5.643341,35.693375,5.643341,0.0,0.0,0.0,0,150,0.5,0.5,0.0,5,0.0,0.0
Palmetto,SM,0,B1,1,1,1,0,1,,0.0,3.31181,0.0,154,154,0.0,1.052853,3.549534,1.052853,0.0,0.0,0.0,0,154.0,0.5,0.5,0.0,5,0.0,0.0
Palmetto,SM,0,B1,2,2,2,0,2,,0.0,3.339425,0.0,171,171,0.0,4.432624,6.929305,4.432624,0.0,0.0,0.0,0,171.0,0.5,0.5,0.0,5,0.0,0.0
Palmetto,SM,0,B1,3,3,3,0,3,,0.0,4.471404,0.0,163,163,0.0,1.974724,4.471404,1.974724,0.0,0.0,0.0,0,163,0.5,0.5,0.0,5,0.0,0.0
Palmetto,SM,0,B1,4,4,4,0,4,,0.0,inf,0.0,152,152,0.0,23.923445,26.420126,23.923445,0.0,0.0,0.0,0,152,0.5,0.5,0.0,5,0.0,0.0
Palmetto,SM,0,B1,5,5,5,0,5,,0.0,inf,0.0,216,216,0.0,87.719298,90.215979,87.719298,0.0,0.0,0.0,0,216.0,0.5,0.5,0.0,5,0.0,0.0
Palmetto,SM,0,B1,6,6,6,0,6,,0.0,inf,0.0,179,179,0.0,156.25,158.746681,156.25,0.0,0.0,0.0,0,179.0,0.5,0.5,0.0,5,0.0,0.0
Palmetto,SM,0,B1,7,7,7,0,7,,0.0,inf,0.0,202,202,0.0,156.25,158.746681,156.25,0.0,0.0,0.0,0,202.0,0.5,0.5,0.0,5,0.0,0.0
Palmetto,SM,0,B1,8,7,7,0,8->7,,0.281484,inf,0.0,220,220,0.281484,156.25,159.028165,156.25,0.0,0.0,0.0,0,220,0.5,0.5,0.0,5,0.0,0.0
Palmetto,SM,0,B1,9,7,7,0,9->6->7,,0.81476,inf,0.0,191,191,0.81476,156.25,159.561441,156.25,0.0,0.0,0.0,0,191,0.5,0.5,0.0,5,0.0,0.0
Palmetto,SM,0,B1,10,7,7,0,10->6->7,,0.965363,inf,0.0,183,183,0.965363,156.25,159.712044,156.25,0.0,0.0,0.0,0,183,0.5,0.5,0.0,5,0.0,0.0
Palmetto,SM,0,B1,11,7,7,0,11->14->13->1->2->7,,2.373226,inf,0.0,180,180,2.373226,156.25,161.119907,156.25,0.0,0.0,0.0,0,180,0.5,0.5,0.0,5,0.0,0.0
Palmetto,SM,0,B1,12,7,7,0,12->14->13->1->2->7,,2.585324,inf,0.0,121,121,2.585324,156.25,161.332005,156.25,0.0,0.0,0.0,0,121,0.5,0.5,0.0,5,0.0,0.0
Palmetto,SM,0,B1,13,7,2,1,13->1->2->7,,0.98651,inf,0.0,166,166,0.673324,4.432624,7.602629,4.432624,0.0,0.0,0.0,0,166.0,0.5,0.5,0.0,5,0.0,0.0
Palmetto,SM,0,B1,14,7,7,0,14->13->1->2->7,,1.784872,inf,0.0,147,147,1.784872,156.25,160.531553,156.25,0.0,0.0,0.0,0,147.0,0.5,0.5,0.0,5,0.0,0.0
Palmetto,SM,0,B1,15,7,2,1,15->14->13->1->2->7,,2.431862,inf,0.0,187,187,1.762222,4.432624,8.691527,4.432624,0.0,0.0,0.0,0,187,0.5,0.5,0.0,5,0.0,0.0
Palmetto,SM,0,B1,16,7,7,0,16->15->3->4->1->2->7,,3.218547,inf,0.0,184,184,3.218547,156.25,161.965228,156.25,0.0,0.0,0.0,0,184,0.5,0.5,0.0,5,0.0,0.0
Palmetto,SM,0,B1,17,6,5,1,17->15->3->4->1->2->7->6,,3.482174,inf,0.0,144,144,3.904588,87.719298,94.120567,87.719298,0.0,0.0,0.0,0,144,0.5,0.5,0.0,5,0.0,0.0
Palmetto,SM,0,B1,18,6,6,0,18->17->15->14->13->1->2->7->6,,4.310098,inf,0.0,165,165,3.953645,156.25,162.700326,156.25,0.0,0.0,0.0,0,165,0.5,0.5,0.0,5,0.0,0.0
Palmetto,SM,0,B1,19,6,6,0,19->11->14->13->1->2->7->6,,3.348361,inf,0.0,171,171,3.348361,156.25,162.095042,156.25,0.0,0.0,0.0,0,171,0.5,0.5,0.0,5,0.0,0.0
Palmetto,SM,0,B1,20,6,6,0,20->19->11->14->13->1->2->7->6,,3.671236,inf,0.0,193,193,3.671236,156.25,162.417917,156.25,0.0,0.0,0.0,0,193,0.5,0.5,0.0,5,0.0,0.0
Palmetto,SM,0,B1,21,6,2,1,21->20->19->11->14->13->1->2->7->6,,3.965369,inf,0.0,207,207,3.104824,4.432624,10.034129,4.432624,0.0,0.0,0.0,0,207,0.5,0.5,0.0,5,0.0,0.0
Palmetto,SM,0,B1,22,6,6,0,22->32->27->13->1->2->7->6,,4.272235,inf,0.0,179,179,3.356531,156.25,162.103212,156.25,0.0,0.0,0.0,0,179,0.5,0.5,0.0,5,0.0,0.0
Palmetto,SM,0,B1,23,6,6,0,23->25->18->36->37->3->4->1->2->7->6,,6.75618,inf,0.0,202,202,4.498881,156.25,163.245562,156.25,0.0,0.0,0.0,0,202,0.5,0.5,0.0,5,0.0,0.0
Palmetto,SM,0,B1,24,6,6,0,24->21->20->19->11->14->13->1->2->7->6,,4.298659,inf,0.0,185,185,4.298659,156.25,163.04534,156.25,0.0,0.0,0.0,0,185,0.5,0.5,0.0,5,0.0,0.0
Palmetto,SM,0,B1,25,5,5,0,25->22->14->13->1->2->7->6->5,,5.548343,inf,0.0,187,187,5.100192,87.719298,95.316171,87.719298,0.0,0.0,0.0,0,187,0.5,0.5,0.0,5,0.0,0.0
Palmetto,SM,0,B1,26,6,6,0,26->27->13->1->2->7->6,,2.946046,inf,0.0,154,154,2.946046,156.25,161.692727,156.25,0.0,0.0,0.0,0,154,0.5,0.5,0.0,5,0.0,0.0
Palmetto,SM,0,B1,27,5,5,0,27->13->1->2->7->6->5,,3.109974,inf,0.0,169,169,3.109974,87.719298,93.325953,87.719298,0.0,0.0,0.0,0,169,0.5,0.5,0.0,5,0.0,0.0
Palmetto,SM,0,B1,28,5,2,1,28->2->7->6->5,,2.322574,inf,0.0,190,190,1.039615,4.432624,7.96892,4.432624,0.0,0.0,0.0,0,190,0.5,0.5,0.0,5,0.0,0.0
Palmetto,SM,0,B1,29,5,5,0,29->35->28->2->7->6->5,,3.601193,inf,0.0,162,162,3.601193,87.719298,93.817172,87.719298,0.0,0.0,0.0,0,162,0.5,0.5,0.0,5,0.0,0.0
Palmetto,SM,0,B1,30,5,5,0,30->38->5,,1.073307,inf,0.0,194,194,1.073307,87.719298,91.289287,87.719298,0.0,0.0,0.0,0,194,0.5,0.5,0.0,5,0.0,0.0
Palmetto,SM,0,B1,31,5,5,0,31->28->2->7->6->5,,3.344509,inf,0.0,156,156,3.344509,87.719298,93.560488,87.719298,0.0,0.0,0.0,0,156,0.5,0.5,0.0,5,0.0,0.0
Palmetto,SM,0,B1,32,5,2,1,32->27->13->1->2->7->6->5,,3.416032,inf,0.0,211,211,2.133073,4.432624,9.062378,4.432624,0.0,0.0,0.0,0,211,0.5,0.5,0.0,5,0.0,0.0
Palmetto,SM,0,B1,33,5,5,0,33->35->28->2->7->6->5,,3.205445,inf,0.0,195,195,3.205445,87.719298,93.421424,87.719298,0.0,0.0,0.0,0,195,0.5,0.5,0.0,5,0.0,0.0
Palmetto,SM,0,B1,34,4,4,0,34->32->27->13->1->4,,2.715415,inf,0.0,149,149,2.715415,23.923445,29.13554,23.923445,0.0,0.0,0.0,0,149,0.5,0.5,0.0,5,0.0,0.0
Palmetto,SM,0,B1,35,4,4,0,35->28->2->1->4,,2.174252,inf,0.0,140,140,2.174252,23.923445,28.594378,23.923445,0.0,0.0,0.0,0,140,0.5,0.5,0.0,5,0.0,0.0
Palmetto,SM,0,B1,36,4,4,0,36->37->3->4,,2.092151,inf,0.0,154,154,2.092151,23.923445,28.512277,23.923445,0.0,0.0,0.0,0,154,0.5,0.5,0.0,5,0.0,0.0
Palmetto,SM,0,B1,37,4,1,1,37->3->4,,1.106705,inf,0.0,277,277,1.431529,1.052853,4.981064,1.052853,0.0,0.0,0.0,0,277,0.5,0.5,0.0,5,0.0,0.0
Palmetto,SM,0,B1,38,4,4,0,38->5->6->7->2->1->4,,2.862129,inf,0.0,178,178,2.862129,23.923445,29.282255,23.923445,0.0,0.0,0.0,0,178,0.5,0.5,0.0,5,0.0,0.0
Palmetto,SM,0,B1,39,4,4,0,39->40->5->6->7->2->1->4,,2.92955,inf,0.0,185,185,2.92955,23.923445,29.349676,23.923445,0.0,0.0,0.0,0,185,0.5,0.5,0.0,5,0.0,0.0
Palmetto,SM,0,B1,40,4,4,0,40->5->6->7->2->1->4,,2.469348,inf,0.0,199,199,2.469348,23.923445,28.889474,23.923445,0.0,0.0,0.0,0,199,0.5,0.5,0.0,5,0.0,0.0
Palmetto,SM,0,B1,41,4,4,0,41->9->6->7->2->1->4,,2.058885,inf,0.0,182,182,2.058885,23.923445,28.47901,23.923445,0.0,0.0,0.0,0,182,0.5,0.5,0.0,5,0.0,0.0
Palmetto,SM,0,B1,42,3,3,0,42->44->37->3,,2.668991,7.140395,0.0,161,161,2.668991,1.974724,7.140395,1.974724,0.0,0.0,0.0,0,161,0.5,0.5,0.0,5,0.0,0.0
Palmetto,SM,0,B1,43,3,3,0,43->44->37->3,,3.219769,7.691174,0.0,162,162,3.219769,1.974724,7.691174,1.974724,0.0,0.0,0.0,0,162,0.5,0.5,0.0,5,0.0,0.0
Palmetto,SM,0,B1,44,3,3,0,44->37->3,,1.841616,6.31302,0.0,138,138,1.841616,1.974724,6.31302,1.974724,0.0,0.0,0.0,0,138,0.5,0.5,0.0,5,0.0,0.0
Palmetto,SM,0,B1,45,3,3,0,45->36->37->3,,2.632078,7.103482,0.0,192,192,2.632078,1.974724,7.103482,1.974724,0.0,0.0,0.0,0,192,0.5,0.5,0.0,5,0.0,0.0
Palmetto,SM,0,B3,1,1,1,0,1,1,0.0,3.31181,0.0,154,154,0.0,3.586801,6.083481,3.586801,0.0,0.0,0.0,0,154.0,0.5,0.5,0.0,5,0.0,0.0
Palmetto,SM,0,B3,2,2,2,0,2,2,0.0,3.339425,0.0,171,171,0.0,3.489184,5.985864,3.489184,0.0,0.0,0.0,0,171.0,0.5,0.5,0.0,5,0.0,0.0
Palmetto,SM,0,B3,3,3,3,0,3,3,0.0,4.471404,0.0,163,163,0.0,4.042037,6.538718,4.042037,0.0,0.0,0.0,0,163,0.5,0.5,0.0,5,0.0,0.0
Palmetto,SM,0,B3,4,4,4,0,4,4,0.0,inf,0.0,152,152,0.0,4.118616,6.615297,4.118616,0.0,0.0,0.0,0,152,0.5,0.5,0.0,5,0.0,0.0
Palmetto,SM,0,B3,5,5,5,0,5,5,0.0,inf,0.0,216,216,0.0,4.965243,7.461924,4.965243,0.0,0.0,0.0,0,216.0,0.5,0.5,0.0,5,0.0,0.0
Palmetto,SM,0,B3,6,6,6,0,6,6,0.0,inf,0.0,179,179,0.0,4.965243,7.461924,4.965243,0.0,0.0,0.0,0,179.0,0.5,0.5,0.0,5,0.0,0.0
Palmetto,SM,0,B3,7,7,7,0,7,7,0.0,inf,0.0,202,202,0.0,3.455425,5.952106,3.455425,0.0,0.0,0.0,0,202.0,0.5,0.5,0.0,5,0.0,0.0
Palmetto,SM,0,B3,8,7,2,1,8->7,8->7->2,0.281484,inf,0.0,220,220,0.59467,3.489184,6.580535,3.489184,0.0,0.0,0.0,0,220,0.5,0.5,0.0,5,0.0,0.0
Palmetto,SM,0,B3,9,7,3,1,9->6->7,9->6->7->2->1->4->3,0.81476,inf,0.0,191,191,2.341669,4.042037,8.880387,4.042037,0.0,0.0,0.0,0,191,0.5,0.5,0.0,5,0.0,0.0
Palmetto,SM,0,B3,10,7,4,1,10->6->7,10->6->7->2->1->4,0.965363,inf,0.0,183,183,1.977482,4.118616,8.592779,4.118616,0.0,0.0,0.0,0,183,0.5,0.5,0.0,5,0.0,0.0
Palmetto,SM,0,B3,11,7,5,1,11->14->13->1->2->7,11->14->13->1->2->7->6->5,2.373226,inf,0.0,180,180,3.342998,4.965243,10.804923,4.965243,0.0,0.0,0.0,0,180,0.5,0.5,0.0,5,0.0,0.0
Palmetto,SM,0,B3,12,7,5,1,12->14->13->1->2->7,12->14->13->1->2->7->6->5,2.585324,inf,0.0,121,121,3.555096,4.965243,11.01702,4.965243,0.0,0.0,0.0,0,121,0.5,0.5,0.0,5,0.0,0.0
Palmetto,SM,0,B3,13,7,1,1,13->1->2->7,13->1,0.98651,inf,0.0,166,166,0.299217,3.586801,6.382698,3.586801,0.0,0.0,0.0,0,166.0,0.5,0.5,0.0,5,0.0,0.0
Palmetto,SM,0,B3,14,7,6,1,14->13->1->2->7,14->13->1->2->7->6,1.784872,inf,0.0,147,147,2.33223,4.965243,9.794154,4.965243,0.0,0.0,0.0,0,147.0,0.5,0.5,0.0,5,0.0,0.0
Palmetto,SM,0,B3,15,7,5,1,15->14->13->1->2->7,15->3->4->1->2->7->6->5,2.431862,inf,0.0,187,187,3.045181,4.965243,10.507105,4.965243,0.0,0.0,0.0,0,187,0.5,0.5,0.0,5,0.0,0.0
Palmetto,SM,0,B3,16,7,6,1,16->15->3->4->1->2->7,16->15->3->4->1->2->7->6,3.218547,inf,0.0,184,184,3.765905,4.965243,11.227829,4.965243,0.0,0.0,0.0,0,184,0.5,0.5,0.0,5,0.0,0.0
Palmetto,SM,0,B3,17,6,4,1,17->15->3->4->1->2->7->6,17->15->3->4,3.482174,inf,0.0,144,144,1.922697,4.118616,8.537994,4.118616,0.0,0.0,0.0,0,144,0.5,0.5,0.0,5,0.0,0.0
Palmetto,SM,0,B3,18,6,5,1,18->17->15->14->13->1->2->7->6,18->17->15->3->4->1->2->7->6->5,4.310098,inf,0.0,165,165,4.376058,4.965243,11.837983,4.965243,0.0,0.0,0.0,0,165,0.5,0.5,0.0,5,0.0,0.0
Palmetto,SM,0,B3,19,6,5,1,19->11->14->13->1->2->7->6,19->11->14->13->1->2->7->6->5,3.348361,inf,0.0,171,171,3.770775,4.965243,11.232699,4.965243,0.0,0.0,0.0,0,171,0.5,0.5,0.0,5,0.0,0.0
Palmetto,SM,0,B3,20,6,5,1,20->19->11->14->13->1->2->7->6,20->19->11->14->13->1->2->7->6->5,3.671236,inf,0.0,193,193,4.09365,4.965243,11.555574,4.965243,0.0,0.0,0.0,0,193,0.5,0.5,0.0,5,0.0,0.0
Palmetto,SM,0,B3,21,6,2,1,21->20->19->11->14->13->1->2->7->6,21->20->19->11->14->13->1->2,3.965369,inf,0.0,207,207,3.104824,3.489184,9.090689,3.489184,0.0,0.0,0.0,0,207,0.5,0.5,0.0,5,0.0,0.0
Palmetto,SM,0,B3,22,6,7,1,22->32->27->13->1->2->7->6,22->14->13->1->2->7,4.272235,inf,0.0,179,179,2.809173,3.455425,8.761278,3.455425,0.0,0.0,0.0,0,179,0.5,0.5,0.0,5,0.0,0.0
Palmetto,SM,0,B3,23,6,3,1,23->25->18->36->37->3->4->1->2->7->6,23->21->20->19->11->14->15->3,6.75618,inf,0.0,202,202,3.362142,4.042037,9.90086,4.042037,0.0,0.0,0.0,0,202,0.5,0.5,0.0,5,0.0,0.0
Palmetto,SM,0,B3,24,6,7,1,24->21->20->19->11->14->13->1->2->7->6,24->21->20->19->11->14->13->1->2->7,4.298659,inf,0.0,185,185,3.7513,3.455425,9.703406,3.455425,0.0,0.0,0.0,0,185,0.5,0.5,0.0,5,0.0,0.0
Palmetto,SM,0,B3,25,5,3,1,25->22->14->13->1->2->7->6->5,25->18->17->15->3,5.548343,inf,0.0,187,187,3.22071,4.042037,9.759428,4.042037,0.0,0.0,0.0,0,187,0.5,0.5,0.0,5,0.0,0.0
Palmetto,SM,0,B3,26,6,1,1,26->27->13->1->2->7->6,26->27->13->1,2.946046,inf,0.0,154,154,1.711394,3.586801,7.794876,3.586801,0.0,0.0,0.0,0,154,0.5,0.5,0.0,5,0.0,0.0
Palmetto,SM,0,B3,27,5,7,1,27->13->1->2->7->6->5,27->13->1->2->7,3.109974,inf,0.0,169,169,2.140202,3.455425,8.092308,3.455425,0.0,0.0,0.0,0,169,0.5,0.5,0.0,5,0.0,0.0
Palmetto,SM,0,B3,28,5,1,1,28->2->7->6->5,28->2->1,2.322574,inf,0.0,190,190,1.413723,3.586801,7.497204,3.586801,0.0,0.0,0.0,0,190,0.5,0.5,0.0,5,0.0,0.0
Palmetto,SM,0,B3,29,5,2,1,29->35->28->2->7->6->5,29->35->28->2,3.601193,inf,0.0,162,162,2.318235,3.489184,8.304099,3.489184,0.0,0.0,0.0,0,162,0.5,0.5,0.0,5,0.0,0.0
Palmetto,SM,0,B3,30,5,6,1,30->38->5,30->38->5->6,1.073307,inf,0.0,194,194,1.495721,4.965243,8.957645,4.965243,0.0,0.0,0.0,0,194,0.5,0.5,0.0,5,0.0,0.0
Palmetto,SM,0,B3,31,5,6,1,31->28->2->7->6->5,31->28->2->7->6,3.344509,inf,0.0,156,156,2.922096,4.965243,10.38402,4.965243,0.0,0.0,0.0,0,156,0.5,0.5,0.0,5,0.0,0.0
Palmetto,SM,0,B3,32,5,7,1,32->27->13->1->2->7->6->5,32->27->13->1->2->7,3.416032,inf,0.0,211,211,2.44626,3.455425,8.398366,3.455425,0.0,0.0,0.0,0,211,0.5,0.5,0.0,5,0.0,0.0
Palmetto,SM,0,B3,33,5,6,1,33->35->28->2->7->6->5,33->35->28->2->7->6,3.205445,inf,0.0,195,195,2.783032,4.965243,10.244956,4.965243,0.0,0.0,0.0,0,195,0.5,0.5,0.0,5,0.0,0.0
Palmetto,SM,0,B3,34,4,2,1,34->32->27->13->1->4,34->35->28->2,2.715415,inf,0.0,149,149,2.387547,3.489184,8.373412,3.489184,0.0,0.0,0.0,0,149,0.5,0.5,0.0,5,0.0,0.0
Palmetto,SM,0,B3,35,4,3,1,35->28->2->1->4,35->28->2->1->4->3,2.174252,inf,0.0,140,140,2.689043,4.042037,9.227761,4.042037,0.0,0.0,0.0,0,140,0.5,0.5,0.0,5,0.0,0.0
Palmetto,SM,0,B3,36,4,4,0,36->37->3->4,36->37->3->4,2.092151,inf,0.0,154,154,2.092151,4.118616,8.707448,4.118616,0.0,0.0,0.0,0,154,0.5,0.5,0.0,5,0.0,0.0
Palmetto,SM,0,B3,37,4,1,1,37->3->4,37->3->4->1,1.106705,inf,0.0,277,277,1.431529,3.586801,7.515011,3.586801,0.0,0.0,0.0,0,277,0.5,0.5,0.0,5,0.0,0.0
Palmetto,SM,0,B3,38,4,6,1,38->5->6->7->2->1->4,38->5->6,2.862129,inf,0.0,178,178,1.302653,4.965243,8.764577,4.965243,0.0,0.0,0.0,0,178,0.5,0.5,0.0,5,0.0,0.0
Palmetto,SM,0,B3,39,4,4,0,39->40->5->6->7->2->1->4,39->40->5->6->7->2->1->4,2.92955,inf,0.0,185,185,2.92955,4.118616,9.544847,4.118616,0.0,0.0,0.0,0,185,0.5,0.5,0.0,5,0.0,0.0
Palmetto,SM,0,B3,40,4,7,1,40->5->6->7->2->1->4,40->5->6->7,2.469348,inf,0.0,199,199,1.45723,3.455425,7.409335,3.455425,0.0,0.0,0.0,0,199,0.5,0.5,0.0,5,0.0,0.0
Palmetto,SM,0,B3,41,4,4,0,41->9->6->7->2->1->4,41->9->6->7->2->1->4,2.058885,inf,0.0,182,182,2.058885,4.118616,8.674182,4.118616,0.0,0.0,0.0,0,182,0.5,0.5,0.0,5,0.0,0.0
Palmetto,SM,0,B3,42,3,1,1,42->44->37->3,42->41->9->6->7->2->1,2.668991,7.140395,0.0,161,161,2.827101,3.586801,8.910582,3.586801,1.770187,0.0,0.0,0,161,0.5,0.5,0.0,5,0.0,0.0
Palmetto,SM,0,B3,43,3,2,1,43->44->37->3,43->42->41->9->6->7->2,3.219769,7.691174,0.0,162,162,3.232178,3.489184,9.218043,3.489184,1.526869,0.0,0.0,0,162,0.5,0.5,0.0,5,0.0,0.0
Palmetto,SM,0,B3,44,3,4,1,44->37->3,44->37->3->4,1.841616,6.31302,0.0,138,138,2.356406,4.118616,8.971703,4.118616,2.658683,0.0,0.0,0,138,0.5,0.5,0.0,5,0.0,0.0
Palmetto,SM,0,B3,45,3,3,0,45->36->37->3,45->36->37->3,2.632078,7.103482,0.0,192,192,2.632078,4.042037,9.170796,4.042037,0.0,0.0,0.0,0,192,0.5,0.5,0.0,5,0.0,0.0
Palmetto,SM,0,MCF_ARC,1,1,1,0,1,1,0.0,3.31181,0.0,154,154,0.0,1.896511,4.38063,1.883949,0.0,0.0,0.0,0,154.0,0.5,0.5,0.0,5,0.0,0.0
Palmetto,SM,0,MCF_ARC,2,2,2,0,2,2,0.0,3.339425,0.0,171,171,0.0,5.072715,7.336952,4.840271,0.0,0.0,0.0,0,171.0,0.5,0.5,0.0,5,0.0,0.0
Palmetto,SM,0,MCF_ARC,3,3,3,0,3,3,0.0,4.471404,0.0,163,163,0.0,1.987087,4.471404,1.974724,0.0,0.0,0.0,0,163,0.5,0.5,0.0,5,0.0,0.0
Palmetto,SM,0,MCF_ARC,4,4,4,0,4,4,0.0,inf,0.0,152,152,0.0,4.389714,6.649505,4.152824,0.0,0.0,0.0,0,152,0.5,0.5,0.0,5,0.0,0.0
Palmetto,SM,0,MCF_ARC,5,5,5,0,5,5,0.0,inf,0.0,216,216,0.0,13.891938,16.308836,13.812155,0.0,0.0,0.0,0,216.0,0.5,0.5,0.0,5,0.0,0.0
Palmetto,SM,0,MCF_ARC,6,6,6,0,6,6,0.0,inf,0.0,179,179,0.0,12.161059,12.978861,10.48218,0.0,0.0,0.0,0,179.0,0.5,0.5,0.0,5,0.0,0.0
Palmetto,SM,0,MCF_ARC,7,7,7,0,7,7,0.0,inf,0.0,202,202,0.0,12.161059,12.978861,10.48218,0.0,0.0,0.0,0,202.0,0.5,0.5,0.0,5,0.0,0.0
Palmetto,SM,0,MCF_ARC,8,7,1,1,8->7,8->7->2->1,0.281484,inf,0.0,220,220,0.968778,1.896511,5.349407,1.883949,0.0,0.0,0.0,0,220,0.5,0.5,0.0,5,0.0,0.0
Palmetto,SM,0,MCF_ARC,9,7,2,1,9->6->7,9->6->7->2,0.81476,inf,0.0,191,191,1.127947,5.072715,8.464899,4.840271,0.0,0.0,0.0,0,191,0.5,0.5,0.0,5,0.0,0.0
Palmetto,SM,0,MCF_ARC,10,7,7,0,10->6->7,10->6->7,0.965363,inf,0.0,183,183,0.965363,12.161059,13.944225,10.48218,0.0,0.0,0.0,0,183,0.5,0.5,0.0,5,0.0,0.0
Palmetto,SM,0,MCF_ARC,11,7,7,0,11->14->13->1->2->7,11->14->13->1->2->7,2.373226,inf,0.0,180,180,2.373226,12.161059,15.352088,10.48218,0.0,0.0,0.0,0,180,0.5,0.5,0.0,5,0.0,0.0
Palmetto,SM,0,MCF_ARC,12,7,7,0,12->14->13->1->2->7,12->14->13->1->2->7,2.585324,inf,0.0,121,121,2.585324,12.161059,15.564185,10.48218,0.0,0.0,0.0,0,121,0.5,0.5,0.0,5,0.0,0.0
Palmetto,SM,0,MCF_ARC,13,7,7,0,13->1->2->7,13->1->2->7,0.98651,inf,0.0,166,166,0.98651,12.161059,13.965371,10.48218,0.0,0.0,0.0,0,166.0,0.5,0.5,0.0,5,0.0,0.0
Palmetto,SM,0,MCF_ARC,14,7,7,0,14->13->1->2->7,14->13->1->2->7,1.784872,inf,0.0,147,147,1.784872,12.161059,14.763733,10.48218,0.0,0.0,0.0,0,147.0,0.5,0.5,0.0,5,0.0,0.0
Palmetto,SM,0,MCF_ARC,15,7,2,1,15->14->13->1->2->7,15->3->4->1->2,2.431862,inf,0.0,187,187,1.762222,5.072715,9.099174,4.840271,0.0,0.0,0.0,0,187,0.5,0.5,0.0,5,0.0,0.0
Palmetto,SM,0,MCF_ARC,16,7,7,0,16->15->3->4->1->2->7,16->15->3->4->1->2->7,3.218547,inf,0.0,184,184,3.218547,12.161059,16.197408,10.48218,0.0,0.0,0.0,0,184,0.5,0.5,0.0,5,0.0,0.0
Palmetto,SM,0,MCF_ARC,17,6,6,0,17->15->3->4->1->2->7->6,17->15->3->4->1->2->7->6,3.482174,inf,0.0,144,144,3.482174,12.161059,16.461035,10.48218,0.0,0.0,0.0,0,144,0.5,0.5,0.0,5,0.0,0.0
Palmetto,SM,0,MCF_ARC,18,6,6,0,18->17->15->14->13->1->2->7->6,18->17->15->3->4->1->2->7->8->6,4.310098,inf,0.0,165,165,3.963127,12.161059,16.941988,10.48218,0.0,0.0,0.0,0,165,0.5,0.5,0.0,5,0.0,0.0
Palmetto,SM,0,MCF_ARC,19,6,6,0,19->11->14->13->1->2->7->6,19->11->14->13->1->2->7->6,3.348361,inf,0.0,171,171,3.348361,12.161059,16.327223,10.48218,0.0,0.0,0.0,0,171,0.5,0.5,0.0,5,0.0,0.0
Palmetto,SM,0,MCF_ARC,20,6,2,1,20->19->11->14->13->1->2->7->6,20->19->11->14->13->1->2,3.671236,inf,0.0,193,193,2.810691,5.072715,10.147643,4.840271,0.0,0.0,0.0,0,193,0.5,0.5,0.0,5,0.0,0.0
Palmetto,SM,0,MCF_ARC,21,6,2,1,21->20->19->11->14->13->1->2->7->6,21->20->19->11->14->13->1->2,3.965369,inf,0.0,207,207,3.104824,5.072715,10.441776,4.840271,0.0,0.0,0.0,0,207,0.5,0.5,0.0,5,0.0,0.0
Palmetto,SM,0,MCF_ARC,22,6,6,0,22->32->27->13->1->2->7->6,22->14->13->1->2->7->6,4.272235,inf,0.0,179,179,3.356531,12.161059,16.335392,10.48218,0.0,0.0,0.0,0,179,0.5,0.5,0.0,5,0.0,0.0
Palmetto,SM,0,MCF_ARC,23,6,2,1,23->25->18->36->37->3->4->1->2->7->6,23->21->20->19->11->14->13->1->2,6.75618,inf,0.0,202,202,3.638336,5.072715,10.975288,4.840271,0.0,0.0,0.0,0,202,0.5,0.5,0.0,5,0.0,0.0
Palmetto,SM,0,MCF_ARC,24,6,6,0,24->21->20->19->11->14->13->1->2->7->6,24->21->20->19->11->14->13->1->2->7->6,4.298659,inf,0.0,185,185,4.298659,12.161059,17.27752,10.48218,0.0,0.0,0.0,0,185,0.5,0.5,0.0,5,0.0,0.0
Palmetto,SM,0,MCF_ARC,25,5,5,0,25->22->14->13->1->2->7->6->5,25->21->20->19->11->14->13->1->2->7->6->5,5.548343,inf,0.0,187,187,5.100192,13.891938,21.409027,13.812155,0.0,0.0,0.0,0,187,0.5,0.5,0.0,5,0.0,0.0
Palmetto,SM,0,MCF_ARC,26,6,6,0,26->27->13->1->2->7->6,26->27->13->1->2->7->6,2.946046,inf,0.0,154,154,2.946046,12.161059,15.924907,10.48218,0.0,0.0,0.0,0,154,0.5,0.5,0.0,5,0.0,0.0
Palmetto,SM,0,MCF_ARC,27,5,5,0,27->13->1->2->7->6->5,27->13->1->2->7->6->5,3.109974,inf,0.0,169,169,3.109974,13.891938,19.41881,13.812155,0.0,0.0,0.0,0,169,0.5,0.5,0.0,5,0.0,0.0
Palmetto,SM,0,MCF_ARC,28,5,5,0,28->2->7->6->5,28->2->7->6->5,2.322574,inf,0.0,190,190,2.322574,13.891938,18.631409,13.812155,0.0,0.0,0.0,0,190,0.5,0.5,0.0,5,0.0,0.0
Palmetto,SM,0,MCF_ARC,29,5,6,1,29->35->28->2->7->6->5,29->35->28->2->7->6,3.601193,inf,0.0,162,162,3.178779,12.161059,16.157641,10.48218,0.0,0.0,0.0,0,162,0.5,0.5,0.0,5,0.0,0.0
Palmetto,SM,0,MCF_ARC,30,5,5,0,30->38->5,30->38->5,1.073307,inf,0.0,194,194,1.073307,13.891938,17.382143,13.812155,0.0,0.0,0.0,0,194,0.5,0.5,0.0,5,0.0,0.0
Palmetto,SM,0,MCF_ARC,31,5,7,1,31->28->2->7->6->5,31->28->2->7,3.344509,inf,0.0,156,156,2.374737,12.161059,15.353598,10.48218,0.0,0.0,0.0,0,156,0.5,0.5,0.0,5,0.0,0.0
Palmetto,SM,0,MCF_ARC,32,5,5,0,32->27->13->1->2->7->6->5,32->27->13->1->2->7->6->5,3.416032,inf,0.0,211,211,3.416032,13.891938,19.724867,13.812155,0.0,0.0,0.0,0,211,0.5,0.5,0.0,5,0.0,0.0
Palmetto,SM,0,MCF_ARC,33,5,5,0,33->35->28->2->7->6->5,33->35->28->2->7->6->5,3.205445,inf,0.0,195,195,3.205445,13.891938,19.514281,13.812155,0.0,0.0,0.0,0,195,0.5,0.5,0.0,5,0.0,0.0
Palmetto,SM,0,MCF_ARC,34,4,4,0,34->32->27->13->1->4,34->33->32->27->13->1->4,2.715415,inf,0.0,149,149,2.816119,4.389714,9.465624,4.152824,0.0,0.0,0.0,0,149,0.5,0.5,0.0,5,0.0,0.0
Palmetto,SM,0,MCF_ARC,35,4,4,0,35->28->2->1->4,35->28->2->1->4,2.174252,inf,0.0,140,140,2.174252,4.389714,8.823757,4.152824,0.0,0.0,0.0,0,140,0.5,0.5,0.0,5,0.0,0.0
Palmetto,SM,0,MCF_ARC,36,4,4,0,36->37->3->4,36->37->3->4,2.092151,inf,0.0,154,154,2.092151,4.389714,8.741656,4.152824,0.0,0.0,0.0,0,154,0.5,0.5,0.0,5,0.0,0.0
Palmetto,SM,0,MCF_ARC,37,4,1,1,37->3->4,37->3->4->1,1.106705,inf,0.0,277,277,1.431529,1.896511,5.812159,1.883949,0.0,0.0,0.0,0,277,0.5,0.5,0.0,5,0.0,0.0
Palmetto,SM,0,MCF_ARC,38,4,4,0,38->5->6->7->2->1->4,38->5->6->7->2->1->4,2.862129,inf,0.0,178,178,2.862129,4.389714,9.511634,4.152824,0.0,0.0,0.0,0,178,0.5,0.5,0.0,5,0.0,0.0
Palmetto,SM,0,MCF_ARC,39,4,4,0,39->40->5->6->7->2->1->4,39->40->5->6->7->2->1->4,2.92955,inf,0.0,185,185,2.92955,4.389714,9.579055,4.152824,0.0,0.0,0.0,0,185,0.5,0.5,0.0,5,0.0,0.0
Palmetto,SM,0,MCF_ARC,40,4,1,1,40->5->6->7->2->1->4,40->5->6->7->2->1,2.469348,inf,0.0,199,199,2.144523,1.896511,6.525153,1.883949,0.0,0.0,0.0,0,199,0.5,0.5,0.0,5,0.0,0.0
Palmetto,SM,0,MCF_ARC,41,4,4,0,41->9->6->7->2->1->4,41->9->6->7->2->1->4,2.058885,inf,0.0,182,182,2.058885,4.389714,8.708389,4.152824,0.0,0.0,0.0,0,182,0.5,0.5,0.0,5,0.0,0.0
Palmetto,SM,0,MCF_ARC,42,3,3,0,42->44->37->3,42->44->37->3,2.668991,7.140395,0.0,161,161,2.668991,1.987087,7.140395,1.974724,0.0,0.0,0.0,0,161,0.5,0.5,0.0,5,0.0,0.0
Palmetto,SM,0,MCF_ARC,43,3,3,0,43->44->37->3,43->44->37->3,3.219769,7.691174,0.0,162,162,3.219769,1.987087,7.691174,1.974724,0.0,0.0,0.0,0,162,0.5,0.5,0.0,5,0.0,0.0
Palmetto,SM,0,MCF_ARC,44,3,3,0,44->37->3,44->37->3,1.841616,6.31302,0.0,138,138,1.841616,1.987087,6.31302,1.974724,0.0,0.0,0.0,0,138,0.5,0.5,0.0,5,0.0,0.0
Palmetto,SM,0,MCF_ARC,45,3,3,0,45->36->37->3,45->36->37->3,2.632078,7.103482,0.0,192,192,2.632078,1.987087,7.103482,1.974724,0.0,0.0,0.0,0,192,0.5,0.5,0.0,5,0.0,0.0
Palmetto,SM,1,B1,1,1,1,0,1,,0.0,3.33603,0.0,191,191,0.0,1.367241,3.863922,1.367241,0.0,0.0,0.0,0,191.0,0.5,0.5,0.0,5,0.0,0.0
Palmetto,SM,1,B1,2,2,2,0,2,,0.0,3.354314,0.0,194,194,0.0,10.526316,13.022997,10.526316,0.0,0.0,0.0,0,194.0,0.5,0.5,0.0,5,0.0,0.0
Palmetto,SM,1,B1,3,3,3,0,3,,0.0,6.369648,0.0,165,165,0.0,3.872967,6.369648,3.872967,0.0,0.0,0.0,0,165,0.5,0.5,0.0,5,0.0,0.0
Palmetto,SM,1,B1,4,4,4,0,4,,0.0,inf,0.0,143,143,0.0,6.493506,8.990187,6.493506,0.0,0.0,0.0,0,143,0.5,0.5,0.0,5,0.0,0.0
Palmetto,SM,1,B1,5,5,5,0,5,,0.0,inf,0.0,173,173,0.0,9.174312,11.670993,9.174312,0.0,0.0,0.0,0,173.0,0.5,0.5,0.0,5,0.0,0.0
Palmetto,SM,1,B1,6,6,6,0,6,,0.0,inf,0.0,202,202,0.0,32.258065,34.754745,32.258065,0.0,0.0,0.0,0,202.0,0.5,0.5,0.0,5,0.0,0.0
Palmetto,SM,1,B1,7,7,7,0,7,,0.0,inf,0.0,178,178,0.0,333.333333,335.830014,333.333333,0.0,0.0,0.0,0,178.0,0.5,0.5,0.0,5,0.0,0.0
Palmetto,SM,1,B1,8,7,7,0,8->7,,0.281484,inf,0.0,217,217,0.281484,333.333333,336.111498,333.333333,0.0,0.0,0.0,0,217,0.5,0.5,0.0,5,0.0,0.0
Palmetto,SM,1,B1,9,7,7,0,9->6->7,,0.81476,inf,0.0,177,177,0.81476,333.333333,336.644775,333.333333,0.0,0.0,0.0,0,177,0.5,0.5,0.0,5,0.0,0.0
Palmetto,SM,1,B1,10,7,7,0,10->6->7,,0.965363,inf,0.0,140,140,0.965363,333.333333,336.795378,333.333333,0.0,0.0,0.0,0,140,0.5,0.5,0.0,5,0.0,0.0
Palmetto,SM,1,B1,11,7,2,1,11->14->13->1->2->7,,2.373226,inf,0.0,193,193,2.06004,10.526316,15.083037,10.526316,0.0,0.0,0.0,0,193,0.5,0.5,0.0,5,0.0,0.0
Palmetto,SM,1,B1,12,7,2,1,12->14->13->1->2->7,,2.585324,inf,0.0,207,207,2.272138,10.526316,15.295134,10.526316,0.0,0.0,0.0,0,207,0.5,0.5,0.0,5,0.0,0.0
Palmetto,SM,1,B1,13,7,7,0,13->1->2->7,,0.98651,inf,0.0,169,169,0.98651,333.333333,336.816524,333.333333,0.0,0.0,0.0,0,169.0,0.5,0.5,0.0,5,0.0,0.0
Palmetto,SM,1,B1,14,7,2,1,14->13->1->2->7,,1.784872,inf,0.0,206,206,1.471685,10.526316,14.494682,10.526316,0.0,0.0,0.0,0,206.0,0.5,0.5,0.0,5,0.0,0.0
Palmetto,SM,1,B1,15,7,7,0,15->3->4->1->2->7,,2.075409,inf,0.0,129,129,2.075409,333.333333,337.905423,333.333333,0.0,0.0,0.0,0,129,0.5,0.5,0.0,5,0.0,0.0
Palmetto,SM,1,B1,16,6,6,0,16->15->14->13->1->2->7->6,,4.122359,inf,0.0,206,206,3.765905,32.258065,38.520651,32.258065,0.0,0.0,0.0,0,206,0.5,0.5,0.0,5,0.0,0.0
Palmetto,SM,1,B1,17,6,6,0,17->15->3->4->1->2->7->6,,3.482174,inf,0.0,114,114,3.482174,32.258065,38.236919,32.258065,0.0,0.0,0.0,0,114,0.5,0.5,0.0,5,0.0,0.0
Palmetto,SM,1,B1,18,6,7,1,18->36->37->3->4->1->2->7->6,,5.055713,inf,0.0,170,170,3.406286,333.333333,339.2363,333.333333,0.0,0.0,0.0,0,170,0.5,0.5,0.0,5,0.0,0.0
Palmetto,SM,1,B1,19,6,6,0,19->11->14->13->1->2->7->6,,3.348361,inf,0.0,193,193,3.348361,32.258065,38.103107,32.258065,0.0,0.0,0.0,0,193,0.5,0.5,0.0,5,0.0,0.0
Palmetto,SM,1,B1,20,6,2,1,20->19->11->14->13->1->2->7->6,,3.671236,inf,0.0,226,226,2.810691,10.526316,15.833688,10.526316,0.0,0.0,0.0,0,226,0.5,0.5,0.0,5,0.0,0.0
Palmetto,SM,1,B1,21,6,6,0,21->20->19->11->14->13->1->2->7->6,,3.965369,inf,0.0,213,213,3.965369,32.258065,38.720115,32.258065,0.0,0.0,0.0,0,213,0.5,0.5,0.0,5,0.0,0.0
Palmetto,SM,1,B1,22,6,6,0,22->32->27->13->1->2->7->6,,4.272235,inf,0.0,198,198,3.356531,32.258065,38.111276,32.258065,0.0,0.0,0.0,0,198,0.5,0.5,0.0,5,0.0,0.0
Palmetto,SM,1,B1,23,5,2,1,23->25->18->19->11->14->13->1->2->7->6->5,,6.225804,inf,0.0,239,239,3.638336,10.526316,16.661333,10.526316,0.0,0.0,0.0,0,239,0.5,0.5,0.0,5,0.0,0.0
Palmetto,SM,1,B1,24,6,7,1,24->21->20->19->11->14->13->1->2->7->6,,4.298659,inf,0.0,177,177,3.7513,333.333333,339.581315,333.333333,0.0,0.0,0.0,0,177,0.5,0.5,0.0,5,0.0,0.0
Palmetto,SM,1,B1,25,5,5,0,25->22->14->13->1->2->7->6->5,,5.548343,inf,0.0,160,160,5.100192,9.174312,16.771185,9.174312,0.0,0.0,0.0,0,160,0.5,0.5,0.0,5,0.0,0.0
Palmetto,SM,1,B1,26,5,5,0,26->27->13->1->2->7->6->5,,3.36846,inf,0.0,160,160,3.36846,9.174312,15.039453,9.174312,0.0,0.0,0.0,0,160,0.5,0.5,0.0,5,0.0,0.0
Palmetto,SM,1,B1,27,5,5,0,27->13->1->2->7->6->5,,3.109974,inf,0.0,193,193,3.109974,9.174312,14.780967,9.174312,0.0,0.0,0.0,0,193,0.5,0.5,0.0,5,0.0,0.0
Palmetto,SM,1,B1,28,5,5,0,28->2->7->6->5,,2.322574,inf,0.0,197,197,2.322574,9.174312,13.993567,9.174312,0.0,0.0,0.0,0,197,0.5,0.5,0.0,5,0.0,0.0
Palmetto,SM,1,B1,29,5,6,1,29->35->28->2->7->6->5,,3.601193,inf,0.0,203,203,3.178779,32.258065,37.933525,32.258065,0.0,0.0,0.0,0,203,0.5,0.5,0.0,5,0.0,0.0
Palmetto,SM,1,B1,30,5,5,0,30->38->5,,1.073307,inf,0.0,222,222,1.073307,9.174312,12.7443,9.174312,0.0,0.0,0.0,0,222,0.5,0.5,0.0,5,0.0,0.0
Palmetto,SM,1,B1,31,5,5,0,31->28->2->7->6->5,,3.344509,inf,0.0,146,146,3.344509,9.174312,15.015502,9.174312,0.0,0.0,0.0,0,146,0.5,0.5,0.0,5,0.0,0.0
Palmetto,SM,1,B1,32,4,4,0,32->27->13->1->4,,2.083791,inf,0.0,188,188,2.083791,6.493506,11.073978,6.493506,0.0,0.0,0.0,0,188,0.5,0.5,0.0,5,0.0,0.0
Palmetto,SM,1,B1,33,4,1,1,33->32->27->13->1->4,,2.347185,inf,0.0,231,231,2.02236,1.367241,5.886282,1.367241,0.0,0.0,0.0,0,231,0.5,0.5,0.0,5,0.0,0.0
Palmetto,SM,1,B1,34,4,4,0,34->32->27->13->1->4,,2.715415,inf,0.0,164,164,2.715415,6.493506,11.705602,6.493506,0.0,0.0,0.0,0,164,0.5,0.5,0.0,5,0.0,0.0
Palmetto,SM,1,B1,35,4,4,0,35->28->2->1->4,,2.174252,inf,0.0,178,178,2.174252,6.493506,11.16444,6.493506,0.0,0.0,0.0,0,178,0.5,0.5,0.0,5,0.0,0.0
Palmetto,SM,1,B1,36,4,4,0,36->37->3->4,,2.092151,inf,0.0,189,189,2.092151,6.493506,11.082339,6.493506,0.0,0.0,0.0,0,189,0.5,0.5,0.0,5,0.0,0.0
Palmetto,SM,1,B1,37,4,4,0,37->3->4,,1.106705,inf,0.0,142,142,1.106705,6.493506,10.096892,6.493506,0.0,0.0,0.0,0,142,0.5,0.5,0.0,5,0.0,0.0
Palmetto,SM,1,B1,38,4,4,0,38->5->6->7->2->1->4,,2.862129,inf,0.0,202,202,2.862129,6.493506,11.852317,6.493506,0.0,0.0,0.0,0,202,0.5,0.5,0.0,5,0.0,0.0
Palmetto,SM,1,B1,39,4,1,1,39->40->5->6->7->2->1->4,,2.92955,inf,0.0,229,229,2.604725,1.367241,6.468647,1.367241,0.0,0.0,0.0,0,229,0.5,0.5,0.0,5,0.0,0.0
Palmetto,SM,1,B1,40,3,3,0,40->5->6->7->2->1->4->3,,2.984138,9.353786,0.0,109,109,2.984138,3.872967,9.353786,3.872967,0.0,0.0,0.0,0,109,0.5,0.5,0.0,5,0.0,0.0
Palmetto,SM,1,B1,41,3,3,0,41->42->43->44->37->3,,5.091995,11.461642,0.0,127,127,2.573675,3.872967,8.943323,3.872967,0.0,0.0,0.0,0,127,0.5,0.5,0.0,5,0.0,0.0
Palmetto,SM,1,B1,42,3,3,0,42->44->37->3,,2.668991,9.038638,0.0,245,245,2.668991,3.872967,9.038638,3.872967,0.0,0.0,0.0,0,245,0.5,0.5,0.0,5,0.0,0.0
Palmetto,SM,1,B1,43,3,3,0,43->44->37->3,,3.219769,9.589417,0.0,183,183,3.219769,3.872967,9.589417,3.872967,0.0,0.0,0.0,0,183,0.5,0.5,0.0,5,0.0,0.0
Palmetto,SM,1,B1,44,3,3,0,44->37->3,,1.841616,8.211263,0.0,215,215,1.841616,3.872967,8.211263,3.872967,0.0,0.0,0.0,0,215,0.5,0.5,0.0,5,0.0,0.0
Palmetto,SM,1,B1,45,3,3,0,45->44->37->3,,3.096321,9.465969,0.0,121,121,2.632078,3.872967,9.001725,3.872967,0.0,0.0,0.0,0,121,0.5,0.5,0.0,5,0.0,0.0
Palmetto,SM,1,B3,1,1,1,0,1,1,0.0,3.33603,0.0,191,191,0.0,2.797985,5.294666,2.797985,0.0,0.0,0.0,0,191.0,0.5,0.5,0.0,5,0.0,0.0
Palmetto,SM,1,B3,2,2,2,0,2,2,0.0,3.354314,0.0,194,194,0.0,inf,inf,inf,0.0,0.0,0.0,0,194.0,0.5,0.5,0.0,5,0.0,0.0
Palmetto,SM,1,B3,3,3,3,0,3,3,0.0,6.369648,0.0,165,165,0.0,3.872967,6.369648,3.872967,0.0,0.0,0.0,0,165,0.5,0.5,0.0,5,0.0,0.0
Palmetto,SM,1,B3,4,4,4,0,4,4,0.0,inf,0.0,143,143,0.0,5.319149,7.81583,5.319149,0.0,0.0,0.0,0,143,0.5,0.5,0.0,5,0.0,0.0
Palmetto,SM,1,B3,5,5,5,0,5,5,0.0,inf,0.0,173,173,0.0,4.694836,7.191517,4.694836,0.0,0.0,0.0,0,173.0,0.5,0.5,0.0,5,0.0,0.0
Palmetto,SM,1,B3,6,6,6,0,6,6,0.0,inf,0.0,202,202,0.0,4.672897,7.169578,4.672897,0.0,0.0,0.0,0,202.0,0.5,0.5,0.0,5,0.0,0.0
Palmetto,SM,1,B3,7,7,7,0,7,7,0.0,inf,0.0,178,178,0.0,5.952381,8.449062,5.952381,0.0,0.0,0.0,0,178.0,0.5,0.5,0.0,5,0.0,0.0
Palmetto,SM,1,B3,8,7,1,1,8->7,8->7->2->1,0.281484,inf,0.0,217,217,0.968778,2.797985,6.263444,2.797985,0.0,0.0,0.0,0,217,0.5,0.5,0.0,5,0.0,0.0
Palmetto,SM,1,B3,9,7,7,0,9->6->7,9->6->7,0.81476,inf,0.0,177,177,0.81476,5.952381,9.263822,5.952381,0.0,0.0,0.0,0,177,0.5,0.5,0.0,5,0.0,0.0
Palmetto,SM,1,B3,10,7,7,0,10->6->7,10->6->7,0.965363,inf,0.0,140,140,0.965363,5.952381,9.414425,5.952381,0.0,0.0,0.0,0,140,0.5,0.5,0.0,5,0.0,0.0
Palmetto,SM,1,B3,11,7,7,0,11->14->13->1->2->7,11->14->13->1->2->7,2.373226,inf,0.0,193,193,2.373226,5.952381,10.822288,5.952381,0.0,0.0,0.0,0,193,0.5,0.5,0.0,5,0.0,0.0
Palmetto,SM,1,B3,12,7,2,1,12->14->13->1->2->7,12->14->13->1->2,2.585324,inf,0.0,207,207,2.272138,inf,inf,inf,0.0,0.0,0.0,0,207,0.5,0.5,0.0,5,0.0,0.0
Palmetto,SM,1,B3,13,7,7,0,13->1->2->7,13->1->2->7,0.98651,inf,0.0,169,169,0.98651,5.952381,9.435572,5.952381,0.0,0.0,0.0,0,169.0,0.5,0.5,0.0,5,0.0,0.0
Palmetto,SM,1,B3,14,7,7,0,14->13->1->2->7,14->13->1->2->7,1.784872,inf,0.0,206,206,1.784872,5.952381,10.233933,5.952381,0.0,0.0,0.0,0,206.0,0.5,0.5,0.0,5,0.0,0.0
Palmetto,SM,1,B3,15,7,7,0,15->3->4->1->2->7,15->3->4->1->2->7,2.075409,inf,0.0,129,129,2.075409,5.952381,10.524471,5.952381,0.0,0.0,0.0,0,129,0.5,0.5,0.0,5,0.0,0.0
Palmetto,SM,1,B3,16,6,6,0,16->15->14->13->1->2->7->6,16->15->3->4->1->2->7->6,4.122359,inf,0.0,206,206,3.765905,4.672897,10.935483,4.672897,0.0,0.0,0.0,0,206,0.5,0.5,0.0,5,0.0,0.0
Palmetto,SM,1,B3,17,6,2,1,17->15->3->4->1->2->7->6,17->15->3->4->1->2,3.482174,inf,0.0,114,114,2.621629,inf,inf,inf,0.0,0.0,0.0,0,114,0.5,0.5,0.0,5,0.0,0.0
Palmetto,SM,1,B3,18,6,6,0,18->36->37->3->4->1->2->7->6,18->17->15->3->4->1->2->7->6,5.055713,inf,0.0,170,170,3.953645,4.672897,11.123223,4.672897,0.0,0.0,0.0,0,170,0.5,0.5,0.0,5,0.0,0.0
Palmetto,SM,1,B3,19,6,6,0,19->11->14->13->1->2->7->6,19->11->14->13->1->2->7->6,3.348361,inf,0.0,193,193,3.348361,4.672897,10.517939,4.672897,0.0,0.0,0.0,0,193,0.5,0.5,0.0,5,0.0,0.0
Palmetto,SM,1,B3,20,6,1,1,20->19->11->14->13->1->2->7->6,20->19->11->14->13->1,3.671236,inf,0.0,226,226,2.436584,2.797985,7.731251,2.797985,0.0,0.0,0.0,0,226,0.5,0.5,0.0,5,0.0,0.0
Palmetto,SM,1,B3,21,6,2,1,21->20->19->11->14->13->1->2->7->6,21->20->19->11->14->13->1->2,3.965369,inf,0.0,213,213,3.104824,inf,inf,inf,0.0,0.0,0.0,0,213,0.5,0.5,0.0,5,0.0,0.0
Palmetto,SM,1,B3,22,6,6,0,22->32->27->13->1->2->7->6,22->14->13->1->2->7->6,4.272235,inf,0.0,198,198,3.356531,4.672897,10.526109,4.672897,0.0,0.0,0.0,0,198,0.5,0.5,0.0,5,0.0,0.0
Palmetto,SM,1,B3,23,5,5,0,23->25->18->19->11->14->13->1->2->7->6->5,23->21->20->19->11->14->13->1->2->7->6->5,6.225804,inf,0.0,239,239,4.921295,4.694836,12.112811,4.694836,0.0,0.0,0.0,0,239,0.5,0.5,0.0,5,0.0,0.0
Palmetto,SM,1,B3,24,6,6,0,24->21->20->19->11->14->13->1->2->7->6,24->21->20->19->11->14->13->1->2->7->6,4.298659,inf,0.0,177,177,4.298659,4.672897,11.468237,4.672897,0.0,0.0,0.0,0,177,0.5,0.5,0.0,5,0.0,0.0
Palmetto,SM,1,B3,25,5,5,0,25->22->14->13->1->2->7->6->5,25->21->20->19->11->14->13->1->2->7->6->5,5.548343,inf,0.0,160,160,5.100192,4.694836,12.291708,4.694836,0.0,0.0,0.0,0,160,0.5,0.5,0.0,5,0.0,0.0
Palmetto,SM,1,B3,26,5,5,0,26->27->13->1->2->7->6->5,26->27->13->1->2->7->6->5,3.36846,inf,0.0,160,160,3.36846,4.694836,10.559976,4.694836,0.0,0.0,0.0,0,160,0.5,0.5,0.0,5,0.0,0.0
Palmetto,SM,1,B3,27,5,5,0,27->13->1->2->7->6->5,27->13->1->2->7->6->5,3.109974,inf,0.0,193,193,3.109974,4.694836,10.301491,4.694836,0.0,0.0,0.0,0,193,0.5,0.5,0.0,5,0.0,0.0
Palmetto,SM,1,B3,28,5,2,1,28->2->7->6->5,28->2,2.322574,inf,0.0,197,197,1.039615,inf,inf,inf,0.0,0.0,0.0,0,197,0.5,0.5,0.0,5,0.0,0.0
Palmetto,SM,1,B3,29,5,1,1,29->35->28->2->7->6->5,29->35->28->2->1,3.601193,inf,0.0,203,203,2.692342,2.797985,7.987008,2.797985,0.0,0.0,0.0,0,203,0.5,0.5,0.0,5,0.0,0.0
Palmetto,SM,1,B3,30,5,5,0,30->38->5,30->38->5,1.073307,inf,0.0,222,222,1.073307,4.694836,8.264824,4.694836,0.0,0.0,0.0,0,222,0.5,0.5,0.0,5,0.0,0.0
Palmetto,SM,1,B3,31,5,2,1,31->28->2->7->6->5,31->28->2,3.344509,inf,0.0,146,146,2.061551,inf,inf,inf,0.0,0.0,0.0,0,146,0.5,0.5,0.0,5,0.0,0.0
Palmetto,SM,1,B3,32,4,1,1,32->27->13->1->4,32->27->13->1,2.083791,inf,0.0,188,188,1.758966,2.797985,7.053633,2.797985,0.0,0.0,0.0,0,188,0.5,0.5,0.0,5,0.0,0.0
Palmetto,SM,1,B3,33,4,4,0,33->32->27->13->1->4,33->32->27->13->1->4,2.347185,inf,0.0,231,231,2.347185,5.319149,10.163015,5.319149,0.0,0.0,0.0,0,231,0.5,0.5,0.0,5,0.0,0.0
Palmetto,SM,1,B3,34,4,2,1,34->32->27->13->1->4,34->35->28->2,2.715415,inf,0.0,164,164,2.387547,inf,inf,inf,0.0,0.0,0.0,0,164,0.5,0.5,0.0,5,0.0,0.0
Palmetto,SM,1,B3,35,4,4,0,35->28->2->1->4,35->28->2->1->4,2.174252,inf,0.0,178,178,2.174252,5.319149,9.990082,5.319149,0.0,0.0,0.0,0,178,0.5,0.5,0.0,5,0.0,0.0
Palmetto,SM,1,B3,36,4,4,0,36->37->3->4,36->37->3->4,2.092151,inf,0.0,189,189,2.092151,5.319149,9.907981,5.319149,0.0,0.0,0.0,0,189,0.5,0.5,0.0,5,0.0,0.0
Palmetto,SM,1,B3,37,4,2,1,37->3->4,37->3->4->1->2,1.106705,inf,0.0,142,142,1.805637,inf,inf,inf,0.0,0.0,0.0,0,142,0.5,0.5,0.0,5,0.0,0.0
Palmetto,SM,1,B3,38,4,4,0,38->5->6->7->2->1->4,38->5->6->7->2->1->4,2.862129,inf,0.0,202,202,2.862129,5.319149,10.677959,5.319149,0.0,0.0,0.0,0,202,0.5,0.5,0.0,5,0.0,0.0
Palmetto,SM,1,B3,39,4,4,0,39->40->5->6->7->2->1->4,39->40->5->6->7->2->1->4,2.92955,inf,0.0,229,229,2.92955,5.319149,10.74538,5.319149,0.0,0.0,0.0,0,229,0.5,0.5,0.0,5,0.0,0.0
Palmetto,SM,1,B3,40,3,3,0,40->5->6->7->2->1->4->3,40->5->6->7->2->1->4->3,2.984138,9.353786,0.0,109,109,2.984138,3.872967,9.353786,3.872967,0.0,0.0,0.0,0,109,0.5,0.5,0.0,5,0.0,0.0
Palmetto,SM,1,B3,41,3,3,0,41->42->43->44->37->3,41->9->6->7->2->1->4->3,5.091995,11.461642,0.0,127,127,2.573675,3.872967,8.943323,3.872967,0.0,0.0,0.0,0,127,0.5,0.5,0.0,5,0.0,0.0
Palmetto,SM,1,B3,42,3,3,0,42->44->37->3,42->44->37->3,2.668991,9.038638,0.0,245,245,2.668991,3.872967,9.038638,3.872967,0.0,0.0,0.0,0,245,0.5,0.5,0.0,5,0.0,0.0
Palmetto,SM,1,B3,43,3,3,0,43->44->37->3,43->44->37->3,3.219769,9.589417,0.0,183,183,3.219769,3.872967,9.589417,3.872967,0.0,0.0,0.0,0,183,0.5,0.5,0.0,5,0.0,0.0
Palmetto,SM,1,B3,44,3,3,0,44->37->3,44->37->3,1.841616,8.211263,0.0,215,215,1.841616,3.872967,8.211263,3.872967,0.0,0.0,0.0,0,215,0.5,0.5,0.0,5,0.0,0.0
Palmetto,SM,1,B3,45,3,3,0,45->44->37->3,45->36->37->3,3.096321,9.465969,0.0,121,121,2.632078,3.872967,9.001725,3.872967,0.0,0.0,0.0,0,121,0.5,0.5,0.0,5,0.0,0.0
Palmetto,SM,1,MCF_ARC,1,1,1,0,1,1,0.0,3.33603,0.0,191,191,0.0,2.044731,4.52755,2.030869,0.0,0.0,0.0,0,191.0,0.5,0.5,0.0,5,0.0,0.0
Palmetto,SM,1,MCF_ARC,2,2,2,0,2,2,0.0,3.354314,0.0,194,194,0.0,11.357294,11.75594,9.259259,0.0,0.0,0.0,0,194.0,0.5,0.5,0.0,5,0.0,0.0
Palmetto,SM,1,MCF_ARC,3,3,3,0,3,3,0.0,6.369648,0.0,165,165,0.0,4.075338,6.369648,3.872967,0.0,0.0,0.0,0,165,0.5,0.5,0.0,5,0.0,0.0
Palmetto,SM,1,MCF_ARC,4,4,4,0,4,4,0.0,inf,0.0,143,143,0.0,7.506418,8.990187,6.493506,0.0,0.0,0.0,0,143,0.5,0.5,0.0,5,0.0,0.0
Palmetto,SM,1,MCF_ARC,5,5,5,0,5,5,0.0,inf,0.0,173,173,0.0,11.775868,12.205419,9.708738,0.0,0.0,0.0,0,173.0,0.5,0.5,0.0,5,0.0,0.0
Palmetto,SM,1,MCF_ARC,6,6,6,0,6,6,0.0,inf,0.0,202,202,0.0,11.27358,11.670993,9.174312,0.0,0.0,0.0,0,202.0,0.5,0.5,0.0,5,0.0,0.0
Palmetto,SM,1,MCF_ARC,7,7,7,0,7,7,0.0,inf,0.0,178,178,0.0,7.255274,8.866108,6.369427,0.0,0.0,0.0,0,178.0,0.5,0.5,0.0,5,0.0,0.0
Palmetto,SM,1,MCF_ARC,8,7,7,0,8->7,8->7,0.281484,inf,0.0,217,217,0.281484,7.255274,9.147592,6.369427,0.0,0.0,0.0,0,217,0.5,0.5,0.0,5,0.0,0.0
Palmetto,SM,1,MCF_ARC,9,7,7,0,9->6->7,9->6->7,0.81476,inf,0.0,177,177,0.81476,7.255274,9.680868,6.369427,0.0,0.0,0.0,0,177,0.5,0.5,0.0,5,0.0,0.0
Palmetto,SM,1,MCF_ARC,10,7,7,0,10->6->7,10->6->7,0.965363,inf,0.0,140,140,0.965363,7.255274,9.831471,6.369427,0.0,0.0,0.0,0,140,0.5,0.5,0.0,5,0.0,0.0
Palmetto,SM,1,MCF_ARC,11,7,7,0,11->14->13->1->2->7,11->14->13->1->2->7,2.373226,inf,0.0,193,193,2.373226,7.255274,11.239334,6.369427,0.0,0.0,0.0,0,193,0.5,0.5,0.0,5,0.0,0.0
Palmetto,SM,1,MCF_ARC,12,7,2,1,12->14->13->1->2->7,12->14->13->1->2,2.585324,inf,0.0,207,207,2.272138,11.357294,14.028078,9.259259,0.0,0.0,0.0,0,207,0.5,0.5,0.0,5,0.0,0.0
Palmetto,SM,1,MCF_ARC,13,7,7,0,13->1->2->7,13->1->2->7,0.98651,inf,0.0,169,169,0.98651,7.255274,9.852618,6.369427,0.0,0.0,0.0,0,169.0,0.5,0.5,0.0,5,0.0,0.0
Palmetto,SM,1,MCF_ARC,14,7,2,1,14->13->1->2->7,14->13->1->2,1.784872,inf,0.0,206,206,1.471685,11.357294,13.227625,9.259259,0.0,0.0,0.0,0,206.0,0.5,0.5,0.0,5,0.0,0.0
Palmetto,SM,1,MCF_ARC,15,7,7,0,15->3->4->1->2->7,15->3->4->1->2->7,2.075409,inf,0.0,129,129,2.075409,7.255274,10.941516,6.369427,0.0,0.0,0.0,0,129,0.5,0.5,0.0,5,0.0,0.0
Palmetto,SM,1,MCF_ARC,16,6,2,1,16->15->14->13->1->2->7->6,16->15->3->4->1->2,4.122359,inf,0.0,206,206,2.90536,11.357294,14.661301,9.259259,0.0,0.0,0.0,0,206,0.5,0.5,0.0,5,0.0,0.0
Palmetto,SM,1,MCF_ARC,17,6,6,0,17->15->3->4->1->2->7->6,17->15->3->4->1->2->7->6,3.482174,inf,0.0,114,114,3.482174,11.27358,15.153167,9.174312,0.0,0.0,0.0,0,114,0.5,0.5,0.0,5,0.0,0.0
Palmetto,SM,1,MCF_ARC,18,6,6,0,18->36->37->3->4->1->2->7->6,18->17->15->3->4->1->2->7->6,5.055713,inf,0.0,170,170,3.953645,11.27358,15.624638,9.174312,0.0,0.0,0.0,0,170,0.5,0.5,0.0,5,0.0,0.0
Palmetto,SM,1,MCF_ARC,19,6,6,0,19->11->14->13->1->2->7->6,19->11->14->13->1->2->7->6,3.348361,inf,0.0,193,193,3.348361,11.27358,15.019354,9.174312,0.0,0.0,0.0,0,193,0.5,0.5,0.0,5,0.0,0.0
Palmetto,SM,1,MCF_ARC,20,6,2,1,20->19->11->14->13->1->2->7->6,20->19->11->14->13->1->2,3.671236,inf,0.0,226,226,2.810691,11.357294,14.566632,9.259259,0.0,0.0,0.0,0,226,0.5,0.5,0.0,5,0.0,0.0
Palmetto,SM,1,MCF_ARC,21,6,2,1,21->20->19->11->14->13->1->2->7->6,21->20->19->11->14->13->1->2,3.965369,inf,0.0,213,213,3.104824,11.357294,14.860765,9.259259,0.0,0.0,0.0,0,213,0.5,0.5,0.0,5,0.0,0.0
Palmetto,SM,1,MCF_ARC,22,6,6,0,22->32->27->13->1->2->7->6,22->12->14->13->1->2->7->6,4.272235,inf,0.0,198,198,3.369876,11.27358,15.040868,9.174312,0.0,0.0,0.0,0,198,0.5,0.5,0.0,5,0.0,0.0
Palmetto,SM,1,MCF_ARC,23,5,1,1,23->25->18->19->11->14->13->1->2->7->6->5,23->25->22->14->13->1,6.225804,inf,0.0,239,239,4.250411,2.044731,8.777961,2.030869,0.0,0.0,0.0,0,239,0.5,0.5,0.0,5,0.0,0.0
Palmetto,SM,1,MCF_ARC,24,6,6,0,24->21->20->19->11->14->13->1->2->7->6,24->21->20->19->11->14->13->1->2->7->6,4.298659,inf,0.0,177,177,4.298659,11.27358,15.969652,9.174312,0.0,0.0,0.0,0,177,0.5,0.5,0.0,5,0.0,0.0
Palmetto,SM,1,MCF_ARC,25,5,5,0,25->22->14->13->1->2->7->6->5,25->21->20->19->11->14->13->1->2->7->6->5,5.548343,inf,0.0,160,160,5.100192,11.775868,17.305611,9.708738,0.0,0.0,0.0,0,160,0.5,0.5,0.0,5,0.0,0.0
Palmetto,SM,1,MCF_ARC,26,5,5,0,26->27->13->1->2->7->6->5,26->27->13->1->2->7->6->5,3.36846,inf,0.0,160,160,3.36846,11.775868,15.573879,9.708738,0.0,0.0,0.0,0,160,0.5,0.5,0.0,5,0.0,0.0
Palmetto,SM,1,MCF_ARC,27,5,5,0,27->13->1->2->7->6->5,27->13->1->2->7->6->5,3.109974,inf,0.0,193,193,3.109974,11.775868,15.315393,9.708738,0.0,0.0,0.0,0,193,0.5,0.5,0.0,5,0.0,0.0
Palmetto,SM,1,MCF_ARC,28,5,6,1,28->2->7->6->5,28->2->7->6,2.322574,inf,0.0,197,197,1.90016,11.27358,13.571153,9.174312,0.0,0.0,0.0,0,197,0.5,0.5,0.0,5,0.0,0.0
Palmetto,SM,1,MCF_ARC,29,5,5,0,29->35->28->2->7->6->5,29->35->28->2->7->6->5,3.601193,inf,0.0,203,203,3.601193,11.775868,15.806612,9.708738,0.0,0.0,0.0,0,203,0.5,0.5,0.0,5,0.0,0.0
Palmetto,SM,1,MCF_ARC,30,5,5,0,30->38->5,30->38->5,1.073307,inf,0.0,222,222,1.073307,11.775868,13.278726,9.708738,0.0,0.0,0.0,0,222,0.5,0.5,0.0,5,0.0,0.0
Palmetto,SM,1,MCF_ARC,31,5,5,0,31->28->2->7->6->5,31->28->2->7->6->5,3.344509,inf,0.0,146,146,3.344509,11.775868,15.549928,9.708738,0.0,0.0,0.0,0,146,0.5,0.5,0.0,5,0.0,0.0
Palmetto,SM,1,MCF_ARC,32,4,4,0,32->27->13->1->4,32->27->13->1->4,2.083791,inf,0.0,188,188,2.083791,7.506418,11.073978,6.493506,0.0,0.0,0.0,0,188,0.5,0.5,0.0,5,0.0,0.0
Palmetto,SM,1,MCF_ARC,33,4,1,1,33->32->27->13->1->4,33->32->27->13->1,2.347185,inf,0.0,231,231,2.02236,2.044731,6.549911,2.030869,0.0,0.0,0.0,0,231,0.5,0.5,0.0,5,0.0,0.0
Palmetto,SM,1,MCF_ARC,34,4,4,0,34->32->27->13->1->4,34->32->27->13->1->4,2.715415,inf,0.0,164,164,2.715415,7.506418,11.705602,6.493506,0.0,0.0,0.0,0,164,0.5,0.5,0.0,5,0.0,0.0
Palmetto,SM,1,MCF_ARC,35,4,4,0,35->28->2->1->4,35->28->2->1->4,2.174252,inf,0.0,178,178,2.174252,7.506418,11.16444,6.493506,0.0,0.0,0.0,0,178,0.5,0.5,0.0,5,0.0,0.0
Palmetto,SM,1,MCF_ARC,36,4,4,0,36->37->3->4,36->37->3->4,2.092151,inf,0.0,189,189,2.092151,7.506418,11.082339,6.493506,0.0,0.0,0.0,0,189,0.5,0.5,0.0,5,0.0,0.0
Palmetto,SM,1,MCF_ARC,37,4,4,0,37->3->4,37->3->4,1.106705,inf,0.0,142,142,1.106705,7.506418,10.096892,6.493506,0.0,0.0,0.0,0,142,0.5,0.5,0.0,5,0.0,0.0
Palmetto,SM,1,MCF_ARC,38,4,4,0,38->5->6->7->2->1->4,38->5->6->7->2->1->4,2.862129,inf,0.0,202,202,2.862129,7.506418,11.852317,6.493506,0.0,0.0,0.0,0,202,0.5,0.5,0.0,5,0.0,0.0
Palmetto,SM,1,MCF_ARC,39,4,1,1,39->40->5->6->7->2->1->4,39->40->5->6->7->2->1,2.92955,inf,0.0,229,229,2.604725,2.044731,7.132275,2.030869,0.0,0.0,0.0,0,229,0.5,0.5,0.0,5,0.0,0.0
Palmetto,SM,1,MCF_ARC,40,3,3,0,40->5->6->7->2->1->4->3,40->5->6->7->2->1->4->3,2.984138,9.353786,0.0,109,109,2.984138,4.075338,9.353786,3.872967,0.0,0.0,0.0,0,109,0.5,0.5,0.0,5,0.0,0.0
Palmetto,SM,1,MCF_ARC,41,3,3,0,41->42->43->44->37->3,41->9->6->7->2->1->4->3,5.091995,11.461642,0.0,127,127,2.573675,4.075338,8.943323,3.872967,0.0,0.0,0.0,0,127,0.5,0.5,0.0,5,0.0,0.0
Palmetto,SM,1,MCF_ARC,42,3,3,0,42->44->37->3,42->44->37->3,2.668991,9.038638,0.0,245,245,2.668991,4.075338,9.038638,3.872967,0.0,0.0,0.0,0,245,0.5,0.5,0.0,5,0.0,0.0
Palmetto,SM,1,MCF_ARC,43,3,3,0,43->44->37->3,43->44->37->3,3.219769,9.589417,0.0,183,183,3.219769,4.075338,9.589417,3.872967,0.0,0.0,0.0,0,183,0.5,0.5,0.0,5,0.0,0.0
Palmetto,SM,1,MCF_ARC,44,3,3,0,44->37->3,44->37->3,1.841616,8.211263,0.0,215,215,1.841616,4.075338,8.211263,3.872967,0.0,0.0,0.0,0,215,0.5,0.5,0.0,5,0.0,0.0
Palmetto,SM,1,MCF_ARC,45,3,3,0,45->44->37->3,45->36->37->3,3.096321,9.465969,0.0,121,121,2.632078,4.075338,9.001725,3.872967,0.0,0.0,0.0,0,121,0.5,0.5,0.0,5,0.0,0.0
Palmetto,SM,2,B1,1,1,1,0,1,,0.0,3.340848,0.0,185,185,0.0,1.218621,3.715301,1.218621,0.0,0.0,0.0,0,185.0,0.5,0.5,0.0,5,0.0,0.0
Palmetto,SM,2,B1,2,2,2,0,2,,0.0,3.259457,0.0,153,153,0.0,2.45098,4.947661,2.45098,0.0,0.0,0.0,0,153.0,0.5,0.5,0.0,5,0.0,0.0
Palmetto,SM,2,B1,3,3,3,0,3,,0.0,15.551511,0.0,218,218,0.0,13.05483,15.551511,13.05483,0.0,0.0,0.0,0,218,0.5,0.5,0.0,5,0.0,0.0
Palmetto,SM,2,B1,4,4,4,0,4,,0.0,inf,0.0,177,177,0.0,26.595745,29.092426,26.595745,0.0,0.0,0.0,0,177,0.5,0.5,0.0,5,0.0,0.0
Palmetto,SM,2,B1,5,5,5,0,5,,0.0,inf,0.0,202,202,0.0,151.515152,154.011832,151.515152,0.0,0.0,0.0,0,202.0,0.5,0.5,0.0,5,0.0,0.0
Palmetto,SM,2,B1,6,6,6,0,6,,0.0,inf,0.0,161,161,0.0,156.25,158.746681,156.25,0.0,0.0,0.0,0,161.0,0.5,0.5,0.0,5,0.0,0.0
Palmetto,SM,2,B1,7,7,7,0,7,,0.0,inf,0.0,157,157,0.0,5.359057,7.855738,5.359057,0.0,0.0,0.0,0,157.0,0.5,0.5,0.0,5,0.0,0.0
Palmetto,SM,2,B1,8,7,7,0,8->7,,0.281484,inf,0.0,178,178,0.281484,5.359057,8.137222,5.359057,0.0,0.0,0.0,0,178,0.5,0.5,0.0,5,0.0,0.0
Palmetto,SM,2,B1,9,7,7,0,9->6->7,,0.81476,inf,0.0,161,161,0.81476,5.359057,8.670498,5.359057,0.0,0.0,0.0,0,161,0.5,0.5,0.0,5,0.0,0.0
Palmetto,SM,2,B1,10,7,7,0,10->6->7,,0.965363,inf,0.0,166,166,0.965363,5.359057,8.821101,5.359057,0.0,0.0,0.0,0,166,0.5,0.5,0.0,5,0.0,0.0
Palmetto,SM,2,B1,11,7,2,1,11->14->13->1->2->7,,2.373226,inf,0.0,243,243,2.06004,2.45098,7.007701,2.45098,0.0,0.0,0.0,0,243,0.5,0.5,0.0,5,0.0,0.0
Palmetto,SM,2,B1,12,7,7,0,12->14->13->1->2->7,,2.585324,inf,0.0,180,180,2.585324,5.359057,10.441062,5.359057,0.0,0.0,0.0,0,180,0.5,0.5,0.0,5,0.0,0.0
Palmetto,SM,2,B1,13,7,7,0,13->1->2->7,,0.98651,inf,0.0,166,166,0.98651,5.359057,8.842248,5.359057,0.0,0.0,0.0,0,166.0,0.5,0.5,0.0,5,0.0,0.0
Palmetto,SM,2,B1,14,7,7,0,14->13->1->2->7,,1.784872,inf,0.0,175,175,1.784872,5.359057,9.640609,5.359057,0.0,0.0,0.0,0,175.0,0.5,0.5,0.0,5,0.0,0.0
Palmetto,SM,2,B1,15,7,2,1,15->3->4->1->2->7,,2.075409,inf,0.0,197,197,1.762222,2.45098,6.709884,2.45098,0.0,0.0,0.0,0,197,0.5,0.5,0.0,5,0.0,0.0
Palmetto,SM,2,B1,16,6,2,1,16->15->3->4->1->2->7->6,,3.765905,inf,0.0,218,218,2.90536,2.45098,7.853022,2.45098,0.0,0.0,0.0,0,218,0.5,0.5,0.0,5,0.0,0.0
Palmetto,SM,2,B1,17,6,6,0,17->15->3->4->1->2->7->6,,3.482174,inf,0.0,166,166,3.482174,156.25,162.228855,156.25,0.0,0.0,0.0,0,166,0.5,0.5,0.0,5,0.0,0.0
Palmetto,SM,2,B1,18,6,6,0,18->17->15->3->4->1->2->7->6,,3.953645,inf,0.0,209,209,3.953645,156.25,162.700326,156.25,0.0,0.0,0.0,0,209,0.5,0.5,0.0,5,0.0,0.0
Palmetto,SM,2,B1,19,6,6,0,19->11->14->13->1->2->7->6,,3.348361,inf,0.0,154,154,3.348361,156.25,162.095042,156.25,0.0,0.0,0.0,0,154,0.5,0.5,0.0,5,0.0,0.0
Palmetto,SM,2,B1,20,6,2,1,20->19->11->14->13->1->2->7->6,,3.671236,inf,0.0,245,245,2.810691,2.45098,7.758353,2.45098,0.0,0.0,0.0,0,245,0.5,0.5,0.0,5,0.0,0.0
Palmetto,SM,2,B1,21,6,5,1,21->25->22->14->13->1->2->7->6,,5.838338,inf,0.0,130,130,4.387783,151.515152,158.399615,151.515152,0.0,0.0,0.0,0,130,0.5,0.5,0.0,5,0.0,0.0
Palmetto,SM,2,B1,22,6,6,0,22->32->27->13->1->2->7->6,,4.272235,inf,0.0,174,174,3.356531,156.25,162.103212,156.25,0.0,0.0,0.0,0,174,0.5,0.5,0.0,5,0.0,0.0
Palmetto,SM,2,B1,23,6,6,0,23->25->22->14->13->1->2->7->6,,5.485063,inf,0.0,152,152,4.498881,156.25,163.245562,156.25,0.0,0.0,0.0,0,152,0.5,0.5,0.0,5,0.0,0.0
Palmetto,SM,2,B1,24,5,6,1,24->21->20->19->11->14->13->1->2->7->6->5,,4.721072,inf,0.0,159,159,4.298659,156.25,163.04534,156.25,0.0,0.0,0.0,0,159,0.5,0.5,0.0,5,0.0,0.0
Palmetto,SM,2,B1,25,5,5,0,25->18->17->15->14->13->1->2->7->6->5,,6.073845,inf,0.0,167,167,5.100192,151.515152,159.112024,151.515152,0.0,0.0,0.0,0,167,0.5,0.5,0.0,5,0.0,0.0
Palmetto,SM,2,B1,26,5,5,0,26->27->13->1->2->7->6->5,,3.36846,inf,0.0,160,160,3.36846,151.515152,157.380292,151.515152,0.0,0.0,0.0,0,160,0.5,0.5,0.0,5,0.0,0.0
Palmetto,SM,2,B1,27,5,5,0,27->13->1->2->7->6->5,,3.109974,inf,0.0,180,180,3.109974,151.515152,157.121806,151.515152,0.0,0.0,0.0,0,180,0.5,0.5,0.0,5,0.0,0.0
Palmetto,SM,2,B1,28,5,6,1,28->2->7->6->5,,2.322574,inf,0.0,197,197,1.90016,156.25,160.646841,156.25,0.0,0.0,0.0,0,197,0.5,0.5,0.0,5,0.0,0.0
Palmetto,SM,2,B1,29,5,5,0,29->31->28->2->7->6->5,,4.452362,inf,0.0,122,122,3.601193,151.515152,157.613025,151.515152,0.0,0.0,0.0,0,122,0.5,0.5,0.0,5,0.0,0.0
Palmetto,SM,2,B1,30,5,5,0,30->38->5,,1.073307,inf,0.0,219,219,1.073307,151.515152,155.08514,151.515152,0.0,0.0,0.0,0,219,0.5,0.5,0.0,5,0.0,0.0
Palmetto,SM,2,B1,31,5,5,0,31->28->2->7->6->5,,3.344509,inf,0.0,183,183,3.344509,151.515152,157.356342,151.515152,0.0,0.0,0.0,0,183,0.5,0.5,0.0,5,0.0,0.0
Palmetto,SM,2,B1,32,4,1,1,32->27->13->1->4,,2.083791,inf,0.0,171,171,1.758966,1.218621,5.474268,1.218621,0.0,0.0,0.0,0,171,0.5,0.5,0.0,5,0.0,0.0
Palmetto,SM,2,B1,33,4,4,0,33->32->27->13->1->4,,2.347185,inf,0.0,166,166,2.347185,26.595745,31.439611,26.595745,0.0,0.0,0.0,0,166,0.5,0.5,0.0,5,0.0,0.0
Palmetto,SM,2,B1,34,4,4,0,34->32->27->13->1->4,,2.715415,inf,0.0,222,222,2.715415,26.595745,31.80784,26.595745,0.0,0.0,0.0,0,222,0.5,0.5,0.0,5,0.0,0.0
Palmetto,SM,2,B1,35,4,1,1,35->28->2->1->4,,2.174252,inf,0.0,193,193,1.849428,1.218621,5.564729,1.218621,0.0,0.0,0.0,0,193,0.5,0.5,0.0,5,0.0,0.0
Palmetto,SM,2,B1,36,4,4,0,36->37->3->4,,2.092151,inf,0.0,140,140,2.092151,26.595745,31.184577,26.595745,0.0,0.0,0.0,0,140,0.5,0.5,0.0,5,0.0,0.0
Palmetto,SM,2,B1,37,4,4,0,37->3->4,,1.106705,inf,0.0,212,212,1.106705,26.595745,30.19913,26.595745,0.0,0.0,0.0,0,212,0.5,0.5,0.0,5,0.0,0.0
Palmetto,SM,2,B1,38,4,4,0,38->5->6->7->2->1->4,,2.862129,inf,0.0,193,193,2.862129,26.595745,31.954555,26.595745,0.0,0.0,0.0,0,193,0.5,0.5,0.0,5,0.0,0.0
Palmetto,SM,2,B1,39,4,4,0,39->40->5->6->7->2->1->4,,2.92955,inf,0.0,188,188,2.92955,26.595745,32.021976,26.595745,0.0,0.0,0.0,0,188,0.5,0.5,0.0,5,0.0,0.0
Palmetto,SM,2,B1,40,4,4,0,40->5->6->7->2->1->4,,2.469348,inf,0.0,170,170,2.469348,26.595745,31.561773,26.595745,0.0,0.0,0.0,0,170,0.5,0.5,0.0,5,0.0,0.0
Palmetto,SM,2,B1,41,3,3,0,41->9->6->7->2->1->4->3,,2.573675,18.125186,0.0,225,225,2.573675,13.05483,18.125186,13.05483,0.0,0.0,0.0,0,225,0.5,0.5,0.0,5,0.0,0.0
Palmetto,SM,2,B1,42,3,3,0,42->44->37->3,,2.668991,18.220502,0.0,239,239,2.668991,13.05483,18.220502,13.05483,0.0,0.0,0.0,0,239,0.5,0.5,0.0,5,0.0,0.0
Palmetto,SM,2,B1,43,3,3,0,43->44->37->3,,3.219769,18.77128,0.0,181,181,3.219769,13.05483,18.77128,13.05483,0.0,0.0,0.0,0,181,0.5,0.5,0.0,5,0.0,0.0
Palmetto,SM,2,B1,44,3,3,0,44->37->3,,1.841616,17.393127,0.0,208,208,1.841616,13.05483,17.393127,13.05483,0.0,0.0,0.0,0,208,0.5,0.5,0.0,5,0.0,0.0
Palmetto,SM,2,B1,45,3,3,0,45->44->37->3,,3.096321,18.647833,0.0,222,222,2.632078,13.05483,18.183589,13.05483,0.0,0.0,0.0,0,222,0.5,0.5,0.0,5,0.0,0.0
Palmetto,SM,2,B3,1,1,1,0,1,1,0.0,3.340848,0.0,185,185,0.0,53.763441,56.260122,53.763441,0.0,0.0,0.0,0,185.0,0.5,0.5,0.0,5,0.0,0.0
Palmetto,SM,2,B3,2,2,2,0,2,2,0.0,3.259457,0.0,153,153,0.0,2.86533,5.36201,2.86533,0.0,0.0,0.0,0,153.0,0.5,0.5,0.0,5,0.0,0.0
Palmetto,SM,2,B3,3,3,3,0,3,3,0.0,15.551511,0.0,218,218,0.0,3.881988,6.378668,3.881988,0.0,0.0,0.0,0,218,0.5,0.5,0.0,5,0.0,0.0
Palmetto,SM,2,B3,4,4,4,0,4,4,0.0,inf,0.0,177,177,0.0,3.589375,6.086056,3.589375,0.0,0.0,0.0,0,177,0.5,0.5,0.0,5,0.0,0.0
Palmetto,SM,2,B3,5,5,5,0,5,5,0.0,inf,0.0,202,202,0.0,3.53857,6.035251,3.53857,0.0,0.0,0.0,0,202.0,0.5,0.5,0.0,5,0.0,0.0
Palmetto,SM,2,B3,6,6,6,0,6,6,0.0,inf,0.0,161,161,0.0,5.307856,7.804537,5.307856,0.0,0.0,0.0,0,161.0,0.5,0.5,0.0,5,0.0,0.0
Palmetto,SM,2,B3,7,7,7,0,7,7,0.0,inf,0.0,157,157,0.0,5.966587,8.463268,5.966587,0.0,0.0,0.0,0,157.0,0.5,0.5,0.0,5,0.0,0.0
Palmetto,SM,2,B3,8,7,1,1,8->7,8->7->2->1,0.281484,inf,0.0,178,178,0.968778,53.763441,57.228899,53.763441,0.0,0.0,0.0,0,178,0.5,0.5,0.0,5,0.0,0.0
Palmetto,SM,2,B3,9,7,7,0,9->6->7,9->6->7,0.81476,inf,0.0,161,161,0.81476,5.966587,9.278028,5.966587,0.0,0.0,0.0,0,161,0.5,0.5,0.0,5,0.0,0.0
Palmetto,SM,2,B3,10,7,7,0,10->6->7,10->6->7,0.965363,inf,0.0,166,166,0.965363,5.966587,9.428631,5.966587,0.0,0.0,0.0,0,166,0.5,0.5,0.0,5,0.0,0.0
Palmetto,SM,2,B3,11,7,2,1,11->14->13->1->2->7,11->14->13->1->2,2.373226,inf,0.0,243,243,2.06004,2.86533,7.42205,2.86533,0.0,0.0,0.0,0,243,0.5,0.5,0.0,5,0.0,0.0
Palmetto,SM,2,B3,12,7,7,0,12->14->13->1->2->7,12->14->13->1->2->7,2.585324,inf,0.0,180,180,2.585324,5.966587,11.048592,5.966587,0.0,0.0,0.0,0,180,0.5,0.5,0.0,5,0.0,0.0
Palmetto,SM,2,B3,13,7,7,0,13->1->2->7,13->1->2->7,0.98651,inf,0.0,166,166,0.98651,5.966587,9.449778,5.966587,0.0,0.0,0.0,0,166.0,0.5,0.5,0.0,5,0.0,0.0
Palmetto,SM,2,B3,14,7,7,0,14->13->1->2->7,14->13->1->2->7,1.784872,inf,0.0,175,175,1.784872,5.966587,10.24814,5.966587,0.0,0.0,0.0,0,175.0,0.5,0.5,0.0,5,0.0,0.0
Palmetto,SM,2,B3,15,7,7,0,15->3->4->1->2->7,15->3->4->1->2->7,2.075409,inf,0.0,197,197,2.075409,5.966587,10.538677,5.966587,0.0,0.0,0.0,0,197,0.5,0.5,0.0,5,0.0,0.0
Palmetto,SM,2,B3,16,6,6,0,16->15->3->4->1->2->7->6,16->15->3->4->1->2->7->6,3.765905,inf,0.0,218,218,3.765905,5.307856,11.570442,5.307856,0.0,0.0,0.0,0,218,0.5,0.5,0.0,5,0.0,0.0
Palmetto,SM,2,B3,17,6,6,0,17->15->3->4->1->2->7->6,17->15->3->4->1->2->7->6,3.482174,inf,0.0,166,166,3.482174,5.307856,11.28671,5.307856,0.0,0.0,0.0,0,166,0.5,0.5,0.0,5,0.0,0.0
Palmetto,SM,2,B3,18,6,6,0,18->17->15->3->4->1->2->7->6,18->17->15->3->4->1->2->7->6,3.953645,inf,0.0,209,209,3.953645,5.307856,11.758181,5.307856,0.0,0.0,0.0,0,209,0.5,0.5,0.0,5,0.0,0.0
Palmetto,SM,2,B3,19,6,6,0,19->11->14->13->1->2->7->6,19->11->14->13->1->2->7->6,3.348361,inf,0.0,154,154,3.348361,5.307856,11.152898,5.307856,0.0,0.0,0.0,0,154,0.5,0.5,0.0,5,0.0,0.0
Palmetto,SM,2,B3,20,6,2,1,20->19->11->14->13->1->2->7->6,20->19->11->14->13->1->2,3.671236,inf,0.0,245,245,2.810691,2.86533,8.172702,2.86533,0.0,0.0,0.0,0,245,0.5,0.5,0.0,5,0.0,0.0
Palmetto,SM,2,B3,21,6,6,0,21->25->22->14->13->1->2->7->6,21->20->19->11->14->13->1->2->7->6,5.838338,inf,0.0,130,130,3.965369,5.307856,11.769906,5.307856,0.0,0.0,0.0,0,130,0.5,0.5,0.0,5,0.0,0.0
Palmetto,SM,2,B3,22,6,1,1,22->32->27->13->1->2->7->6,22->14->13->1,4.272235,inf,0.0,174,174,2.121879,53.763441,58.382001,53.763441,0.0,0.0,0.0,0,174,0.5,0.5,0.0,5,0.0,0.0
Palmetto,SM,2,B3,23,6,6,0,23->25->22->14->13->1->2->7->6,23->21->20->19->11->14->13->1->2->7->6,5.485063,inf,0.0,152,152,4.498881,5.307856,12.303417,5.307856,0.0,0.0,0.0,0,152,0.5,0.5,0.0,5,0.0,0.0
Palmetto,SM,2,B3,24,5,5,0,24->21->20->19->11->14->13->1->2->7->6->5,24->21->20->19->11->14->13->1->2->7->6->5,4.721072,inf,0.0,159,159,4.721072,3.53857,10.756324,3.53857,0.0,0.0,0.0,0,159,0.5,0.5,0.0,5,0.0,0.0
Palmetto,SM,2,B3,25,5,5,0,25->18->17->15->14->13->1->2->7->6->5,25->21->20->19->11->14->13->1->2->7->6->5,6.073845,inf,0.0,167,167,5.100192,3.53857,11.135443,3.53857,0.0,0.0,0.0,0,167,0.5,0.5,0.0,5,0.0,0.0
Palmetto,SM,2,B3,26,5,5,0,26->27->13->1->2->7->6->5,26->27->13->1->2->7->6->5,3.36846,inf,0.0,160,160,3.36846,3.53857,9.403711,3.53857,0.0,0.0,0.0,0,160,0.5,0.5,0.0,5,0.0,0.0
Palmetto,SM,2,B3,27,5,5,0,27->13->1->2->7->6->5,27->13->1->2->7->6->5,3.109974,inf,0.0,180,180,3.109974,3.53857,9.145225,3.53857,0.0,0.0,0.0,0,180,0.5,0.5,0.0,5,0.0,0.0
Palmetto,SM,2,B3,28,5,1,1,28->2->7->6->5,28->2->1,2.322574,inf,0.0,197,197,1.413723,53.763441,57.673844,53.763441,0.0,0.0,0.0,0,197,0.5,0.5,0.0,5,0.0,0.0
Palmetto,SM,2,B3,29,5,2,1,29->31->28->2->7->6->5,29->35->28->2,4.452362,inf,0.0,122,122,2.318235,2.86533,7.680245,2.86533,0.0,0.0,0.0,0,122,0.5,0.5,0.0,5,0.0,0.0
Palmetto,SM,2,B3,30,5,5,0,30->38->5,30->38->5,1.073307,inf,0.0,219,219,1.073307,3.53857,7.108559,3.53857,0.0,0.0,0.0,0,219,0.5,0.5,0.0,5,0.0,0.0
Palmetto,SM,2,B3,31,5,1,1,31->28->2->7->6->5,31->28->2->1,3.344509,inf,0.0,183,183,2.435658,53.763441,58.69578,53.763441,0.0,0.0,0.0,0,183,0.5,0.5,0.0,5,0.0,0.0
Palmetto,SM,2,B3,32,4,2,1,32->27->13->1->4,32->27->13->1->2,2.083791,inf,0.0,171,171,2.133073,2.86533,7.495084,2.86533,0.0,0.0,0.0,0,171,0.5,0.5,0.0,5,0.0,0.0
Palmetto,SM,2,B3,33,4,4,0,33->32->27->13->1->4,33->32->27->13->1->4,2.347185,inf,0.0,166,166,2.347185,3.589375,8.433242,3.589375,0.0,0.0,0.0,0,166,0.5,0.5,0.0,5,0.0,0.0
Palmetto,SM,2,B3,34,4,1,1,34->32->27->13->1->4,34->32->27->13->1,2.715415,inf,0.0,222,222,2.39059,53.763441,58.650712,53.763441,0.0,0.0,0.0,0,222,0.5,0.5,0.0,5,0.0,0.0
Palmetto,SM,2,B3,35,4,4,0,35->28->2->1->4,35->28->2->1->4,2.174252,inf,0.0,193,193,2.174252,3.589375,8.260309,3.589375,0.0,0.0,0.0,0,193,0.5,0.5,0.0,5,0.0,0.0
Palmetto,SM,2,B3,36,4,4,0,36->37->3->4,36->37->3->4,2.092151,inf,0.0,140,140,2.092151,3.589375,8.178208,3.589375,0.0,0.0,0.0,0,140,0.5,0.5,0.0,5,0.0,0.0
Palmetto,SM,2,B3,37,4,1,1,37->3->4,37->3->4->1,1.106705,inf,0.0,212,212,1.431529,53.763441,57.691651,53.763441,0.0,0.0,0.0,0,212,0.5,0.5,0.0,5,0.0,0.0
Palmetto,SM,2,B3,38,4,4,0,38->5->6->7->2->1->4,38->5->6->7->2->1->4,2.862129,inf,0.0,193,193,2.862129,3.589375,8.948186,3.589375,0.0,0.0,0.0,0,193,0.5,0.5,0.0,5,0.0,0.0
Palmetto,SM,2,B3,39,4,4,0,39->40->5->6->7->2->1->4,39->40->5->6->7->2->1->4,2.92955,inf,0.0,188,188,2.92955,3.589375,9.015606,3.589375,0.0,0.0,0.0,0,188,0.5,0.5,0.0,5,0.0,0.0
Palmetto,SM,2,B3,40,4,4,0,40->5->6->7->2->1->4,40->5->6->7->2->1->4,2.469348,inf,0.0,170,170,2.469348,3.589375,8.555404,3.589375,0.0,0.0,0.0,0,170,0.5,0.5,0.0,5,0.0,0.0
Palmetto,SM,2,B3,41,3,3,0,41->9->6->7->2->1->4->3,41->9->6->7->2->1->4->3,2.573675,18.125186,0.0,225,225,2.573675,3.881988,8.952344,3.881988,0.0,0.0,0.0,0,225,0.5,0.5,0.0,5,0.0,0.0
Palmetto,SM,2,B3,42,3,3,0,42->44->37->3,42->44->37->3,2.668991,18.220502,0.0,239,239,2.668991,3.881988,9.047659,3.881988,0.0,0.0,0.0,0,239,0.5,0.5,0.0,5,0.0,0.0
Palmetto,SM,2,B3,43,3,2,1,43->44->37->3,43->42->41->9->6->7->2,3.219769,18.77128,0.0,181,181,3.232178,2.86533,8.594189,2.86533,0.0,0.0,0.0,0,181,0.5,0.5,0.0,5,0.0,0.0
Palmetto,SM,2,B3,44,3,3,0,44->37->3,44->37->3,1.841616,17.393127,0.0,208,208,1.841616,3.881988,8.220284,3.881988,0.0,0.0,0.0,0,208,0.5,0.5,0.0,5,0.0,0.0
Palmetto,SM,2,B3,45,3,3,0,45->44->37->3,45->36->37->3,3.096321,18.647833,0.0,222,222,2.632078,3.881988,9.010746,3.881988,0.0,0.0,0.0,0,222,0.5,0.5,0.0,5,0.0,0.0
Palmetto,SM,2,MCF_ARC,1,1,1,0,1,1,0.0,3.340848,0.0,185,185,0.0,1.3377,3.828948,1.332268,0.0,0.0,0.0,0,185.0,0.5,0.5,0.0,5,0.0,0.0
Palmetto,SM,2,MCF_ARC,2,2,2,0,2,2,0.0,3.259457,0.0,153,153,0.0,4.960512,7.304373,4.807692,0.0,0.0,0.0,0,153.0,0.5,0.5,0.0,5,0.0,0.0
Palmetto,SM,2,MCF_ARC,3,3,3,0,3,3,0.0,15.551511,0.0,218,218,0.0,13.932536,15.551511,13.05483,0.0,0.0,0.0,0,218,0.5,0.5,0.0,5,0.0,0.0
Palmetto,SM,2,MCF_ARC,4,4,4,0,4,4,0.0,inf,0.0,177,177,0.0,11.076083,11.790361,9.29368,0.0,0.0,0.0,0,177,0.5,0.5,0.0,5,0.0,0.0
Palmetto,SM,2,MCF_ARC,5,5,5,0,5,5,0.0,inf,0.0,202,202,0.0,7.163826,8.801851,6.30517,0.0,0.0,0.0,0,202.0,0.5,0.5,0.0,5,0.0,0.0
Palmetto,SM,2,MCF_ARC,6,6,6,0,6,6,0.0,inf,0.0,161,161,0.0,14.14448,16.120659,13.623978,0.0,0.0,0.0,0,161.0,0.5,0.5,0.0,5,0.0,0.0
Palmetto,SM,2,MCF_ARC,7,7,7,0,7,7,0.0,inf,0.0,157,157,0.0,6.420919,8.463268,5.966587,0.0,0.0,0.0,0,157.0,0.5,0.5,0.0,5,0.0,0.0
Palmetto,SM,2,MCF_ARC,8,7,2,1,8->7,8->7->2,0.281484,inf,0.0,178,178,0.59467,4.960512,7.899044,4.807692,0.0,0.0,0.0,0,178,0.5,0.5,0.0,5,0.0,0.0
Palmetto,SM,2,MCF_ARC,9,7,7,0,9->6->7,9->6->7,0.81476,inf,0.0,161,161,0.81476,6.420919,9.278028,5.966587,0.0,0.0,0.0,0,161,0.5,0.5,0.0,5,0.0,0.0
Palmetto,SM,2,MCF_ARC,10,7,7,0,10->6->7,10->6->7,0.965363,inf,0.0,166,166,0.965363,6.420919,9.428631,5.966587,0.0,0.0,0.0,0,166,0.5,0.5,0.0,5,0.0,0.0
Palmetto,SM,2,MCF_ARC,11,7,2,1,11->14->13->1->2->7,11->14->13->1->2,2.373226,inf,0.0,243,243,2.06004,4.960512,9.364413,4.807692,0.0,0.0,0.0,0,243,0.5,0.5,0.0,5,0.0,0.0
Palmetto,SM,2,MCF_ARC,12,7,7,0,12->14->13->1->2->7,12->14->13->1->2->7,2.585324,inf,0.0,180,180,2.585324,6.420919,11.048592,5.966587,0.0,0.0,0.0,0,180,0.5,0.5,0.0,5,0.0,0.0
Palmetto,SM,2,MCF_ARC,13,7,7,0,13->1->2->7,13->1->2->7,0.98651,inf,0.0,166,166,0.98651,6.420919,9.449778,5.966587,0.0,0.0,0.0,0,166.0,0.5,0.5,0.0,5,0.0,0.0
Palmetto,SM,2,MCF_ARC,14,7,7,0,14->13->1->2->7,14->13->1->2->7,1.784872,inf,0.0,175,175,1.784872,6.420919,10.24814,5.966587,0.0,0.0,0.0,0,175.0,0.5,0.5,0.0,5,0.0,0.0
Palmetto,SM,2,MCF_ARC,15,7,7,0,15->3->4->1->2->7,15->3->4->1->2->7,2.075409,inf,0.0,197,197,2.075409,6.420919,10.538677,5.966587,0.0,0.0,0.0,0,197,0.5,0.5,0.0,5,0.0,0.0
Palmetto,SM,2,MCF_ARC,16,6,2,1,16->15->3->4->1->2->7->6,16->15->3->4->1->2,3.765905,inf,0.0,218,218,2.90536,4.960512,10.209734,4.807692,0.0,0.0,0.0,0,218,0.5,0.5,0.0,5,0.0,0.0
Palmetto,SM,2,MCF_ARC,17,6,6,0,17->15->3->4->1->2->7->6,17->15->3->4->1->2->7->6,3.482174,inf,0.0,166,166,3.482174,14.14448,19.602833,13.623978,0.0,0.0,0.0,0,166,0.5,0.5,0.0,5,0.0,0.0
Palmetto,SM,2,MCF_ARC,18,6,6,0,18->17->15->3->4->1->2->7->6,18->17->15->3->4->1->2->7->6,3.953645,inf,0.0,209,209,3.953645,14.14448,20.074304,13.623978,0.0,0.0,0.0,0,209,0.5,0.5,0.0,5,0.0,0.0
Palmetto,SM,2,MCF_ARC,19,6,6,0,19->11->14->13->1->2->7->6,19->11->14->13->1->2->7->6,3.348361,inf,0.0,154,154,3.348361,14.14448,19.469021,13.623978,0.0,0.0,0.0,0,154,0.5,0.5,0.0,5,0.0,0.0
Palmetto,SM,2,MCF_ARC,20,6,2,1,20->19->11->14->13->1->2->7->6,20->19->11->14->13->1->2,3.671236,inf,0.0,245,245,2.810691,4.960512,10.115065,4.807692,0.0,0.0,0.0,0,245,0.5,0.5,0.0,5,0.0,0.0
Palmetto,SM,2,MCF_ARC,21,6,6,0,21->25->22->14->13->1->2->7->6,21->20->19->11->14->13->1->2->7->6,5.838338,inf,0.0,130,130,3.965369,14.14448,20.086028,13.623978,0.0,0.0,0.0,0,130,0.5,0.5,0.0,5,0.0,0.0
Palmetto,SM,2,MCF_ARC,22,6,6,0,22->32->27->13->1->2->7->6,22->14->13->1->2->7->6,4.272235,inf,0.0,174,174,3.356531,14.14448,19.47719,13.623978,0.0,0.0,0.0,0,174,0.5,0.5,0.0,5,0.0,0.0
Palmetto,SM,2,MCF_ARC,23,6,6,0,23->25->22->14->13->1->2->7->6,23->21->20->19->11->14->13->1->2->7->6,5.485063,inf,0.0,152,152,4.498881,14.14448,20.61954,13.623978,0.0,0.0,0.0,0,152,0.5,0.5,0.0,5,0.0,0.0
Palmetto,SM,2,MCF_ARC,24,5,6,1,24->21->20->19->11->14->13->1->2->7->6->5,24->21->20->19->11->14->13->1->2->7->6,4.721072,inf,0.0,159,159,4.298659,14.14448,20.419318,13.623978,0.0,0.0,0.0,0,159,0.5,0.5,0.0,5,0.0,0.0
Palmetto,SM,2,MCF_ARC,25,5,5,0,25->18->17->15->14->13->1->2->7->6->5,25->21->20->19->11->14->13->1->2->7->6->5,6.073845,inf,0.0,167,167,5.100192,7.163826,13.902043,6.30517,0.0,0.0,0.0,0,167,0.5,0.5,0.0,5,0.0,0.0
Palmetto,SM,2,MCF_ARC,26,5,5,0,26->27->13->1->2->7->6->5,26->27->13->1->2->7->6->5,3.36846,inf,0.0,160,160,3.36846,7.163826,12.170311,6.30517,0.0,0.0,0.0,0,160,0.5,0.5,0.0,5,0.0,0.0
Palmetto,SM,2,MCF_ARC,27,5,5,0,27->13->1->2->7->6->5,27->13->1->2->7->6->5,3.109974,inf,0.0,180,180,3.109974,7.163826,11.911825,6.30517,0.0,0.0,0.0,0,180,0.5,0.5,0.0,5,0.0,0.0
Palmetto,SM,2,MCF_ARC,28,5,5,0,28->2->7->6->5,28->2->7->6->5,2.322574,inf,0.0,197,197,2.322574,7.163826,11.124425,6.30517,0.0,0.0,0.0,0,197,0.5,0.5,0.0,5,0.0,0.0
Palmetto,SM,2,MCF_ARC,29,5,5,0,29->31->28->2->7->6->5,29->35->28->2->7->6->5,4.452362,inf,0.0,122,122,3.601193,7.163826,12.403044,6.30517,0.0,0.0,0.0,0,122,0.5,0.5,0.0,5,0.0,0.0
Palmetto,SM,2,MCF_ARC,30,5,2,1,30->38->5,30->38->5->6->7->2,1.073307,inf,0.0,219,219,2.356266,4.960512,9.660639,4.807692,0.0,0.0,0.0,0,219,0.5,0.5,0.0,5,0.0,0.0
Palmetto,SM,2,MCF_ARC,31,5,5,0,31->28->2->7->6->5,31->28->2->7->6->5,3.344509,inf,0.0,183,183,3.344509,7.163826,12.14636,6.30517,0.0,0.0,0.0,0,183,0.5,0.5,0.0,5,0.0,0.0
Palmetto,SM,2,MCF_ARC,32,4,4,0,32->27->13->1->4,32->27->13->1->4,2.083791,inf,0.0,171,171,2.083791,11.076083,13.874152,9.29368,0.0,0.0,0.0,0,171,0.5,0.5,0.0,5,0.0,0.0
Palmetto,SM,2,MCF_ARC,33,4,4,0,33->32->27->13->1->4,33->32->27->13->1->4,2.347185,inf,0.0,166,166,2.347185,11.076083,14.137546,9.29368,0.0,0.0,0.0,0,166,0.5,0.5,0.0,5,0.0,0.0
Palmetto,SM,2,MCF_ARC,34,4,1,1,34->32->27->13->1->4,34->32->27->13->1,2.715415,inf,0.0,222,222,2.39059,1.3377,6.219538,1.332268,0.0,0.0,0.0,0,222,0.5,0.5,0.0,5,0.0,0.0
Palmetto,SM,2,MCF_ARC,35,4,4,0,35->28->2->1->4,35->28->2->1->4,2.174252,inf,0.0,193,193,2.174252,11.076083,13.964614,9.29368,0.0,0.0,0.0,0,193,0.5,0.5,0.0,5,0.0,0.0
Palmetto,SM,2,MCF_ARC,36,4,4,0,36->37->3->4,36->37->3->4,2.092151,inf,0.0,140,140,2.092151,11.076083,13.882512,9.29368,0.0,0.0,0.0,0,140,0.5,0.5,0.0,5,0.0,0.0
Palmetto,SM,2,MCF_ARC,37,4,1,1,37->3->4,37->3->4->1,1.106705,inf,0.0,212,212,1.431529,1.3377,5.260478,1.332268,0.0,0.0,0.0,0,212,0.5,0.5,0.0,5,0.0,0.0
Palmetto,SM,2,MCF_ARC,38,4,4,0,38->5->6->7->2->1->4,38->5->6->7->2->1->4,2.862129,inf,0.0,193,193,2.862129,11.076083,14.652491,9.29368,0.0,0.0,0.0,0,193,0.5,0.5,0.0,5,0.0,0.0
Palmetto,SM,2,MCF_ARC,39,4,4,0,39->40->5->6->7->2->1->4,39->40->5->6->7->2->1->4,2.92955,inf,0.0,188,188,2.92955,11.076083,14.719911,9.29368,0.0,0.0,0.0,0,188,0.5,0.5,0.0,5,0.0,0.0
Palmetto,SM,2,MCF_ARC,40,4,4,0,40->5->6->7->2->1->4,40->5->6->7->2->1->4,2.469348,inf,0.0,170,170,2.469348,11.076083,14.259709,9.29368,0.0,0.0,0.0,0,170,0.5,0.5,0.0,5,0.0,0.0
Palmetto,SM,2,MCF_ARC,41,3,3,0,41->9->6->7->2->1->4->3,41->9->6->7->2->1->4->3,2.573675,18.125186,0.0,225,225,2.573675,13.932536,18.125186,13.05483,0.0,0.0,0.0,0,225,0.5,0.5,0.0,5,0.0,0.0
Palmetto,SM,2,MCF_ARC,42,3,3,0,42->44->37->3,42->44->37->3,2.668991,18.220502,0.0,239,239,2.668991,13.932536,18.220502,13.05483,0.0,0.0,0.0,0,239,0.5,0.5,0.0,5,0.0,0.0
Palmetto,SM,2,MCF_ARC,43,3,3,0,43->44->37->3,43->44->37->3,3.219769,18.77128,0.0,181,181,3.219769,13.932536,18.77128,13.05483,0.0,0.0,0.0,0,181,0.5,0.5,0.0,5,0.0,0.0
Palmetto,SM,2,MCF_ARC,44,3,3,0,44->37->3,44->37->3,1.841616,17.393127,0.0,208,208,1.841616,13.932536,17.393127,13.05483,0.0,0.0,0.0,0,208,0.5,0.5,0.0,5,0.0,0.0
Palmetto,SM,2,MCF_ARC,45,3,3,0,45->44->37->3,45->36->37->3,3.096321,18.647833,0.0,222,222,2.632078,13.932536,18.183589,13.05483,0.0,0.0,0.0,0,222,0.5,0.5,0.0,5,0.0,0.0
Palmetto,SM,3,B1,1,1,1,0,1,,0.0,3.343995,0.0,195,195,0.0,1.268714,3.765394,1.268714,0.0,0.0,0.0,0,195.0,0.5,0.5,0.0,5,0.0,0.0
Palmetto,SM,3,B1,2,2,2,0,2,,0.0,3.314209,0.0,152,152,0.0,5.175983,7.672664,5.175983,0.0,0.0,0.0,0,152.0,0.5,0.5,0.0,5,0.0,0.0
Palmetto,SM,3,B1,3,3,3,0,3,,0.0,inf,0.0,227,227,0.0,5.230126,7.726806,5.230126,0.0,0.0,0.0,0,227,0.5,0.5,0.0,5,0.0,0.0
Palmetto,SM,3,B1,4,4,4,0,4,,0.0,inf,0.0,201,201,0.0,312.5,314.996681,312.5,0.0,0.0,0.0,0,201,0.5,0.5,0.0,5,0.0,0.0
Palmetto,SM,3,B1,5,5,5,0,5,,0.0,inf,0.0,203,203,0.0,11.737089,14.23377,11.737089,0.0,0.0,0.0,0,203.0,0.5,0.5,0.0,5,0.0,0.0
Palmetto,SM,3,B1,6,6,6,0,6,,0.0,inf,0.0,172,172,0.0,121.95122,124.4479,121.95122,0.0,0.0,0.0,0,172.0,0.5,0.5,0.0,5,0.0,0.0
Palmetto,SM,3,B1,7,7,7,0,7,,0.0,inf,0.0,188,188,0.0,12.468828,14.965509,12.468828,0.0,0.0,0.0,0,188.0,0.5,0.5,0.0,5,0.0,0.0
Palmetto,SM,3,B1,8,7,7,0,8->7,,0.281484,inf,0.0,210,210,0.281484,12.468828,15.246993,12.468828,0.0,0.0,0.0,0,210,0.5,0.5,0.0,5,0.0,0.0
Palmetto,SM,3,B1,9,7,7,0,9->6->7,,0.81476,inf,0.0,165,165,0.81476,12.468828,15.780269,12.468828,0.0,0.0,0.0,0,165,0.5,0.5,0.0,5,0.0,0.0
Palmetto,SM,3,B1,10,7,7,0,10->6->7,,0.965363,inf,0.0,213,213,0.965363,12.468828,15.930872,12.468828,0.0,0.0,0.0,0,213,0.5,0.5,0.0,5,0.0,0.0
Palmetto,SM,3,B1,11,7,2,1,11->14->13->1->2->7,,2.373226,inf,0.0,217,217,2.06004,5.175983,9.732704,5.175983,0.0,0.0,0.0,0,217,0.5,0.5,0.0,5,0.0,0.0
Palmetto,SM,3,B1,12,7,7,0,12->14->13->1->2->7,,2.585324,inf,0.0,183,183,2.585324,12.468828,17.550833,12.468828,0.0,0.0,0.0,0,183,0.5,0.5,0.0,5,0.0,0.0
Palmetto,SM,3,B1,13,7,7,0,13->1->2->7,,0.98651,inf,0.0,176,176,0.98651,12.468828,15.952019,12.468828,0.0,0.0,0.0,0,176.0,0.5,0.5,0.0,5,0.0,0.0
Palmetto,SM,3,B1,14,7,2,1,14->13->1->2->7,,1.784872,inf,0.0,193,193,1.471685,5.175983,9.14435,5.175983,0.0,0.0,0.0,0,193.0,0.5,0.5,0.0,5,0.0,0.0
Palmetto,SM,3,B1,15,6,2,1,15->14->13->1->2->7->6,,2.979221,inf,0.0,195,195,1.762222,5.175983,9.434887,5.175983,0.0,0.0,0.0,0,195,0.5,0.5,0.0,5,0.0,0.0
Palmetto,SM,3,B1,16,6,6,0,16->15->3->4->1->2->7->6,,3.765905,inf,0.0,188,188,3.765905,121.95122,128.213806,121.95122,0.0,0.0,0.0,0,188,0.5,0.5,0.0,5,0.0,0.0
Palmetto,SM,3,B1,17,7,7,0,17->15->3->4->1->2->7,,2.934815,inf,0.0,160,160,2.934815,12.468828,17.900324,12.468828,0.0,0.0,0.0,0,160,0.5,0.5,0.0,5,0.0,0.0
Palmetto,SM,3,B1,18,6,6,0,18->36->37->44->42->41->9->6,,6.059057,inf,0.0,155,155,3.953645,121.95122,128.401545,121.95122,0.0,0.0,0.0,0,155,0.5,0.5,0.0,5,0.0,0.0
Palmetto,SM,3,B1,19,6,2,1,19->11->14->13->1->2->7->6,,3.348361,inf,0.0,206,206,2.487817,5.175983,10.160481,5.175983,0.0,0.0,0.0,0,206,0.5,0.5,0.0,5,0.0,0.0
Palmetto,SM,3,B1,20,6,6,0,20->19->11->14->13->1->2->7->6,,3.671236,inf,0.0,181,181,3.671236,121.95122,128.119137,121.95122,0.0,0.0,0.0,0,181,0.5,0.5,0.0,5,0.0,0.0
Palmetto,SM,3,B1,21,6,6,0,21->20->19->11->14->13->1->2->7->6,,3.965369,inf,0.0,146,146,3.965369,121.95122,128.41327,121.95122,0.0,0.0,0.0,0,146,0.5,0.5,0.0,5,0.0,0.0
Palmetto,SM,3,B1,22,6,6,0,22->32->27->13->1->2->7->6,,4.272235,inf,0.0,179,179,3.356531,121.95122,127.804431,121.95122,0.0,0.0,0.0,0,179,0.5,0.5,0.0,5,0.0,0.0
Palmetto,SM,3,B1,23,6,6,0,23->25->22->14->13->1->2->7->6,,5.485063,inf,0.0,170,170,4.498881,121.95122,128.946781,121.95122,0.0,0.0,0.0,0,170,0.5,0.5,0.0,5,0.0,0.0
Palmetto,SM,3,B1,24,5,5,0,24->21->20->19->11->14->13->1->2->7->6->5,,4.721072,inf,0.0,201,201,4.721072,11.737089,18.954843,11.737089,0.0,0.0,0.0,0,201,0.5,0.5,0.0,5,0.0,0.0
Palmetto,SM,3,B1,25,5,5,0,25->22->14->13->1->2->7->6->5,,5.548343,inf,0.0,207,207,5.100192,11.737089,19.333962,11.737089,0.0,0.0,0.0,0,207,0.5,0.5,0.0,5,0.0,0.0
Palmetto,SM,3,B1,26,5,2,1,26->27->13->1->2->7->6->5,,3.36846,inf,0.0,219,219,2.085501,5.175983,9.758166,5.175983,0.0,0.0,0.0,0,219,0.5,0.5,0.0,5,0.0,0.0
Palmetto,SM,3,B1,27,5,5,0,27->13->1->2->7->6->5,,3.109974,inf,0.0,150,150,3.109974,11.737089,17.343744,11.737089,0.0,0.0,0.0,0,150,0.5,0.5,0.0,5,0.0,0.0
Palmetto,SM,3,B1,28,5,6,1,28->2->7->6->5,,2.322574,inf,0.0,176,176,1.90016,121.95122,126.348061,121.95122,0.0,0.0,0.0,0,176,0.5,0.5,0.0,5,0.0,0.0
Palmetto,SM,3,B1,29,5,5,0,29->35->28->2->7->6->5,,3.601193,inf,0.0,195,195,3.601193,11.737089,17.834963,11.737089,0.0,0.0,0.0,0,195,0.5,0.5,0.0,5,0.0,0.0
Palmetto,SM,3,B1,30,5,5,0,30->38->5,,1.073307,inf,0.0,170,170,1.073307,11.737089,15.307077,11.737089,0.0,0.0,0.0,0,170,0.5,0.5,0.0,5,0.0,0.0
Palmetto,SM,3,B1,31,5,5,0,31->28->2->7->6->5,,3.344509,inf,0.0,164,164,3.344509,11.737089,17.578279,11.737089,0.0,0.0,0.0,0,164,0.5,0.5,0.0,5,0.0,0.0
Palmetto,SM,3,B1,32,4,4,0,32->27->13->1->4,,2.083791,inf,0.0,180,180,2.083791,312.5,317.080472,312.5,0.0,0.0,0.0,0,180,0.5,0.5,0.0,5,0.0,0.0
Palmetto,SM,3,B1,33,4,4,0,33->32->27->13->1->4,,2.347185,inf,0.0,163,163,2.347185,312.5,317.343866,312.5,0.0,0.0,0.0,0,163,0.5,0.5,0.0,5,0.0,0.0
Palmetto,SM,3,B1,34,4,4,0,34->35->28->2->1->4,,3.086479,inf,0.0,142,142,2.715415,312.5,317.712095,312.5,0.0,0.0,0.0,0,142,0.5,0.5,0.0,5,0.0,0.0
Palmetto,SM,3,B1,35,4,4,0,35->28->2->1->4,,2.174252,inf,0.0,167,167,2.174252,312.5,317.170933,312.5,0.0,0.0,0.0,0,167,0.5,0.5,0.0,5,0.0,0.0
Palmetto,SM,3,B1,36,4,4,0,36->37->3->4,,2.092151,inf,0.0,216,216,2.092151,312.5,317.088832,312.5,0.0,0.0,0.0,0,216,0.5,0.5,0.0,5,0.0,0.0
Palmetto,SM,3,B1,37,4,4,0,37->3->4,,1.106705,inf,0.0,171,171,1.106705,312.5,316.103386,312.5,0.0,0.0,0.0,0,171,0.5,0.5,0.0,5,0.0,0.0
Palmetto,SM,3,B1,38,4,4,0,38->5->6->7->2->1->4,,2.862129,inf,0.0,172,172,2.862129,312.5,317.85881,312.5,0.0,0.0,0.0,0,172,0.5,0.5,0.0,5,0.0,0.0
Palmetto,SM,3,B1,39,4,1,1,39->40->5->6->7->2->1->4,,2.92955,inf,0.0,195,195,2.604725,1.268714,6.37012,1.268714,0.0,0.0,0.0,0,195,0.5,0.5,0.0,5,0.0,0.0
Palmetto,SM,3,B1,40,3,1,1,40->5->6->7->2->1->4->3,,2.984138,inf,0.0,197,197,2.144523,1.268714,5.909918,1.268714,0.0,0.0,0.0,0,197,0.5,0.5,0.0,5,0.0,0.0
Palmetto,SM,3,B1,41,3,3,0,41->9->6->7->2->1->4->3,,2.573675,inf,0.0,191,191,2.573675,5.230126,10.300482,5.230126,0.0,0.0,0.0,0,191,0.5,0.5,0.0,5,0.0,0.0
Palmetto,SM,3,B1,42,3,3,0,42->44->37->3,,2.668991,inf,0.0,190,190,2.668991,5.230126,10.395797,5.230126,0.0,0.0,0.0,0,190,0.5,0.5,0.0,5,0.0,0.0
Palmetto,SM,3,B1,43,3,3,0,43->44->37->3,,3.219769,inf,0.0,165,165,3.219769,5.230126,10.946575,5.230126,0.0,0.0,0.0,0,165,0.5,0.5,0.0,5,0.0,0.0
Palmetto,SM,3,B1,44,3,3,0,44->37->3,,1.841616,inf,0.0,227,227,1.841616,5.230126,9.568422,5.230126,0.0,0.0,0.0,0,227,0.5,0.5,0.0,5,0.0,0.0
Palmetto,SM,3,B1,45,3,3,0,45->44->37->3,,3.096321,inf,0.0,184,184,2.632078,5.230126,10.358884,5.230126,0.0,0.0,0.0,0,184,0.5,0.5,0.0,5,0.0,0.0
Palmetto,SM,3,B3,1,1,1,0,1,1,0.0,3.343995,0.0,195,195,0.0,3.742515,6.239196,3.742515,0.0,0.0,0.0,0,195.0,0.5,0.5,0.0,5,0.0,0.0
Palmetto,SM,3,B3,2,2,2,0,2,2,0.0,3.314209,0.0,152,152,0.0,inf,inf,inf,0.0,0.0,0.0,0,152.0,0.5,0.5,0.0,5,0.0,0.0
Palmetto,SM,3,B3,3,3,3,0,3,3,0.0,inf,0.0,227,227,0.0,4.215852,6.712532,4.215852,0.0,0.0,0.0,0,227,0.5,0.5,0.0,5,0.0,0.0
Palmetto,SM,3,B3,4,4,4,0,4,4,0.0,inf,0.0,201,201,0.0,4.288165,6.784846,4.288165,0.0,0.0,0.0,0,201,0.5,0.5,0.0,5,0.0,0.0
Palmetto,SM,3,B3,5,5,5,0,5,5,0.0,inf,0.0,203,203,0.0,4.440497,6.937178,4.440497,0.0,0.0,0.0,0,203.0,0.5,0.5,0.0,5,0.0,0.0
Palmetto,SM,3,B3,6,6,6,0,6,6,0.0,inf,0.0,172,172,0.0,5.428882,7.925563,5.428882,0.0,0.0,0.0,0,172.0,0.5,0.5,0.0,5,0.0,0.0
Palmetto,SM,3,B3,7,7,7,0,7,7,0.0,inf,0.0,188,188,0.0,3.813883,6.310563,3.813883,0.0,0.0,0.0,0,188.0,0.5,0.5,0.0,5,0.0,0.0
Palmetto,SM,3,B3,8,7,1,1,8->7,8->7->2->1,0.281484,inf,0.0,210,210,0.968778,3.742515,7.207974,3.742515,0.0,0.0,0.0,0,210,0.5,0.5,0.0,5,0.0,0.0
Palmetto,SM,3,B3,9,7,3,1,9->6->7,9->6->7->2->1->4->3,0.81476,inf,0.0,165,165,2.341669,4.215852,9.054202,4.215852,0.0,0.0,0.0,0,165,0.5,0.5,0.0,5,0.0,0.0
Palmetto,SM,3,B3,10,7,7,0,10->6->7,10->6->7,0.965363,inf,0.0,213,213,0.965363,3.813883,7.275927,3.813883,0.0,0.0,0.0,0,213,0.5,0.5,0.0,5,0.0,0.0
Palmetto,SM,3,B3,11,7,2,1,11->14->13->1->2->7,11->14->13->1->2,2.373226,inf,0.0,217,217,2.06004,inf,inf,inf,0.0,0.0,0.0,0,217,0.5,0.5,0.0,5,0.0,0.0
Palmetto,SM,3,B3,12,7,7,0,12->14->13->1->2->7,12->14->13->1->2->7,2.585324,inf,0.0,183,183,2.585324,3.813883,8.895887,3.813883,0.0,0.0,0.0,0,183,0.5,0.5,0.0,5,0.0,0.0
Palmetto,SM,3,B3,13,7,7,0,13->1->2->7,13->1->2->7,0.98651,inf,0.0,176,176,0.98651,3.813883,7.297074,3.813883,0.0,0.0,0.0,0,176.0,0.5,0.5,0.0,5,0.0,0.0
Palmetto,SM,3,B3,14,7,7,0,14->13->1->2->7,14->13->1->2->7,1.784872,inf,0.0,193,193,1.784872,3.813883,8.095435,3.813883,0.0,0.0,0.0,0,193.0,0.5,0.5,0.0,5,0.0,0.0
Palmetto,SM,3,B3,15,6,1,1,15->14->13->1->2->7->6,15->3->4->1,2.979221,inf,0.0,195,195,1.388115,3.742515,7.627311,3.742515,0.0,0.0,0.0,0,195,0.5,0.5,0.0,5,0.0,0.0
Palmetto,SM,3,B3,16,6,6,0,16->15->3->4->1->2->7->6,16->15->3->4->1->2->7->6,3.765905,inf,0.0,188,188,3.765905,5.428882,11.691468,5.428882,0.0,0.0,0.0,0,188,0.5,0.5,0.0,5,0.0,0.0
Palmetto,SM,3,B3,17,7,7,0,17->15->3->4->1->2->7,17->15->3->4->1->2->7,2.934815,inf,0.0,160,160,2.934815,3.813883,9.245379,3.813883,0.0,0.0,0.0,0,160,0.5,0.5,0.0,5,0.0,0.0
Palmetto,SM,3,B3,18,6,6,0,18->36->37->44->42->41->9->6,18->17->15->3->4->1->2->7->6,6.059057,inf,0.0,155,155,3.953645,5.428882,11.879207,5.428882,0.0,0.0,0.0,0,155,0.5,0.5,0.0,5,0.0,0.0
Palmetto,SM,3,B3,19,6,2,1,19->11->14->13->1->2->7->6,19->11->14->13->1->2,3.348361,inf,0.0,206,206,2.487817,inf,inf,inf,0.0,0.0,0.0,0,206,0.5,0.5,0.0,5,0.0,0.0
Palmetto,SM,3,B3,20,6,6,0,20->19->11->14->13->1->2->7->6,20->19->11->14->13->1->2->7->6,3.671236,inf,0.0,181,181,3.671236,5.428882,11.596799,5.428882,0.0,0.0,0.0,0,181,0.5,0.5,0.0,5,0.0,0.0
Palmetto,SM,3,B3,21,6,6,0,21->20->19->11->14->13->1->2->7->6,21->20->19->11->14->13->1->2->7->6,3.965369,inf,0.0,146,146,3.965369,5.428882,11.890932,5.428882,0.0,0.0,0.0,0,146,0.5,0.5,0.0,5,0.0,0.0
Palmetto,SM,3,B3,22,6,6,0,22->32->27->13->1->2->7->6,22->14->13->1->2->7->6,4.272235,inf,0.0,179,179,3.356531,5.428882,11.282094,5.428882,0.0,0.0,0.0,0,179,0.5,0.5,0.0,5,0.0,0.0
Palmetto,SM,3,B3,23,6,6,0,23->25->22->14->13->1->2->7->6,23->21->20->19->11->14->13->1->2->7->6,5.485063,inf,0.0,170,170,4.498881,5.428882,12.424443,5.428882,0.0,0.0,0.0,0,170,0.5,0.5,0.0,5,0.0,0.0
Palmetto,SM,3,B3,24,5,5,0,24->21->20->19->11->14->13->1->2->7->6->5,24->21->20->19->11->14->13->1->2->7->6->5,4.721072,inf,0.0,201,201,4.721072,4.440497,11.658251,4.440497,0.0,0.0,0.0,0,201,0.5,0.5,0.0,5,0.0,0.0
Palmetto,SM,3,B3,25,5,5,0,25->22->14->13->1->2->7->6->5,25->21->20->19->11->14->13->1->2->7->6->5,5.548343,inf,0.0,207,207,5.100192,4.440497,12.03737,4.440497,0.0,0.0,0.0,0,207,0.5,0.5,0.0,5,0.0,0.0
Palmetto,SM,3,B3,26,5,5,0,26->27->13->1->2->7->6->5,26->27->13->1->2->7->6->5,3.36846,inf,0.0,219,219,3.36846,4.440497,10.305638,4.440497,0.0,0.0,0.0,0,219,0.5,0.5,0.0,5,0.0,0.0
Palmetto,SM,3,B3,27,5,5,0,27->13->1->2->7->6->5,27->13->1->2->7->6->5,3.109974,inf,0.0,150,150,3.109974,4.440497,10.047152,4.440497,0.0,0.0,0.0,0,150,0.5,0.5,0.0,5,0.0,0.0
Palmetto,SM,3,B3,28,5,1,1,28->2->7->6->5,28->2->1,2.322574,inf,0.0,176,176,1.413723,3.742515,7.652919,3.742515,0.0,0.0,0.0,0,176,0.5,0.5,0.0,5,0.0,0.0
Palmetto,SM,3,B3,29,5,3,1,29->35->28->2->7->6->5,29->35->28->2->1->4->3,3.601193,inf,0.0,195,195,3.531957,4.215852,10.24449,4.215852,0.0,0.0,0.0,0,195,0.5,0.5,0.0,5,0.0,0.0
Palmetto,SM,3,B3,30,5,5,0,30->38->5,30->38->5,1.073307,inf,0.0,170,170,1.073307,4.440497,8.010486,4.440497,0.0,0.0,0.0,0,170,0.5,0.5,0.0,5,0.0,0.0
Palmetto,SM,3,B3,31,5,2,1,31->28->2->7->6->5,31->28->2,3.344509,inf,0.0,164,164,2.061551,inf,inf,inf,0.0,0.0,0.0,0,164,0.5,0.5,0.0,5,0.0,0.0
Palmetto,SM,3,B3,32,4,2,1,32->27->13->1->4,32->27->13->1->2,2.083791,inf,0.0,180,180,2.133073,inf,inf,inf,0.0,0.0,0.0,0,180,0.5,0.5,0.0,5,0.0,0.0
Palmetto,SM,3,B3,33,4,3,1,33->32->27->13->1->4,33->32->27->13->1->4->3,2.347185,inf,0.0,163,163,2.861976,4.215852,9.574508,4.215852,0.0,0.0,0.0,0,163,0.5,0.5,0.0,5,0.0,0.0
Palmetto,SM,3,B3,34,4,1,1,34->35->28->2->1->4,34->32->27->13->1,3.086479,inf,0.0,142,142,2.39059,3.742515,8.629786,3.742515,0.0,0.0,0.0,0,142,0.5,0.5,0.0,5,0.0,0.0
Palmetto,SM,3,B3,35,4,2,1,35->28->2->1->4,35->28->2,2.174252,inf,0.0,167,167,1.47532,inf,inf,inf,0.0,0.0,0.0,0,167,0.5,0.5,0.0,5,0.0,0.0
Palmetto,SM,3,B3,36,4,4,0,36->37->3->4,36->37->3->4,2.092151,inf,0.0,216,216,2.092151,4.288165,8.876997,4.288165,0.0,0.0,0.0,0,216,0.5,0.5,0.0,5,0.0,0.0
Palmetto,SM,3,B3,37,4,4,0,37->3->4,37->3->4,1.106705,inf,0.0,171,171,1.106705,4.288165,7.89155,4.288165,0.0,0.0,0.0,0,171,0.5,0.5,0.0,5,0.0,0.0
Palmetto,SM,3,B3,38,4,4,0,38->5->6->7->2->1->4,38->5->6->7->2->1->4,2.862129,inf,0.0,172,172,2.862129,4.288165,9.646975,4.288165,0.0,0.0,0.0,0,172,0.5,0.5,0.0,5,0.0,0.0
Palmetto,SM,3,B3,39,4,4,0,39->40->5->6->7->2->1->4,39->40->5->6->7->2->1->4,2.92955,inf,0.0,195,195,2.92955,4.288165,9.714396,4.288165,0.0,0.0,0.0,0,195,0.5,0.5,0.0,5,0.0,0.0
Palmetto,SM,3,B3,40,3,3,0,40->5->6->7->2->1->4->3,40->5->6->7->2->1->4->3,2.984138,inf,0.0,197,197,2.984138,4.215852,9.696671,4.215852,0.0,0.0,0.0,0,197,0.5,0.5,0.0,5,0.0,0.0
Palmetto,SM,3,B3,41,3,3,0,41->9->6->7->2->1->4->3,41->9->6->7->2->1->4->3,2.573675,inf,0.0,191,191,2.573675,4.215852,9.286208,4.215852,0.0,0.0,0.0,0,191,0.5,0.5,0.0,5,0.0,0.0
Palmetto,SM,3,B3,42,3,1,1,42->44->37->3,42->41->9->6->7->2->1,2.668991,inf,0.0,190,190,2.827101,3.742515,9.066297,3.742515,0.0,0.0,0.0,0,190,0.5,0.5,0.0,5,0.0,0.0
Palmetto,SM,3,B3,43,3,2,1,43->44->37->3,43->42->41->9->6->7->2,3.219769,inf,0.0,165,165,3.232178,inf,inf,inf,0.0,0.0,0.0,0,165,0.5,0.5,0.0,5,0.0,0.0
Palmetto,SM,3,B3,44,3,4,1,44->37->3,44->37->3->4,1.841616,inf,0.0,227,227,2.356406,4.288165,9.141252,4.288165,0.0,0.0,0.0,0,227,0.5,0.5,0.0,5,0.0,0.0
Palmetto,SM,3,B3,45,3,2,1,45->44->37->3,45->36->37->3->4->1->2,3.096321,inf,0.0,184,184,3.8458,inf,inf,inf,0.0,0.0,0.0,0,184,0.5,0.5,0.0,5,0.0,0.0
Palmetto,SM,3,MCF_ARC,1,1,1,0,1,1,0.0,3.343995,0.0,195,195,0.0,1.860396,4.341019,1.844338,0.0,0.0,0.0,0,195.0,0.5,0.5,0.0,5,0.0,0.0
Palmetto,SM,3,MCF_ARC,2,2,2,0,2,2,0.0,3.314209,0.0,152,152,0.0,13.442948,14.662131,12.16545,0.0,0.0,0.0,0,152.0,0.5,0.5,0.0,5,0.0,0.0
Palmetto,SM,3,MCF_ARC,3,3,3,0,3,3,0.0,inf,0.0,227,227,0.0,4.773536,7.017477,4.520796,0.0,0.0,0.0,0,227,0.5,0.5,0.0,5,0.0,0.0
Palmetto,SM,3,MCF_ARC,4,4,4,0,4,4,0.0,inf,0.0,201,201,0.0,4.795104,7.058725,4.562044,0.0,0.0,0.0,0,201,0.5,0.5,0.0,5,0.0,0.0
Palmetto,SM,3,MCF_ARC,5,5,5,0,5,5,0.0,inf,0.0,203,203,0.0,11.150466,11.571091,9.07441,0.0,0.0,0.0,0,203.0,0.5,0.5,0.0,5,0.0,0.0
Palmetto,SM,3,MCF_ARC,6,6,6,0,6,6,0.0,inf,0.0,172,172,0.0,12.460456,13.112392,10.615711,0.0,0.0,0.0,0,172.0,0.5,0.5,0.0,5,0.0,0.0
Palmetto,SM,3,MCF_ARC,7,7,7,0,7,7,0.0,inf,0.0,188,188,0.0,13.606697,14.965509,12.468828,0.0,0.0,0.0,0,188.0,0.5,0.5,0.0,5,0.0,0.0
Palmetto,SM,3,MCF_ARC,8,7,7,0,8->7,8->7,0.281484,inf,0.0,210,210,0.281484,13.606697,15.246993,12.468828,0.0,0.0,0.0,0,210,0.5,0.5,0.0,5,0.0,0.0
Palmetto,SM,3,MCF_ARC,9,7,7,0,9->6->7,9->6->7,0.81476,inf,0.0,165,165,0.81476,13.606697,15.780269,12.468828,0.0,0.0,0.0,0,165,0.5,0.5,0.0,5,0.0,0.0
Palmetto,SM,3,MCF_ARC,10,7,7,0,10->6->7,10->6->7,0.965363,inf,0.0,213,213,0.965363,13.606697,15.930872,12.468828,0.0,0.0,0.0,0,213,0.5,0.5,0.0,5,0.0,0.0
Palmetto,SM,3,MCF_ARC,11,7,2,1,11->14->13->1->2->7,11->14->13->1->2,2.373226,inf,0.0,217,217,2.06004,13.442948,16.722171,12.16545,0.0,0.0,0.0,0,217,0.5,0.5,0.0,5,0.0,0.0
Palmetto,SM,3,MCF_ARC,12,7,7,0,12->14->13->1->2->7,12->14->13->1->2->7,2.585324,inf,0.0,183,183,2.585324,13.606697,17.550833,12.468828,0.0,0.0,0.0,0,183,0.5,0.5,0.0,5,0.0,0.0
Palmetto,SM,3,MCF_ARC,13,7,7,0,13->1->2->7,13->1->2->7,0.98651,inf,0.0,176,176,0.98651,13.606697,15.952019,12.468828,0.0,0.0,0.0,0,176.0,0.5,0.5,0.0,5,0.0,0.0
Palmetto,SM,3,MCF_ARC,14,7,2,1,14->13->1->2->7,14->13->1->2,1.784872,inf,0.0,193,193,1.471685,13.442948,16.133816,12.16545,0.0,0.0,0.0,0,193.0,0.5,0.5,0.0,5,0.0,0.0
Palmetto,SM,3,MCF_ARC,15,6,6,0,15->14->13->1->2->7->6,15->3->4->1->2->7->6,2.979221,inf,0.0,195,195,2.622767,12.460456,15.735159,10.615711,0.0,0.0,0.0,0,195,0.5,0.5,0.0,5,0.0,0.0
Palmetto,SM,3,MCF_ARC,16,6,6,0,16->15->3->4->1->2->7->6,16->15->3->4->1->2->7->6,3.765905,inf,0.0,188,188,3.765905,12.460456,16.878297,10.615711,0.0,0.0,0.0,0,188,0.5,0.5,0.0,5,0.0,0.0
Palmetto,SM,3,MCF_ARC,17,7,7,0,17->15->3->4->1->2->7,17->15->3->4->1->2->7,2.934815,inf,0.0,160,160,2.934815,13.606697,17.900324,12.468828,0.0,0.0,0.0,0,160,0.5,0.5,0.0,5,0.0,0.0
Palmetto,SM,3,MCF_ARC,18,6,6,0,18->36->37->44->42->41->9->6,18->36->37->3->4->1->2->7->6,6.059057,inf,0.0,155,155,5.055713,12.460456,18.168105,10.615711,0.0,0.0,0.0,0,155,0.5,0.5,0.0,5,0.0,0.0
Palmetto,SM,3,MCF_ARC,19,6,6,0,19->11->14->13->1->2->7->6,19->11->14->13->1->2->7->8->6,3.348361,inf,0.0,206,206,3.357844,12.460456,16.470236,10.615711,0.0,0.0,0.0,0,206,0.5,0.5,0.0,5,0.0,0.0
Palmetto,SM,3,MCF_ARC,20,6,2,1,20->19->11->14->13->1->2->7->6,20->19->18->17->15->14->13->1->2,3.671236,inf,0.0,181,181,4.526991,13.442948,19.189122,12.16545,0.0,0.0,0.0,0,181,0.5,0.5,0.0,5,0.0,0.0
Palmetto,SM,3,MCF_ARC,21,6,6,0,21->20->19->11->14->13->1->2->7->6,21->20->19->11->14->13->1->2->7->6,3.965369,inf,0.0,146,146,3.965369,12.460456,17.077761,10.615711,0.0,0.0,0.0,0,146,0.5,0.5,0.0,5,0.0,0.0
Palmetto,SM,3,MCF_ARC,22,6,2,1,22->32->27->13->1->2->7->6,22->14->13->1->2,4.272235,inf,0.0,179,179,2.495986,13.442948,17.158117,12.16545,0.0,0.0,0.0,0,179,0.5,0.5,0.0,5,0.0,0.0
Palmetto,SM,3,MCF_ARC,23,6,2,1,23->25->22->14->13->1->2->7->6,23->25->22->14->13->1->2,5.485063,inf,0.0,170,170,4.624518,13.442948,19.286649,12.16545,0.0,0.0,0.0,0,170,0.5,0.5,0.0,5,0.0,0.0
Palmetto,SM,3,MCF_ARC,24,5,2,1,24->21->20->19->11->14->13->1->2->7->6->5,24->21->20->19->11->14->13->1->2,4.721072,inf,0.0,201,201,3.438114,13.442948,18.100245,12.16545,0.0,0.0,0.0,0,201,0.5,0.5,0.0,5,0.0,0.0
Palmetto,SM,3,MCF_ARC,25,5,5,0,25->22->14->13->1->2->7->6->5,25->21->20->19->11->14->13->1->2->7->6->5,5.548343,inf,0.0,207,207,5.100192,11.150466,16.671283,9.07441,0.0,0.0,0.0,0,207,0.5,0.5,0.0,5,0.0,0.0
Palmetto,SM,3,MCF_ARC,26,5,6,1,26->27->13->1->2->7->6->5,26->27->13->1->2->7->6,3.36846,inf,0.0,219,219,2.946046,12.460456,16.058438,10.615711,0.0,0.0,0.0,0,219,0.5,0.5,0.0,5,0.0,0.0
Palmetto,SM,3,MCF_ARC,27,5,5,0,27->13->1->2->7->6->5,27->13->1->2->7->6->5,3.109974,inf,0.0,150,150,3.109974,11.150466,14.681065,9.07441,0.0,0.0,0.0,0,150,0.5,0.5,0.0,5,0.0,0.0
Palmetto,SM,3,MCF_ARC,28,5,5,0,28->2->7->6->5,28->2->7->6->5,2.322574,inf,0.0,176,176,2.322574,11.150466,13.893665,9.07441,0.0,0.0,0.0,0,176,0.5,0.5,0.0,5,0.0,0.0
Palmetto,SM,3,MCF_ARC,29,5,5,0,29->35->28->2->7->6->5,29->35->28->2->7->6->5,3.601193,inf,0.0,195,195,3.601193,11.150466,15.172284,9.07441,0.0,0.0,0.0,0,195,0.5,0.5,0.0,5,0.0,0.0
Palmetto,SM,3,MCF_ARC,30,5,5,0,30->38->5,30->38->5,1.073307,inf,0.0,170,170,1.073307,11.150466,12.644398,9.07441,0.0,0.0,0.0,0,170,0.5,0.5,0.0,5,0.0,0.0
Palmetto,SM,3,MCF_ARC,31,5,5,0,31->28->2->7->6->5,31->28->2->7->6->5,3.344509,inf,0.0,164,164,3.344509,11.150466,14.9156,9.07441,0.0,0.0,0.0,0,164,0.5,0.5,0.0,5,0.0,0.0
Palmetto,SM,3,MCF_ARC,32,4,4,0,32->27->13->1->4,32->27->13->1->4,2.083791,inf,0.0,180,180,2.083791,4.795104,9.142516,4.562044,0.0,0.0,0.0,0,180,0.5,0.5,0.0,5,0.0,0.0
Palmetto,SM,3,MCF_ARC,33,4,4,0,33->32->27->13->1->4,33->32->27->13->1->4,2.347185,inf,0.0,163,163,2.347185,4.795104,9.40591,4.562044,0.0,0.0,0.0,0,163,0.5,0.5,0.0,5,0.0,0.0
Palmetto,SM,3,MCF_ARC,34,4,4,0,34->35->28->2->1->4,34->32->27->13->1->4,3.086479,inf,0.0,142,142,2.715415,4.795104,9.774139,4.562044,0.0,0.0,0.0,0,142,0.5,0.5,0.0,5,0.0,0.0
Palmetto,SM,3,MCF_ARC,35,4,4,0,35->28->2->1->4,35->28->2->1->4,2.174252,inf,0.0,167,167,2.174252,4.795104,9.232977,4.562044,0.0,0.0,0.0,0,167,0.5,0.5,0.0,5,0.0,0.0
Palmetto,SM,3,MCF_ARC,36,4,1,1,36->37->3->4,36->37->3->4->1,2.092151,inf,0.0,216,216,2.416976,1.860396,6.757995,1.844338,0.0,0.0,0.0,0,216,0.5,0.5,0.0,5,0.0,0.0
Palmetto,SM,3,MCF_ARC,37,4,4,0,37->3->4,37->3->4,1.106705,inf,0.0,171,171,1.106705,4.795104,8.165429,4.562044,0.0,0.0,0.0,0,171,0.5,0.5,0.0,5,0.0,0.0
Palmetto,SM,3,MCF_ARC,38,4,4,0,38->5->6->7->2->1->4,38->5->6->7->2->1->4,2.862129,inf,0.0,172,172,2.862129,4.795104,9.920854,4.562044,0.0,0.0,0.0,0,172,0.5,0.5,0.0,5,0.0,0.0
Palmetto,SM,3,MCF_ARC,39,4,1,1,39->40->5->6->7->2->1->4,39->40->5->6->7->2->1,2.92955,inf,0.0,195,195,2.604725,1.860396,6.945744,1.844338,0.0,0.0,0.0,0,195,0.5,0.5,0.0,5,0.0,0.0
Palmetto,SM,3,MCF_ARC,40,3,3,0,40->5->6->7->2->1->4->3,40->5->6->7->2->1->4->3,2.984138,inf,0.0,197,197,2.984138,4.773536,10.001615,4.520796,0.0,0.0,0.0,0,197,0.5,0.5,0.0,5,0.0,0.0
Palmetto,SM,3,MCF_ARC,41,3,3,0,41->9->6->7->2->1->4->3,41->9->6->7->2->1->4->3,2.573675,inf,0.0,191,191,2.573675,4.773536,9.591152,4.520796,0.0,0.0,0.0,0,191,0.5,0.5,0.0,5,0.0,0.0
Palmetto,SM,3,MCF_ARC,42,3,3,0,42->44->37->3,42->44->37->3,2.668991,inf,0.0,190,190,2.668991,4.773536,9.686467,4.520796,0.0,0.0,0.0,0,190,0.5,0.5,0.0,5,0.0,0.0
Palmetto,SM,3,MCF_ARC,43,3,3,0,43->44->37->3,43->44->37->3,3.219769,inf,0.0,165,165,3.219769,4.773536,10.237246,4.520796,0.0,0.0,0.0,0,165,0.5,0.5,0.0,5,0.0,0.0
Palmetto,SM,3,MCF_ARC,44,3,1,1,44->37->3,44->37->3->4->1,1.841616,inf,0.0,227,227,2.681231,1.860396,7.02225,1.844338,0.0,0.0,0.0,0,227,0.5,0.5,0.0,5,0.0,0.0
Palmetto,SM,3,MCF_ARC,45,3,3,0,45->44->37->3,45->36->37->3,3.096321,inf,0.0,184,184,2.632078,4.773536,9.649554,4.520796,0.0,0.0,0.0,0,184,0.5,0.5,0.0,5,0.0,0.0
Palmetto,SM,4,B1,1,1,1,0,1,,0.0,3.34818,0.0,184,184,0.0,1.252505,3.749186,1.252505,0.0,0.0,0.0,0,184.0,0.5,0.5,0.0,5,0.0,0.0
Palmetto,SM,4,B1,2,2,2,0,2,,0.0,3.331824,0.0,161,161,0.0,4.302926,6.799607,4.302926,0.0,0.0,0.0,0,161.0,0.5,0.5,0.0,5,0.0,0.0
Palmetto,SM,4,B1,3,3,3,0,3,,0.0,5.146389,0.0,234,234,0.0,2.649709,5.146389,2.649709,0.0,0.0,0.0,0,234,0.5,0.5,0.0,5,0.0,0.0
Palmetto,SM,4,B1,4,4,4,0,4,,0.0,inf,0.0,194,194,0.0,40.0,42.496681,40.0,0.0,0.0,0.0,0,194,0.5,0.5,0.0,5,0.0,0.0
Palmetto,SM,4,B1,5,5,5,0,5,,0.0,inf,0.0,186,186,0.0,35.714286,38.210967,35.714286,0.0,0.0,0.0,0,186.0,0.5,0.5,0.0,5,0.0,0.0
Palmetto,SM,4,B1,6,6,6,0,6,,0.0,inf,0.0,173,173,0.0,60.97561,63.472291,60.97561,0.0,0.0,0.0,0,173.0,0.5,0.5,0.0,5,0.0,0.0
Palmetto,SM,4,B1,7,7,7,0,7,,0.0,inf,0.0,191,191,0.0,416.666667,419.163348,416.666667,0.0,0.0,0.0,0,191.0,0.5,0.5,0.0,5,0.0,0.0
Palmetto,SM,4,B1,8,7,7,0,8->7,,0.281484,inf,0.0,205,205,0.281484,416.666667,419.444832,416.666667,0.0,0.0,0.0,0,205,0.5,0.5,0.0,5,0.0,0.0
Palmetto,SM,4,B1,9,7,7,0,9->6->7,,0.81476,inf,0.0,175,175,0.81476,416.666667,419.978108,416.666667,0.0,0.0,0.0,0,175,0.5,0.5,0.0,5,0.0,0.0
Palmetto,SM,4,B1,10,7,7,0,10->6->7,,0.965363,inf,0.0,202,202,0.965363,416.666667,420.128711,416.666667,0.0,0.0,0.0,0,202,0.5,0.5,0.0,5,0.0,0.0
Palmetto,SM,4,B1,11,7,2,1,11->14->13->1->2->7,,2.373226,inf,0.0,184,184,2.06004,4.302926,8.859647,4.302926,0.0,0.0,0.0,0,184,0.5,0.5,0.0,5,0.0,0.0
Palmetto,SM,4,B1,12,7,7,0,12->14->13->1->2->7,,2.585324,inf,0.0,155,155,2.585324,416.666667,421.748672,416.666667,0.0,0.0,0.0,0,155,0.5,0.5,0.0,5,0.0,0.0
Palmetto,SM,4,B1,13,7,2,1,13->1->2->7,,0.98651,inf,0.0,183,183,0.673324,4.302926,7.472931,4.302926,0.0,0.0,0.0,0,183.0,0.5,0.5,0.0,5,0.0,0.0
Palmetto,SM,4,B1,14,7,2,1,14->13->1->2->7,,1.784872,inf,0.0,178,178,1.471685,4.302926,8.271292,4.302926,0.0,0.0,0.0,0,178.0,0.5,0.5,0.0,5,0.0,0.0
Palmetto,SM,4,B1,15,7,7,0,15->3->4->1->2->7,,2.075409,inf,0.0,175,175,2.075409,416.666667,421.238756,416.666667,0.0,0.0,0.0,0,175,0.5,0.5,0.0,5,0.0,0.0
Palmetto,SM,4,B1,16,6,6,0,16->15->3->4->1->2->7->6,,3.765905,inf,0.0,176,176,3.765905,60.97561,67.238196,60.97561,0.0,0.0,0.0,0,176,0.5,0.5,0.0,5,0.0,0.0
Palmetto,SM,4,B1,17,6,2,1,17->15->14->13->1->2->7->6,,3.838628,inf,0.0,208,208,2.621629,4.302926,9.421236,4.302926,0.0,0.0,0.0,0,208,0.5,0.5,0.0,5,0.0,0.0
Palmetto,SM,4,B1,18,6,6,0,18->19->11->14->13->1->2->7->6,,4.102924,inf,0.0,176,176,3.953645,60.97561,67.425935,60.97561,0.0,0.0,0.0,0,176,0.5,0.5,0.0,5,0.0,0.0
Palmetto,SM,4,B1,19,6,6,0,19->11->14->13->1->2->7->6,,3.348361,inf,0.0,159,159,3.348361,60.97561,66.820652,60.97561,0.0,0.0,0.0,0,159,0.5,0.5,0.0,5,0.0,0.0
Palmetto,SM,4,B1,20,6,6,0,20->19->11->14->13->1->2->7->6,,3.671236,inf,0.0,177,177,3.671236,60.97561,67.143527,60.97561,0.0,0.0,0.0,0,177,0.5,0.5,0.0,5,0.0,0.0
Palmetto,SM,4,B1,21,6,2,1,21->20->19->11->14->13->1->2->7->6,,3.965369,inf,0.0,212,212,3.104824,4.302926,9.904431,4.302926,0.0,0.0,0.0,0,212,0.5,0.5,0.0,5,0.0,0.0
Palmetto,SM,4,B1,22,6,7,1,22->14->13->1->2->7->6,,3.356531,inf,0.0,144,144,2.809173,416.666667,421.97252,416.666667,0.0,0.0,0.0,0,144,0.5,0.5,0.0,5,0.0,0.0
Palmetto,SM,4,B1,23,6,6,0,23->25->22->32->27->13->1->2->7->6,,6.400767,inf,0.0,150,150,4.498881,60.97561,67.971172,60.97561,0.0,0.0,0.0,0,150,0.5,0.5,0.0,5,0.0,0.0
Palmetto,SM,4,B1,24,6,7,1,24->21->20->19->11->14->13->1->2->7->6,,4.298659,inf,0.0,109,109,3.7513,416.666667,422.914648,416.666667,0.0,0.0,0.0,0,109,0.5,0.5,0.0,5,0.0,0.0
Palmetto,SM,4,B1,25,5,5,0,25->18->17->15->3->4->1->2->7->6->5,,5.717391,inf,0.0,209,209,5.100192,35.714286,43.311158,35.714286,0.0,0.0,0.0,0,209,0.5,0.5,0.0,5,0.0,0.0
Palmetto,SM,4,B1,26,5,5,0,26->27->13->1->2->7->6->5,,3.36846,inf,0.0,200,200,3.36846,35.714286,41.579426,35.714286,0.0,0.0,0.0,0,200,0.5,0.5,0.0,5,0.0,0.0
Palmetto,SM,4,B1,27,5,5,0,27->13->1->2->7->6->5,,3.109974,inf,0.0,186,186,3.109974,35.714286,41.320941,35.714286,0.0,0.0,0.0,0,186,0.5,0.5,0.0,5,0.0,0.0
Palmetto,SM,4,B1,28,5,5,0,28->2->7->6->5,,2.322574,inf,0.0,200,200,2.322574,35.714286,40.53354,35.714286,0.0,0.0,0.0,0,200,0.5,0.5,0.0,5,0.0,0.0
Palmetto,SM,4,B1,29,5,6,1,29->35->28->2->7->6->5,,3.601193,inf,0.0,169,169,3.178779,60.97561,66.65107,60.97561,0.0,0.0,0.0,0,169,0.5,0.5,0.0,5,0.0,0.0
Palmetto,SM,4,B1,30,5,5,0,30->38->5,,1.073307,inf,0.0,227,227,1.073307,35.714286,39.284274,35.714286,0.0,0.0,0.0,0,227,0.5,0.5,0.0,5,0.0,0.0
Palmetto,SM,4,B1,31,5,6,1,31->28->2->7->6->5,,3.344509,inf,0.0,162,162,2.922096,60.97561,66.394386,60.97561,0.0,0.0,0.0,0,162,0.5,0.5,0.0,5,0.0,0.0
Palmetto,SM,4,B1,32,5,5,0,32->27->13->1->2->7->6->5,,3.416032,inf,0.0,196,196,3.416032,35.714286,41.626998,35.714286,0.0,0.0,0.0,0,196,0.5,0.5,0.0,5,0.0,0.0
Palmetto,SM,4,B1,33,4,1,1,33->32->27->13->1->4,,2.347185,inf,0.0,174,174,2.02236,1.252505,5.771546,1.252505,0.0,0.0,0.0,0,174,0.5,0.5,0.0,5,0.0,0.0
Palmetto,SM,4,B1,34,4,4,0,34->35->28->2->1->4,,3.086479,inf,0.0,182,182,2.715415,40.0,45.212095,40.0,0.0,0.0,0.0,0,182,0.5,0.5,0.0,5,0.0,0.0
Palmetto,SM,4,B1,35,4,1,1,35->28->2->1->4,,2.174252,inf,0.0,202,202,1.849428,1.252505,5.598614,1.252505,0.0,0.0,0.0,0,202,0.5,0.5,0.0,5,0.0,0.0
Palmetto,SM,4,B1,36,4,4,0,36->37->3->4,,2.092151,inf,0.0,209,209,2.092151,40.0,44.588832,40.0,0.0,0.0,0.0,0,209,0.5,0.5,0.0,5,0.0,0.0
Palmetto,SM,4,B1,37,4,4,0,37->3->4,,1.106705,inf,0.0,150,150,1.106705,40.0,43.603386,40.0,0.0,0.0,0.0,0,150,0.5,0.5,0.0,5,0.0,0.0
Palmetto,SM,4,B1,38,4,4,0,38->5->6->7->2->1->4,,2.862129,inf,0.0,217,217,2.862129,40.0,45.35881,40.0,0.0,0.0,0.0,0,217,0.5,0.5,0.0,5,0.0,0.0
Palmetto,SM,4,B1,39,4,4,0,39->40->5->6->7->2->1->4,,2.92955,inf,0.0,184,184,2.92955,40.0,45.426231,40.0,0.0,0.0,0.0,0,184,0.5,0.5,0.0,5,0.0,0.0
Palmetto,SM,4,B1,40,4,4,0,40->5->6->7->2->1->4,,2.469348,inf,0.0,149,149,2.469348,40.0,44.966029,40.0,0.0,0.0,0.0,0,149,0.5,0.5,0.0,5,0.0,0.0
Palmetto,SM,4,B1,41,3,3,0,41->9->6->7->2->1->4->3,,2.573675,7.720065,0.0,212,212,2.573675,2.649709,7.720065,2.649709,0.0,0.0,0.0,0,212,0.5,0.5,0.0,5,0.0,0.0
Palmetto,SM,4,B1,42,4,4,0,42->44->37->3->4,,3.183781,inf,0.0,162,162,3.151926,40.0,45.648607,40.0,0.0,0.0,0.0,0,162,0.5,0.5,0.0,5,0.0,0.0
Palmetto,SM,4,B1,43,3,3,0,43->44->37->3,,3.219769,8.366159,0.0,151,151,3.219769,2.649709,8.366159,2.649709,0.0,0.0,0.0,0,151,0.5,0.5,0.0,5,0.0,0.0
Palmetto,SM,4,B1,44,3,3,0,44->37->3,,1.841616,6.988005,0.0,210,210,1.841616,2.649709,6.988005,2.649709,0.0,0.0,0.0,0,210,0.5,0.5,0.0,5,0.0,0.0
Palmetto,SM,4,B1,45,3,3,0,45->36->37->3,,2.632078,7.778467,0.0,174,174,2.632078,2.649709,7.778467,2.649709,0.0,0.0,0.0,0,174,0.5,0.5,0.0,5,0.0,0.0
Palmetto,SM,4,B3,1,1,1,0,1,1,0.0,3.34818,0.0,184,184,0.0,inf,inf,inf,0.0,0.0,0.0,0,184.0,0.5,0.5,0.0,5,0.0,0.0
Palmetto,SM,4,B3,2,2,2,0,2,2,0.0,3.331824,0.0,161,161,0.0,2.751789,5.24847,2.751789,0.0,0.0,0.0,0,161.0,0.5,0.5,0.0,5,0.0,0.0
Palmetto,SM,4,B3,3,3,3,0,3,3,0.0,5.146389,0.0,234,234,0.0,2.649709,5.146389,2.649709,0.0,0.0,0.0,0,234,0.5,0.5,0.0,5,0.0,0.0
Palmetto,SM,4,B3,4,4,4,0,4,4,0.0,inf,0.0,194,194,0.0,3.891051,6.387731,3.891051,0.0,0.0,0.0,0,194,0.5,0.5,0.0,5,0.0,0.0
Palmetto,SM,4,B3,5,5,5,0,5,5,0.0,inf,0.0,186,186,0.0,4.385965,6.882646,4.385965,0.0,0.0,0.0,0,186.0,0.5,0.5,0.0,5,0.0,0.0
Palmetto,SM,4,B3,6,6,6,0,6,6,0.0,inf,0.0,173,173,0.0,4.916421,7.413102,4.916421,0.0,0.0,0.0,0,173.0,0.5,0.5,0.0,5,0.0,0.0
Palmetto,SM,4,B3,7,7,7,0,7,7,0.0,inf,0.0,191,191,0.0,8.517888,11.014568,8.517888,0.0,0.0,0.0,0,191.0,0.5,0.5,0.0,5,0.0,0.0
Palmetto,SM,4,B3,8,7,2,1,8->7,8->7->2,0.281484,inf,0.0,205,205,0.59467,2.751789,5.84314,2.751789,0.0,0.0,0.0,0,205,0.5,0.5,0.0,5,0.0,0.0
Palmetto,SM,4,B3,9,7,7,0,9->6->7,9->6->7,0.81476,inf,0.0,175,175,0.81476,8.517888,11.829329,8.517888,0.0,0.0,0.0,0,175,0.5,0.5,0.0,5,0.0,0.0
Palmetto,SM,4,B3,10,7,1,1,10->6->7,10->6->7->2->1,0.965363,inf,0.0,202,202,1.652657,inf,inf,inf,0.0,0.0,0.0,0,202,0.5,0.5,0.0,5,0.0,0.0
Palmetto,SM,4,B3,11,7,7,0,11->14->13->1->2->7,11->14->13->1->2->7,2.373226,inf,0.0,184,184,2.373226,8.517888,13.387795,8.517888,0.0,0.0,0.0,0,184,0.5,0.5,0.0,5,0.0,0.0
Palmetto,SM,4,B3,12,7,7,0,12->14->13->1->2->7,12->14->13->1->2->7,2.585324,inf,0.0,155,155,2.585324,8.517888,13.599892,8.517888,0.0,0.0,0.0,0,155,0.5,0.5,0.0,5,0.0,0.0
Palmetto,SM,4,B3,13,7,7,0,13->1->2->7,13->1->2->7,0.98651,inf,0.0,183,183,0.98651,8.517888,12.001079,8.517888,0.0,0.0,0.0,0,183.0,0.5,0.5,0.0,5,0.0,0.0
Palmetto,SM,4,B3,14,7,7,0,14->13->1->2->7,14->13->1->2->7,1.784872,inf,0.0,178,178,1.784872,8.517888,12.79944,8.517888,0.0,0.0,0.0,0,178.0,0.5,0.5,0.0,5,0.0,0.0
Palmetto,SM,4,B3,15,7,7,0,15->3->4->1->2->7,15->3->4->1->2->7,2.075409,inf,0.0,175,175,2.075409,8.517888,13.089977,8.517888,0.0,0.0,0.0,0,175,0.5,0.5,0.0,5,0.0,0.0
Palmetto,SM,4,B3,16,6,6,0,16->15->3->4->1->2->7->6,16->15->3->4->1->2->7->6,3.765905,inf,0.0,176,176,3.765905,4.916421,11.179007,4.916421,0.0,0.0,0.0,0,176,0.5,0.5,0.0,5,0.0,0.0
Palmetto,SM,4,B3,17,6,1,1,17->15->14->13->1->2->7->6,17->15->3->4->1,3.838628,inf,0.0,208,208,2.247522,inf,inf,inf,0.0,0.0,0.0,0,208,0.5,0.5,0.0,5,0.0,0.0
Palmetto,SM,4,B3,18,6,6,0,18->19->11->14->13->1->2->7->6,18->17->15->3->4->1->2->7->6,4.102924,inf,0.0,176,176,3.953645,4.916421,11.366746,4.916421,0.0,0.0,0.0,0,176,0.5,0.5,0.0,5,0.0,0.0
Palmetto,SM,4,B3,19,6,6,0,19->11->14->13->1->2->7->6,19->11->14->13->1->2->7->6,3.348361,inf,0.0,159,159,3.348361,4.916421,10.761463,4.916421,0.0,0.0,0.0,0,159,0.5,0.5,0.0,5,0.0,0.0
Palmetto,SM,4,B3,20,6,6,0,20->19->11->14->13->1->2->7->6,20->19->11->14->13->1->2->7->6,3.671236,inf,0.0,177,177,3.671236,4.916421,11.084338,4.916421,0.0,0.0,0.0,0,177,0.5,0.5,0.0,5,0.0,0.0
Palmetto,SM,4,B3,21,6,2,1,21->20->19->11->14->13->1->2->7->6,21->20->19->11->14->13->1->2,3.965369,inf,0.0,212,212,3.104824,2.751789,8.353294,2.751789,0.0,0.0,0.0,0,212,0.5,0.5,0.0,5,0.0,0.0
Palmetto,SM,4,B3,22,6,6,0,22->14->13->1->2->7->6,22->14->13->1->2->7->6,3.356531,inf,0.0,144,144,3.356531,4.916421,10.769633,4.916421,0.0,0.0,0.0,0,144,0.5,0.5,0.0,5,0.0,0.0
Palmetto,SM,4,B3,23,6,6,0,23->25->22->32->27->13->1->2->7->6,23->21->20->19->11->14->13->1->2->7->6,6.400767,inf,0.0,150,150,4.498881,4.916421,11.911983,4.916421,0.0,0.0,0.0,0,150,0.5,0.5,0.0,5,0.0,0.0
Palmetto,SM,4,B3,24,6,1,1,24->21->20->19->11->14->13->1->2->7->6,24->21->20->19->11->14->13->1,4.298659,inf,0.0,109,109,3.064007,inf,inf,inf,0.0,0.0,0.0,0,109,0.5,0.5,0.0,5,0.0,0.0
Palmetto,SM,4,B3,25,5,5,0,25->18->17->15->3->4->1->2->7->6->5,25->21->20->19->11->14->13->1->2->7->6->5,5.717391,inf,0.0,209,209,5.100192,4.385965,11.982838,4.385965,0.0,0.0,0.0,0,209,0.5,0.5,0.0,5,0.0,0.0
Palmetto,SM,4,B3,26,5,5,0,26->27->13->1->2->7->6->5,26->27->13->1->2->7->6->5,3.36846,inf,0.0,200,200,3.36846,4.385965,10.251106,4.385965,0.0,0.0,0.0,0,200,0.5,0.5,0.0,5,0.0,0.0
Palmetto,SM,4,B3,27,5,5,0,27->13->1->2->7->6->5,27->13->1->2->7->6->5,3.109974,inf,0.0,186,186,3.109974,4.385965,9.99262,4.385965,0.0,0.0,0.0,0,186,0.5,0.5,0.0,5,0.0,0.0
Palmetto,SM,4,B3,28,5,2,1,28->2->7->6->5,28->2,2.322574,inf,0.0,200,200,1.039615,2.751789,6.288085,2.751789,0.0,0.0,0.0,0,200,0.5,0.5,0.0,5,0.0,0.0
Palmetto,SM,4,B3,29,5,1,1,29->35->28->2->7->6->5,29->35->28->2->1,3.601193,inf,0.0,169,169,2.692342,inf,inf,inf,0.0,0.0,0.0,0,169,0.5,0.5,0.0,5,0.0,0.0
Palmetto,SM,4,B3,30,5,5,0,30->38->5,30->38->5,1.073307,inf,0.0,227,227,1.073307,4.385965,7.955953,4.385965,0.0,0.0,0.0,0,227,0.5,0.5,0.0,5,0.0,0.0
Palmetto,SM,4,B3,31,5,1,1,31->28->2->7->6->5,31->28->2->1,3.344509,inf,0.0,162,162,2.435658,inf,inf,inf,0.0,0.0,0.0,0,162,0.5,0.5,0.0,5,0.0,0.0
Palmetto,SM,4,B3,32,5,5,0,32->27->13->1->2->7->6->5,32->27->13->1->2->7->6->5,3.416032,inf,0.0,196,196,3.416032,4.385965,10.298678,4.385965,0.0,0.0,0.0,0,196,0.5,0.5,0.0,5,0.0,0.0
Palmetto,SM,4,B3,33,4,4,0,33->32->27->13->1->4,33->32->27->13->1->4,2.347185,inf,0.0,174,174,2.347185,3.891051,8.734917,3.891051,0.0,0.0,0.0,0,174,0.5,0.5,0.0,5,0.0,0.0
Palmetto,SM,4,B3,34,4,1,1,34->35->28->2->1->4,34->32->27->13->1,3.086479,inf,0.0,182,182,2.39059,inf,inf,inf,0.0,0.0,0.0,0,182,0.5,0.5,0.0,5,0.0,0.0
Palmetto,SM,4,B3,35,4,4,0,35->28->2->1->4,35->28->2->1->4,2.174252,inf,0.0,202,202,2.174252,3.891051,8.561984,3.891051,0.0,0.0,0.0,0,202,0.5,0.5,0.0,5,0.0,0.0
Palmetto,SM,4,B3,36,4,1,1,36->37->3->4,36->37->3->4->1,2.092151,inf,0.0,209,209,2.416976,inf,inf,inf,0.0,0.0,0.0,0,209,0.5,0.5,0.0,5,0.0,0.0
Palmetto,SM,4,B3,37,4,4,0,37->3->4,37->3->4,1.106705,inf,0.0,150,150,1.106705,3.891051,7.494436,3.891051,0.0,0.0,0.0,0,150,0.5,0.5,0.0,5,0.0,0.0
Palmetto,SM,4,B3,38,4,2,1,38->5->6->7->2->1->4,38->5->6->7->2,2.862129,inf,0.0,217,217,2.163198,2.751789,7.411667,2.751789,0.0,0.0,0.0,0,217,0.5,0.5,0.0,5,0.0,0.0
Palmetto,SM,4,B3,39,4,4,0,39->40->5->6->7->2->1->4,39->40->5->6->7->2->1->4,2.92955,inf,0.0,184,184,2.92955,3.891051,9.317282,3.891051,0.0,0.0,0.0,0,184,0.5,0.5,0.0,5,0.0,0.0
Palmetto,SM,4,B3,40,4,4,0,40->5->6->7->2->1->4,40->5->6->7->2->1->4,2.469348,inf,0.0,149,149,2.469348,3.891051,8.857079,3.891051,0.0,0.0,0.0,0,149,0.5,0.5,0.0,5,0.0,0.0
Palmetto,SM,4,B3,41,3,3,0,41->9->6->7->2->1->4->3,41->9->6->7->2->1->4->3,2.573675,7.720065,0.0,212,212,2.573675,2.649709,7.720065,2.649709,0.0,0.0,0.0,0,212,0.5,0.5,0.0,5,0.0,0.0
Palmetto,SM,4,B3,42,4,4,0,42->44->37->3->4,42->41->9->6->7->2->1->4,3.183781,inf,0.0,162,162,3.151926,3.891051,9.539657,3.891051,0.0,0.0,0.0,0,162,0.5,0.5,0.0,5,0.0,0.0
Palmetto,SM,4,B3,43,3,3,0,43->44->37->3,43->44->37->3,3.219769,8.366159,0.0,151,151,3.219769,2.649709,8.366159,2.649709,0.0,0.0,0.0,0,151,0.5,0.5,0.0,5,0.0,0.0
Palmetto,SM,4,B3,44,3,3,0,44->37->3,44->37->3,1.841616,6.988005,0.0,210,210,1.841616,2.649709,6.988005,2.649709,0.0,0.0,0.0,0,210,0.5,0.5,0.0,5,0.0,0.0
Palmetto,SM,4,B3,45,3,3,0,45->36->37->3,45->36->37->3,2.632078,7.778467,0.0,174,174,2.632078,2.649709,7.778467,2.649709,0.0,0.0,0.0,0,174,0.5,0.5,0.0,5,0.0,0.0
Palmetto,SM,4,MCF_ARC,1,1,1,0,1,1,0.0,3.34818,0.0,184,184,0.0,1.929778,4.414594,1.917913,0.0,0.0,0.0,0,184.0,0.5,0.5,0.0,5,0.0,0.0
Palmetto,SM,4,MCF_ARC,2,2,2,0,2,2,0.0,3.331824,0.0,161,161,0.0,6.878224,8.692468,6.195787,0.0,0.0,0.0,0,161.0,0.5,0.5,0.0,5,0.0,0.0
Palmetto,SM,4,MCF_ARC,3,3,3,0,3,3,0.0,5.146389,0.0,234,234,0.0,2.679441,5.146389,2.649709,0.0,0.0,0.0,0,234,0.5,0.5,0.0,5,0.0,0.0
Palmetto,SM,4,MCF_ARC,4,4,4,0,4,4,0.0,inf,0.0,194,194,0.0,13.486912,15.830014,13.333333,0.0,0.0,0.0,0,194,0.5,0.5,0.0,5,0.0,0.0
Palmetto,SM,4,MCF_ARC,5,5,5,0,5,5,0.0,inf,0.0,186,186,0.0,9.330172,10.015478,7.518797,0.0,0.0,0.0,0,186.0,0.5,0.5,0.0,5,0.0,0.0
Palmetto,SM,4,MCF_ARC,6,6,6,0,6,6,0.0,inf,0.0,173,173,0.0,12.501143,13.089901,10.59322,0.0,0.0,0.0,0,173.0,0.5,0.5,0.0,5,0.0,0.0
Palmetto,SM,4,MCF_ARC,7,7,7,0,7,7,0.0,inf,0.0,191,191,0.0,10.571237,11.014568,8.517888,0.0,0.0,0.0,0,191.0,0.5,0.5,0.0,5,0.0,0.0
Palmetto,SM,4,MCF_ARC,8,7,2,1,8->7,8->7->2,0.281484,inf,0.0,205,205,0.59467,6.878224,9.287138,6.195787,0.0,0.0,0.0,0,205,0.5,0.5,0.0,5,0.0,0.0
Palmetto,SM,4,MCF_ARC,9,7,7,0,9->6->7,9->6->7,0.81476,inf,0.0,175,175,0.81476,10.571237,11.829329,8.517888,0.0,0.0,0.0,0,175,0.5,0.5,0.0,5,0.0,0.0
Palmetto,SM,4,MCF_ARC,10,7,2,1,10->6->7,10->6->7->2,0.965363,inf,0.0,202,202,1.27855,6.878224,9.971018,6.195787,0.0,0.0,0.0,0,202,0.5,0.5,0.0,5,0.0,0.0
Palmetto,SM,4,MCF_ARC,11,7,7,0,11->14->13->1->2->7,11->14->13->1->2->7,2.373226,inf,0.0,184,184,2.373226,10.571237,13.387795,8.517888,0.0,0.0,0.0,0,184,0.5,0.5,0.0,5,0.0,0.0
Palmetto,SM,4,MCF_ARC,12,7,7,0,12->14->13->1->2->7,12->14->13->1->2->7,2.585324,inf,0.0,155,155,2.585324,10.571237,13.599892,8.517888,0.0,0.0,0.0,0,155,0.5,0.5,0.0,5,0.0,0.0
Palmetto,SM,4,MCF_ARC,13,7,7,0,13->1->2->7,13->1->2->7,0.98651,inf,0.0,183,183,0.98651,10.571237,12.001079,8.517888,0.0,0.0,0.0,0,183.0,0.5,0.5,0.0,5,0.0,0.0
Palmetto,SM,4,MCF_ARC,14,7,7,0,14->13->1->2->7,14->13->1->2->7,1.784872,inf,0.0,178,178,1.784872,10.571237,12.79944,8.517888,0.0,0.0,0.0,0,178.0,0.5,0.5,0.0,5,0.0,0.0
Palmetto,SM,4,MCF_ARC,15,7,7,0,15->3->4->1->2->7,15->3->4->1->2->7,2.075409,inf,0.0,175,175,2.075409,10.571237,13.089977,8.517888,0.0,0.0,0.0,0,175,0.5,0.5,0.0,5,0.0,0.0
Palmetto,SM,4,MCF_ARC,16,6,6,0,16->15->3->4->1->2->7->6,16->15->3->4->1->2->7->6,3.765905,inf,0.0,176,176,3.765905,12.501143,16.855807,10.59322,0.0,0.0,0.0,0,176,0.5,0.5,0.0,5,0.0,0.0
Palmetto,SM,4,MCF_ARC,17,6,2,1,17->15->14->13->1->2->7->6,17->15->3->4->1->2,3.838628,inf,0.0,208,208,2.621629,6.878224,11.314097,6.195787,0.0,0.0,0.0,0,208,0.5,0.5,0.0,5,0.0,0.0
Palmetto,SM,4,MCF_ARC,18,6,6,0,18->19->11->14->13->1->2->7->6,18->17->15->3->4->1->2->7->6,4.102924,inf,0.0,176,176,3.953645,12.501143,17.043546,10.59322,0.0,0.0,0.0,0,176,0.5,0.5,0.0,5,0.0,0.0
Palmetto,SM,4,MCF_ARC,19,6,6,0,19->11->14->13->1->2->7->6,19->11->14->13->1->2->7->6,3.348361,inf,0.0,159,159,3.348361,12.501143,16.438263,10.59322,0.0,0.0,0.0,0,159,0.5,0.5,0.0,5,0.0,0.0
Palmetto,SM,4,MCF_ARC,20,6,6,0,20->19->11->14->13->1->2->7->6,20->19->11->14->13->1->2->7->6,3.671236,inf,0.0,177,177,3.671236,12.501143,16.761138,10.59322,0.0,0.0,0.0,0,177,0.5,0.5,0.0,5,0.0,0.0
Palmetto,SM,4,MCF_ARC,21,6,2,1,21->20->19->11->14->13->1->2->7->6,21->20->19->11->14->13->1->2,3.965369,inf,0.0,212,212,3.104824,6.878224,11.797292,6.195787,0.0,0.0,0.0,0,212,0.5,0.5,0.0,5,0.0,0.0
Palmetto,SM,4,MCF_ARC,22,6,6,0,22->14->13->1->2->7->6,22->14->13->1->2->7->6,3.356531,inf,0.0,144,144,3.356531,12.501143,16.446432,10.59322,0.0,0.0,0.0,0,144,0.5,0.5,0.0,5,0.0,0.0
Palmetto,SM,4,MCF_ARC,23,6,6,0,23->25->22->32->27->13->1->2->7->6,23->21->20->19->11->14->13->1->2->7->6,6.400767,inf,0.0,150,150,4.498881,12.501143,17.588782,10.59322,0.0,0.0,0.0,0,150,0.5,0.5,0.0,5,0.0,0.0
Palmetto,SM,4,MCF_ARC,24,6,6,0,24->21->20->19->11->14->13->1->2->7->6,24->21->20->19->11->14->13->1->2->7->6,4.298659,inf,0.0,109,109,4.298659,12.501143,17.38856,10.59322,0.0,0.0,0.0,0,109,0.5,0.5,0.0,5,0.0,0.0
Palmetto,SM,4,MCF_ARC,25,5,2,1,25->18->17->15->3->4->1->2->7->6->5,25->21->20->19->11->14->13->1->2,5.717391,inf,0.0,209,209,3.817233,6.878224,12.509701,6.195787,0.0,0.0,0.0,0,209,0.5,0.5,0.0,5,0.0,0.0
Palmetto,SM,4,MCF_ARC,26,5,5,0,26->27->13->1->2->7->6->5,26->27->13->1->2->7->6->5,3.36846,inf,0.0,200,200,3.36846,9.330172,13.383938,7.518797,0.0,0.0,0.0,0,200,0.5,0.5,0.0,5,0.0,0.0
Palmetto,SM,4,MCF_ARC,27,5,5,0,27->13->1->2->7->6->5,27->13->1->2->7->6->5,3.109974,inf,0.0,186,186,3.109974,9.330172,13.125452,7.518797,0.0,0.0,0.0,0,186,0.5,0.5,0.0,5,0.0,0.0
Palmetto,SM,4,MCF_ARC,28,5,5,0,28->2->7->6->5,28->2->7->6->5,2.322574,inf,0.0,200,200,2.322574,9.330172,12.338052,7.518797,0.0,0.0,0.0,0,200,0.5,0.5,0.0,5,0.0,0.0
Palmetto,SM,4,MCF_ARC,29,5,5,0,29->35->28->2->7->6->5,29->35->28->2->7->6->5,3.601193,inf,0.0,169,169,3.601193,9.330172,13.616671,7.518797,0.0,0.0,0.0,0,169,0.5,0.5,0.0,5,0.0,0.0
Palmetto,SM,4,MCF_ARC,30,5,1,1,30->38->5,30->38->5->6->7->2->1,1.073307,inf,0.0,227,227,2.730373,1.929778,7.144967,1.917913,0.0,0.0,0.0,0,227,0.5,0.5,0.0,5,0.0,0.0
Palmetto,SM,4,MCF_ARC,31,5,5,0,31->28->2->7->6->5,31->28->2->7->6->5,3.344509,inf,0.0,162,162,3.344509,9.330172,13.359987,7.518797,0.0,0.0,0.0,0,162,0.5,0.5,0.0,5,0.0,0.0
Palmetto,SM,4,MCF_ARC,32,5,5,0,32->27->13->1->2->7->6->5,32->27->13->1->2->7->6->5,3.416032,inf,0.0,196,196,3.416032,9.330172,13.43151,7.518797,0.0,0.0,0.0,0,196,0.5,0.5,0.0,5,0.0,0.0
Palmetto,SM,4,MCF_ARC,33,4,4,0,33->32->27->13->1->4,33->32->27->13->1->4,2.347185,inf,0.0,174,174,2.347185,13.486912,18.177199,13.333333,0.0,0.0,0.0,0,174,0.5,0.5,0.0,5,0.0,0.0
Palmetto,SM,4,MCF_ARC,34,4,4,0,34->35->28->2->1->4,34->32->27->13->1->4,3.086479,inf,0.0,182,182,2.715415,13.486912,18.545429,13.333333,0.0,0.0,0.0,0,182,0.5,0.5,0.0,5,0.0,0.0
Palmetto,SM,4,MCF_ARC,35,4,4,0,35->28->2->1->4,35->28->2->1->4,2.174252,inf,0.0,202,202,2.174252,13.486912,18.004267,13.333333,0.0,0.0,0.0,0,202,0.5,0.5,0.0,5,0.0,0.0
Palmetto,SM,4,MCF_ARC,36,4,1,1,36->37->3->4,36->37->3->4->1,2.092151,inf,0.0,209,209,2.416976,1.929778,6.83157,1.917913,0.0,0.0,0.0,0,209,0.5,0.5,0.0,5,0.0,0.0
Palmetto,SM,4,MCF_ARC,37,4,4,0,37->3->4,37->3->4,1.106705,inf,0.0,150,150,1.106705,13.486912,16.936719,13.333333,0.0,0.0,0.0,0,150,0.5,0.5,0.0,5,0.0,0.0
Palmetto,SM,4,MCF_ARC,38,4,1,1,38->5->6->7->2->1->4,38->5->6->7->2->1,2.862129,inf,0.0,217,217,2.537305,1.929778,6.951899,1.917913,0.0,0.0,0.0,0,217,0.5,0.5,0.0,5,0.0,0.0
Palmetto,SM,4,MCF_ARC,39,4,4,0,39->40->5->6->7->2->1->4,39->40->5->6->7->2->1->4,2.92955,inf,0.0,184,184,2.92955,13.486912,18.759564,13.333333,0.0,0.0,0.0,0,184,0.5,0.5,0.0,5,0.0,0.0
Palmetto,SM,4,MCF_ARC,40,4,4,0,40->5->6->7->2->1->4,40->5->6->7->2->1->4,2.469348,inf,0.0,149,149,2.469348,13.486912,18.299362,13.333333,0.0,0.0,0.0,0,149,0.5,0.5,0.0,5,0.0,0.0
Palmetto,SM,4,MCF_ARC,41,3,3,0,41->9->6->7->2->1->4->3,41->9->6->7->2->1->4->3,2.573675,7.720065,0.0,212,212,2.573675,2.679441,7.720065,2.649709,0.0,0.0,0.0,0,212,0.5,0.5,0.0,5,0.0,0.0
Palmetto,SM,4,MCF_ARC,42,4,4,0,42->44->37->3->4,42->41->9->6->7->2->1->4,3.183781,inf,0.0,162,162,3.151926,13.486912,18.98194,13.333333,0.0,0.0,0.0,0,162,0.5,0.5,0.0,5,0.0,0.0
Palmetto,SM,4,MCF_ARC,43,3,3,0,43->44->37->3,43->44->37->3,3.219769,8.366159,0.0,151,151,3.219769,2.679441,8.366159,2.649709,0.0,0.0,0.0,0,151,0.5,0.5,0.0,5,0.0,0.0
Palmetto,SM,4,MCF_ARC,44,3,3,0,44->37->3,44->37->3,1.841616,6.988005,0.0,210,210,1.841616,2.679441,6.988005,2.649709,0.0,0.0,0.0,0,210,0.5,0.5,0.0,5,0.0,0.0
Palmetto,SM,4,MCF_ARC,45,3,3,0,45->36->37->3,45->36->37->3,2.632078,7.778467,0.0,174,174,2.632078,2.679441,7.778467,2.649709,0.0,0.0,0.0,0,174,0.5,0.5,0.0,5,0.0,0.0
Bellcanada,SM,0,B1,1,1,1,0,1,,0.0,55.700762,0.0,154,154,0.0,0.867152,55.700762,0.867152,0.0,0.0,0.0,0,154,0.5,0.5,0.0,5,0.0,0.0
Bellcanada,SM,0,B1,2,2,2,0,2,,0.0,55.732082,0.0,171,171,0.0,1.926782,56.760392,1.926782,0.0,0.0,0.0,0,171,0.5,0.5,0.0,5,0.0,0.0
Bellcanada,SM,0,B1,3,3,3,0,3,,0.0,55.761425,0.0,163,163,0.0,30.487805,85.321414,30.487805,0.0,0.0,0.0,0,163,0.5,0.5,0.0,5,0.0,0.0
Bellcanada,SM,0,B1,4,4,4,0,4,,0.0,inf,0.0,152,152,0.0,7.861635,62.695245,7.861635,0.0,0.0,0.0,0,152,0.5,0.5,0.0,5,0.0,0.0
Bellcanada,SM,0,B1,5,5,5,0,5,,0.0,inf,0.0,216,216,0.0,108.695652,163.529262,108.695652,0.0,0.0,0.0,0,216,0.5,0.5,0.0,5,0.0,0.0
Bellcanada,SM,0,B1,6,6,6,0,6,,0.0,inf,0.0,179,179,0.0,13.297872,68.131482,13.297872,0.0,0.0,0.0,0,179,0.5,0.5,0.0,5,0.0,0.0
Bellcanada,SM,0,B1,7,7,2,1,7,,0.0,inf,0.0,202,202,1.12607,1.926782,57.886462,1.926782,0.0,0.0,0.0,0,202,0.5,0.5,0.0,5,0.0,0.0
Bellcanada,SM,0,B1,8,8,8,0,8,,0.0,inf,0.0,220,220,0.0,16.778523,71.612133,16.778523,0.0,0.0,0.0,0,220,0.5,0.5,0.0,5,0.0,0.0
Bellcanada,SM,0,B1,9,8,8,0,9->34->5->8,,9.25323,inf,0.0,191,191,9.25323,16.778523,80.865363,16.778523,0.0,0.0,0.0,0,191,0.5,0.5,0.0,5,0.0,0.0
Bellcanada,SM,0,B1,10,8,8,0,10->9->34->5->8,,9.706646,inf,0.0,183,183,9.706646,16.778523,81.318778,16.778523,0.0,0.0,0.0,0,183,0.5,0.5,0.0,5,0.0,0.0
Bellcanada,SM,0,B1,11,8,7,1,11->20->19->18->17->15->14->30->44->45->46->47->3->2->7->8,,49.28871,inf,0.0,180,180,46.6707,238.095238,339.599547,238.095238,0.0,0.0,0.0,0,180,0.5,0.5,0.0,5,0.0,0.0
Bellcanada,SM,0,B1,12,8,7,1,12->22->17->15->14->30->35->46->47->3->2->7->8,,52.014376,inf,0.0,121,121,46.700571,238.095238,339.629419,238.095238,0.0,0.0,0.0,0,121,0.5,0.5,0.0,5,0.0,0.0
Bellcanada,SM,0,B1,13,8,8,0,13->41->36->32->34->5->8,,64.177688,inf,0.0,166,166,41.246824,16.778523,112.858957,16.778523,0.0,0.0,0.0,0,166,0.5,0.5,0.0,5,0.0,0.0
Bellcanada,SM,0,B1,14,8,8,0,14->30->44->45->46->47->3->2->7->8,,39.043154,inf,0.0,147,147,39.043154,16.778523,110.655286,16.778523,0.0,0.0,0.0,0,147.0,0.5,0.5,0.0,5,0.0,0.0
Bellcanada,SM,0,B1,15,8,8,0,15->14->30->44->45->46->47->3->2->7->8,,40.697216,inf,0.0,187,187,40.697216,16.778523,112.309349,16.778523,0.0,0.0,0.0,0,187.0,0.5,0.5,0.0,5,0.0,0.0
Bellcanada,SM,0,B1,16,8,8,0,16->15->14->30->44->45->46->47->3->2->7->8,,42.023652,inf,0.0,184,184,42.023652,16.778523,113.635785,16.778523,0.0,0.0,0.0,0,184,0.5,0.5,0.0,5,0.0,0.0
Bellcanada,SM,0,B1,17,7,7,0,17->15->14->30->44->45->46->47->3->2->7,,40.41554,inf,0.0,144,144,40.41554,238.095238,333.344387,238.095238,0.0,0.0,0.0,0,144.0,0.5,0.5,0.0,5,0.0,0.0
Bellcanada,SM,0,B1,18,7,7,0,18->17->15->14->30->44->45->46->47->3->2->7,,42.214961,inf,0.0,165,165,42.214961,238.095238,335.143809,238.095238,0.0,0.0,0.0,0,165,0.5,0.5,0.0,5,0.0,0.0
Bellcanada,SM,0,B1,19,7,7,0,19->18->17->15->14->30->44->45->46->47->3->2->7,,44.094077,inf,0.0,171,171,44.094077,238.095238,337.022925,238.095238,0.0,0.0,0.0,0,171,0.5,0.5,0.0,5,0.0,0.0
Bellcanada,SM,0,B1,20,7,7,0,20->19->18->17->15->14->30->44->45->46->47->3->2->7,,44.991422,inf,0.0,193,193,44.991422,238.095238,337.920269,238.095238,0.0,0.0,0.0,0,193,0.5,0.5,0.0,5,0.0,0.0
Bellcanada,SM,0,B1,21,7,2,1,21->24->17->15->14->30->44->45->46->47->3->2->7,,44.926035,inf,0.0,207,207,43.799964,1.926782,100.560356,1.926782,0.0,0.0,0.0,0,207,0.5,0.5,0.0,5,0.0,0.0
Bellcanada,SM,0,B1,22,7,7,0,22->17->15->14->30->44->45->46->47->3->2->7,,45.4003,inf,0.0,179,179,45.4003,238.095238,338.329148,238.095238,0.0,0.0,0.0,0,179,0.5,0.5,0.0,5,0.0,0.0
Bellcanada,SM,0,B1,23,7,7,0,23->21->24->17->15->14->30->44->45->46->47->3->2->7,,47.013614,inf,0.0,202,202,47.013614,238.095238,339.942462,238.095238,0.0,0.0,0.0,0,202,0.5,0.5,0.0,5,0.0,0.0
Bellcanada,SM,0,B1,24,7,2,1,24->17->15->14->30->44->45->46->47->3->2->7,,44.044821,inf,0.0,185,185,42.918751,1.926782,99.679143,1.926782,0.0,0.0,0.0,0,185,0.5,0.5,0.0,5,0.0,0.0
Bellcanada,SM,0,B1,25,6,6,0,25->26->22->17->15->14->30->44->45->46->47->3->5->6,,93.025739,inf,0.0,187,187,91.223164,13.297872,159.354645,13.297872,0.0,0.0,0.0,0,187,0.5,0.5,0.0,5,0.0,0.0
Bellcanada,SM,0,B1,26,6,6,0,26->22->17->15->13->41->36->37->32->34->9->6,,111.969818,inf,0.0,154,154,82.750487,13.297872,150.881969,13.297872,0.0,0.0,0.0,0,154,0.5,0.5,0.0,5,0.0,0.0
Bellcanada,SM,0,B1,27,6,6,0,27->28->9->6,,42.285817,inf,0.0,169,169,42.285817,13.297872,110.417299,13.297872,0.0,0.0,0.0,0,169,0.5,0.5,0.0,5,0.0,0.0
Bellcanada,SM,0,B1,28,6,6,0,28->9->6,,40.534462,inf,0.0,190,190,40.534462,13.297872,108.665944,13.297872,0.0,0.0,0.0,0,190,0.5,0.5,0.0,5,0.0,0.0
Bellcanada,SM,0,B1,29,6,5,1,29->30->44->45->46->48->39->28->9->6,,69.820099,inf,0.0,162,162,34.566442,108.695652,198.095704,108.695652,0.0,0.0,0.0,0,162,0.5,0.5,0.0,5,0.0,0.0
Bellcanada,SM,0,B1,30,6,6,0,30->44->45->46->48->39->28->9->6,,68.816253,inf,0.0,194,194,68.816253,13.297872,136.947735,13.297872,0.0,0.0,0.0,0,194.0,0.5,0.5,0.0,5,0.0,0.0
Bellcanada,SM,0,B1,31,6,5,1,31->34->9->6,,40.13513,inf,0.0,156,156,3.479888,108.695652,167.00915,108.695652,0.0,0.0,0.0,0,156,0.5,0.5,0.0,5,0.0,0.0
Bellcanada,SM,0,B1,32,6,6,0,32->34->9->6,,41.126628,inf,0.0,211,211,41.126628,13.297872,109.25811,13.297872,0.0,0.0,0.0,0,211,0.5,0.5,0.0,5,0.0,0.0
Bellcanada,SM,0,B1,33,5,5,0,33->31->34->5,,5.310901,inf,0.0,195,195,5.310901,108.695652,168.840162,108.695652,0.0,0.0,0.0,0,195,0.5,0.5,0.0,5,0.0,0.0
Bellcanada,SM,0,B1,34,5,5,0,34->5,,2.553295,inf,0.0,149,149,2.553295,108.695652,166.082557,108.695652,0.0,0.0,0.0,0,149,0.5,0.5,0.0,5,0.0,0.0
Bellcanada,SM,0,B1,35,5,5,0,35->46->47->3->5,,29.217176,inf,0.0,140,140,29.217176,108.695652,192.746437,108.695652,0.0,0.0,0.0,0,140,0.5,0.5,0.0,5,0.0,0.0
Bellcanada,SM,0,B1,36,5,5,0,36->37->32->34->5,,20.918318,inf,0.0,154,154,19.907371,108.695652,183.436632,108.695652,0.0,0.0,0.0,0,154,0.5,0.5,0.0,5,0.0,0.0
Bellcanada,SM,0,B1,37,5,3,1,37->32->34->5,,15.763364,inf,0.0,277,277,21.44486,30.487805,106.766274,30.487805,0.0,0.0,0.0,0,277,0.5,0.5,0.0,5,0.0,0.0
Bellcanada,SM,0,B1,38,5,5,0,38->32->34->5,,15.392888,inf,0.0,178,178,15.392888,108.695652,178.92215,108.695652,0.0,0.0,0.0,0,178,0.5,0.5,0.0,5,0.0,0.0
Bellcanada,SM,0,B1,39,5,3,1,39->28->34->5,,11.973179,inf,0.0,185,185,5.478151,30.487805,90.799566,30.487805,0.0,0.0,0.0,0,185,0.5,0.5,0.0,5,0.0,0.0
Bellcanada,SM,0,B1,40,5,3,1,40->3->5,,7.127125,inf,0.0,199,199,1.445629,30.487805,86.767043,30.487805,0.0,0.0,0.0,0,199,0.5,0.5,0.0,5,0.0,0.0
Bellcanada,SM,0,B1,41,4,4,0,41->13->29->30->44->45->46->47->3->4,,40.669916,inf,0.0,182,182,40.669916,7.861635,103.365161,7.861635,0.0,0.0,0.0,0,182,0.5,0.5,0.0,5,0.0,0.0
Bellcanada,SM,0,B1,42,4,4,0,42->43->35->46->47->3->4,,51.844736,inf,0.0,161,161,49.392846,7.861635,112.088091,7.861635,0.0,0.0,0.0,0,161,0.5,0.5,0.0,5,0.0,0.0
Bellcanada,SM,0,B1,43,4,4,0,43->35->30->44->45->46->47->3->4,,51.61829,inf,0.0,162,162,40.231655,7.861635,102.9269,7.861635,0.0,0.0,0.0,0,162,0.5,0.5,0.0,5,0.0,0.0
Bellcanada,SM,0,B1,44,4,4,0,44->45->46->47->3->4,,28.326802,inf,0.0,138,138,28.326802,7.861635,91.022047,7.861635,0.0,0.0,0.0,0,138.0,0.5,0.5,0.0,5,0.0,0.0
Bellcanada,SM,0,B1,45,4,4,0,45->46->47->3->4,,21.701304,inf,0.0,192,192,21.701304,7.861635,84.396549,7.861635,0.0,0.0,0.0,0,192.0,0.5,0.5,0.0,5,0.0,0.0
Bellcanada,SM,0,B1,46,4,4,0,46->47->3->4,,15.757653,inf,0.0,193,193,15.757653,7.861635,78.452898,7.861635,0.0,0.0,0.0,0,193.0,0.5,0.5,0.0,5,0.0,0.0
Bellcanada,SM,0,B1,47,4,3,1,47->3->4,,8.656278,inf,0.0,194,194,4.871951,30.487805,90.193365,30.487805,0.0,0.0,0.0,0,194,0.5,0.5,0.0,5,0.0,0.0
Bellcanada,SM,0,B1,48,4,3,1,48->46->47->3->4,,21.129897,inf,0.0,190,190,9.815242,30.487805,95.136656,30.487805,0.0,0.0,0.0,0,190,0.5,0.5,0.0,5,0.0,0.0
Bellcanada,SM,0,B3,1,1,1,0,1,1,0.0,55.700762,0.0,154,154,0.0,6.613757,61.447366,6.613757,0.0,0.0,0.0,0,154,0.5,0.5,0.0,5,0.0,0.0
Bellcanada,SM,0,B3,2,2,2,0,2,2,0.0,55.732082,0.0,171,171,0.0,6.25,61.083609,6.25,0.0,0.0,0.0,0,171,0.5,0.5,0.0,5,0.0,0.0
Bellcanada,SM,0,B3,3,3,3,0,3,3,0.0,55.761425,0.0,163,163,0.0,3.30251,58.136119,3.30251,0.0,0.0,0.0,0,163,0.5,0.5,0.0,5,0.0,0.0
Bellcanada,SM,0,B3,4,4,4,0,4,4,0.0,inf,0.0,152,152,0.0,3.728561,58.56217,3.728561,0.0,0.0,0.0,0,152,0.5,0.5,0.0,5,0.0,0.0
Bellcanada,SM,0,B3,5,5,5,0,5,5,0.0,inf,0.0,216,216,0.0,3.607504,58.441113,3.607504,0.0,0.0,0.0,0,216,0.5,0.5,0.0,5,0.0,0.0
Bellcanada,SM,0,B3,6,6,6,0,6,6,0.0,inf,0.0,179,179,0.0,3.543586,58.377196,3.543586,0.0,0.0,0.0,0,179,0.5,0.5,0.0,5,0.0,0.0
Bellcanada,SM,0,B3,7,7,7,0,7,7,0.0,inf,0.0,202,202,0.0,3.506311,58.339921,3.506311,0.0,0.0,0.0,0,202,0.5,0.5,0.0,5,0.0,0.0
Bellcanada,SM,0,B3,8,8,8,0,8,8,0.0,inf,0.0,220,220,0.0,3.943218,58.776827,3.943218,0.0,0.0,0.0,0,220,0.5,0.5,0.0,5,0.0,0.0
Bellcanada,SM,0,B3,9,8,1,1,9->34->5->8,9->28->40->3->1,9.25323,inf,0.0,191,191,9.225092,6.613757,70.672458,6.613757,0.0,0.0,0.0,0,191,0.5,0.5,0.0,5,0.0,0.0
Bellcanada,SM,0,B3,10,8,2,1,10->9->34->5->8,10->9->28->40->3->2,9.706646,inf,0.0,183,183,11.21912,6.25,72.30273,6.25,0.0,0.0,0.0,0,183,0.5,0.5,0.0,5,0.0,0.0
Bellcanada,SM,0,B3,11,8,8,0,11->20->19->18->17->15->14->30->44->45->46->47->3->2->7->8,11->20->19->18->17->15->14->30->44->45->46->47->3->2->7->8,49.28871,inf,0.0,180,180,49.28871,3.943218,108.065537,3.943218,0.0,0.0,0.0,0,180,0.5,0.5,0.0,5,0.0,0.0
Bellcanada,SM,0,B3,12,8,3,1,12->22->17->15->14->30->35->46->47->3->2->7->8,12->22->17->15->14->30->44->45->46->47->3,52.014376,inf,0.0,121,121,41.669181,3.30251,99.805301,3.30251,0.0,0.0,0.0,0,121,0.5,0.5,0.0,5,0.0,0.0
Bellcanada,SM,0,B3,13,8,8,0,13->41->36->32->34->5->8,13->29->30->44->45->46->47->3->2->7->8,64.177688,inf,0.0,166,166,41.246824,3.943218,100.023651,3.943218,0.0,0.0,0.0,0,166,0.5,0.5,0.0,5,0.0,0.0
Bellcanada,SM,0,B3,14,8,8,0,14->30->44->45->46->47->3->2->7->8,14->30->44->45->46->47->3->2->7->8,39.043154,inf,0.0,147,147,39.043154,3.943218,97.819981,3.943218,0.0,0.0,0.0,0,147.0,0.5,0.5,0.0,5,0.0,0.0
Bellcanada,SM,0,B3,15,8,8,0,15->14->30->44->45->46->47->3->2->7->8,15->14->30->44->45->46->47->3->2->7->8,40.697216,inf,0.0,187,187,40.697216,3.943218,99.474043,3.943218,0.0,0.0,0.0,0,187.0,0.5,0.5,0.0,5,0.0,0.0
Bellcanada,SM,0,B3,16,8,8,0,16->15->14->30->44->45->46->47->3->2->7->8,16->15->14->30->44->45->46->47->3->2->7->8,42.023652,inf,0.0,184,184,42.023652,3.943218,100.800479,3.943218,0.0,0.0,0.0,0,184,0.5,0.5,0.0,5,0.0,0.0
Bellcanada,SM,0,B3,17,7,7,0,17->15->14->30->44->45->46->47->3->2->7,17->15->14->30->44->45->46->47->3->2->7,40.41554,inf,0.0,144,144,40.41554,3.506311,98.755461,3.506311,0.0,0.0,0.0,0,144.0,0.5,0.5,0.0,5,0.0,0.0
Bellcanada,SM,0,B3,18,7,3,1,18->17->15->14->30->44->45->46->47->3->2->7,18->17->15->14->30->44->45->46->47->3,42.214961,inf,0.0,165,165,37.183571,3.30251,95.31969,3.30251,0.0,0.0,0.0,0,165,0.5,0.5,0.0,5,0.0,0.0
Bellcanada,SM,0,B3,19,7,7,0,19->18->17->15->14->30->44->45->46->47->3->2->7,19->18->17->15->14->30->44->45->46->47->3->2->7,44.094077,inf,0.0,171,171,44.094077,3.506311,102.433998,3.506311,0.0,0.0,0.0,0,171,0.5,0.5,0.0,5,0.0,0.0
Bellcanada,SM,0,B3,20,7,7,0,20->19->18->17->15->14->30->44->45->46->47->3->2->7,20->19->18->17->15->14->30->44->45->46->47->3->2->7,44.991422,inf,0.0,193,193,44.991422,3.506311,103.331343,3.506311,0.0,0.0,0.0,0,193,0.5,0.5,0.0,5,0.0,0.0
Bellcanada,SM,0,B3,21,7,1,1,21->24->17->15->14->30->44->45->46->47->3->2->7,21->24->17->15->14->30->44->45->46->47->3->1,44.926035,inf,0.0,207,207,42.259351,6.613757,103.706717,6.613757,0.0,0.0,0.0,0,207,0.5,0.5,0.0,5,0.0,0.0
Bellcanada,SM,0,B3,22,7,7,0,22->17->15->14->30->44->45->46->47->3->2->7,22->17->15->14->30->44->45->46->47->3->2->7,45.4003,inf,0.0,179,179,45.4003,3.506311,103.740221,3.506311,0.0,0.0,0.0,0,179,0.5,0.5,0.0,5,0.0,0.0
Bellcanada,SM,0,B3,23,7,2,1,23->21->24->17->15->14->30->44->45->46->47->3->2->7,23->21->24->17->15->14->30->44->45->46->47->3->2,47.013614,inf,0.0,202,202,45.887544,6.25,106.971153,6.25,0.0,0.0,0.0,0,202,0.5,0.5,0.0,5,0.0,0.0
Bellcanada,SM,0,B3,24,7,7,0,24->17->15->14->30->44->45->46->47->3->2->7,24->17->15->14->30->44->45->46->47->3->2->7,44.044821,inf,0.0,185,185,44.044821,3.506311,102.384742,3.506311,0.0,0.0,0.0,0,185,0.5,0.5,0.0,5,0.0,0.0
Bellcanada,SM,0,B3,25,6,5,1,25->26->22->17->15->14->30->44->45->46->47->3->5->6,25->26->22->17->15->14->30->44->45->46->47->3->5,93.025739,inf,0.0,187,187,55.969507,3.607504,114.41062,3.607504,0.0,0.0,0.0,0,187,0.5,0.5,0.0,5,0.0,0.0
Bellcanada,SM,0,B3,26,6,5,1,26->22->17->15->13->41->36->37->32->34->9->6,26->22->17->15->14->30->44->45->46->47->3->5,111.969818,inf,0.0,154,154,47.496831,3.607504,105.937944,3.607504,0.0,0.0,0.0,0,154,0.5,0.5,0.0,5,0.0,0.0
Bellcanada,SM,0,B3,27,6,5,1,27->28->9->6,27->28->40->3->5,42.285817,inf,0.0,169,169,10.24632,3.607504,68.687433,3.607504,0.0,0.0,0.0,0,169,0.5,0.5,0.0,5,0.0,0.0
Bellcanada,SM,0,B3,28,6,2,1,28->9->6,28->40->3->2,40.534462,inf,0.0,190,190,6.718787,6.25,67.802397,6.25,0.0,0.0,0.0,0,190,0.5,0.5,0.0,5,0.0,0.0
Bellcanada,SM,0,B3,29,6,5,1,29->30->44->45->46->48->39->28->9->6,29->30->44->45->46->47->3->5,69.820099,inf,0.0,162,162,34.566442,3.607504,93.007555,3.607504,0.0,0.0,0.0,0,162,0.5,0.5,0.0,5,0.0,0.0
Bellcanada,SM,0,B3,30,6,5,1,30->44->45->46->48->39->28->9->6,30->44->45->46->47->3->5,68.816253,inf,0.0,194,194,33.562596,3.607504,92.003709,3.607504,0.0,0.0,0.0,0,194.0,0.5,0.5,0.0,5,0.0,0.0
Bellcanada,SM,0,B3,31,6,3,1,31->34->9->6,31->34->5->3,40.13513,inf,0.0,156,156,9.161385,3.30251,67.297504,3.30251,0.0,0.0,0.0,0,156,0.5,0.5,0.0,5,0.0,0.0
Bellcanada,SM,0,B3,32,6,1,1,32->34->9->6,32->34->5->3->1,41.126628,inf,0.0,211,211,12.51759,6.613757,73.964956,6.613757,0.0,0.0,0.0,0,211,0.5,0.5,0.0,5,0.0,0.0
Bellcanada,SM,0,B3,33,5,3,1,33->31->34->5,33->31->34->5->3,5.310901,inf,0.0,195,195,10.992397,3.30251,69.128517,3.30251,0.0,0.0,0.0,0,195,0.5,0.5,0.0,5,0.0,0.0
Bellcanada,SM,0,B3,34,5,6,1,34->5,34->9->6,2.553295,inf,0.0,149,149,39.208537,3.543586,97.585733,3.543586,0.0,0.0,0.0,0,149,0.5,0.5,0.0,5,0.0,0.0
Bellcanada,SM,0,B3,35,5,6,1,35->46->47->3->5,35->46->48->39->28->9->6,29.217176,inf,0.0,140,140,64.470833,3.543586,122.848028,3.543586,0.0,0.0,0.0,0,140,0.5,0.5,0.0,5,0.0,0.0
Bellcanada,SM,0,B3,36,5,6,1,36->37->32->34->5,36->32->34->9->6,20.918318,inf,0.0,154,154,56.562613,3.543586,114.939808,3.543586,0.0,0.0,0.0,0,154,0.5,0.5,0.0,5,0.0,0.0
Bellcanada,SM,0,B3,37,5,6,1,37->32->34->5,37->32->34->9->6,15.763364,inf,0.0,277,277,52.418605,3.543586,110.795801,3.543586,0.0,0.0,0.0,0,277,0.5,0.5,0.0,5,0.0,0.0
Bellcanada,SM,0,B3,38,5,6,1,38->32->34->5,38->32->34->9->6,15.392888,inf,0.0,178,178,52.04813,3.543586,110.425326,3.543586,0.0,0.0,0.0,0,178,0.5,0.5,0.0,5,0.0,0.0
Bellcanada,SM,0,B3,39,5,2,1,39->28->34->5,39->28->40->3->2,11.973179,inf,0.0,185,185,9.383471,6.25,70.46708,6.25,0.0,0.0,0.0,0,185,0.5,0.5,0.0,5,0.0,0.0
Bellcanada,SM,0,B3,40,5,1,1,40->3->5,40->3->1,7.127125,inf,0.0,199,199,3.810335,6.613757,65.257701,6.613757,0.0,0.0,0.0,0,199,0.5,0.5,0.0,5,0.0,0.0
Bellcanada,SM,0,B3,41,4,4,0,41->13->29->30->44->45->46->47->3->4,41->13->29->30->44->45->46->47->3->4,40.669916,inf,0.0,182,182,40.669916,3.728561,99.232087,3.728561,0.0,0.0,0.0,0,182,0.5,0.5,0.0,5,0.0,0.0
Bellcanada,SM,0,B3,42,4,4,0,42->43->35->46->47->3->4,42->41->13->29->30->44->45->46->47->3->4,51.844736,inf,0.0,161,161,49.392846,3.728561,107.955016,3.728561,0.0,0.0,0.0,0,161,0.5,0.5,0.0,5,0.0,0.0
Bellcanada,SM,0,B3,43,4,4,0,43->35->30->44->45->46->47->3->4,43->35->46->47->3->4,51.61829,inf,0.0,162,162,40.231655,3.728561,98.793825,3.728561,0.0,0.0,0.0,0,162,0.5,0.5,0.0,5,0.0,0.0
Bellcanada,SM,0,B3,44,4,3,1,44->45->46->47->3->4,44->45->46->47->3,28.326802,inf,0.0,138,138,24.542475,3.30251,82.678594,3.30251,0.0,0.0,0.0,0,138.0,0.5,0.5,0.0,5,0.0,0.0
Bellcanada,SM,0,B3,45,4,4,0,45->46->47->3->4,45->46->47->3->4,21.701304,inf,0.0,192,192,21.701304,3.728561,80.263474,3.728561,0.0,0.0,0.0,0,192.0,0.5,0.5,0.0,5,0.0,0.0
Bellcanada,SM,0,B3,46,4,2,1,46->47->3->4,46->47->3->2,15.757653,inf,0.0,193,193,15.878646,6.25,76.962255,6.25,0.0,0.0,0.0,0,193.0,0.5,0.5,0.0,5,0.0,0.0
Bellcanada,SM,0,B3,47,4,1,1,47->3->4,47->3->1,8.656278,inf,0.0,194,194,7.236658,6.613757,68.684024,6.613757,0.0,0.0,0.0,0,194,0.5,0.5,0.0,5,0.0,0.0
Bellcanada,SM,0,B3,48,4,4,0,48->46->47->3->4,48->39->28->40->3->4,21.129897,inf,0.0,190,190,13.599569,3.728561,72.161739,3.728561,0.0,0.0,0.0,0,190,0.5,0.5,0.0,5,0.0,0.0
Bellcanada,SM,0,MCF_ARC,1,1,1,0,1,1,0.0,55.700762,0.0,154,154,0.0,0.868904,55.700762,0.867152,0.0,0.0,0.0,0,154,0.5,0.5,0.0,5,0.0,0.0
Bellcanada,SM,0,MCF_ARC,2,2,2,0,2,2,0.0,55.732082,0.0,171,171,0.0,10.241773,63.098072,8.264463,0.0,0.0,0.0,0,171,0.5,0.5,0.0,5,0.0,0.0
Bellcanada,SM,0,MCF_ARC,3,3,3,0,3,3,0.0,55.761425,0.0,163,163,0.0,15.941627,70.507591,15.673981,0.0,0.0,0.0,0,163,0.5,0.5,0.0,5,0.0,0.0
Bellcanada,SM,0,MCF_ARC,4,4,4,0,4,4,0.0,inf,0.0,152,152,0.0,12.233499,64.914255,10.080645,0.0,0.0,0.0,0,152,0.5,0.5,0.0,5,0.0,0.0
Bellcanada,SM,0,MCF_ARC,5,5,5,0,5,5,0.0,inf,0.0,216,216,0.0,8.49224,61.865958,7.032349,0.0,0.0,0.0,0,216,0.5,0.5,0.0,5,0.0,0.0
Bellcanada,SM,0,MCF_ARC,6,6,6,0,6,6,0.0,inf,0.0,179,179,0.0,8.827494,62.069499,7.23589,0.0,0.0,0.0,0,179,0.5,0.5,0.0,5,0.0,0.0
Bellcanada,SM,0,MCF_ARC,7,7,7,0,7,7,0.0,inf,0.0,202,202,0.0,8.073174,61.627088,6.793478,0.0,0.0,0.0,0,202,0.5,0.5,0.0,5,0.0,0.0
Bellcanada,SM,0,MCF_ARC,8,8,8,0,8,8,0.0,inf,0.0,220,220,0.0,10.735826,63.484128,8.650519,0.0,0.0,0.0,0,220,0.5,0.5,0.0,5,0.0,0.0
Bellcanada,SM,0,MCF_ARC,9,8,2,1,9->34->5->8,9->28->40->3->2,9.25323,inf,0.0,191,191,10.765705,10.241773,73.863777,8.264463,0.0,0.0,0.0,0,191,0.5,0.5,0.0,5,0.0,0.0
Bellcanada,SM,0,MCF_ARC,10,8,8,0,10->9->34->5->8,10->9->34->5->8,9.706646,inf,0.0,183,183,9.706646,10.735826,73.190774,8.650519,0.0,0.0,0.0,0,183,0.5,0.5,0.0,5,0.0,0.0
Bellcanada,SM,0,MCF_ARC,11,8,8,0,11->20->19->18->17->15->14->30->44->45->46->47->3->2->7->8,11->20->19->18->17->15->14->30->44->45->46->47->3->2->7->8,49.28871,inf,0.0,180,180,49.28871,10.735826,112.772839,8.650519,0.0,0.0,0.0,0,180,0.5,0.5,0.0,5,0.0,0.0
Bellcanada,SM,0,MCF_ARC,12,8,8,0,12->22->17->15->14->30->35->46->47->3->2->7->8,12->22->17->15->14->30->44->45->46->47->3->2->7->8,52.014376,inf,0.0,121,121,49.318582,10.735826,112.80271,8.650519,0.0,0.0,0.0,0,121,0.5,0.5,0.0,5,0.0,0.0
Bellcanada,SM,0,MCF_ARC,13,8,7,1,13->41->36->32->34->5->8,13->29->30->44->45->46->47->3->2->7,64.177688,inf,0.0,166,166,38.628813,8.073174,100.255901,6.793478,0.0,0.0,0.0,0,166,0.5,0.5,0.0,5,0.0,0.0
Bellcanada,SM,0,MCF_ARC,14,8,8,0,14->30->44->45->46->47->3->2->7->8,14->30->44->45->46->47->3->2->7->8,39.043154,inf,0.0,147,147,39.043154,10.735826,102.527282,8.650519,0.0,0.0,0.0,0,147.0,0.5,0.5,0.0,5,0.0,0.0
Bellcanada,SM,0,MCF_ARC,15,8,8,0,15->14->30->44->45->46->47->3->2->7->8,15->14->30->44->45->46->47->3->2->7->8,40.697216,inf,0.0,187,187,40.697216,10.735826,104.181344,8.650519,0.0,0.0,0.0,0,187.0,0.5,0.5,0.0,5,0.0,0.0
Bellcanada,SM,0,MCF_ARC,16,8,8,0,16->15->14->30->44->45->46->47->3->2->7->8,16->15->14->30->44->45->46->47->3->2->7->8,42.023652,inf,0.0,184,184,42.023652,10.735826,105.507781,8.650519,0.0,0.0,0.0,0,184,0.5,0.5,0.0,5,0.0,0.0
Bellcanada,SM,0,MCF_ARC,17,7,7,0,17->15->14->30->44->45->46->47->3->2->7,17->15->14->30->44->45->46->47->3->2->7,40.41554,inf,0.0,144,144,40.41554,8.073174,102.042628,6.793478,0.0,0.0,0.0,0,144.0,0.5,0.5,0.0,5,0.0,0.0
Bellcanada,SM,0,MCF_ARC,18,7,7,0,18->17->15->14->30->44->45->46->47->3->2->7,18->17->15->14->30->44->45->46->47->3->2->7,42.214961,inf,0.0,165,165,42.214961,8.073174,103.842049,6.793478,0.0,0.0,0.0,0,165,0.5,0.5,0.0,5,0.0,0.0
Bellcanada,SM,0,MCF_ARC,19,7,7,0,19->18->17->15->14->30->44->45->46->47->3->2->7,19->18->17->15->14->30->44->45->46->47->3->2->7,44.094077,inf,0.0,171,171,44.094077,8.073174,105.721165,6.793478,0.0,0.0,0.0,0,171,0.5,0.5,0.0,5,0.0,0.0
Bellcanada,SM,0,MCF_ARC,20,7,2,1,20->19->18->17->15->14->30->44->45->46->47->3->2->7,20->19->18->17->15->14->30->44->45->46->47->3->2,44.991422,inf,0.0,193,193,43.865351,10.241773,106.963424,8.264463,0.0,0.0,0.0,0,193,0.5,0.5,0.0,5,0.0,0.0
Bellcanada,SM,0,MCF_ARC,21,7,2,1,21->24->17->15->14->30->44->45->46->47->3->2->7,21->24->17->15->14->30->44->45->46->47->3->2,44.926035,inf,0.0,207,207,43.799964,10.241773,106.898036,8.264463,0.0,0.0,0.0,0,207,0.5,0.5,0.0,5,0.0,0.0
Bellcanada,SM,0,MCF_ARC,22,7,7,0,22->17->15->14->30->44->45->46->47->3->2->7,22->17->15->14->30->44->45->46->47->3->2->7,45.4003,inf,0.0,179,179,45.4003,8.073174,107.027388,6.793478,0.0,0.0,0.0,0,179,0.5,0.5,0.0,5,0.0,0.0
Bellcanada,SM,0,MCF_ARC,23,7,2,1,23->21->24->17->15->14->30->44->45->46->47->3->2->7,23->21->24->17->15->14->30->44->45->46->47->3->2,47.013614,inf,0.0,202,202,45.887544,10.241773,108.985616,8.264463,0.0,0.0,0.0,0,202,0.5,0.5,0.0,5,0.0,0.0
Bellcanada,SM,0,MCF_ARC,24,7,7,0,24->17->15->14->30->44->45->46->47->3->2->7,24->17->15->14->30->44->45->46->47->3->2->7,44.044821,inf,0.0,185,185,44.044821,8.073174,105.671909,6.793478,0.0,0.0,0.0,0,185,0.5,0.5,0.0,5,0.0,0.0
Bellcanada,SM,0,MCF_ARC,25,6,3,1,25->26->22->17->15->14->30->44->45->46->47->3->5->6,25->26->22->17->15->14->30->44->45->46->47->3,93.025739,inf,0.0,187,187,50.28801,15.941627,120.795601,15.673981,0.0,0.0,0.0,0,187,0.5,0.5,0.0,5,0.0,0.0
Bellcanada,SM,0,MCF_ARC,26,6,6,0,26->22->17->15->13->41->36->37->32->34->9->6,26->22->17->15->14->30->44->45->46->48->39->28->9->6,111.969818,inf,0.0,154,154,82.750487,8.827494,144.819987,7.23589,0.0,0.0,0.0,0,154,0.5,0.5,0.0,5,0.0,0.0
Bellcanada,SM,0,MCF_ARC,27,6,6,0,27->28->9->6,27->28->9->6,42.285817,inf,0.0,169,169,42.285817,8.827494,104.355317,7.23589,0.0,0.0,0.0,0,169,0.5,0.5,0.0,5,0.0,0.0
Bellcanada,SM,0,MCF_ARC,28,6,6,0,28->9->6,28->9->6,40.534462,inf,0.0,190,190,40.534462,8.827494,102.603962,7.23589,0.0,0.0,0.0,0,190,0.5,0.5,0.0,5,0.0,0.0
Bellcanada,SM,0,MCF_ARC,29,6,6,0,29->30->44->45->46->48->39->28->9->6,29->30->44->45->46->48->39->28->9->6,69.820099,inf,0.0,162,162,69.820099,8.827494,131.889598,7.23589,0.0,0.0,0.0,0,162,0.5,0.5,0.0,5,0.0,0.0
Bellcanada,SM,0,MCF_ARC,30,6,3,1,30->44->45->46->48->39->28->9->6,30->44->45->46->47->3,68.816253,inf,0.0,194,194,27.881099,15.941627,98.38869,15.673981,0.0,0.0,0.0,0,194.0,0.5,0.5,0.0,5,0.0,0.0
Bellcanada,SM,0,MCF_ARC,31,6,6,0,31->34->9->6,31->34->9->6,40.13513,inf,0.0,156,156,40.13513,8.827494,102.20463,7.23589,0.0,0.0,0.0,0,156,0.5,0.5,0.0,5,0.0,0.0
Bellcanada,SM,0,MCF_ARC,32,6,6,0,32->34->9->6,32->34->9->6,41.126628,inf,0.0,211,211,41.126628,8.827494,103.196128,7.23589,0.0,0.0,0.0,0,211,0.5,0.5,0.0,5,0.0,0.0
Bellcanada,SM,0,MCF_ARC,33,5,5,0,33->31->34->5,33->31->34->5,5.310901,inf,0.0,195,195,5.310901,8.49224,67.176859,7.032349,0.0,0.0,0.0,0,195,0.5,0.5,0.0,5,0.0,0.0
Bellcanada,SM,0,MCF_ARC,34,5,5,0,34->5,34->5,2.553295,inf,0.0,149,149,2.553295,8.49224,64.419253,7.032349,0.0,0.0,0.0,0,149,0.5,0.5,0.0,5,0.0,0.0
Bellcanada,SM,0,MCF_ARC,35,5,5,0,35->46->47->3->5,35->46->47->3->5,29.217176,inf,0.0,140,140,29.217176,8.49224,91.083134,7.032349,0.0,0.0,0.0,0,140,0.5,0.5,0.0,5,0.0,0.0
Bellcanada,SM,0,MCF_ARC,36,5,5,0,36->37->32->34->5,36->32->34->5,20.918318,inf,0.0,154,154,19.907371,8.49224,81.773329,7.032349,0.0,0.0,0.0,0,154,0.5,0.5,0.0,5,0.0,0.0
Bellcanada,SM,0,MCF_ARC,37,5,3,1,37->32->34->5,37->32->34->5->3,15.763364,inf,0.0,277,277,21.44486,15.941627,91.952451,15.673981,0.0,0.0,0.0,0,277,0.5,0.5,0.0,5,0.0,0.0
Bellcanada,SM,0,MCF_ARC,38,5,5,0,38->32->34->5,38->32->34->5,15.392888,inf,0.0,178,178,15.392888,8.49224,77.258847,7.032349,0.0,0.0,0.0,0,178,0.5,0.5,0.0,5,0.0,0.0
Bellcanada,SM,0,MCF_ARC,39,5,5,0,39->28->34->5,39->28->40->3->5,11.973179,inf,0.0,185,185,11.159648,8.49224,73.025606,7.032349,0.0,0.0,0.0,0,185,0.5,0.5,0.0,5,0.0,0.0
Bellcanada,SM,0,MCF_ARC,40,5,2,1,40->3->5,40->3->2,7.127125,inf,0.0,199,199,5.350948,10.241773,68.44902,8.264463,0.0,0.0,0.0,0,199,0.5,0.5,0.0,5,0.0,0.0
Bellcanada,SM,0,MCF_ARC,41,4,4,0,41->13->29->30->44->45->46->47->3->4,41->13->29->30->44->45->46->47->3->4,40.669916,inf,0.0,182,182,40.669916,12.233499,105.584171,10.080645,0.0,0.0,0.0,0,182,0.5,0.5,0.0,5,0.0,0.0
Bellcanada,SM,0,MCF_ARC,42,4,4,0,42->43->35->46->47->3->4,42->41->13->29->30->44->45->46->47->3->4,51.844736,inf,0.0,161,161,49.392846,12.233499,114.3071,10.080645,0.0,0.0,0.0,0,161,0.5,0.5,0.0,5,0.0,0.0
Bellcanada,SM,0,MCF_ARC,43,4,3,1,43->35->30->44->45->46->47->3->4,43->35->46->47->3,51.61829,inf,0.0,162,162,36.447328,15.941627,106.954919,15.673981,0.0,0.0,0.0,0,162,0.5,0.5,0.0,5,0.0,0.0
Bellcanada,SM,0,MCF_ARC,44,4,4,0,44->45->46->47->3->4,44->45->46->47->3->4,28.326802,inf,0.0,138,138,28.326802,12.233499,93.241057,10.080645,0.0,0.0,0.0,0,138.0,0.5,0.5,0.0,5,0.0,0.0
Bellcanada,SM,0,MCF_ARC,45,4,4,0,45->46->47->3->4,45->46->47->3->4,21.701304,inf,0.0,192,192,21.701304,12.233499,86.615559,10.080645,0.0,0.0,0.0,0,192.0,0.5,0.5,0.0,5,0.0,0.0
Bellcanada,SM,0,MCF_ARC,46,4,4,0,46->47->3->4,46->47->3->4,15.757653,inf,0.0,193,193,15.757653,12.233499,80.671908,10.080645,0.0,0.0,0.0,0,193.0,0.5,0.5,0.0,5,0.0,0.0
Bellcanada,SM,0,MCF_ARC,47,4,3,1,47->3->4,47->3,8.656278,inf,0.0,194,194,4.871951,15.941627,75.379542,15.673981,0.0,0.0,0.0,0,194,0.5,0.5,0.0,5,0.0,0.0
Bellcanada,SM,0,MCF_ARC,48,4,4,0,48->46->47->3->4,48->39->28->40->3->4,21.129897,inf,0.0,190,190,13.599569,12.233499,78.513823,10.080645,0.0,0.0,0.0,0,190,0.5,0.5,0.0,5,0.0,0.0
Bellcanada,SM,1,B1,1,1,1,0,1,,0.0,55.727584,0.0,191,191,0.0,0.893975,55.727584,0.893975,0.0,0.0,0.0,0,191,0.5,0.5,0.0,5,0.0,0.0
Bellcanada,SM,1,B1,2,2,2,0,2,,0.0,55.759193,0.0,194,194,0.0,4.378284,59.211893,4.378284,0.0,0.0,0.0,0,194,0.5,0.5,0.0,5,0.0,0.0
Bellcanada,SM,1,B1,3,3,3,0,3,,0.0,56.492534,0.0,165,165,0.0,1250.0,1304.833609,1250.0,0.0,0.0,0.0,0,165,0.5,0.5,0.0,5,0.0,0.0
Bellcanada,SM,1,B1,4,4,4,0,4,,0.0,inf,0.0,143,143,0.0,87.719298,142.552908,87.719298,0.0,0.0,0.0,0,143,0.5,0.5,0.0,5,0.0,0.0
Bellcanada,SM,1,B1,5,5,5,0,5,,0.0,inf,0.0,173,173,0.0,294.117647,348.951256,294.117647,0.0,0.0,0.0,0,173,0.5,0.5,0.0,5,0.0,0.0
Bellcanada,SM,1,B1,6,6,6,0,6,,0.0,inf,0.0,202,202,0.0,12.437811,67.27142,12.437811,0.0,0.0,0.0,0,202,0.5,0.5,0.0,5,0.0,0.0
Bellcanada,SM,1,B1,7,7,7,0,7,,0.0,inf,0.0,178,178,0.0,42.735043,97.568652,42.735043,0.0,0.0,0.0,0,178,0.5,0.5,0.0,5,0.0,0.0
Bellcanada,SM,1,B1,8,8,8,0,8,,0.0,inf,0.0,217,217,0.0,29.94012,84.773729,29.94012,0.0,0.0,0.0,0,217,0.5,0.5,0.0,5,0.0,0.0
Bellcanada,SM,1,B1,9,8,8,0,9->34->5->8,,9.25323,inf,0.0,177,177,9.25323,29.94012,94.026959,29.94012,0.0,0.0,0.0,0,177,0.5,0.5,0.0,5,0.0,0.0
Bellcanada,SM,1,B1,10,8,8,0,10->9->34->5->8,,9.706646,inf,0.0,140,140,9.706646,29.94012,94.480375,29.94012,0.0,0.0,0.0,0,140,0.5,0.5,0.0,5,0.0,0.0
Bellcanada,SM,1,B1,11,8,8,0,11->20->19->18->17->15->14->30->44->45->46->47->3->2->7->8,,49.28871,inf,0.0,193,193,49.28871,29.94012,134.062439,29.94012,0.0,0.0,0.0,0,193,0.5,0.5,0.0,5,0.0,0.0
Bellcanada,SM,1,B1,12,8,2,1,12->22->17->15->14->30->44->45->46->47->3->2->7->8,,49.318582,inf,0.0,207,207,45.574501,4.378284,104.786394,4.378284,0.0,0.0,0.0,0,207,0.5,0.5,0.0,5,0.0,0.0
Bellcanada,SM,1,B1,13,8,8,0,13->29->30->44->45->46->47->3->2->7->8,,41.246824,inf,0.0,169,169,41.246824,29.94012,126.020553,29.94012,0.0,0.0,0.0,0,169,0.5,0.5,0.0,5,0.0,0.0
Bellcanada,SM,1,B1,14,8,2,1,14->30->44->45->46->47->3->2->7->8,,39.043154,inf,0.0,206,206,35.299073,4.378284,94.510966,4.378284,0.0,0.0,0.0,0,206.0,0.5,0.5,0.0,5,0.0,0.0
Bellcanada,SM,1,B1,15,8,7,1,15->13->41->36->32->34->5->8,,69.515053,inf,0.0,129,129,38.079205,42.735043,135.647858,42.735043,0.0,0.0,0.0,0,129.0,0.5,0.5,0.0,5,0.0,0.0
Bellcanada,SM,1,B1,16,7,7,0,16->15->14->30->44->45->46->47->3->2->7,,39.405642,inf,0.0,206,206,39.405642,42.735043,136.974294,42.735043,0.0,0.0,0.0,0,206,0.5,0.5,0.0,5,0.0,0.0
Bellcanada,SM,1,B1,17,8,8,0,17->15->14->30->44->45->46->47->3->2->7->8,,43.03355,inf,0.0,114,114,43.03355,29.94012,127.80728,29.94012,0.0,0.0,0.0,0,114.0,0.5,0.5,0.0,5,0.0,0.0
Bellcanada,SM,1,B1,18,7,7,0,18->17->15->14->30->44->45->46->47->3->2->7,,42.214961,inf,0.0,170,170,42.214961,42.735043,139.783613,42.735043,0.0,0.0,0.0,0,170,0.5,0.5,0.0,5,0.0,0.0
Bellcanada,SM,1,B1,19,7,7,0,19->18->17->15->14->30->44->45->46->47->3->2->7,,44.094077,inf,0.0,193,193,44.094077,42.735043,141.662729,42.735043,0.0,0.0,0.0,0,193,0.5,0.5,0.0,5,0.0,0.0
Bellcanada,SM,1,B1,20,7,2,1,20->19->18->17->15->14->30->44->45->46->47->3->2->7,,44.991422,inf,0.0,226,226,43.865351,4.378284,103.077244,4.378284,0.0,0.0,0.0,0,226,0.5,0.5,0.0,5,0.0,0.0
Bellcanada,SM,1,B1,21,7,2,1,21->24->17->15->14->30->44->45->46->47->3->2->7,,44.926035,inf,0.0,213,213,43.799964,4.378284,103.011857,4.378284,0.0,0.0,0.0,0,213,0.5,0.5,0.0,5,0.0,0.0
Bellcanada,SM,1,B1,22,7,7,0,22->17->15->14->30->44->45->46->47->3->2->7,,45.4003,inf,0.0,198,198,45.4003,42.735043,142.968952,42.735043,0.0,0.0,0.0,0,198,0.5,0.5,0.0,5,0.0,0.0
Bellcanada,SM,1,B1,23,6,6,0,23->21->24->17->15->14->30->44->45->46->48->39->28->9->6,,82.917378,inf,0.0,239,239,82.917378,12.437811,150.188798,12.437811,0.0,0.0,0.0,0,239,0.5,0.5,0.0,5,0.0,0.0
Bellcanada,SM,1,B1,24,7,7,0,24->17->15->14->30->44->45->46->47->3->2->7,,44.044821,inf,0.0,177,177,44.044821,42.735043,141.613474,42.735043,0.0,0.0,0.0,0,177,0.5,0.5,0.0,5,0.0,0.0
Bellcanada,SM,1,B1,25,6,5,1,25->26->22->17->15->14->30->44->45->46->47->3->5->6,,93.025739,inf,0.0,160,160,55.969507,294.117647,404.920763,294.117647,0.0,0.0,0.0,0,160,0.5,0.5,0.0,5,0.0,0.0
Bellcanada,SM,1,B1,26,6,6,0,26->22->17->15->14->30->44->45->46->47->3->5->6,,84.553063,inf,0.0,160,160,82.750487,12.437811,150.021908,12.437811,0.0,0.0,0.0,0,160,0.5,0.5,0.0,5,0.0,0.0
Bellcanada,SM,1,B1,27,6,6,0,27->28->9->6,,42.285817,inf,0.0,193,193,42.285817,12.437811,109.557238,12.437811,0.0,0.0,0.0,0,193,0.5,0.5,0.0,5,0.0,0.0
Bellcanada,SM,1,B1,28,6,6,0,28->9->6,,40.534462,inf,0.0,197,197,40.534462,12.437811,107.805883,12.437811,0.0,0.0,0.0,0,197,0.5,0.5,0.0,5,0.0,0.0
Bellcanada,SM,1,B1,29,6,6,0,29->30->44->45->46->48->39->28->9->6,,69.820099,inf,0.0,203,203,69.820099,12.437811,137.091519,12.437811,0.0,0.0,0.0,0,203,0.5,0.5,0.0,5,0.0,0.0
Bellcanada,SM,1,B1,30,6,3,1,30->44->45->46->48->39->28->9->6,,68.816253,inf,0.0,222,222,27.881099,1250.0,1332.714709,1250.0,0.0,0.0,0.0,0,222.0,0.5,0.5,0.0,5,0.0,0.0
Bellcanada,SM,1,B1,31,5,5,0,31->34->5,,3.479888,inf,0.0,146,146,3.479888,294.117647,352.431145,294.117647,0.0,0.0,0.0,0,146,0.5,0.5,0.0,5,0.0,0.0
Bellcanada,SM,1,B1,32,5,5,0,32->34->5,,4.471386,inf,0.0,188,188,4.471386,294.117647,353.422643,294.117647,0.0,0.0,0.0,0,188,0.5,0.5,0.0,5,0.0,0.0
Bellcanada,SM,1,B1,33,5,8,1,33->31->34->5,,5.310901,inf,0.0,231,231,9.289844,29.94012,94.063573,29.94012,0.0,0.0,0.0,0,231,0.5,0.5,0.0,5,0.0,0.0
Bellcanada,SM,1,B1,34,5,5,0,34->5,,2.553295,inf,0.0,164,164,2.553295,294.117647,351.504552,294.117647,0.0,0.0,0.0,0,164,0.5,0.5,0.0,5,0.0,0.0
Bellcanada,SM,1,B1,35,5,3,1,35->46->47->3->5,,29.217176,inf,0.0,178,178,23.535679,1250.0,1328.369289,1250.0,0.0,0.0,0.0,0,178,0.5,0.5,0.0,5,0.0,0.0
Bellcanada,SM,1,B1,36,5,5,0,36->37->32->34->5,,20.918318,inf,0.0,189,189,19.907371,294.117647,368.858627,294.117647,0.0,0.0,0.0,0,189,0.5,0.5,0.0,5,0.0,0.0
Bellcanada,SM,1,B1,37,5,5,0,37->38->32->34->5,,15.835836,inf,0.0,142,142,15.763364,294.117647,364.71462,294.117647,0.0,0.0,0.0,0,142,0.5,0.5,0.0,5,0.0,0.0
Bellcanada,SM,1,B1,38,4,3,1,38->32->34->5->3->4,,24.858712,inf,0.0,202,202,21.074385,1250.0,1325.907994,1250.0,0.0,0.0,0.0,0,202,0.5,0.5,0.0,5,0.0,0.0
Bellcanada,SM,1,B1,39,4,4,0,39->28->40->3->4,,9.262478,inf,0.0,229,229,9.262478,87.719298,151.815386,87.719298,0.0,0.0,0.0,0,229,0.5,0.5,0.0,5,0.0,0.0
Bellcanada,SM,1,B1,40,5,5,0,40->3->5,,7.127125,inf,0.0,109,109,7.127125,294.117647,356.078382,294.117647,0.0,0.0,0.0,0,109,0.5,0.5,0.0,5,0.0,0.0
Bellcanada,SM,1,B1,41,4,4,0,41->36->32->34->5->3->4,,66.376402,inf,0.0,127,127,40.669916,87.719298,183.222824,87.719298,0.0,0.0,0.0,0,127,0.5,0.5,0.0,5,0.0,0.0
Bellcanada,SM,1,B1,42,4,4,0,42->41->13->29->30->44->45->46->47->3->4,,49.392846,inf,0.0,245,245,49.392846,87.719298,191.945754,87.719298,0.0,0.0,0.0,0,245,0.5,0.5,0.0,5,0.0,0.0
Bellcanada,SM,1,B1,43,4,4,0,43->35->46->47->3->4,,40.231655,inf,0.0,183,183,40.231655,87.719298,182.784563,87.719298,0.0,0.0,0.0,0,183,0.5,0.5,0.0,5,0.0,0.0
Bellcanada,SM,1,B1,44,4,4,0,44->45->46->47->3->4,,28.326802,inf,0.0,215,215,28.326802,87.719298,170.87971,87.719298,0.0,0.0,0.0,0,215.0,0.5,0.5,0.0,5,0.0,0.0
Bellcanada,SM,1,B1,45,4,4,0,45->46->47->3->4,,21.701304,inf,0.0,121,121,21.701304,87.719298,164.254212,87.719298,0.0,0.0,0.0,0,121.0,0.5,0.5,0.0,5,0.0,0.0
Bellcanada,SM,1,B1,46,3,3,0,46->47->3,,11.973326,68.465861,0.0,188,188,11.973326,1250.0,1316.806935,1250.0,0.0,0.0,0.0,0,188.0,0.5,0.5,0.0,5,0.0,0.0
Bellcanada,SM,1,B1,47,3,3,0,47->3,,4.871951,61.364486,0.0,222,222,4.871951,1250.0,1309.705561,1250.0,0.0,0.0,0.0,0,222,0.5,0.5,0.0,5,0.0,0.0
Bellcanada,SM,1,B1,48,3,3,0,48->46->47->3,,17.34557,73.838104,0.0,171,171,9.815242,1250.0,1314.648851,1250.0,0.0,0.0,0.0,0,171,0.5,0.5,0.0,5,0.0,0.0
Bellcanada,SM,1,B3,1,1,1,0,1,1,0.0,55.727584,0.0,191,191,0.0,18.656716,73.490326,18.656716,0.0,0.0,0.0,0,191,0.5,0.5,0.0,5,0.0,0.0
Bellcanada,SM,1,B3,2,2,2,0,2,2,0.0,55.759193,0.0,194,194,0.0,6.518905,61.352514,6.518905,0.0,0.0,0.0,0,194,0.5,0.5,0.0,5,0.0,0.0
Bellcanada,SM,1,B3,3,3,3,0,3,3,0.0,56.492534,0.0,165,165,0.0,4.468275,59.301885,4.468275,0.0,0.0,0.0,0,165,0.5,0.5,0.0,5,0.0,0.0
Bellcanada,SM,1,B3,4,4,4,0,4,4,0.0,inf,0.0,143,143,0.0,5.701254,60.534864,5.701254,0.0,0.0,0.0,0,143,0.5,0.5,0.0,5,0.0,0.0
Bellcanada,SM,1,B3,5,5,5,0,5,5,0.0,inf,0.0,173,173,0.0,3.671072,58.504681,3.671072,0.0,0.0,0.0,0,173,0.5,0.5,0.0,5,0.0,0.0
Bellcanada,SM,1,B3,6,6,6,0,6,6,0.0,inf,0.0,202,202,0.0,7.668712,62.502321,7.668712,0.0,0.0,0.0,0,202,0.5,0.5,0.0,5,0.0,0.0
Bellcanada,SM,1,B3,7,7,7,0,7,7,0.0,inf,0.0,178,178,0.0,3.101737,57.935346,3.101737,0.0,0.0,0.0,0,178,0.5,0.5,0.0,5,0.0,0.0
Bellcanada,SM,1,B3,8,8,8,0,8,8,0.0,inf,0.0,217,217,0.0,5.938242,60.771852,5.938242,0.0,0.0,0.0,0,217,0.5,0.5,0.0,5,0.0,0.0
Bellcanada,SM,1,B3,9,8,1,1,9->34->5->8,9->28->40->3->1,9.25323,inf,0.0,177,177,9.225092,18.656716,82.715418,18.656716,0.0,0.0,0.0,0,177,0.5,0.5,0.0,5,0.0,0.0
Bellcanada,SM,1,B3,10,8,2,1,10->9->34->5->8,10->9->28->40->3->2,9.706646,inf,0.0,140,140,11.21912,6.518905,72.571634,6.518905,0.0,0.0,0.0,0,140,0.5,0.5,0.0,5,0.0,0.0
Bellcanada,SM,1,B3,11,8,8,0,11->20->19->18->17->15->14->30->44->45->46->47->3->2->7->8,11->20->19->18->17->15->14->30->44->45->46->47->3->2->7->8,49.28871,inf,0.0,193,193,49.28871,5.938242,110.060562,5.938242,0.0,0.0,0.0,0,193,0.5,0.5,0.0,5,0.0,0.0
Bellcanada,SM,1,B3,12,8,8,0,12->22->17->15->14->30->44->45->46->47->3->2->7->8,12->22->17->15->14->30->44->45->46->47->3->2->7->8,49.318582,inf,0.0,207,207,49.318582,5.938242,110.090434,5.938242,0.0,0.0,0.0,0,207,0.5,0.5,0.0,5,0.0,0.0
Bellcanada,SM,1,B3,13,8,8,0,13->29->30->44->45->46->47->3->2->7->8,13->29->30->44->45->46->47->3->2->7->8,41.246824,inf,0.0,169,169,41.246824,5.938242,102.018675,5.938242,0.0,0.0,0.0,0,169,0.5,0.5,0.0,5,0.0,0.0
Bellcanada,SM,1,B3,14,8,8,0,14->30->44->45->46->47->3->2->7->8,14->30->44->45->46->47->3->2->7->8,39.043154,inf,0.0,206,206,39.043154,5.938242,99.815005,5.938242,0.0,0.0,0.0,0,206.0,0.5,0.5,0.0,5,0.0,0.0
Bellcanada,SM,1,B3,15,8,3,1,15->13->41->36->32->34->5->8,15->14->30->44->45->46->47->3,69.515053,inf,0.0,129,129,33.047815,4.468275,92.3497,4.468275,0.0,0.0,0.0,0,129.0,0.5,0.5,0.0,5,0.0,0.0
Bellcanada,SM,1,B3,16,7,7,0,16->15->14->30->44->45->46->47->3->2->7,16->15->14->30->44->45->46->47->3->2->7,39.405642,inf,0.0,206,206,39.405642,3.101737,97.340988,3.101737,0.0,0.0,0.0,0,206,0.5,0.5,0.0,5,0.0,0.0
Bellcanada,SM,1,B3,17,8,8,0,17->15->14->30->44->45->46->47->3->2->7->8,17->15->14->30->44->45->46->47->3->2->7->8,43.03355,inf,0.0,114,114,43.03355,5.938242,103.805402,5.938242,0.0,0.0,0.0,0,114.0,0.5,0.5,0.0,5,0.0,0.0
Bellcanada,SM,1,B3,18,7,3,1,18->17->15->14->30->44->45->46->47->3->2->7,18->17->15->14->30->44->45->46->47->3,42.214961,inf,0.0,170,170,37.183571,4.468275,96.485456,4.468275,0.0,0.0,0.0,0,170,0.5,0.5,0.0,5,0.0,0.0
Bellcanada,SM,1,B3,19,7,7,0,19->18->17->15->14->30->44->45->46->47->3->2->7,19->18->17->15->14->30->44->45->46->47->3->2->7,44.094077,inf,0.0,193,193,44.094077,3.101737,102.029424,3.101737,0.0,0.0,0.0,0,193,0.5,0.5,0.0,5,0.0,0.0
Bellcanada,SM,1,B3,20,7,1,1,20->19->18->17->15->14->30->44->45->46->47->3->2->7,20->19->18->17->15->14->30->44->45->46->47->3->1,44.991422,inf,0.0,226,226,42.324739,18.656716,115.815065,18.656716,0.0,0.0,0.0,0,226,0.5,0.5,0.0,5,0.0,0.0
Bellcanada,SM,1,B3,21,7,2,1,21->24->17->15->14->30->44->45->46->47->3->2->7,21->24->17->15->14->30->44->45->46->47->3->2,44.926035,inf,0.0,213,213,43.799964,6.518905,105.152478,6.518905,0.0,0.0,0.0,0,213,0.5,0.5,0.0,5,0.0,0.0
Bellcanada,SM,1,B3,22,7,7,0,22->17->15->14->30->44->45->46->47->3->2->7,22->17->15->14->30->44->45->46->47->3->2->7,45.4003,inf,0.0,198,198,45.4003,3.101737,103.335646,3.101737,0.0,0.0,0.0,0,198,0.5,0.5,0.0,5,0.0,0.0
Bellcanada,SM,1,B3,23,6,1,1,23->21->24->17->15->14->30->44->45->46->48->39->28->9->6,23->21->24->17->15->14->30->44->45->46->47->3->1,82.917378,inf,0.0,239,239,44.346931,18.656716,117.837257,18.656716,0.0,0.0,0.0,0,239,0.5,0.5,0.0,5,0.0,0.0
Bellcanada,SM,1,B3,24,7,7,0,24->17->15->14->30->44->45->46->47->3->2->7,24->17->15->14->30->44->45->46->47->3->2->7,44.044821,inf,0.0,177,177,44.044821,3.101737,101.980168,3.101737,0.0,0.0,0.0,0,177,0.5,0.5,0.0,5,0.0,0.0
Bellcanada,SM,1,B3,25,6,6,0,25->26->22->17->15->14->30->44->45->46->47->3->5->6,25->26->22->17->15->14->30->44->45->46->48->39->28->9->6,93.025739,inf,0.0,160,160,91.223164,7.668712,153.725485,7.668712,0.0,0.0,0.0,0,160,0.5,0.5,0.0,5,0.0,0.0
Bellcanada,SM,1,B3,26,6,6,0,26->22->17->15->14->30->44->45->46->47->3->5->6,26->22->17->15->14->30->44->45->46->48->39->28->9->6,84.553063,inf,0.0,160,160,82.750487,7.668712,145.252808,7.668712,0.0,0.0,0.0,0,160,0.5,0.5,0.0,5,0.0,0.0
Bellcanada,SM,1,B3,27,6,3,1,27->28->9->6,27->28->40->3,42.285817,inf,0.0,193,193,4.564823,4.468275,63.866708,4.468275,0.0,0.0,0.0,0,193,0.5,0.5,0.0,5,0.0,0.0
Bellcanada,SM,1,B3,28,6,6,0,28->9->6,28->9->6,40.534462,inf,0.0,197,197,40.534462,7.668712,103.036783,7.668712,0.0,0.0,0.0,0,197,0.5,0.5,0.0,5,0.0,0.0
Bellcanada,SM,1,B3,29,6,6,0,29->30->44->45->46->48->39->28->9->6,29->30->44->45->46->48->39->28->9->6,69.820099,inf,0.0,203,203,69.820099,7.668712,132.32242,7.668712,0.0,0.0,0.0,0,203,0.5,0.5,0.0,5,0.0,0.0
Bellcanada,SM,1,B3,30,6,2,1,30->44->45->46->48->39->28->9->6,30->44->45->46->47->3->2,68.816253,inf,0.0,222,222,31.786419,6.518905,93.138933,6.518905,0.0,0.0,0.0,0,222.0,0.5,0.5,0.0,5,0.0,0.0
Bellcanada,SM,1,B3,31,5,5,0,31->34->5,31->34->5,3.479888,inf,0.0,146,146,3.479888,3.671072,61.98457,3.671072,0.0,0.0,0.0,0,146,0.5,0.5,0.0,5,0.0,0.0
Bellcanada,SM,1,B3,32,5,5,0,32->34->5,32->34->5,4.471386,inf,0.0,188,188,4.471386,3.671072,62.976068,3.671072,0.0,0.0,0.0,0,188,0.5,0.5,0.0,5,0.0,0.0
Bellcanada,SM,1,B3,33,5,2,1,33->31->34->5,33->31->34->5->8->7->2,5.310901,inf,0.0,231,231,13.033925,6.518905,74.386439,6.518905,0.0,0.0,0.0,0,231,0.5,0.5,0.0,5,0.0,0.0
Bellcanada,SM,1,B3,34,5,5,0,34->5,34->5,2.553295,inf,0.0,164,164,2.553295,3.671072,61.057976,3.671072,0.0,0.0,0.0,0,164,0.5,0.5,0.0,5,0.0,0.0
Bellcanada,SM,1,B3,35,5,1,1,35->46->47->3->5,35->46->47->3->1,29.217176,inf,0.0,178,178,25.900386,18.656716,99.390712,18.656716,0.0,0.0,0.0,0,178,0.5,0.5,0.0,5,0.0,0.0
Bellcanada,SM,1,B3,36,5,5,0,36->37->32->34->5,36->32->34->5,20.918318,inf,0.0,189,189,19.907371,3.671072,78.412052,3.671072,0.0,0.0,0.0,0,189,0.5,0.5,0.0,5,0.0,0.0
Bellcanada,SM,1,B3,37,5,5,0,37->38->32->34->5,37->32->34->5,15.835836,inf,0.0,142,142,15.763364,3.671072,74.268045,3.671072,0.0,0.0,0.0,0,142,0.5,0.5,0.0,5,0.0,0.0
Bellcanada,SM,1,B3,38,4,4,0,38->32->34->5->3->4,38->32->34->5->3->4,24.858712,inf,0.0,202,202,24.858712,5.701254,85.393576,5.701254,0.0,0.0,0.0,0,202,0.5,0.5,0.0,5,0.0,0.0
Bellcanada,SM,1,B3,39,4,4,0,39->28->40->3->4,39->28->40->3->4,9.262478,inf,0.0,229,229,9.262478,5.701254,69.797342,5.701254,0.0,0.0,0.0,0,229,0.5,0.5,0.0,5,0.0,0.0
Bellcanada,SM,1,B3,40,5,3,1,40->3->5,40->3,7.127125,inf,0.0,109,109,1.445629,4.468275,60.747513,4.468275,0.0,0.0,0.0,0,109,0.5,0.5,0.0,5,0.0,0.0
Bellcanada,SM,1,B3,41,4,4,0,41->36->32->34->5->3->4,41->13->29->30->44->45->46->47->3->4,66.376402,inf,0.0,127,127,40.669916,5.701254,101.20478,5.701254,0.0,0.0,0.0,0,127,0.5,0.5,0.0,5,0.0,0.0
Bellcanada,SM,1,B3,42,4,1,1,42->41->13->29->30->44->45->46->47->3->4,42->41->13->29->30->44->45->46->47->3->1,49.392846,inf,0.0,245,245,47.973226,18.656716,121.463552,18.656716,0.0,0.0,0.0,0,245,0.5,0.5,0.0,5,0.0,0.0
Bellcanada,SM,1,B3,43,4,4,0,43->35->46->47->3->4,43->35->46->47->3->4,40.231655,inf,0.0,183,183,40.231655,5.701254,100.766519,5.701254,0.0,0.0,0.0,0,183,0.5,0.5,0.0,5,0.0,0.0
Bellcanada,SM,1,B3,44,4,4,0,44->45->46->47->3->4,44->45->46->47->3->4,28.326802,inf,0.0,215,215,28.326802,5.701254,88.861666,5.701254,0.0,0.0,0.0,0,215.0,0.5,0.5,0.0,5,0.0,0.0
Bellcanada,SM,1,B3,45,4,2,1,45->46->47->3->4,45->46->47->3->2,21.701304,inf,0.0,121,121,21.822297,6.518905,83.174811,6.518905,0.0,0.0,0.0,0,121.0,0.5,0.5,0.0,5,0.0,0.0
Bellcanada,SM,1,B3,46,3,3,0,46->47->3,46->47->3,11.973326,68.465861,0.0,188,188,11.973326,4.468275,71.275211,4.468275,0.0,0.0,0.0,0,188.0,0.5,0.5,0.0,5,0.0,0.0
Bellcanada,SM,1,B3,47,3,6,1,47->3,47->3->5->6,4.871951,61.364486,0.0,222,222,47.60968,7.668712,110.112001,7.668712,48.747516,0.0,0.0,0,222,0.5,0.5,0.0,5,0.0,0.0
Bellcanada,SM,1,B3,48,3,3,0,48->46->47->3,48->39->28->40->3,17.34557,73.838104,0.0,171,171,9.815242,4.468275,69.117126,4.468275,0.0,0.0,0.0,0,171,0.5,0.5,0.0,5,0.0,0.0
Bellcanada,SM,1,MCF_ARC,1,1,1,0,1,1,0.0,55.727584,0.0,191,191,0.0,1.558937,56.382556,1.548947,0.0,0.0,0.0,0,191,0.5,0.5,0.0,5,0.0,0.0
Bellcanada,SM,1,MCF_ARC,2,2,2,0,2,2,0.0,55.759193,0.0,194,194,0.0,11.052585,63.730407,8.896797,0.0,0.0,0.0,0,194,0.5,0.5,0.0,5,0.0,0.0
Bellcanada,SM,1,MCF_ARC,3,3,3,0,3,3,0.0,56.492534,0.0,165,165,0.0,6.030948,60.68841,5.854801,0.0,0.0,0.0,0,165,0.5,0.5,0.0,5,0.0,0.0
Bellcanada,SM,1,MCF_ARC,4,4,4,0,4,4,0.0,inf,0.0,143,143,0.0,6.571678,61.107135,6.273526,0.0,0.0,0.0,0,143,0.5,0.5,0.0,5,0.0,0.0
Bellcanada,SM,1,MCF_ARC,5,5,5,0,5,5,0.0,inf,0.0,173,173,0.0,11.624615,64.232106,9.398496,0.0,0.0,0.0,0,173,0.5,0.5,0.0,5,0.0,0.0
Bellcanada,SM,1,MCF_ARC,6,6,6,0,6,6,0.0,inf,0.0,202,202,0.0,12.768677,65.42683,10.59322,0.0,0.0,0.0,0,202,0.5,0.5,0.0,5,0.0,0.0
Bellcanada,SM,1,MCF_ARC,7,7,7,0,7,7,0.0,inf,0.0,178,178,0.0,11.052585,63.730407,8.896797,0.0,0.0,0.0,0,178,0.5,0.5,0.0,5,0.0,0.0
Bellcanada,SM,1,MCF_ARC,8,8,8,0,8,8,0.0,inf,0.0,217,217,0.0,12.387323,64.996211,10.162602,0.0,0.0,0.0,0,217,0.5,0.5,0.0,5,0.0,0.0
Bellcanada,SM,1,MCF_ARC,9,8,8,0,9->34->5->8,9->34->5->8,9.25323,inf,0.0,177,177,9.25323,12.387323,74.249441,10.162602,0.0,0.0,0.0,0,177,0.5,0.5,0.0,5,0.0,0.0
Bellcanada,SM,1,MCF_ARC,10,8,8,0,10->9->34->5->8,10->9->34->5->8,9.706646,inf,0.0,140,140,9.706646,12.387323,74.702857,10.162602,0.0,0.0,0.0,0,140,0.5,0.5,0.0,5,0.0,0.0
Bellcanada,SM,1,MCF_ARC,11,8,8,0,11->20->19->18->17->15->14->30->44->45->46->47->3->2->7->8,11->20->19->18->17->15->14->30->44->45->46->47->3->2->7->8,49.28871,inf,0.0,193,193,49.28871,12.387323,114.284921,10.162602,0.0,0.0,0.0,0,193,0.5,0.5,0.0,5,0.0,0.0
Bellcanada,SM,1,MCF_ARC,12,8,2,1,12->22->17->15->14->30->44->45->46->47->3->2->7->8,12->22->17->15->14->30->44->45->46->47->3->2,49.318582,inf,0.0,207,207,45.574501,11.052585,109.304907,8.896797,0.0,0.0,0.0,0,207,0.5,0.5,0.0,5,0.0,0.0
Bellcanada,SM,1,MCF_ARC,13,8,2,1,13->29->30->44->45->46->47->3->2->7->8,13->29->30->44->45->46->47->3->2,41.246824,inf,0.0,169,169,37.502743,11.052585,101.233149,8.896797,0.0,0.0,0.0,0,169,0.5,0.5,0.0,5,0.0,0.0
Bellcanada,SM,1,MCF_ARC,14,8,8,0,14->30->44->45->46->47->3->2->7->8,14->30->44->45->46->47->3->2->7->8,39.043154,inf,0.0,206,206,39.043154,12.387323,104.039365,10.162602,0.0,0.0,0.0,0,206.0,0.5,0.5,0.0,5,0.0,0.0
Bellcanada,SM,1,MCF_ARC,15,8,8,0,15->13->41->36->32->34->5->8,15->14->30->44->45->46->47->3->2->7->8,69.515053,inf,0.0,129,129,40.697216,12.387323,105.693427,10.162602,0.0,0.0,0.0,0,129.0,0.5,0.5,0.0,5,0.0,0.0
Bellcanada,SM,1,MCF_ARC,16,7,2,1,16->15->14->30->44->45->46->47->3->2->7,16->15->14->30->44->45->46->47->3->2,39.405642,inf,0.0,206,206,38.279571,11.052585,102.009978,8.896797,0.0,0.0,0.0,0,206,0.5,0.5,0.0,5,0.0,0.0
Bellcanada,SM,1,MCF_ARC,17,8,8,0,17->15->14->30->44->45->46->47->3->2->7->8,17->15->14->30->44->45->46->47->3->2->7->8,43.03355,inf,0.0,114,114,43.03355,12.387323,108.029761,10.162602,0.0,0.0,0.0,0,114.0,0.5,0.5,0.0,5,0.0,0.0
Bellcanada,SM,1,MCF_ARC,18,7,7,0,18->17->15->14->30->44->45->46->47->3->2->7,18->17->15->14->30->44->45->46->47->3->2->7,42.214961,inf,0.0,170,170,42.214961,11.052585,105.945368,8.896797,0.0,0.0,0.0,0,170,0.5,0.5,0.0,5,0.0,0.0
Bellcanada,SM,1,MCF_ARC,19,7,2,1,19->18->17->15->14->30->44->45->46->47->3->2->7,19->18->17->15->14->30->44->45->46->47->3->2,44.094077,inf,0.0,193,193,42.968007,11.052585,106.698413,8.896797,0.0,0.0,0.0,0,193,0.5,0.5,0.0,5,0.0,0.0
Bellcanada,SM,1,MCF_ARC,20,7,7,0,20->19->18->17->15->14->30->44->45->46->47->3->2->7,20->19->18->17->15->14->30->44->45->46->47->3->2->7,44.991422,inf,0.0,226,226,44.991422,11.052585,108.721828,8.896797,0.0,0.0,0.0,0,226,0.5,0.5,0.0,5,0.0,0.0
Bellcanada,SM,1,MCF_ARC,21,7,7,0,21->24->17->15->14->30->44->45->46->47->3->2->7,21->24->17->15->14->30->44->45->46->47->3->2->7,44.926035,inf,0.0,213,213,44.926035,11.052585,108.656441,8.896797,0.0,0.0,0.0,0,213,0.5,0.5,0.0,5,0.0,0.0
Bellcanada,SM,1,MCF_ARC,22,7,7,0,22->17->15->14->30->44->45->46->47->3->2->7,22->17->15->14->30->44->45->46->47->3->2->7,45.4003,inf,0.0,198,198,45.4003,11.052585,109.130707,8.896797,0.0,0.0,0.0,0,198,0.5,0.5,0.0,5,0.0,0.0
Bellcanada,SM,1,MCF_ARC,23,6,6,0,23->21->24->17->15->14->30->44->45->46->48->39->28->9->6,23->21->24->17->15->14->30->44->45->46->48->39->28->9->6,82.917378,inf,0.0,239,239,82.917378,12.768677,148.344207,10.59322,0.0,0.0,0.0,0,239,0.5,0.5,0.0,5,0.0,0.0
Bellcanada,SM,1,MCF_ARC,24,7,7,0,24->17->15->14->30->44->45->46->47->3->2->7,24->17->15->14->30->44->45->46->47->3->2->7,44.044821,inf,0.0,177,177,44.044821,11.052585,107.775228,8.896797,0.0,0.0,0.0,0,177,0.5,0.5,0.0,5,0.0,0.0
Bellcanada,SM,1,MCF_ARC,25,6,6,0,25->26->22->17->15->14->30->44->45->46->47->3->5->6,25->26->22->17->16->15->14->30->44->45->46->48->39->28->9->6,93.025739,inf,0.0,160,160,91.869777,12.768677,157.296606,10.59322,0.0,0.0,0.0,0,160,0.5,0.5,0.0,5,0.0,0.0
Bellcanada,SM,1,MCF_ARC,26,6,6,0,26->22->17->15->14->30->44->45->46->47->3->5->6,26->22->17->15->14->30->44->45->46->48->39->28->9->6,84.553063,inf,0.0,160,160,82.750487,12.768677,148.177317,10.59322,0.0,0.0,0.0,0,160,0.5,0.5,0.0,5,0.0,0.0
Bellcanada,SM,1,MCF_ARC,27,6,2,1,27->28->9->6,27->28->40->3->2,42.285817,inf,0.0,193,193,8.470142,11.052585,72.200549,8.896797,0.0,0.0,0.0,0,193,0.5,0.5,0.0,5,0.0,0.0
Bellcanada,SM,1,MCF_ARC,28,6,6,0,28->9->6,28->9->6,40.534462,inf,0.0,197,197,40.534462,12.768677,105.961292,10.59322,0.0,0.0,0.0,0,197,0.5,0.5,0.0,5,0.0,0.0
Bellcanada,SM,1,MCF_ARC,29,6,3,1,29->30->44->45->46->48->39->28->9->6,29->30->44->45->46->47->3,69.820099,inf,0.0,203,203,28.884945,6.030948,89.573356,5.854801,0.0,0.0,0.0,0,203,0.5,0.5,0.0,5,0.0,0.0
Bellcanada,SM,1,MCF_ARC,30,6,6,0,30->44->45->46->48->39->28->9->6,30->44->45->46->47->3->5->6,68.816253,inf,0.0,222,222,70.618829,12.768677,136.045658,10.59322,0.0,0.0,0.0,0,222.0,0.5,0.5,0.0,5,0.0,0.0
Bellcanada,SM,1,MCF_ARC,31,5,5,0,31->34->5,31->34->5,3.479888,inf,0.0,146,146,3.479888,11.624615,67.711994,9.398496,0.0,0.0,0.0,0,146,0.5,0.5,0.0,5,0.0,0.0
Bellcanada,SM,1,MCF_ARC,32,5,1,1,32->34->5,32->34->5->3->1,4.471386,inf,0.0,188,188,12.51759,1.558937,68.900146,1.548947,0.0,0.0,0.0,0,188,0.5,0.5,0.0,5,0.0,0.0
Bellcanada,SM,1,MCF_ARC,33,5,5,0,33->31->34->5,33->31->34->5,5.310901,inf,0.0,231,231,5.310901,11.624615,69.543006,9.398496,0.0,0.0,0.0,0,231,0.5,0.5,0.0,5,0.0,0.0
Bellcanada,SM,1,MCF_ARC,34,5,1,1,34->5,34->28->40->3->1,2.553295,inf,0.0,164,164,11.933375,1.558937,68.315931,1.548947,0.0,0.0,0.0,0,164,0.5,0.5,0.0,5,0.0,0.0
Bellcanada,SM,1,MCF_ARC,35,5,5,0,35->46->47->3->5,35->46->47->3->5,29.217176,inf,0.0,178,178,29.217176,11.624615,93.449281,9.398496,0.0,0.0,0.0,0,178,0.5,0.5,0.0,5,0.0,0.0
Bellcanada,SM,1,MCF_ARC,36,5,5,0,36->37->32->34->5,36->32->34->5,20.918318,inf,0.0,189,189,19.907371,11.624615,84.139476,9.398496,0.0,0.0,0.0,0,189,0.5,0.5,0.0,5,0.0,0.0
Bellcanada,SM,1,MCF_ARC,37,5,5,0,37->38->32->34->5,37->32->34->5,15.835836,inf,0.0,142,142,15.763364,11.624615,79.995469,9.398496,0.0,0.0,0.0,0,142,0.5,0.5,0.0,5,0.0,0.0
Bellcanada,SM,1,MCF_ARC,38,4,4,0,38->32->34->5->3->4,38->32->34->5->3->4,24.858712,inf,0.0,202,202,24.858712,6.571678,85.965847,6.273526,0.0,0.0,0.0,0,202,0.5,0.5,0.0,5,0.0,0.0
Bellcanada,SM,1,MCF_ARC,39,4,3,1,39->28->40->3->4,39->28->40->3,9.262478,inf,0.0,229,229,5.478151,6.030948,66.166562,5.854801,0.0,0.0,0.0,0,229,0.5,0.5,0.0,5,0.0,0.0
Bellcanada,SM,1,MCF_ARC,40,5,5,0,40->3->5,40->3->5,7.127125,inf,0.0,109,109,7.127125,11.624615,71.359231,9.398496,0.0,0.0,0.0,0,109,0.5,0.5,0.0,5,0.0,0.0
Bellcanada,SM,1,MCF_ARC,41,4,4,0,41->36->32->34->5->3->4,41->13->29->30->44->45->46->47->3->4,66.376402,inf,0.0,127,127,40.669916,6.571678,101.777052,6.273526,0.0,0.0,0.0,0,127,0.5,0.5,0.0,5,0.0,0.0
Bellcanada,SM,1,MCF_ARC,42,4,4,0,42->41->13->29->30->44->45->46->47->3->4,42->41->13->29->30->44->45->46->47->3->4,49.392846,inf,0.0,245,245,49.392846,6.571678,110.499981,6.273526,0.0,0.0,0.0,0,245,0.5,0.5,0.0,5,0.0,0.0
Bellcanada,SM,1,MCF_ARC,43,4,4,0,43->35->46->47->3->4,43->35->46->47->3->4,40.231655,inf,0.0,183,183,40.231655,6.571678,101.33879,6.273526,0.0,0.0,0.0,0,183,0.5,0.5,0.0,5,0.0,0.0
Bellcanada,SM,1,MCF_ARC,44,4,4,0,44->45->46->47->3->4,44->45->46->47->3->4,28.326802,inf,0.0,215,215,28.326802,6.571678,89.433937,6.273526,0.0,0.0,0.0,0,215.0,0.5,0.5,0.0,5,0.0,0.0
Bellcanada,SM,1,MCF_ARC,45,4,1,1,45->46->47->3->4,45->46->47->3->1,21.701304,inf,0.0,121,121,20.281684,1.558937,76.66424,1.548947,0.0,0.0,0.0,0,121.0,0.5,0.5,0.0,5,0.0,0.0
Bellcanada,SM,1,MCF_ARC,46,3,3,0,46->47->3,46->47->3,11.973326,68.465861,0.0,188,188,11.973326,6.030948,72.661736,5.854801,0.0,0.0,0.0,0,188.0,0.5,0.5,0.0,5,0.0,0.0
Bellcanada,SM,1,MCF_ARC,47,3,3,0,47->3,47->3,4.871951,61.364486,0.0,222,222,4.871951,6.030948,65.560362,5.854801,0.0,0.0,0.0,0,222,0.5,0.5,0.0,5,0.0,0.0
Bellcanada,SM,1,MCF_ARC,48,3,3,0,48->46->47->3,48->39->28->40->3,17.34557,73.838104,0.0,171,171,9.815242,6.030948,70.503652,5.854801,0.0,0.0,0.0,0,171,0.5,0.5,0.0,5,0.0,0.0
Bellcanada,SM,2,B1,1,1,1,0,1,,0.0,55.748188,0.0,185,185,0.0,0.914578,55.748188,0.914578,0.0,0.0,0.0,0,185,0.5,0.5,0.0,5,0.0,0.0
Bellcanada,SM,2,B1,2,2,2,0,2,,0.0,55.682938,0.0,153,153,0.0,3.810976,58.644585,3.810976,0.0,0.0,0.0,0,153,0.5,0.5,0.0,5,0.0,0.0
Bellcanada,SM,2,B1,3,3,3,0,3,,0.0,56.294743,0.0,218,218,0.0,19.84127,74.674879,19.84127,0.0,0.0,0.0,0,218,0.5,0.5,0.0,5,0.0,0.0
Bellcanada,SM,2,B1,4,4,4,0,4,,0.0,inf,0.0,177,177,0.0,50.0,104.833609,50.0,0.0,0.0,0.0,0,177,0.5,0.5,0.0,5,0.0,0.0
Bellcanada,SM,2,B1,5,5,5,0,5,,0.0,inf,0.0,202,202,0.0,156.25,211.083609,156.25,0.0,0.0,0.0,0,202,0.5,0.5,0.0,5,0.0,0.0
Bellcanada,SM,2,B1,6,6,6,0,6,,0.0,inf,0.0,161,161,0.0,11.135857,65.969467,11.135857,0.0,0.0,0.0,0,161,0.5,0.5,0.0,5,0.0,0.0
Bellcanada,SM,2,B1,7,7,7,0,7,,0.0,inf,0.0,157,157,0.0,135.135135,189.968745,135.135135,0.0,0.0,0.0,0,157,0.5,0.5,0.0,5,0.0,0.0
Bellcanada,SM,2,B1,8,8,8,0,8,,0.0,inf,0.0,178,178,0.0,20.242915,75.076524,20.242915,0.0,0.0,0.0,0,178,0.5,0.5,0.0,5,0.0,0.0
Bellcanada,SM,2,B1,9,8,8,0,9->34->5->8,,9.25323,inf,0.0,161,161,9.25323,20.242915,84.329755,20.242915,0.0,0.0,0.0,0,161,0.5,0.5,0.0,5,0.0,0.0
Bellcanada,SM,2,B1,10,8,8,0,10->9->34->5->8,,9.706646,inf,0.0,166,166,9.706646,20.242915,84.78317,20.242915,0.0,0.0,0.0,0,166,0.5,0.5,0.0,5,0.0,0.0
Bellcanada,SM,2,B1,11,8,2,1,11->20->19->18->17->15->14->30->44->45->46->47->3->2->7->8,,49.28871,inf,0.0,243,243,45.544629,3.810976,104.189214,3.810976,0.0,0.0,0.0,0,243,0.5,0.5,0.0,5,0.0,0.0
Bellcanada,SM,2,B1,12,8,7,1,12->22->17->15->14->30->44->45->46->47->3->2->7->8,,49.318582,inf,0.0,180,180,46.700571,135.135135,236.669316,135.135135,0.0,0.0,0.0,0,180,0.5,0.5,0.0,5,0.0,0.0
Bellcanada,SM,2,B1,13,8,7,1,13->29->30->44->45->46->47->3->5->8,,43.257863,inf,0.0,166,166,38.628813,135.135135,228.597558,135.135135,0.0,0.0,0.0,0,166,0.5,0.5,0.0,5,0.0,0.0
Bellcanada,SM,2,B1,14,8,8,0,14->30->44->45->46->47->3->2->7->8,,39.043154,inf,0.0,175,175,39.043154,20.242915,114.119678,20.242915,0.0,0.0,0.0,0,175.0,0.5,0.5,0.0,5,0.0,0.0
Bellcanada,SM,2,B1,15,8,8,0,15->14->30->44->45->46->47->3->2->7->8,,40.697216,inf,0.0,197,197,40.697216,20.242915,115.77374,20.242915,0.0,0.0,0.0,0,197.0,0.5,0.5,0.0,5,0.0,0.0
Bellcanada,SM,2,B1,16,7,2,1,16->15->14->30->44->45->46->47->3->2->7,,39.405642,inf,0.0,218,218,38.279571,3.810976,96.924156,3.810976,0.0,0.0,0.0,0,218,0.5,0.5,0.0,5,0.0,0.0
Bellcanada,SM,2,B1,17,7,7,0,17->15->14->30->44->45->46->47->3->2->7,,40.41554,inf,0.0,166,166,40.41554,135.135135,230.384284,135.135135,0.0,0.0,0.0,0,166.0,0.5,0.5,0.0,5,0.0,0.0
Bellcanada,SM,2,B1,18,7,2,1,18->17->15->14->30->44->45->46->47->3->2->7,,42.214961,inf,0.0,209,209,41.088891,3.810976,99.733476,3.810976,0.0,0.0,0.0,0,209,0.5,0.5,0.0,5,0.0,0.0
Bellcanada,SM,2,B1,19,7,7,0,19->18->17->15->14->30->44->45->46->47->3->2->7,,44.094077,inf,0.0,154,154,44.094077,135.135135,234.062822,135.135135,0.0,0.0,0.0,0,154,0.5,0.5,0.0,5,0.0,0.0
Bellcanada,SM,2,B1,20,7,2,1,20->19->18->17->15->14->30->44->45->46->47->3->2->7,,44.991422,inf,0.0,245,245,43.865351,3.810976,102.509936,3.810976,0.0,0.0,0.0,0,245,0.5,0.5,0.0,5,0.0,0.0
Bellcanada,SM,2,B1,21,8,8,0,21->24->17->15->13->41->36->32->34->5->8,,76.361882,inf,0.0,130,130,47.544045,20.242915,122.620569,20.242915,0.0,0.0,0.0,0,130,0.5,0.5,0.0,5,0.0,0.0
Bellcanada,SM,2,B1,22,7,7,0,22->17->15->14->30->44->45->46->47->3->2->7,,45.4003,inf,0.0,174,174,45.4003,135.135135,235.369045,135.135135,0.0,0.0,0.0,0,174,0.5,0.5,0.0,5,0.0,0.0
Bellcanada,SM,2,B1,23,7,7,0,23->21->24->17->15->14->30->44->45->46->47->3->2->7,,47.013614,inf,0.0,152,152,47.013614,135.135135,236.982359,135.135135,0.0,0.0,0.0,0,152,0.5,0.5,0.0,5,0.0,0.0
Bellcanada,SM,2,B1,24,6,6,0,24->17->15->14->30->44->45->46->47->3->5->6,,81.751161,inf,0.0,159,159,79.948585,11.135857,145.918052,11.135857,0.0,0.0,0.0,0,159,0.5,0.5,0.0,5,0.0,0.0
Bellcanada,SM,2,B1,25,6,6,0,25->26->22->17->15->14->30->44->45->46->48->39->28->9->6,,91.223164,inf,0.0,167,167,91.223164,11.135857,157.19263,11.135857,0.0,0.0,0.0,0,167,0.5,0.5,0.0,5,0.0,0.0
Bellcanada,SM,2,B1,26,6,6,0,26->22->17->15->14->30->44->45->46->48->39->28->9->6,,82.750487,inf,0.0,160,160,82.750487,11.135857,148.719954,11.135857,0.0,0.0,0.0,0,160,0.5,0.5,0.0,5,0.0,0.0
Bellcanada,SM,2,B1,27,6,6,0,27->28->9->6,,42.285817,inf,0.0,180,180,42.285817,11.135857,108.255284,11.135857,0.0,0.0,0.0,0,180,0.5,0.5,0.0,5,0.0,0.0
Bellcanada,SM,2,B1,28,6,6,0,28->9->6,,40.534462,inf,0.0,197,197,40.534462,11.135857,106.503929,11.135857,0.0,0.0,0.0,0,197,0.5,0.5,0.0,5,0.0,0.0
Bellcanada,SM,2,B1,29,7,7,0,29->30->35->46->47->3->2->7,,36.612129,inf,0.0,122,122,33.916335,135.135135,223.88508,135.135135,0.0,0.0,0.0,0,122,0.5,0.5,0.0,5,0.0,0.0
Bellcanada,SM,2,B1,30,6,3,1,30->44->45->46->48->39->28->9->6,,68.816253,inf,0.0,219,219,27.881099,19.84127,102.555979,19.84127,0.0,0.0,0.0,0,219.0,0.5,0.5,0.0,5,0.0,0.0
Bellcanada,SM,2,B1,31,6,6,0,31->34->9->6,,40.13513,inf,0.0,183,183,40.13513,11.135857,106.104597,11.135857,0.0,0.0,0.0,0,183,0.5,0.5,0.0,5,0.0,0.0
Bellcanada,SM,2,B1,32,6,5,1,32->34->9->6,,41.126628,inf,0.0,171,171,4.471386,156.25,215.554996,156.25,0.0,0.0,0.0,0,171,0.5,0.5,0.0,5,0.0,0.0
Bellcanada,SM,2,B1,33,5,5,0,33->31->34->5,,5.310901,inf,0.0,166,166,5.310901,156.25,216.39451,156.25,0.0,0.0,0.0,0,166,0.5,0.5,0.0,5,0.0,0.0
Bellcanada,SM,2,B1,34,5,8,1,34->5,,2.553295,inf,0.0,222,222,6.532238,20.242915,81.608762,20.242915,0.0,0.0,0.0,0,222,0.5,0.5,0.0,5,0.0,0.0
Bellcanada,SM,2,B1,35,5,3,1,35->46->47->3->5,,29.217176,inf,0.0,193,193,23.535679,19.84127,98.210558,19.84127,0.0,0.0,0.0,0,193,0.5,0.5,0.0,5,0.0,0.0
Bellcanada,SM,2,B1,36,5,5,0,36->32->34->5,,19.907371,inf,0.0,140,140,19.907371,156.25,230.99098,156.25,0.0,0.0,0.0,0,140,0.5,0.5,0.0,5,0.0,0.0
Bellcanada,SM,2,B1,37,5,5,0,37->32->34->5,,15.763364,inf,0.0,212,212,15.763364,156.25,226.846973,156.25,0.0,0.0,0.0,0,212,0.5,0.5,0.0,5,0.0,0.0
Bellcanada,SM,2,B1,38,5,5,0,38->32->34->5,,15.392888,inf,0.0,193,193,15.392888,156.25,226.476498,156.25,0.0,0.0,0.0,0,193,0.5,0.5,0.0,5,0.0,0.0
Bellcanada,SM,2,B1,39,5,5,0,39->28->34->5,,11.973179,inf,0.0,188,188,11.159648,156.25,222.243258,156.25,0.0,0.0,0.0,0,188,0.5,0.5,0.0,5,0.0,0.0
Bellcanada,SM,2,B1,40,4,4,0,40->3->4,,5.229956,inf,0.0,170,170,5.229956,50.0,110.063565,50.0,0.0,0.0,0.0,0,170,0.5,0.5,0.0,5,0.0,0.0
Bellcanada,SM,2,B1,41,4,4,0,41->13->29->30->44->45->46->47->3->4,,40.669916,inf,0.0,225,225,40.669916,50.0,145.503526,50.0,0.0,0.0,0.0,0,225,0.5,0.5,0.0,5,0.0,0.0
Bellcanada,SM,2,B1,42,4,4,0,42->41->13->29->30->44->45->46->47->3->4,,49.392846,inf,0.0,239,239,49.392846,50.0,154.226455,50.0,0.0,0.0,0.0,0,239,0.5,0.5,0.0,5,0.0,0.0
Bellcanada,SM,2,B1,43,4,4,0,43->35->46->47->3->4,,40.231655,inf,0.0,181,181,40.231655,50.0,145.065265,50.0,0.0,0.0,0.0,0,181,0.5,0.5,0.0,5,0.0,0.0
Bellcanada,SM,2,B1,44,4,4,0,44->45->46->47->3->4,,28.326802,inf,0.0,208,208,28.326802,50.0,133.160411,50.0,0.0,0.0,0.0,0,208.0,0.5,0.5,0.0,5,0.0,0.0
Bellcanada,SM,2,B1,45,4,3,1,45->46->47->3->4,,21.701304,inf,0.0,222,222,17.916977,19.84127,92.591856,19.84127,0.0,0.0,0.0,0,222.0,0.5,0.5,0.0,5,0.0,0.0
Bellcanada,SM,2,B1,46,4,4,0,46->47->3->4,,15.757653,inf,0.0,176,176,15.757653,50.0,120.591262,50.0,0.0,0.0,0.0,0,176.0,0.5,0.5,0.0,5,0.0,0.0
Bellcanada,SM,2,B1,47,3,3,0,47->3,,4.871951,61.166694,0.0,168,168,4.871951,19.84127,79.54683,19.84127,0.0,0.0,0.0,0,168,0.5,0.5,0.0,5,0.0,0.0
Bellcanada,SM,2,B1,48,3,3,0,48->46->47->3,,17.34557,73.640313,0.0,208,208,9.815242,19.84127,84.490121,19.84127,0.0,0.0,0.0,0,208,0.5,0.5,0.0,5,0.0,0.0
Bellcanada,SM,2,B3,1,1,1,0,1,1,0.0,55.748188,0.0,185,185,0.0,20.661157,75.494766,20.661157,0.0,0.0,0.0,0,185,0.5,0.5,0.0,5,0.0,0.0
Bellcanada,SM,2,B3,2,2,2,0,2,2,0.0,55.682938,0.0,153,153,0.0,6.60502,61.438629,6.60502,0.0,0.0,0.0,0,153,0.5,0.5,0.0,5,0.0,0.0
Bellcanada,SM,2,B3,3,3,3,0,3,3,0.0,56.294743,0.0,218,218,0.0,4.476276,59.309885,4.476276,0.0,0.0,0.0,0,218,0.5,0.5,0.0,5,0.0,0.0
Bellcanada,SM,2,B3,4,4,4,0,4,4,0.0,inf,0.0,177,177,0.0,3.787879,58.621488,3.787879,0.0,0.0,0.0,0,177,0.5,0.5,0.0,5,0.0,0.0
Bellcanada,SM,2,B3,5,5,5,0,5,5,0.0,inf,0.0,202,202,0.0,5.636979,60.470588,5.636979,0.0,0.0,0.0,0,202,0.5,0.5,0.0,5,0.0,0.0
Bellcanada,SM,2,B3,6,6,6,0,6,6,0.0,inf,0.0,161,161,0.0,3.665689,58.499299,3.665689,0.0,0.0,0.0,0,161,0.5,0.5,0.0,5,0.0,0.0
Bellcanada,SM,2,B3,7,7,7,0,7,7,0.0,inf,0.0,157,157,0.0,3.753754,58.587363,3.753754,0.0,0.0,0.0,0,157,0.5,0.5,0.0,5,0.0,0.0
Bellcanada,SM,2,B3,8,8,8,0,8,8,0.0,inf,0.0,178,178,0.0,5.701254,60.534864,5.701254,0.0,0.0,0.0,0,178,0.5,0.5,0.0,5,0.0,0.0
Bellcanada,SM,2,B3,9,8,1,1,9->34->5->8,9->28->40->3->1,9.25323,inf,0.0,161,161,9.225092,20.661157,84.719859,20.661157,0.0,0.0,0.0,0,161,0.5,0.5,0.0,5,0.0,0.0
Bellcanada,SM,2,B3,10,8,2,1,10->9->34->5->8,10->9->28->40->3->2,9.706646,inf,0.0,166,166,11.21912,6.60502,72.657749,6.60502,0.0,0.0,0.0,0,166,0.5,0.5,0.0,5,0.0,0.0
Bellcanada,SM,2,B3,11,8,8,0,11->20->19->18->17->15->14->30->44->45->46->47->3->2->7->8,11->20->19->18->17->15->14->30->44->45->46->47->3->2->7->8,49.28871,inf,0.0,243,243,49.28871,5.701254,109.823574,5.701254,0.0,0.0,0.0,0,243,0.5,0.5,0.0,5,0.0,0.0
Bellcanada,SM,2,B3,12,8,8,0,12->22->17->15->14->30->44->45->46->47->3->2->7->8,12->22->17->15->14->30->44->45->46->47->3->2->7->8,49.318582,inf,0.0,180,180,49.318582,5.701254,109.853446,5.701254,0.0,0.0,0.0,0,180,0.5,0.5,0.0,5,0.0,0.0
Bellcanada,SM,2,B3,13,8,3,1,13->29->30->44->45->46->47->3->5->8,13->29->30->44->45->46->47->3,43.257863,inf,0.0,166,166,33.597423,4.476276,92.907308,4.476276,0.0,0.0,0.0,0,166,0.5,0.5,0.0,5,0.0,0.0
Bellcanada,SM,2,B3,14,8,8,0,14->30->44->45->46->47->3->2->7->8,14->30->44->45->46->47->3->2->7->8,39.043154,inf,0.0,175,175,39.043154,5.701254,99.578017,5.701254,0.0,0.0,0.0,0,175.0,0.5,0.5,0.0,5,0.0,0.0
Bellcanada,SM,2,B3,15,8,8,0,15->14->30->44->45->46->47->3->2->7->8,15->14->30->44->45->46->47->3->2->7->8,40.697216,inf,0.0,197,197,40.697216,5.701254,101.23208,5.701254,0.0,0.0,0.0,0,197.0,0.5,0.5,0.0,5,0.0,0.0
Bellcanada,SM,2,B3,16,7,1,1,16->15->14->30->44->45->46->47->3->2->7,16->15->14->30->44->45->46->47->3->1,39.405642,inf,0.0,218,218,36.738959,20.661157,112.233725,20.661157,0.0,0.0,0.0,0,218,0.5,0.5,0.0,5,0.0,0.0
Bellcanada,SM,2,B3,17,7,7,0,17->15->14->30->44->45->46->47->3->2->7,17->15->14->30->44->45->46->47->3->2->7,40.41554,inf,0.0,166,166,40.41554,3.753754,99.002903,3.753754,0.0,0.0,0.0,0,166.0,0.5,0.5,0.0,5,0.0,0.0
Bellcanada,SM,2,B3,18,7,7,0,18->17->15->14->30->44->45->46->47->3->2->7,18->17->15->14->30->44->45->46->47->3->2->7,42.214961,inf,0.0,209,209,42.214961,3.753754,100.802324,3.753754,0.0,0.0,0.0,0,209,0.5,0.5,0.0,5,0.0,0.0
Bellcanada,SM,2,B3,19,7,7,0,19->18->17->15->14->30->44->45->46->47->3->2->7,19->18->17->15->14->30->44->45->46->47->3->2->7,44.094077,inf,0.0,154,154,44.094077,3.753754,102.68144,3.753754,0.0,0.0,0.0,0,154,0.5,0.5,0.0,5,0.0,0.0
Bellcanada,SM,2,B3,20,7,2,1,20->19->18->17->15->14->30->44->45->46->47->3->2->7,20->19->18->17->15->14->30->44->45->46->47->3->2,44.991422,inf,0.0,245,245,43.865351,6.60502,105.303981,6.60502,0.0,0.0,0.0,0,245,0.5,0.5,0.0,5,0.0,0.0
Bellcanada,SM,2,B3,21,8,8,0,21->24->17->15->13->41->36->32->34->5->8,21->24->17->15->14->30->44->45->46->47->3->2->7->8,76.361882,inf,0.0,130,130,47.544045,5.701254,108.078909,5.701254,0.0,0.0,0.0,0,130,0.5,0.5,0.0,5,0.0,0.0
Bellcanada,SM,2,B3,22,7,7,0,22->17->15->14->30->44->45->46->47->3->2->7,22->17->15->14->30->44->45->46->47->3->2->7,45.4003,inf,0.0,174,174,45.4003,3.753754,103.987663,3.753754,0.0,0.0,0.0,0,174,0.5,0.5,0.0,5,0.0,0.0
Bellcanada,SM,2,B3,23,7,7,0,23->21->24->17->15->14->30->44->45->46->47->3->2->7,23->21->24->17->15->14->30->44->45->46->47->3->2->7,47.013614,inf,0.0,152,152,47.013614,3.753754,105.600977,3.753754,0.0,0.0,0.0,0,152,0.5,0.5,0.0,5,0.0,0.0
Bellcanada,SM,2,B3,24,6,6,0,24->17->15->14->30->44->45->46->47->3->5->6,24->17->15->14->30->44->45->46->48->39->28->9->6,81.751161,inf,0.0,159,159,79.948585,3.665689,138.447883,3.665689,0.0,0.0,0.0,0,159,0.5,0.5,0.0,5,0.0,0.0
Bellcanada,SM,2,B3,25,6,6,0,25->26->22->17->15->14->30->44->45->46->48->39->28->9->6,25->26->22->17->15->14->30->44->45->46->48->39->28->9->6,91.223164,inf,0.0,167,167,91.223164,3.665689,149.722462,3.665689,0.0,0.0,0.0,0,167,0.5,0.5,0.0,5,0.0,0.0
Bellcanada,SM,2,B3,26,6,6,0,26->22->17->15->14->30->44->45->46->48->39->28->9->6,26->22->17->15->14->30->44->45->46->48->39->28->9->6,82.750487,inf,0.0,160,160,82.750487,3.665689,141.249786,3.665689,0.0,0.0,0.0,0,160,0.5,0.5,0.0,5,0.0,0.0
Bellcanada,SM,2,B3,27,6,6,0,27->28->9->6,27->28->9->6,42.285817,inf,0.0,180,180,42.285817,3.665689,100.785116,3.665689,0.0,0.0,0.0,0,180,0.5,0.5,0.0,5,0.0,0.0
Bellcanada,SM,2,B3,28,6,6,0,28->9->6,28->9->6,40.534462,inf,0.0,197,197,40.534462,3.665689,99.033761,3.665689,0.0,0.0,0.0,0,197,0.5,0.5,0.0,5,0.0,0.0
Bellcanada,SM,2,B3,29,7,3,1,29->30->35->46->47->3->2->7,29->30->44->45->46->47->3,36.612129,inf,0.0,122,122,28.884945,4.476276,88.19483,4.476276,0.0,0.0,0.0,0,122,0.5,0.5,0.0,5,0.0,0.0
Bellcanada,SM,2,B3,30,6,1,1,30->44->45->46->48->39->28->9->6,30->44->45->46->47->3->1,68.816253,inf,0.0,219,219,30.245806,20.661157,105.740573,20.661157,0.0,0.0,0.0,0,219.0,0.5,0.5,0.0,5,0.0,0.0
Bellcanada,SM,2,B3,31,6,2,1,31->34->9->6,31->34->5->8->7->2,40.13513,inf,0.0,183,183,11.202912,6.60502,72.641541,6.60502,0.0,0.0,0.0,0,183,0.5,0.5,0.0,5,0.0,0.0
Bellcanada,SM,2,B3,32,6,3,1,32->34->9->6,32->34->5->3,41.126628,inf,0.0,171,171,10.152883,4.476276,69.462768,4.476276,0.0,0.0,0.0,0,171,0.5,0.5,0.0,5,0.0,0.0
Bellcanada,SM,2,B3,33,5,5,0,33->31->34->5,33->31->34->5,5.310901,inf,0.0,166,166,5.310901,5.636979,65.781489,5.636979,0.0,0.0,0.0,0,166,0.5,0.5,0.0,5,0.0,0.0
Bellcanada,SM,2,B3,34,5,1,1,34->5,34->5->3->1,2.553295,inf,0.0,222,222,10.599499,20.661157,86.094265,20.661157,0.0,0.0,0.0,0,222,0.5,0.5,0.0,5,0.0,0.0
Bellcanada,SM,2,B3,35,5,2,1,35->46->47->3->5,35->46->47->3->2,29.217176,inf,0.0,193,193,27.440999,6.60502,88.879628,6.60502,0.0,0.0,0.0,0,193,0.5,0.5,0.0,5,0.0,0.0
Bellcanada,SM,2,B3,36,5,5,0,36->32->34->5,36->32->34->5,19.907371,inf,0.0,140,140,19.907371,5.636979,80.377959,5.636979,0.0,0.0,0.0,0,140,0.5,0.5,0.0,5,0.0,0.0
Bellcanada,SM,2,B3,37,5,5,0,37->32->34->5,37->32->34->5,15.763364,inf,0.0,212,212,15.763364,5.636979,76.233952,5.636979,0.0,0.0,0.0,0,212,0.5,0.5,0.0,5,0.0,0.0
Bellcanada,SM,2,B3,38,5,5,0,38->32->34->5,38->32->34->5,15.392888,inf,0.0,193,193,15.392888,5.636979,75.863476,5.636979,0.0,0.0,0.0,0,193,0.5,0.5,0.0,5,0.0,0.0
Bellcanada,SM,2,B3,39,5,5,0,39->28->34->5,39->28->40->3->5,11.973179,inf,0.0,188,188,11.159648,5.636979,71.630236,5.636979,0.0,0.0,0.0,0,188,0.5,0.5,0.0,5,0.0,0.0
Bellcanada,SM,2,B3,40,4,3,1,40->3->4,40->3,5.229956,inf,0.0,170,170,1.445629,4.476276,60.755514,4.476276,0.0,0.0,0.0,0,170,0.5,0.5,0.0,5,0.0,0.0
Bellcanada,SM,2,B3,41,4,1,1,41->13->29->30->44->45->46->47->3->4,41->13->29->30->44->45->46->47->3->1,40.669916,inf,0.0,225,225,39.250296,20.661157,114.745063,20.661157,0.0,0.0,0.0,0,225,0.5,0.5,0.0,5,0.0,0.0
Bellcanada,SM,2,B3,42,4,2,1,42->41->13->29->30->44->45->46->47->3->4,42->41->13->29->30->44->45->46->47->3->2,49.392846,inf,0.0,239,239,49.513838,6.60502,110.952468,6.60502,0.0,0.0,0.0,0,239,0.5,0.5,0.0,5,0.0,0.0
Bellcanada,SM,2,B3,43,4,4,0,43->35->46->47->3->4,43->35->46->47->3->4,40.231655,inf,0.0,181,181,40.231655,3.787879,98.853143,3.787879,0.0,0.0,0.0,0,181,0.5,0.5,0.0,5,0.0,0.0
Bellcanada,SM,2,B3,44,4,4,0,44->45->46->47->3->4,44->45->46->47->3->4,28.326802,inf,0.0,208,208,28.326802,3.787879,86.94829,3.787879,0.0,0.0,0.0,0,208.0,0.5,0.5,0.0,5,0.0,0.0
Bellcanada,SM,2,B3,45,4,4,0,45->46->47->3->4,45->46->47->3->4,21.701304,inf,0.0,222,222,21.701304,3.787879,80.322792,3.787879,0.0,0.0,0.0,0,222.0,0.5,0.5,0.0,5,0.0,0.0
Bellcanada,SM,2,B3,46,4,4,0,46->47->3->4,46->47->3->4,15.757653,inf,0.0,176,176,15.757653,3.787879,74.379141,3.787879,0.0,0.0,0.0,0,176.0,0.5,0.5,0.0,5,0.0,0.0
Bellcanada,SM,2,B3,47,3,4,1,47->3,47->3->4,4.871951,61.166694,0.0,168,168,8.656278,3.787879,67.277766,3.787879,6.111072,0.0,0.0,0,168,0.5,0.5,0.0,5,0.0,0.0
Bellcanada,SM,2,B3,48,3,3,0,48->46->47->3,48->39->28->40->3,17.34557,73.640313,0.0,208,208,9.815242,4.476276,69.125127,4.476276,0.0,0.0,0.0,0,208,0.5,0.5,0.0,5,0.0,0.0
Bellcanada,SM,2,MCF_ARC,1,1,1,0,1,1,0.0,55.748188,0.0,185,185,0.0,1.083861,55.914223,1.080614,0.0,0.0,0.0,0,185,0.5,0.5,0.0,5,0.0,0.0
Bellcanada,SM,2,MCF_ARC,2,2,2,0,2,2,0.0,55.682938,0.0,153,153,0.0,13.64387,66.969532,12.135922,0.0,0.0,0.0,0,153,0.5,0.5,0.0,5,0.0,0.0
Bellcanada,SM,2,MCF_ARC,3,3,3,0,3,3,0.0,56.294743,0.0,218,218,0.0,13.135767,65.895556,11.061947,0.0,0.0,0.0,0,218,0.5,0.5,0.0,5,0.0,0.0
Bellcanada,SM,2,MCF_ARC,4,4,4,0,4,4,0.0,inf,0.0,177,177,0.0,8.431257,61.778054,6.944444,0.0,0.0,0.0,0,177,0.5,0.5,0.0,5,0.0,0.0
Bellcanada,SM,2,MCF_ARC,5,5,5,0,5,5,0.0,inf,0.0,202,202,0.0,15.220108,69.453492,14.619883,0.0,0.0,0.0,0,202,0.5,0.5,0.0,5,0.0,0.0
Bellcanada,SM,2,MCF_ARC,6,6,6,0,6,6,0.0,inf,0.0,161,161,0.0,10.730525,63.469188,8.635579,0.0,0.0,0.0,0,161,0.5,0.5,0.0,5,0.0,0.0
Bellcanada,SM,2,MCF_ARC,7,7,7,0,7,7,0.0,inf,0.0,157,157,0.0,13.798967,66.824017,11.990408,0.0,0.0,0.0,0,157,0.5,0.5,0.0,5,0.0,0.0
Bellcanada,SM,2,MCF_ARC,8,8,8,0,8,8,0.0,inf,0.0,178,178,0.0,15.125365,69.242831,14.409222,0.0,0.0,0.0,0,178,0.5,0.5,0.0,5,0.0,0.0
Bellcanada,SM,2,MCF_ARC,9,8,8,0,9->34->5->8,9->34->5->8,9.25323,inf,0.0,161,161,9.25323,15.125365,78.496062,14.409222,0.0,0.0,0.0,0,161,0.5,0.5,0.0,5,0.0,0.0
Bellcanada,SM,2,MCF_ARC,10,8,8,0,10->9->34->5->8,10->9->34->5->8,9.706646,inf,0.0,166,166,9.706646,15.125365,78.949477,14.409222,0.0,0.0,0.0,0,166,0.5,0.5,0.0,5,0.0,0.0
Bellcanada,SM,2,MCF_ARC,11,8,2,1,11->20->19->18->17->15->14->30->44->45->46->47->3->2->7->8,11->20->19->18->17->15->14->30->44->45->46->47->3->2,49.28871,inf,0.0,243,243,45.544629,13.64387,112.514161,12.135922,0.0,0.0,0.0,0,243,0.5,0.5,0.0,5,0.0,0.0
Bellcanada,SM,2,MCF_ARC,12,8,2,1,12->22->17->15->14->30->44->45->46->47->3->2->7->8,12->22->17->15->14->30->44->45->46->47->3->2,49.318582,inf,0.0,180,180,45.574501,13.64387,112.544033,12.135922,0.0,0.0,0.0,0,180,0.5,0.5,0.0,5,0.0,0.0
Bellcanada,SM,2,MCF_ARC,13,8,8,0,13->29->30->44->45->46->47->3->5->8,13->29->30->44->45->46->47->3->2->7->8,43.257863,inf,0.0,166,166,41.246824,15.125365,110.489655,14.409222,0.0,0.0,0.0,0,166,0.5,0.5,0.0,5,0.0,0.0
Bellcanada,SM,2,MCF_ARC,14,8,8,0,14->30->44->45->46->47->3->2->7->8,14->30->44->45->46->47->3->2->7->8,39.043154,inf,0.0,175,175,39.043154,15.125365,108.285985,14.409222,0.0,0.0,0.0,0,175.0,0.5,0.5,0.0,5,0.0,0.0
Bellcanada,SM,2,MCF_ARC,15,8,8,0,15->14->30->44->45->46->47->3->2->7->8,15->14->30->44->45->46->47->3->2->7->8,40.697216,inf,0.0,197,197,40.697216,15.125365,109.940047,14.409222,0.0,0.0,0.0,0,197.0,0.5,0.5,0.0,5,0.0,0.0
Bellcanada,SM,2,MCF_ARC,16,7,2,1,16->15->14->30->44->45->46->47->3->2->7,16->15->14->30->44->45->46->47->3->2,39.405642,inf,0.0,218,218,38.279571,13.64387,105.249103,12.135922,0.0,0.0,0.0,0,218,0.5,0.5,0.0,5,0.0,0.0
Bellcanada,SM,2,MCF_ARC,17,7,7,0,17->15->14->30->44->45->46->47->3->2->7,17->15->14->30->44->45->46->47->3->2->7,40.41554,inf,0.0,166,166,40.41554,13.798967,107.239557,11.990408,0.0,0.0,0.0,0,166.0,0.5,0.5,0.0,5,0.0,0.0
Bellcanada,SM,2,MCF_ARC,18,7,2,1,18->17->15->14->30->44->45->46->47->3->2->7,18->17->15->14->30->44->45->46->47->3->2,42.214961,inf,0.0,209,209,41.088891,13.64387,108.058422,12.135922,0.0,0.0,0.0,0,209,0.5,0.5,0.0,5,0.0,0.0
Bellcanada,SM,2,MCF_ARC,19,7,7,0,19->18->17->15->14->30->44->45->46->47->3->2->7,19->18->17->15->14->30->44->45->46->47->3->2->7,44.094077,inf,0.0,154,154,44.094077,13.798967,110.918094,11.990408,0.0,0.0,0.0,0,154,0.5,0.5,0.0,5,0.0,0.0
Bellcanada,SM,2,MCF_ARC,20,7,2,1,20->19->18->17->15->14->30->44->45->46->47->3->2->7,20->19->18->17->15->14->30->44->45->46->47->3->2,44.991422,inf,0.0,245,245,43.865351,13.64387,110.834883,12.135922,0.0,0.0,0.0,0,245,0.5,0.5,0.0,5,0.0,0.0
Bellcanada,SM,2,MCF_ARC,21,8,7,1,21->24->17->15->13->41->36->32->34->5->8,21->24->17->15->14->30->44->45->46->47->3->2->7,76.361882,inf,0.0,130,130,44.926035,13.798967,111.750052,11.990408,0.0,0.0,0.0,0,130,0.5,0.5,0.0,5,0.0,0.0
Bellcanada,SM,2,MCF_ARC,22,7,7,0,22->17->15->14->30->44->45->46->47->3->2->7,22->17->15->14->30->44->45->46->47->3->2->7,45.4003,inf,0.0,174,174,45.4003,13.798967,112.224317,11.990408,0.0,0.0,0.0,0,174,0.5,0.5,0.0,5,0.0,0.0
Bellcanada,SM,2,MCF_ARC,23,7,7,0,23->21->24->17->15->14->30->44->45->46->47->3->2->7,23->21->24->17->15->14->30->44->45->46->47->3->2->7,47.013614,inf,0.0,152,152,47.013614,13.798967,113.837631,11.990408,0.0,0.0,0.0,0,152,0.5,0.5,0.0,5,0.0,0.0
Bellcanada,SM,2,MCF_ARC,24,6,6,0,24->17->15->14->30->44->45->46->47->3->5->6,24->17->15->14->30->44->45->46->48->39->28->9->6,81.751161,inf,0.0,159,159,79.948585,10.730525,143.417773,8.635579,0.0,0.0,0.0,0,159,0.5,0.5,0.0,5,0.0,0.0
Bellcanada,SM,2,MCF_ARC,25,6,6,0,25->26->22->17->15->14->30->44->45->46->48->39->28->9->6,25->26->22->17->15->14->30->44->45->46->48->39->28->9->6,91.223164,inf,0.0,167,167,91.223164,10.730525,154.692352,8.635579,0.0,0.0,0.0,0,167,0.5,0.5,0.0,5,0.0,0.0
Bellcanada,SM,2,MCF_ARC,26,6,6,0,26->22->17->15->14->30->44->45->46->48->39->28->9->6,26->22->17->15->14->30->44->45->46->48->39->28->9->6,82.750487,inf,0.0,160,160,82.750487,10.730525,146.219675,8.635579,0.0,0.0,0.0,0,160,0.5,0.5,0.0,5,0.0,0.0
Bellcanada,SM,2,MCF_ARC,27,6,6,0,27->28->9->6,27->28->9->6,42.285817,inf,0.0,180,180,42.285817,10.730525,105.755005,8.635579,0.0,0.0,0.0,0,180,0.5,0.5,0.0,5,0.0,0.0
Bellcanada,SM,2,MCF_ARC,28,6,3,1,28->9->6,28->40->3,40.534462,inf,0.0,197,197,2.813468,13.135767,68.709024,11.061947,0.0,0.0,0.0,0,197,0.5,0.5,0.0,5,0.0,0.0
Bellcanada,SM,2,MCF_ARC,29,7,7,0,29->30->35->46->47->3->2->7,29->30->44->45->46->47->3->2->7,36.612129,inf,0.0,122,122,33.916335,13.798967,100.740352,11.990408,0.0,0.0,0.0,0,122,0.5,0.5,0.0,5,0.0,0.0
Bellcanada,SM,2,MCF_ARC,30,6,3,1,30->44->45->46->48->39->28->9->6,30->44->45->46->47->3,68.816253,inf,0.0,219,219,27.881099,13.135767,93.776656,11.061947,0.0,0.0,0.0,0,219.0,0.5,0.5,0.0,5,0.0,0.0
Bellcanada,SM,2,MCF_ARC,31,6,6,0,31->34->9->6,31->34->9->6,40.13513,inf,0.0,183,183,40.13513,10.730525,103.604318,8.635579,0.0,0.0,0.0,0,183,0.5,0.5,0.0,5,0.0,0.0
Bellcanada,SM,2,MCF_ARC,32,6,6,0,32->34->9->6,32->34->9->6,41.126628,inf,0.0,171,171,41.126628,10.730525,104.595816,8.635579,0.0,0.0,0.0,0,171,0.5,0.5,0.0,5,0.0,0.0
Bellcanada,SM,2,MCF_ARC,33,5,8,1,33->31->34->5,33->31->34->5->8,5.310901,inf,0.0,166,166,9.289844,15.125365,78.532675,14.409222,0.0,0.0,0.0,0,166,0.5,0.5,0.0,5,0.0,0.0
Bellcanada,SM,2,MCF_ARC,34,5,5,0,34->5,34->5,2.553295,inf,0.0,222,222,2.553295,15.220108,72.006788,14.619883,0.0,0.0,0.0,0,222,0.5,0.5,0.0,5,0.0,0.0
Bellcanada,SM,2,MCF_ARC,35,5,5,0,35->46->47->3->5,35->46->47->3->5,29.217176,inf,0.0,193,193,29.217176,15.220108,98.670668,14.619883,0.0,0.0,0.0,0,193,0.5,0.5,0.0,5,0.0,0.0
Bellcanada,SM,2,MCF_ARC,36,5,7,1,36->32->34->5,36->32->34->5->8->7,19.907371,inf,0.0,140,140,26.504324,13.798967,93.328341,11.990408,0.0,0.0,0.0,0,140,0.5,0.5,0.0,5,0.0,0.0
Bellcanada,SM,2,MCF_ARC,37,5,5,0,37->32->34->5,37->32->34->5,15.763364,inf,0.0,212,212,15.763364,15.220108,85.216856,14.619883,0.0,0.0,0.0,0,212,0.5,0.5,0.0,5,0.0,0.0
Bellcanada,SM,2,MCF_ARC,38,5,5,0,38->32->34->5,38->32->34->5,15.392888,inf,0.0,193,193,15.392888,15.220108,84.846381,14.619883,0.0,0.0,0.0,0,193,0.5,0.5,0.0,5,0.0,0.0
Bellcanada,SM,2,MCF_ARC,39,5,5,0,39->28->34->5,39->28->40->3->5,11.973179,inf,0.0,188,188,11.159648,15.220108,80.613141,14.619883,0.0,0.0,0.0,0,188,0.5,0.5,0.0,5,0.0,0.0
Bellcanada,SM,2,MCF_ARC,40,4,3,1,40->3->4,40->3,5.229956,inf,0.0,170,170,1.445629,13.135767,67.341185,11.061947,0.0,0.0,0.0,0,170,0.5,0.5,0.0,5,0.0,0.0
Bellcanada,SM,2,MCF_ARC,41,4,4,0,41->13->29->30->44->45->46->47->3->4,41->13->29->30->44->45->46->47->3->4,40.669916,inf,0.0,225,225,40.669916,8.431257,102.44797,6.944444,0.0,0.0,0.0,0,225,0.5,0.5,0.0,5,0.0,0.0
Bellcanada,SM,2,MCF_ARC,42,4,4,0,42->41->13->29->30->44->45->46->47->3->4,42->41->13->29->30->44->45->46->47->3->4,49.392846,inf,0.0,239,239,49.392846,8.431257,111.1709,6.944444,0.0,0.0,0.0,0,239,0.5,0.5,0.0,5,0.0,0.0
Bellcanada,SM,2,MCF_ARC,43,4,4,0,43->35->46->47->3->4,43->35->46->47->3->4,40.231655,inf,0.0,181,181,40.231655,8.431257,102.009709,6.944444,0.0,0.0,0.0,0,181,0.5,0.5,0.0,5,0.0,0.0
Bellcanada,SM,2,MCF_ARC,44,4,4,0,44->45->46->47->3->4,44->45->46->47->3->4,28.326802,inf,0.0,208,208,28.326802,8.431257,90.104856,6.944444,0.0,0.0,0.0,0,208.0,0.5,0.5,0.0,5,0.0,0.0
Bellcanada,SM,2,MCF_ARC,45,4,4,0,45->46->47->3->4,45->46->47->3->4,21.701304,inf,0.0,222,222,21.701304,8.431257,83.479358,6.944444,0.0,0.0,0.0,0,222.0,0.5,0.5,0.0,5,0.0,0.0
Bellcanada,SM,2,MCF_ARC,46,4,3,1,46->47->3->4,46->47->3,15.757653,inf,0.0,176,176,11.973326,13.135767,77.868882,11.061947,0.0,0.0,0.0,0,176.0,0.5,0.5,0.0,5,0.0,0.0
Bellcanada,SM,2,MCF_ARC,47,3,1,1,47->3,47->3->1,4.871951,61.166694,0.0,168,168,7.236658,1.083861,63.150881,1.080614,1.984187,0.0,0.0,0,168,0.5,0.5,0.0,5,0.0,0.0
Bellcanada,SM,2,MCF_ARC,48,3,3,0,48->46->47->3,48->39->28->40->3,17.34557,73.640313,0.0,208,208,9.815242,13.135767,75.710798,11.061947,0.0,0.0,0.0,0,208,0.5,0.5,0.0,5,0.0,0.0
Bellcanada,SM,3,B1,1,1,1,0,1,,0.0,55.753234,0.0,195,195,0.0,1.16225,55.99586,1.16225,0.0,0.0,0.0,0,195,0.5,0.5,0.0,5,0.0,0.0
Bellcanada,SM,3,B1,2,2,2,0,2,,0.0,55.718252,0.0,152,152,0.0,3.082614,57.916223,3.082614,0.0,0.0,0.0,0,152,0.5,0.5,0.0,5,0.0,0.0
Bellcanada,SM,3,B1,3,3,1,1,3,,0.0,56.796703,0.0,227,227,2.364707,1.16225,58.360566,1.16225,1.563863,0.0,0.0,0,227,0.5,0.5,0.0,5,0.0,0.0
Bellcanada,SM,3,B1,4,4,4,0,4,,0.0,inf,0.0,201,201,0.0,11.600928,66.434538,11.600928,0.0,0.0,0.0,0,201,0.5,0.5,0.0,5,0.0,0.0
Bellcanada,SM,3,B1,5,5,5,0,5,,0.0,inf,0.0,203,203,0.0,74.626866,129.460475,74.626866,0.0,0.0,0.0,0,203,0.5,0.5,0.0,5,0.0,0.0
Bellcanada,SM,3,B1,6,6,6,0,6,,0.0,inf,0.0,172,172,0.0,87.719298,142.552908,87.719298,0.0,0.0,0.0,0,172,0.5,0.5,0.0,5,0.0,0.0
Bellcanada,SM,3,B1,7,7,7,0,7,,0.0,inf,0.0,188,188,0.0,9.67118,64.504789,9.67118,0.0,0.0,0.0,0,188,0.5,0.5,0.0,5,0.0,0.0
Bellcanada,SM,3,B1,8,8,8,0,8,,0.0,inf,0.0,210,210,0.0,2500.0,2554.833609,2500.0,0.0,0.0,0.0,0,210,0.5,0.5,0.0,5,0.0,0.0
Bellcanada,SM,3,B1,9,8,8,0,9->34->5->8,,9.25323,inf,0.0,165,165,9.25323,2500.0,2564.08684,2500.0,0.0,0.0,0.0,0,165,0.5,0.5,0.0,5,0.0,0.0
Bellcanada,SM,3,B1,10,8,8,0,10->9->34->5->8,,9.706646,inf,0.0,213,213,9.706646,2500.0,2564.540255,2500.0,0.0,0.0,0.0,0,213,0.5,0.5,0.0,5,0.0,0.0
Bellcanada,SM,3,B1,11,8,2,1,11->20->19->18->17->15->14->30->44->45->46->47->3->2->7->8,,49.28871,inf,0.0,217,217,45.544629,3.082614,103.460853,3.082614,0.0,0.0,0.0,0,217,0.5,0.5,0.0,5,0.0,0.0
Bellcanada,SM,3,B1,12,8,8,0,12->22->17->15->14->30->44->45->46->47->3->2->7->8,,49.318582,inf,0.0,183,183,49.318582,2500.0,2604.152191,2500.0,0.0,0.0,0.0,0,183,0.5,0.5,0.0,5,0.0,0.0
Bellcanada,SM,3,B1,13,8,8,0,13->29->30->44->45->46->47->3->5->8,,43.257863,inf,0.0,176,176,41.246824,2500.0,2596.080433,2500.0,0.0,0.0,0.0,0,176,0.5,0.5,0.0,5,0.0,0.0
Bellcanada,SM,3,B1,14,8,8,0,14->30->44->45->46->47->3->2->7->8,,39.043154,inf,0.0,193,193,39.043154,2500.0,2593.876763,2500.0,0.0,0.0,0.0,0,193.0,0.5,0.5,0.0,5,0.0,0.0
Bellcanada,SM,3,B1,15,8,2,1,15->14->30->44->45->46->47->3->2->7->8,,40.697216,inf,0.0,195,195,36.953135,3.082614,94.869358,3.082614,0.0,0.0,0.0,0,195.0,0.5,0.5,0.0,5,0.0,0.0
Bellcanada,SM,3,B1,16,7,2,1,16->15->14->30->44->45->46->47->3->2->7,,39.405642,inf,0.0,188,188,38.279571,3.082614,96.195795,3.082614,0.0,0.0,0.0,0,188,0.5,0.5,0.0,5,0.0,0.0
Bellcanada,SM,3,B1,17,7,7,0,17->15->14->30->44->45->46->47->3->2->7,,40.41554,inf,0.0,160,160,40.41554,9.67118,104.920329,9.67118,0.0,0.0,0.0,0,160.0,0.5,0.5,0.0,5,0.0,0.0
Bellcanada,SM,3,B1,18,7,7,0,18->17->15->14->30->35->46->47->3->2->7,,44.910755,inf,0.0,155,155,42.214961,9.67118,106.71975,9.67118,0.0,0.0,0.0,0,155,0.5,0.5,0.0,5,0.0,0.0
Bellcanada,SM,3,B1,19,7,2,1,19->18->17->15->14->30->44->45->46->47->3->2->7,,44.094077,inf,0.0,206,206,42.968007,3.082614,100.88423,3.082614,0.0,0.0,0.0,0,206,0.5,0.5,0.0,5,0.0,0.0
Bellcanada,SM,3,B1,20,7,7,0,20->19->18->17->15->14->30->44->45->46->47->3->2->7,,44.991422,inf,0.0,181,181,44.991422,9.67118,109.496211,9.67118,0.0,0.0,0.0,0,181,0.5,0.5,0.0,5,0.0,0.0
Bellcanada,SM,3,B1,21,7,7,0,21->22->17->15->13->41->36->32->34->5->8->7,,80.814416,inf,0.0,146,146,44.926035,9.67118,109.430824,9.67118,0.0,0.0,0.0,0,146,0.5,0.5,0.0,5,0.0,0.0
Bellcanada,SM,3,B1,22,7,7,0,22->17->15->14->30->44->45->46->47->3->2->7,,45.4003,inf,0.0,179,179,45.4003,9.67118,109.905089,9.67118,0.0,0.0,0.0,0,179,0.5,0.5,0.0,5,0.0,0.0
Bellcanada,SM,3,B1,23,7,7,0,23->26->22->17->15->14->30->35->46->47->3->2->7,,50.37589,inf,0.0,170,170,47.013614,9.67118,111.518403,9.67118,0.0,0.0,0.0,0,170,0.5,0.5,0.0,5,0.0,0.0
Bellcanada,SM,3,B1,24,6,6,0,24->17->15->14->30->44->45->46->48->39->28->9->6,,79.948585,inf,0.0,201,201,79.948585,87.719298,222.501493,87.719298,0.0,0.0,0.0,0,201,0.5,0.5,0.0,5,0.0,0.0
Bellcanada,SM,3,B1,25,6,6,0,25->26->22->17->15->14->30->44->45->46->48->39->28->9->6,,91.223164,inf,0.0,207,207,91.223164,87.719298,233.776071,87.719298,0.0,0.0,0.0,0,207,0.5,0.5,0.0,5,0.0,0.0
Bellcanada,SM,3,B1,26,6,3,1,26->22->17->15->14->30->44->45->46->48->39->28->9->6,,82.750487,inf,0.0,219,219,41.815334,714.285714,810.934658,714.285714,0.0,0.0,0.0,0,219,0.5,0.5,0.0,5,0.0,0.0
Bellcanada,SM,3,B1,27,6,6,0,27->28->9->6,,42.285817,inf,0.0,150,150,42.285817,87.719298,184.838725,87.719298,0.0,0.0,0.0,0,150,0.5,0.5,0.0,5,0.0,0.0
Bellcanada,SM,3,B1,28,6,6,0,28->9->6,,40.534462,inf,0.0,176,176,40.534462,87.719298,183.08737,87.719298,0.0,0.0,0.0,0,176,0.5,0.5,0.0,5,0.0,0.0
Bellcanada,SM,3,B1,29,6,6,0,29->30->44->45->46->48->39->28->9->6,,69.820099,inf,0.0,195,195,69.820099,87.719298,212.373006,87.719298,0.0,0.0,0.0,0,195,0.5,0.5,0.0,5,0.0,0.0
Bellcanada,SM,3,B1,30,6,6,0,30->44->45->46->48->39->28->9->6,,68.816253,inf,0.0,170,170,68.816253,87.719298,211.369161,87.719298,0.0,0.0,0.0,0,170.0,0.5,0.5,0.0,5,0.0,0.0
Bellcanada,SM,3,B1,31,5,5,0,31->34->5,,3.479888,inf,0.0,164,164,3.479888,74.626866,132.940363,74.626866,0.0,0.0,0.0,0,164,0.5,0.5,0.0,5,0.0,0.0
Bellcanada,SM,3,B1,32,5,5,0,32->34->5,,4.471386,inf,0.0,180,180,4.471386,74.626866,133.931861,74.626866,0.0,0.0,0.0,0,180,0.5,0.5,0.0,5,0.0,0.0
Bellcanada,SM,3,B1,33,5,5,0,33->31->34->5,,5.310901,inf,0.0,163,163,5.310901,74.626866,134.771376,74.626866,0.0,0.0,0.0,0,163,0.5,0.5,0.0,5,0.0,0.0
Bellcanada,SM,3,B1,34,5,8,1,34->5,,2.553295,inf,0.0,142,142,6.532238,2500.0,2561.365847,2500.0,0.0,0.0,0.0,0,142,0.5,0.5,0.0,5,0.0,0.0
Bellcanada,SM,3,B1,35,5,3,1,35->46->47->3->5,,29.217176,inf,0.0,167,167,23.535679,714.285714,792.655003,714.285714,0.0,0.0,0.0,0,167,0.5,0.5,0.0,5,0.0,0.0
Bellcanada,SM,3,B1,36,5,5,0,36->32->34->5,,19.907371,inf,0.0,216,216,19.907371,74.626866,149.367846,74.626866,0.0,0.0,0.0,0,216,0.5,0.5,0.0,5,0.0,0.0
Bellcanada,SM,3,B1,37,5,5,0,37->32->34->5,,15.763364,inf,0.0,171,171,15.763364,74.626866,145.223839,74.626866,0.0,0.0,0.0,0,171,0.5,0.5,0.0,5,0.0,0.0
Bellcanada,SM,3,B1,38,5,5,0,38->32->34->5,,15.392888,inf,0.0,172,172,15.392888,74.626866,144.853363,74.626866,0.0,0.0,0.0,0,172,0.5,0.5,0.0,5,0.0,0.0
Bellcanada,SM,3,B1,39,4,4,0,39->28->40->3->4,,9.262478,inf,0.0,195,195,9.262478,11.600928,75.697016,11.600928,0.0,0.0,0.0,0,195,0.5,0.5,0.0,5,0.0,0.0
Bellcanada,SM,3,B1,40,4,4,0,40->3->4,,5.229956,inf,0.0,197,197,5.229956,11.600928,71.664493,11.600928,0.0,0.0,0.0,0,197,0.5,0.5,0.0,5,0.0,0.0
Bellcanada,SM,3,B1,41,4,4,0,41->13->29->30->44->45->46->47->3->4,,40.669916,inf,0.0,191,191,40.669916,11.600928,107.104454,11.600928,0.0,0.0,0.0,0,191,0.5,0.5,0.0,5,0.0,0.0
Bellcanada,SM,3,B1,42,4,4,0,42->41->13->29->30->44->45->46->47->3->4,,49.392846,inf,0.0,190,190,49.392846,11.600928,115.827383,11.600928,0.0,0.0,0.0,0,190,0.5,0.5,0.0,5,0.0,0.0
Bellcanada,SM,3,B1,43,4,3,1,43->35->46->47->3->4,,40.231655,inf,0.0,165,165,36.447328,714.285714,805.566652,714.285714,0.0,0.0,0.0,0,165,0.5,0.5,0.0,5,0.0,0.0
Bellcanada,SM,3,B1,44,4,4,0,44->45->46->47->3->4,,28.326802,inf,0.0,227,227,28.326802,11.600928,94.761339,11.600928,0.0,0.0,0.0,0,227.0,0.5,0.5,0.0,5,0.0,0.0
Bellcanada,SM,3,B1,45,4,3,1,45->46->47->3->4,,21.701304,inf,0.0,184,184,17.916977,714.285714,787.036301,714.285714,0.0,0.0,0.0,0,184.0,0.5,0.5,0.0,5,0.0,0.0
Bellcanada,SM,3,B1,46,3,3,0,46->47->3,,11.973326,68.770029,0.0,203,203,11.973326,714.285714,781.09265,714.285714,0.0,0.0,0.0,0,203.0,0.5,0.5,0.0,5,0.0,0.0
Bellcanada,SM,3,B1,47,3,3,0,47->3,,4.871951,61.668654,0.0,178,178,4.871951,714.285714,773.991275,714.285714,0.0,0.0,0.0,0,178,0.5,0.5,0.0,5,0.0,0.0
Bellcanada,SM,3,B1,48,3,3,0,48->46->47->3,,17.34557,74.142273,0.0,165,165,9.815242,714.285714,778.934565,714.285714,0.0,0.0,0.0,0,165,0.5,0.5,0.0,5,0.0,0.0
Bellcanada,SM,3,B3,1,1,1,0,1,1,0.0,55.753234,0.0,195,195,0.0,6.60502,61.438629,6.60502,0.0,0.0,0.0,0,195,0.5,0.5,0.0,5,0.0,0.0
Bellcanada,SM,3,B3,2,2,2,0,2,2,0.0,55.718252,0.0,152,152,0.0,10.162602,64.996211,10.162602,0.0,0.0,0.0,0,152,0.5,0.5,0.0,5,0.0,0.0
Bellcanada,SM,3,B3,3,3,3,0,3,3,0.0,56.796703,0.0,227,227,0.0,4.025765,58.859374,4.025765,0.0,0.0,0.0,0,227,0.5,0.5,0.0,5,0.0,0.0
Bellcanada,SM,3,B3,4,4,4,0,4,4,0.0,inf,0.0,201,201,0.0,7.98722,62.82083,7.98722,0.0,0.0,0.0,0,201,0.5,0.5,0.0,5,0.0,0.0
Bellcanada,SM,3,B3,5,5,5,0,5,5,0.0,inf,0.0,203,203,0.0,4.359198,59.192807,4.359198,0.0,0.0,0.0,0,203,0.5,0.5,0.0,5,0.0,0.0
Bellcanada,SM,3,B3,6,6,6,0,6,6,0.0,inf,0.0,172,172,0.0,5.512679,60.346289,5.512679,0.0,0.0,0.0,0,172,0.5,0.5,0.0,5,0.0,0.0
Bellcanada,SM,3,B3,7,7,7,0,7,7,0.0,inf,0.0,188,188,0.0,4.664179,59.497789,4.664179,0.0,0.0,0.0,0,188,0.5,0.5,0.0,5,0.0,0.0
Bellcanada,SM,3,B3,8,8,8,0,8,8,0.0,inf,0.0,210,210,0.0,6.56168,61.395289,6.56168,0.0,0.0,0.0,0,210,0.5,0.5,0.0,5,0.0,0.0
Bellcanada,SM,3,B3,9,8,1,1,9->34->5->8,9->28->40->3->1,9.25323,inf,0.0,165,165,9.225092,6.60502,70.663721,6.60502,0.0,0.0,0.0,0,165,0.5,0.5,0.0,5,0.0,0.0
Bellcanada,SM,3,B3,10,8,2,1,10->9->34->5->8,10->9->28->40->3->2,9.706646,inf,0.0,213,213,11.21912,10.162602,76.215331,10.162602,0.0,0.0,0.0,0,213,0.5,0.5,0.0,5,0.0,0.0
Bellcanada,SM,3,B3,11,8,4,1,11->20->19->18->17->15->14->30->44->45->46->47->3->2->7->8,11->20->19->18->17->15->14->30->44->45->46->47->3->4,49.28871,inf,0.0,217,217,45.423637,7.98722,108.244467,7.98722,0.0,0.0,0.0,0,217,0.5,0.5,0.0,5,0.0,0.0
Bellcanada,SM,3,B3,12,8,8,0,12->22->17->15->14->30->44->45->46->47->3->2->7->8,12->22->17->15->14->30->44->45->46->47->3->2->7->8,49.318582,inf,0.0,183,183,49.318582,6.56168,110.713871,6.56168,0.0,0.0,0.0,0,183,0.5,0.5,0.0,5,0.0,0.0
Bellcanada,SM,3,B3,13,8,3,1,13->29->30->44->45->46->47->3->5->8,13->29->30->44->45->46->47->3,43.257863,inf,0.0,176,176,33.597423,4.025765,92.456798,4.025765,0.0,0.0,0.0,0,176,0.5,0.5,0.0,5,0.0,0.0
Bellcanada,SM,3,B3,14,8,8,0,14->30->44->45->46->47->3->2->7->8,14->30->44->45->46->47->3->2->7->8,39.043154,inf,0.0,193,193,39.043154,6.56168,100.438443,6.56168,0.0,0.0,0.0,0,193.0,0.5,0.5,0.0,5,0.0,0.0
Bellcanada,SM,3,B3,15,8,8,0,15->14->30->44->45->46->47->3->2->7->8,15->14->30->44->45->46->47->3->2->7->8,40.697216,inf,0.0,195,195,40.697216,6.56168,102.092505,6.56168,0.0,0.0,0.0,0,195.0,0.5,0.5,0.0,5,0.0,0.0
Bellcanada,SM,3,B3,16,7,1,1,16->15->14->30->44->45->46->47->3->2->7,16->15->14->30->44->45->46->47->3->1,39.405642,inf,0.0,188,188,36.738959,6.60502,98.177588,6.60502,0.0,0.0,0.0,0,188,0.5,0.5,0.0,5,0.0,0.0
Bellcanada,SM,3,B3,17,7,7,0,17->15->14->30->44->45->46->47->3->2->7,17->15->14->30->44->45->46->47->3->2->7,40.41554,inf,0.0,160,160,40.41554,4.664179,99.913328,4.664179,0.0,0.0,0.0,0,160.0,0.5,0.5,0.0,5,0.0,0.0
Bellcanada,SM,3,B3,18,7,4,1,18->17->15->14->30->35->46->47->3->2->7,18->17->15->14->30->44->45->46->47->3->4,44.910755,inf,0.0,155,155,40.967898,7.98722,103.788728,7.98722,0.0,0.0,0.0,0,155,0.5,0.5,0.0,5,0.0,0.0
Bellcanada,SM,3,B3,19,7,2,1,19->18->17->15->14->30->44->45->46->47->3->2->7,19->18->17->15->14->30->44->45->46->47->3->2,44.094077,inf,0.0,206,206,42.968007,10.162602,107.964218,10.162602,0.0,0.0,0.0,0,206,0.5,0.5,0.0,5,0.0,0.0
Bellcanada,SM,3,B3,20,7,7,0,20->19->18->17->15->14->30->44->45->46->47->3->2->7,20->19->18->17->15->14->30->44->45->46->47->3->2->7,44.991422,inf,0.0,181,181,44.991422,4.664179,104.48921,4.664179,0.0,0.0,0.0,0,181,0.5,0.5,0.0,5,0.0,0.0
Bellcanada,SM,3,B3,21,7,3,1,21->22->17->15->13->41->36->32->34->5->8->7,21->24->17->15->14->30->44->45->46->47->3,80.814416,inf,0.0,146,146,39.894645,4.025765,98.754019,4.025765,0.0,0.0,0.0,0,146,0.5,0.5,0.0,5,0.0,0.0
Bellcanada,SM,3,B3,22,7,7,0,22->17->15->14->30->44->45->46->47->3->2->7,22->17->15->14->30->44->45->46->47->3->2->7,45.4003,inf,0.0,179,179,45.4003,4.664179,104.898089,4.664179,0.0,0.0,0.0,0,179,0.5,0.5,0.0,5,0.0,0.0
Bellcanada,SM,3,B3,23,7,7,0,23->26->22->17->15->14->30->35->46->47->3->2->7,23->21->24->17->15->14->30->44->45->46->47->3->2->7,50.37589,inf,0.0,170,170,47.013614,4.664179,106.511403,4.664179,0.0,0.0,0.0,0,170,0.5,0.5,0.0,5,0.0,0.0
Bellcanada,SM,3,B3,24,6,6,0,24->17->15->14->30->44->45->46->48->39->28->9->6,24->17->15->14->30->44->45->46->48->39->28->9->6,79.948585,inf,0.0,201,201,79.948585,5.512679,140.294873,5.512679,0.0,0.0,0.0,0,201,0.5,0.5,0.0,5,0.0,0.0
Bellcanada,SM,3,B3,25,6,6,0,25->26->22->17->15->14->30->44->45->46->48->39->28->9->6,25->26->22->17->15->14->30->44->45->46->48->39->28->9->6,91.223164,inf,0.0,207,207,91.223164,5.512679,151.569452,5.512679,0.0,0.0,0.0,0,207,0.5,0.5,0.0,5,0.0,0.0
Bellcanada,SM,3,B3,26,6,2,1,26->22->17->15->14->30->44->45->46->48->39->28->9->6,26->22->17->15->14->30->44->45->46->47->3->2,82.750487,inf,0.0,219,219,45.720653,10.162602,110.716864,10.162602,0.0,0.0,0.0,0,219,0.5,0.5,0.0,5,0.0,0.0
Bellcanada,SM,3,B3,27,6,6,0,27->28->9->6,27->28->9->6,42.285817,inf,0.0,150,150,42.285817,5.512679,102.632106,5.512679,0.0,0.0,0.0,0,150,0.5,0.5,0.0,5,0.0,0.0
Bellcanada,SM,3,B3,28,6,6,0,28->9->6,28->9->6,40.534462,inf,0.0,176,176,40.534462,5.512679,100.880751,5.512679,0.0,0.0,0.0,0,176,0.5,0.5,0.0,5,0.0,0.0
Bellcanada,SM,3,B3,29,6,6,0,29->30->44->45->46->48->39->28->9->6,29->30->44->45->46->48->39->28->9->6,69.820099,inf,0.0,195,195,69.820099,5.512679,130.166387,5.512679,0.0,0.0,0.0,0,195,0.5,0.5,0.0,5,0.0,0.0
Bellcanada,SM,3,B3,30,6,1,1,30->44->45->46->48->39->28->9->6,30->44->45->46->47->3->1,68.816253,inf,0.0,170,170,30.245806,6.60502,91.684436,6.60502,0.0,0.0,0.0,0,170.0,0.5,0.5,0.0,5,0.0,0.0
Bellcanada,SM,3,B3,31,5,5,0,31->34->5,31->34->5,3.479888,inf,0.0,164,164,3.479888,4.359198,62.672696,4.359198,0.0,0.0,0.0,0,164,0.5,0.5,0.0,5,0.0,0.0
Bellcanada,SM,3,B3,32,5,5,0,32->34->5,32->34->5,4.471386,inf,0.0,180,180,4.471386,4.359198,63.664194,4.359198,0.0,0.0,0.0,0,180,0.5,0.5,0.0,5,0.0,0.0
Bellcanada,SM,3,B3,33,5,5,0,33->31->34->5,33->31->34->5,5.310901,inf,0.0,163,163,5.310901,4.359198,64.503708,4.359198,0.0,0.0,0.0,0,163,0.5,0.5,0.0,5,0.0,0.0
Bellcanada,SM,3,B3,34,5,3,1,34->5,34->5->3,2.553295,inf,0.0,142,142,8.234792,4.025765,67.094166,4.025765,0.0,0.0,0.0,0,142,0.5,0.5,0.0,5,0.0,0.0
Bellcanada,SM,3,B3,35,5,2,1,35->46->47->3->5,35->46->47->3->2,29.217176,inf,0.0,167,167,27.440999,10.162602,92.43721,10.162602,0.0,0.0,0.0,0,167,0.5,0.5,0.0,5,0.0,0.0
Bellcanada,SM,3,B3,36,5,1,1,36->32->34->5,36->32->34->5->3->1,19.907371,inf,0.0,216,216,27.953574,6.60502,89.392203,6.60502,0.0,0.0,0.0,0,216,0.5,0.5,0.0,5,0.0,0.0
Bellcanada,SM,3,B3,37,5,5,0,37->32->34->5,37->32->34->5,15.763364,inf,0.0,171,171,15.763364,4.359198,74.956171,4.359198,0.0,0.0,0.0,0,171,0.5,0.5,0.0,5,0.0,0.0
Bellcanada,SM,3,B3,38,5,5,0,38->32->34->5,38->32->34->5,15.392888,inf,0.0,172,172,15.392888,4.359198,74.585696,4.359198,0.0,0.0,0.0,0,172,0.5,0.5,0.0,5,0.0,0.0
Bellcanada,SM,3,B3,39,4,4,0,39->28->40->3->4,39->28->40->3->4,9.262478,inf,0.0,195,195,9.262478,7.98722,72.083308,7.98722,0.0,0.0,0.0,0,195,0.5,0.5,0.0,5,0.0,0.0
Bellcanada,SM,3,B3,40,4,1,1,40->3->4,40->3->1,5.229956,inf,0.0,197,197,3.810335,6.60502,65.248965,6.60502,0.0,0.0,0.0,0,197,0.5,0.5,0.0,5,0.0,0.0
Bellcanada,SM,3,B3,41,4,4,0,41->13->29->30->44->45->46->47->3->4,41->13->29->30->44->45->46->47->3->4,40.669916,inf,0.0,191,191,40.669916,7.98722,103.490746,7.98722,0.0,0.0,0.0,0,191,0.5,0.5,0.0,5,0.0,0.0
Bellcanada,SM,3,B3,42,4,7,1,42->41->13->29->30->44->45->46->47->3->4,42->41->13->29->30->44->45->46->47->3->2->7,49.392846,inf,0.0,190,190,50.639909,4.664179,110.137697,4.664179,0.0,0.0,0.0,0,190,0.5,0.5,0.0,5,0.0,0.0
Bellcanada,SM,3,B3,43,4,3,1,43->35->46->47->3->4,43->35->46->47->3,40.231655,inf,0.0,165,165,36.447328,4.025765,95.306703,4.025765,0.0,0.0,0.0,0,165,0.5,0.5,0.0,5,0.0,0.0
Bellcanada,SM,3,B3,44,4,2,1,44->45->46->47->3->4,44->45->46->47->3->2,28.326802,inf,0.0,227,227,28.447794,10.162602,93.444006,10.162602,0.0,0.0,0.0,0,227.0,0.5,0.5,0.0,5,0.0,0.0
Bellcanada,SM,3,B3,45,4,8,1,45->46->47->3->4,45->46->47->3->2->7->8,21.701304,inf,0.0,184,184,25.566378,6.56168,86.961667,6.56168,0.0,0.0,0.0,0,184.0,0.5,0.5,0.0,5,0.0,0.0
Bellcanada,SM,3,B3,46,3,4,1,46->47->3,46->47->3->4,11.973326,68.770029,0.0,203,203,15.757653,7.98722,78.578483,7.98722,9.808454,0.0,0.0,0,203.0,0.5,0.5,0.0,5,0.0,0.0
Bellcanada,SM,3,B3,47,3,3,0,47->3,47->3,4.871951,61.668654,0.0,178,178,4.871951,4.025765,63.731326,4.025765,0.0,0.0,0.0,0,178,0.5,0.5,0.0,5,0.0,0.0
Bellcanada,SM,3,B3,48,3,8,1,48->46->47->3,48->39->28->40->3->2->7->8,17.34557,74.142273,0.0,165,165,17.464642,6.56168,78.859931,6.56168,4.717658,0.0,0.0,0,165,0.5,0.5,0.0,5,0.0,0.0
Bellcanada,SM,3,MCF_ARC,1,1,1,0,1,1,0.0,55.753234,0.0,195,195,0.0,1.282373,56.115004,1.281394,0.0,0.0,0.0,0,195,0.5,0.5,0.0,5,0.0,0.0
Bellcanada,SM,3,MCF_ARC,2,2,2,0,2,2,0.0,55.718252,0.0,152,152,0.0,14.439563,67.922615,13.089005,0.0,0.0,0.0,0,152,0.5,0.5,0.0,5,0.0,0.0
Bellcanada,SM,3,MCF_ARC,3,3,3,0,3,3,0.0,56.796703,0.0,227,227,0.0,11.897442,64.504789,9.67118,0.0,0.0,0.0,0,227,0.5,0.5,0.0,5,0.0,0.0
Bellcanada,SM,3,MCF_ARC,4,4,4,0,4,4,0.0,inf,0.0,201,201,0.0,12.935904,65.679596,10.845987,0.0,0.0,0.0,0,201,0.5,0.5,0.0,5,0.0,0.0
Bellcanada,SM,3,MCF_ARC,5,5,5,0,5,5,0.0,inf,0.0,203,203,0.0,14.533716,68.096209,13.262599,0.0,0.0,0.0,0,203,0.5,0.5,0.0,5,0.0,0.0
Bellcanada,SM,3,MCF_ARC,6,6,6,0,6,6,0.0,inf,0.0,172,172,0.0,10.485152,63.279555,8.445946,0.0,0.0,0.0,0,172,0.5,0.5,0.0,5,0.0,0.0
Bellcanada,SM,3,MCF_ARC,7,7,7,0,7,7,0.0,inf,0.0,188,188,0.0,14.439563,67.922615,13.089005,0.0,0.0,0.0,0,188,0.5,0.5,0.0,5,0.0,0.0
Bellcanada,SM,3,MCF_ARC,8,8,8,0,8,8,0.0,inf,0.0,210,210,0.0,14.251258,67.588711,12.755102,0.0,0.0,0.0,0,210,0.5,0.5,0.0,5,0.0,0.0
Bellcanada,SM,3,MCF_ARC,9,8,2,1,9->34->5->8,9->34->5->8->7->2,9.25323,inf,0.0,165,165,12.997311,14.439563,80.919926,13.089005,0.0,0.0,0.0,0,165,0.5,0.5,0.0,5,0.0,0.0
Bellcanada,SM,3,MCF_ARC,10,8,8,0,10->9->34->5->8,10->9->34->5->8,9.706646,inf,0.0,213,213,9.706646,14.251258,77.295357,12.755102,0.0,0.0,0.0,0,213,0.5,0.5,0.0,5,0.0,0.0
Bellcanada,SM,3,MCF_ARC,11,8,8,0,11->20->19->18->17->15->14->30->44->45->46->47->3->2->7->8,11->20->19->18->17->15->14->30->44->45->46->47->3->2->7->8,49.28871,inf,0.0,217,217,49.28871,14.251258,116.877422,12.755102,0.0,0.0,0.0,0,217,0.5,0.5,0.0,5,0.0,0.0
Bellcanada,SM,3,MCF_ARC,12,8,2,1,12->22->17->15->14->30->44->45->46->47->3->2->7->8,12->22->17->15->14->30->44->45->46->47->3->2,49.318582,inf,0.0,183,183,45.574501,14.439563,113.497116,13.089005,0.0,0.0,0.0,0,183,0.5,0.5,0.0,5,0.0,0.0
Bellcanada,SM,3,MCF_ARC,13,8,2,1,13->29->30->44->45->46->47->3->5->8,13->29->30->44->45->46->47->3->2,43.257863,inf,0.0,176,176,37.502743,14.439563,105.425357,13.089005,0.0,0.0,0.0,0,176,0.5,0.5,0.0,5,0.0,0.0
Bellcanada,SM,3,MCF_ARC,14,8,8,0,14->30->44->45->46->47->3->2->7->8,14->30->44->45->46->47->3->2->7->8,39.043154,inf,0.0,193,193,39.043154,14.251258,106.631865,12.755102,0.0,0.0,0.0,0,193.0,0.5,0.5,0.0,5,0.0,0.0
Bellcanada,SM,3,MCF_ARC,15,8,8,0,15->14->30->44->45->46->47->3->2->7->8,15->14->30->44->45->46->47->3->2->7->8,40.697216,inf,0.0,195,195,40.697216,14.251258,108.285927,12.755102,0.0,0.0,0.0,0,195.0,0.5,0.5,0.0,5,0.0,0.0
Bellcanada,SM,3,MCF_ARC,16,7,2,1,16->15->14->30->44->45->46->47->3->2->7,16->15->14->30->44->45->46->47->3->2,39.405642,inf,0.0,188,188,38.279571,14.439563,106.202186,13.089005,0.0,0.0,0.0,0,188,0.5,0.5,0.0,5,0.0,0.0
Bellcanada,SM,3,MCF_ARC,17,7,7,0,17->15->14->30->44->45->46->47->3->2->7,17->15->14->30->44->45->46->47->3->2->7,40.41554,inf,0.0,160,160,40.41554,14.439563,108.338155,13.089005,0.0,0.0,0.0,0,160.0,0.5,0.5,0.0,5,0.0,0.0
Bellcanada,SM,3,MCF_ARC,18,7,7,0,18->17->15->14->30->35->46->47->3->2->7,18->17->15->14->30->44->45->46->47->3->2->7,44.910755,inf,0.0,155,155,42.214961,14.439563,110.137576,13.089005,0.0,0.0,0.0,0,155,0.5,0.5,0.0,5,0.0,0.0
Bellcanada,SM,3,MCF_ARC,19,7,7,0,19->18->17->15->14->30->44->45->46->47->3->2->7,19->18->17->15->14->30->44->45->46->47->3->2->7,44.094077,inf,0.0,206,206,44.094077,14.439563,112.016692,13.089005,0.0,0.0,0.0,0,206,0.5,0.5,0.0,5,0.0,0.0
Bellcanada,SM,3,MCF_ARC,20,7,7,0,20->19->18->17->15->14->30->44->45->46->47->3->2->7,20->19->18->17->15->14->30->44->45->46->47->3->2->7,44.991422,inf,0.0,181,181,44.991422,14.439563,112.914036,13.089005,0.0,0.0,0.0,0,181,0.5,0.5,0.0,5,0.0,0.0
Bellcanada,SM,3,MCF_ARC,21,7,7,0,21->22->17->15->13->41->36->32->34->5->8->7,21->24->17->15->14->30->44->45->46->47->3->2->7,80.814416,inf,0.0,146,146,44.926035,14.439563,112.848649,13.089005,0.0,0.0,0.0,0,146,0.5,0.5,0.0,5,0.0,0.0
Bellcanada,SM,3,MCF_ARC,22,7,2,1,22->17->15->14->30->44->45->46->47->3->2->7,22->17->15->14->30->44->45->46->47->3->2,45.4003,inf,0.0,179,179,44.27423,14.439563,112.196844,13.089005,0.0,0.0,0.0,0,179,0.5,0.5,0.0,5,0.0,0.0
Bellcanada,SM,3,MCF_ARC,23,7,7,0,23->26->22->17->15->14->30->35->46->47->3->2->7,23->21->24->17->15->14->30->44->45->46->47->3->2->7,50.37589,inf,0.0,170,170,47.013614,14.439563,114.936229,13.089005,0.0,0.0,0.0,0,170,0.5,0.5,0.0,5,0.0,0.0
Bellcanada,SM,3,MCF_ARC,24,6,6,0,24->17->15->14->30->44->45->46->48->39->28->9->6,24->17->15->14->30->44->45->46->48->39->28->9->6,79.948585,inf,0.0,201,201,79.948585,10.485152,143.22814,8.445946,0.0,0.0,0.0,0,201,0.5,0.5,0.0,5,0.0,0.0
Bellcanada,SM,3,MCF_ARC,25,6,6,0,25->26->22->17->15->14->30->44->45->46->48->39->28->9->6,25->26->22->17->15->14->30->44->45->46->48->39->28->9->6,91.223164,inf,0.0,207,207,91.223164,10.485152,154.502719,8.445946,0.0,0.0,0.0,0,207,0.5,0.5,0.0,5,0.0,0.0
Bellcanada,SM,3,MCF_ARC,26,6,6,0,26->22->17->15->14->30->44->45->46->48->39->28->9->6,26->22->17->15->14->30->44->45->46->48->39->28->9->6,82.750487,inf,0.0,219,219,82.750487,10.485152,146.030043,8.445946,0.0,0.0,0.0,0,219,0.5,0.5,0.0,5,0.0,0.0
Bellcanada,SM,3,MCF_ARC,27,6,5,1,27->28->9->6,27->28->34->5,42.285817,inf,0.0,150,150,11.05985,14.533716,79.156059,13.262599,0.0,0.0,0.0,0,150,0.5,0.5,0.0,5,0.0,0.0
Bellcanada,SM,3,MCF_ARC,28,6,8,1,28->9->6,28->34->5->8,40.534462,inf,0.0,176,176,13.287438,14.251258,80.87615,12.755102,0.0,0.0,0.0,0,176,0.5,0.5,0.0,5,0.0,0.0
Bellcanada,SM,3,MCF_ARC,29,6,6,0,29->30->44->45->46->48->39->28->9->6,29->30->44->45->46->48->39->28->9->6,69.820099,inf,0.0,195,195,69.820099,10.485152,133.099654,8.445946,0.0,0.0,0.0,0,195,0.5,0.5,0.0,5,0.0,0.0
Bellcanada,SM,3,MCF_ARC,30,6,6,0,30->44->45->46->48->39->28->9->6,30->44->45->46->48->39->28->9->6,68.816253,inf,0.0,170,170,68.816253,10.485152,132.095808,8.445946,0.0,0.0,0.0,0,170.0,0.5,0.5,0.0,5,0.0,0.0
Bellcanada,SM,3,MCF_ARC,31,5,5,0,31->34->5,31->34->5,3.479888,inf,0.0,164,164,3.479888,14.533716,71.576097,13.262599,0.0,0.0,0.0,0,164,0.5,0.5,0.0,5,0.0,0.0
Bellcanada,SM,3,MCF_ARC,32,5,5,0,32->34->5,32->34->5,4.471386,inf,0.0,180,180,4.471386,14.533716,72.567595,13.262599,0.0,0.0,0.0,0,180,0.5,0.5,0.0,5,0.0,0.0
Bellcanada,SM,3,MCF_ARC,33,5,2,1,33->31->34->5,33->31->34->5->8->7->2,5.310901,inf,0.0,163,163,13.033925,14.439563,80.956539,13.089005,0.0,0.0,0.0,0,163,0.5,0.5,0.0,5,0.0,0.0
Bellcanada,SM,3,MCF_ARC,34,5,1,1,34->5,34->5->3->1,2.553295,inf,0.0,142,142,10.599499,1.282373,66.714502,1.281394,0.0,0.0,0.0,0,142,0.5,0.5,0.0,5,0.0,0.0
Bellcanada,SM,3,MCF_ARC,35,5,5,0,35->46->47->3->5,35->46->47->3->5,29.217176,inf,0.0,167,167,29.217176,14.533716,97.313385,13.262599,0.0,0.0,0.0,0,167,0.5,0.5,0.0,5,0.0,0.0
Bellcanada,SM,3,MCF_ARC,36,5,3,1,36->32->34->5,36->32->34->5->3,19.907371,inf,0.0,216,216,25.588867,11.897442,90.093657,9.67118,0.0,0.0,0.0,0,216,0.5,0.5,0.0,5,0.0,0.0
Bellcanada,SM,3,MCF_ARC,37,5,5,0,37->32->34->5,37->32->34->5,15.763364,inf,0.0,171,171,15.763364,14.533716,83.859572,13.262599,0.0,0.0,0.0,0,171,0.5,0.5,0.0,5,0.0,0.0
Bellcanada,SM,3,MCF_ARC,38,5,5,0,38->32->34->5,38->32->34->5,15.392888,inf,0.0,172,172,15.392888,14.533716,83.489097,13.262599,0.0,0.0,0.0,0,172,0.5,0.5,0.0,5,0.0,0.0
Bellcanada,SM,3,MCF_ARC,39,4,4,0,39->28->40->3->4,39->28->40->3->4,9.262478,inf,0.0,195,195,9.262478,12.935904,74.942075,10.845987,0.0,0.0,0.0,0,195,0.5,0.5,0.0,5,0.0,0.0
Bellcanada,SM,3,MCF_ARC,40,4,4,0,40->3->4,40->3->4,5.229956,inf,0.0,197,197,5.229956,12.935904,70.909552,10.845987,0.0,0.0,0.0,0,197,0.5,0.5,0.0,5,0.0,0.0
Bellcanada,SM,3,MCF_ARC,41,4,4,0,41->13->29->30->44->45->46->47->3->4,41->13->29->30->44->45->46->47->3->4,40.669916,inf,0.0,191,191,40.669916,12.935904,106.349513,10.845987,0.0,0.0,0.0,0,191,0.5,0.5,0.0,5,0.0,0.0
Bellcanada,SM,3,MCF_ARC,42,4,3,1,42->41->13->29->30->44->45->46->47->3->4,42->41->13->29->30->44->45->46->47->3,49.392846,inf,0.0,190,190,45.608519,11.897442,110.113308,9.67118,0.0,0.0,0.0,0,190,0.5,0.5,0.0,5,0.0,0.0
Bellcanada,SM,3,MCF_ARC,43,4,1,1,43->35->46->47->3->4,43->35->46->47->3->1,40.231655,inf,0.0,165,165,38.812035,1.282373,94.927039,1.281394,0.0,0.0,0.0,0,165,0.5,0.5,0.0,5,0.0,0.0
Bellcanada,SM,3,MCF_ARC,44,4,4,0,44->45->46->47->3->4,44->45->46->47->3->4,28.326802,inf,0.0,227,227,28.326802,12.935904,94.006398,10.845987,0.0,0.0,0.0,0,227.0,0.5,0.5,0.0,5,0.0,0.0
Bellcanada,SM,3,MCF_ARC,45,4,4,0,45->46->47->3->4,45->46->47->3->4,21.701304,inf,0.0,184,184,21.701304,12.935904,87.3809,10.845987,0.0,0.0,0.0,0,184.0,0.5,0.5,0.0,5,0.0,0.0
Bellcanada,SM,3,MCF_ARC,46,3,3,0,46->47->3,46->47->3,11.973326,68.770029,0.0,203,203,11.973326,11.897442,76.478115,9.67118,0.0,0.0,0.0,0,203.0,0.5,0.5,0.0,5,0.0,0.0
Bellcanada,SM,3,MCF_ARC,47,3,3,0,47->3,47->3,4.871951,61.668654,0.0,178,178,4.871951,11.897442,69.37674,9.67118,0.0,0.0,0.0,0,178,0.5,0.5,0.0,5,0.0,0.0
Bellcanada,SM,3,MCF_ARC,48,3,3,0,48->46->47->3,48->39->28->40->3,17.34557,74.142273,0.0,165,165,9.815242,11.897442,74.320031,9.67118,0.0,0.0,0.0,0,165,0.5,0.5,0.0,5,0.0,0.0
Bellcanada,SM,4,B1,1,1,1,0,1,,0.0,55.754081,0.0,184,184,0.0,1.173158,56.006768,1.173158,0.0,0.0,0.0,0,184,0.5,0.5,0.0,5,0.0,0.0
Bellcanada,SM,4,B1,2,2,2,0,2,,0.0,55.734998,0.0,161,161,0.0,1.955417,56.789026,1.955417,0.0,0.0,0.0,0,161,0.5,0.5,0.0,5,0.0,0.0
Bellcanada,SM,4,B1,3,3,1,1,3,,0.0,55.969457,0.0,234,234,2.364707,1.173158,58.371474,1.173158,2.402018,0.0,0.0,0,234,0.5,0.5,0.0,5,0.0,0.0
Bellcanada,SM,4,B1,4,4,4,0,4,,0.0,inf,0.0,194,194,0.0,156.25,211.083609,156.25,0.0,0.0,0.0,0,194,0.5,0.5,0.0,5,0.0,0.0
Bellcanada,SM,4,B1,5,5,5,0,5,,0.0,inf,0.0,186,186,0.0,34.246575,89.080185,34.246575,0.0,0.0,0.0,0,186,0.5,0.5,0.0,5,0.0,0.0
Bellcanada,SM,4,B1,6,6,6,0,6,,0.0,inf,0.0,173,173,0.0,5.543237,60.376847,5.543237,0.0,0.0,0.0,0,173,0.5,0.5,0.0,5,0.0,0.0
Bellcanada,SM,4,B1,7,7,7,0,7,,0.0,inf,0.0,191,191,0.0,106.382979,161.216588,106.382979,0.0,0.0,0.0,0,191,0.5,0.5,0.0,5,0.0,0.0
Bellcanada,SM,4,B1,8,8,8,0,8,,0.0,inf,0.0,205,205,0.0,40.322581,95.15619,40.322581,0.0,0.0,0.0,0,205,0.5,0.5,0.0,5,0.0,0.0
Bellcanada,SM,4,B1,9,8,8,0,9->34->5->8,,9.25323,inf,0.0,175,175,9.25323,40.322581,104.40942,40.322581,0.0,0.0,0.0,0,175,0.5,0.5,0.0,5,0.0,0.0
Bellcanada,SM,4,B1,10,8,8,0,10->9->34->5->8,,9.706646,inf,0.0,202,202,9.706646,40.322581,104.862836,40.322581,0.0,0.0,0.0,0,202,0.5,0.5,0.0,5,0.0,0.0
Bellcanada,SM,4,B1,11,8,8,0,11->20->19->18->17->15->14->30->44->45->46->47->3->2->7->8,,49.28871,inf,0.0,184,184,49.28871,40.322581,144.4449,40.322581,0.0,0.0,0.0,0,184,0.5,0.5,0.0,5,0.0,0.0
Bellcanada,SM,4,B1,12,8,7,1,12->22->17->15->14->30->44->45->46->47->3->2->7->8,,49.318582,inf,0.0,155,155,46.700571,106.382979,207.91716,106.382979,0.0,0.0,0.0,0,155,0.5,0.5,0.0,5,0.0,0.0
Bellcanada,SM,4,B1,13,8,8,0,13->29->30->44->45->46->47->3->2->7->8,,41.246824,inf,0.0,183,183,41.246824,40.322581,136.403014,40.322581,0.0,0.0,0.0,0,183,0.5,0.5,0.0,5,0.0,0.0
Bellcanada,SM,4,B1,14,8,2,1,14->30->44->45->46->47->3->2->7->8,,39.043154,inf,0.0,178,178,35.299073,1.955417,92.088098,1.955417,0.0,0.0,0.0,0,178.0,0.5,0.5,0.0,5,0.0,0.0
Bellcanada,SM,4,B1,15,8,8,0,15->14->30->44->45->46->47->3->2->7->8,,40.697216,inf,0.0,175,175,40.697216,40.322581,135.853406,40.322581,0.0,0.0,0.0,0,175.0,0.5,0.5,0.0,5,0.0,0.0
Bellcanada,SM,4,B1,16,8,8,0,16->15->14->30->44->45->46->47->3->2->7->8,,42.023652,inf,0.0,176,176,42.023652,40.322581,137.179842,40.322581,0.0,0.0,0.0,0,176,0.5,0.5,0.0,5,0.0,0.0
Bellcanada,SM,4,B1,17,7,2,1,17->15->14->30->44->45->46->47->3->2->7,,40.41554,inf,0.0,208,208,39.289469,1.955417,96.078495,1.955417,0.0,0.0,0.0,0,208.0,0.5,0.5,0.0,5,0.0,0.0
Bellcanada,SM,4,B1,18,7,7,0,18->17->15->14->30->44->45->46->47->3->2->7,,42.214961,inf,0.0,176,176,42.214961,106.382979,203.431549,106.382979,0.0,0.0,0.0,0,176,0.5,0.5,0.0,5,0.0,0.0
Bellcanada,SM,4,B1,19,7,7,0,19->18->17->15->14->30->44->45->46->47->3->2->7,,44.094077,inf,0.0,159,159,44.094077,106.382979,205.310665,106.382979,0.0,0.0,0.0,0,159,0.5,0.5,0.0,5,0.0,0.0
Bellcanada,SM,4,B1,20,7,7,0,20->19->18->17->15->14->30->44->45->46->47->3->2->7,,44.991422,inf,0.0,177,177,44.991422,106.382979,206.20801,106.382979,0.0,0.0,0.0,0,177,0.5,0.5,0.0,5,0.0,0.0
Bellcanada,SM,4,B1,21,7,2,1,21->22->17->15->14->30->44->45->46->47->3->2->7,,46.760558,inf,0.0,212,212,43.799964,1.955417,100.58899,1.955417,0.0,0.0,0.0,0,212,0.5,0.5,0.0,5,0.0,0.0
Bellcanada,SM,4,B1,22,7,7,0,22->17->15->14->30->44->45->46->47->3->2->7,,45.4003,inf,0.0,144,144,45.4003,106.382979,206.616888,106.382979,0.0,0.0,0.0,0,144,0.5,0.5,0.0,5,0.0,0.0
Bellcanada,SM,4,B1,23,7,7,0,23->21->24->17->15->14->30->35->46->47->3->2->7,,49.709408,inf,0.0,150,150,47.013614,106.382979,208.230202,106.382979,0.0,0.0,0.0,0,150,0.5,0.5,0.0,5,0.0,0.0
Bellcanada,SM,4,B1,24,7,7,0,24->17->15->13->41->36->32->34->5->8->7,,78.09868,inf,0.0,109,109,44.044821,106.382979,205.26141,106.382979,0.0,0.0,0.0,0,109,0.5,0.5,0.0,5,0.0,0.0
Bellcanada,SM,4,B1,25,6,3,1,25->26->22->17->15->14->30->44->45->46->48->39->28->9->6,,91.223164,inf,0.0,209,209,50.28801,416.666667,521.788286,416.666667,0.0,0.0,0.0,0,209,0.5,0.5,0.0,5,0.0,0.0
Bellcanada,SM,4,B1,26,6,6,0,26->22->17->15->14->30->44->45->46->48->39->28->9->6,,82.750487,inf,0.0,200,200,82.750487,5.543237,143.127334,5.543237,0.0,0.0,0.0,0,200,0.5,0.5,0.0,5,0.0,0.0
Bellcanada,SM,4,B1,27,6,6,0,27->28->9->6,,42.285817,inf,0.0,186,186,42.285817,5.543237,102.662664,5.543237,0.0,0.0,0.0,0,186,0.5,0.5,0.0,5,0.0,0.0
Bellcanada,SM,4,B1,28,6,6,0,28->9->6,,40.534462,inf,0.0,200,200,40.534462,5.543237,100.911309,5.543237,0.0,0.0,0.0,0,200,0.5,0.5,0.0,5,0.0,0.0
Bellcanada,SM,4,B1,29,6,6,0,29->30->44->45->46->48->39->28->9->6,,69.820099,inf,0.0,169,169,69.820099,5.543237,130.196945,5.543237,0.0,0.0,0.0,0,169,0.5,0.5,0.0,5,0.0,0.0
Bellcanada,SM,4,B1,30,6,3,1,30->44->45->46->48->39->28->9->6,,68.816253,inf,0.0,227,227,27.881099,416.666667,499.381376,416.666667,0.0,0.0,0.0,0,227.0,0.5,0.5,0.0,5,0.0,0.0
Bellcanada,SM,4,B1,31,6,6,0,31->34->9->6,,40.13513,inf,0.0,162,162,40.13513,5.543237,100.511977,5.543237,0.0,0.0,0.0,0,162,0.5,0.5,0.0,5,0.0,0.0
Bellcanada,SM,4,B1,32,5,5,0,32->34->5,,4.471386,inf,0.0,196,196,4.471386,34.246575,93.551571,34.246575,0.0,0.0,0.0,0,196,0.5,0.5,0.0,5,0.0,0.0
Bellcanada,SM,4,B1,33,5,5,0,33->31->34->5,,5.310901,inf,0.0,174,174,5.310901,34.246575,94.391086,34.246575,0.0,0.0,0.0,0,174,0.5,0.5,0.0,5,0.0,0.0
Bellcanada,SM,4,B1,34,5,5,0,34->5,,2.553295,inf,0.0,182,182,2.553295,34.246575,91.63348,34.246575,0.0,0.0,0.0,0,182,0.5,0.5,0.0,5,0.0,0.0
Bellcanada,SM,4,B1,35,5,3,1,35->46->47->3->5,,29.217176,inf,0.0,202,202,23.535679,416.666667,495.035955,416.666667,0.0,0.0,0.0,0,202,0.5,0.5,0.0,5,0.0,0.0
Bellcanada,SM,4,B1,36,5,5,0,36->32->34->5,,19.907371,inf,0.0,209,209,19.907371,34.246575,108.987555,34.246575,0.0,0.0,0.0,0,209,0.5,0.5,0.0,5,0.0,0.0
Bellcanada,SM,4,B1,37,5,5,0,37->32->34->5,,15.763364,inf,0.0,150,150,15.763364,34.246575,104.843548,34.246575,0.0,0.0,0.0,0,150,0.5,0.5,0.0,5,0.0,0.0
Bellcanada,SM,4,B1,38,5,5,0,38->32->34->5,,15.392888,inf,0.0,217,217,15.392888,34.246575,104.473073,34.246575,0.0,0.0,0.0,0,217,0.5,0.5,0.0,5,0.0,0.0
Bellcanada,SM,4,B1,39,4,4,0,39->28->40->3->4,,9.262478,inf,0.0,184,184,9.262478,156.25,220.346088,156.25,0.0,0.0,0.0,0,184,0.5,0.5,0.0,5,0.0,0.0
Bellcanada,SM,4,B1,40,5,3,1,40->3->5,,7.127125,inf,0.0,149,149,1.445629,416.666667,472.945905,416.666667,0.0,0.0,0.0,0,149,0.5,0.5,0.0,5,0.0,0.0
Bellcanada,SM,4,B1,41,4,4,0,41->13->29->30->44->45->46->47->3->4,,40.669916,inf,0.0,212,212,40.669916,156.25,251.753526,156.25,0.0,0.0,0.0,0,212,0.5,0.5,0.0,5,0.0,0.0
Bellcanada,SM,4,B1,42,4,4,0,42->41->13->29->30->44->45->46->47->3->4,,49.392846,inf,0.0,162,162,49.392846,156.25,260.476455,156.25,0.0,0.0,0.0,0,162,0.5,0.5,0.0,5,0.0,0.0
Bellcanada,SM,4,B1,43,4,3,1,43->35->46->47->3->4,,40.231655,inf,0.0,151,151,36.447328,416.666667,507.947604,416.666667,0.0,0.0,0.0,0,151,0.5,0.5,0.0,5,0.0,0.0
Bellcanada,SM,4,B1,44,4,4,0,44->45->46->47->3->4,,28.326802,inf,0.0,210,210,28.326802,156.25,239.410411,156.25,0.0,0.0,0.0,0,210.0,0.5,0.5,0.0,5,0.0,0.0
Bellcanada,SM,4,B1,45,4,3,1,45->46->47->3->4,,21.701304,inf,0.0,174,174,17.916977,416.666667,489.417253,416.666667,0.0,0.0,0.0,0,174.0,0.5,0.5,0.0,5,0.0,0.0
Bellcanada,SM,4,B1,46,4,4,0,46->47->3->4,,15.757653,inf,0.0,195,195,15.757653,156.25,226.841262,156.25,0.0,0.0,0.0,0,195.0,0.5,0.5,0.0,5,0.0,0.0
Bellcanada,SM,4,B1,47,4,4,0,47->3->4,,8.656278,inf,0.0,215,215,8.656278,156.25,219.739888,156.25,0.0,0.0,0.0,0,215,0.5,0.5,0.0,5,0.0,0.0
Bellcanada,SM,4,B1,48,3,3,0,48->46->47->3,,17.34557,73.315026,0.0,156,156,9.815242,416.666667,481.315518,416.666667,0.0,0.0,0.0,0,156,0.5,0.5,0.0,5,0.0,0.0
Bellcanada,SM,4,B3,1,1,1,0,1,1,0.0,55.754081,0.0,184,184,0.0,5.668934,60.502544,5.668934,0.0,0.0,0.0,0,184,0.5,0.5,0.0,5,0.0,0.0
Bellcanada,SM,4,B3,2,2,2,0,2,2,0.0,55.734998,0.0,161,161,0.0,8.591065,63.424675,8.591065,0.0,0.0,0.0,0,161,0.5,0.5,0.0,5,0.0,0.0
Bellcanada,SM,4,B3,3,3,3,0,3,3,0.0,55.969457,0.0,234,234,0.0,5.733945,60.567554,5.733945,0.0,0.0,0.0,0,234,0.5,0.5,0.0,5,0.0,0.0
Bellcanada,SM,4,B3,4,4,4,0,4,4,0.0,inf,0.0,194,194,0.0,3.85505,58.68866,3.85505,0.0,0.0,0.0,0,194,0.5,0.5,0.0,5,0.0,0.0
Bellcanada,SM,4,B3,5,5,5,0,5,5,0.0,inf,0.0,186,186,0.0,4.061738,58.895348,4.061738,0.0,0.0,0.0,0,186,0.5,0.5,0.0,5,0.0,0.0
Bellcanada,SM,4,B3,6,6,6,0,6,6,0.0,inf,0.0,173,173,0.0,6.830601,61.664211,6.830601,0.0,0.0,0.0,0,173,0.5,0.5,0.0,5,0.0,0.0
Bellcanada,SM,4,B3,7,7,7,0,7,7,0.0,inf,0.0,191,191,0.0,3.657644,58.491254,3.657644,0.0,0.0,0.0,0,191,0.5,0.5,0.0,5,0.0,0.0
Bellcanada,SM,4,B3,8,8,8,0,8,8,0.0,inf,0.0,205,205,0.0,4.468275,59.301885,4.468275,0.0,0.0,0.0,0,205,0.5,0.5,0.0,5,0.0,0.0
Bellcanada,SM,4,B3,9,8,1,1,9->34->5->8,9->28->40->3->1,9.25323,inf,0.0,175,175,9.225092,5.668934,69.727636,5.668934,0.0,0.0,0.0,0,175,0.5,0.5,0.0,5,0.0,0.0
Bellcanada,SM,4,B3,10,8,2,1,10->9->34->5->8,10->9->28->40->3->2,9.706646,inf,0.0,202,202,11.21912,8.591065,74.643795,8.591065,0.0,0.0,0.0,0,202,0.5,0.5,0.0,5,0.0,0.0
Bellcanada,SM,4,B3,11,8,8,0,11->20->19->18->17->15->14->30->44->45->46->47->3->2->7->8,11->20->19->18->17->15->14->30->44->45->46->47->3->2->7->8,49.28871,inf,0.0,184,184,49.28871,4.468275,108.590595,4.468275,0.0,0.0,0.0,0,184,0.5,0.5,0.0,5,0.0,0.0
Bellcanada,SM,4,B3,12,8,3,1,12->22->17->15->14->30->44->45->46->47->3->2->7->8,12->22->17->15->14->30->44->45->46->47->3,49.318582,inf,0.0,155,155,41.669181,5.733945,102.236736,5.733945,0.0,0.0,0.0,0,155,0.5,0.5,0.0,5,0.0,0.0
Bellcanada,SM,4,B3,13,8,8,0,13->29->30->44->45->46->47->3->2->7->8,13->29->30->44->45->46->47->3->2->7->8,41.246824,inf,0.0,183,183,41.246824,4.468275,100.548708,4.468275,0.0,0.0,0.0,0,183,0.5,0.5,0.0,5,0.0,0.0
Bellcanada,SM,4,B3,14,8,8,0,14->30->44->45->46->47->3->2->7->8,14->30->44->45->46->47->3->2->7->8,39.043154,inf,0.0,178,178,39.043154,4.468275,98.345038,4.468275,0.0,0.0,0.0,0,178.0,0.5,0.5,0.0,5,0.0,0.0
Bellcanada,SM,4,B3,15,8,8,0,15->14->30->44->45->46->47->3->2->7->8,15->14->30->44->45->46->47->3->2->7->8,40.697216,inf,0.0,175,175,40.697216,4.468275,99.999101,4.468275,0.0,0.0,0.0,0,175.0,0.5,0.5,0.0,5,0.0,0.0
Bellcanada,SM,4,B3,16,8,8,0,16->15->14->30->44->45->46->47->3->2->7->8,16->15->14->30->44->45->46->47->3->2->7->8,42.023652,inf,0.0,176,176,42.023652,4.468275,101.325537,4.468275,0.0,0.0,0.0,0,176,0.5,0.5,0.0,5,0.0,0.0
Bellcanada,SM,4,B3,17,7,1,1,17->15->14->30->44->45->46->47->3->2->7,17->15->14->30->44->45->46->47->3->1,40.41554,inf,0.0,208,208,37.748857,5.668934,98.2514,5.668934,0.0,0.0,0.0,0,208.0,0.5,0.5,0.0,5,0.0,0.0
Bellcanada,SM,4,B3,18,7,7,0,18->17->15->14->30->44->45->46->47->3->2->7,18->17->15->14->30->44->45->46->47->3->2->7,42.214961,inf,0.0,176,176,42.214961,3.657644,100.706215,3.657644,0.0,0.0,0.0,0,176,0.5,0.5,0.0,5,0.0,0.0
Bellcanada,SM,4,B3,19,7,7,0,19->18->17->15->14->30->44->45->46->47->3->2->7,19->18->17->15->14->30->44->45->46->47->3->2->7,44.094077,inf,0.0,159,159,44.094077,3.657644,102.585331,3.657644,0.0,0.0,0.0,0,159,0.5,0.5,0.0,5,0.0,0.0
Bellcanada,SM,4,B3,20,7,7,0,20->19->18->17->15->14->30->44->45->46->47->3->2->7,20->19->18->17->15->14->30->44->45->46->47->3->2->7,44.991422,inf,0.0,177,177,44.991422,3.657644,103.482676,3.657644,0.0,0.0,0.0,0,177,0.5,0.5,0.0,5,0.0,0.0
Bellcanada,SM,4,B3,21,7,2,1,21->22->17->15->14->30->44->45->46->47->3->2->7,21->24->17->15->14->30->44->45->46->47->3->2,46.760558,inf,0.0,212,212,43.799964,8.591065,107.224639,8.591065,0.0,0.0,0.0,0,212,0.5,0.5,0.0,5,0.0,0.0
Bellcanada,SM,4,B3,22,7,7,0,22->17->15->14->30->44->45->46->47->3->2->7,22->17->15->14->30->44->45->46->47->3->2->7,45.4003,inf,0.0,144,144,45.4003,3.657644,103.891554,3.657644,0.0,0.0,0.0,0,144,0.5,0.5,0.0,5,0.0,0.0
Bellcanada,SM,4,B3,23,7,7,0,23->21->24->17->15->14->30->35->46->47->3->2->7,23->21->24->17->15->14->30->44->45->46->47->3->2->7,49.709408,inf,0.0,150,150,47.013614,3.657644,105.504868,3.657644,0.0,0.0,0.0,0,150,0.5,0.5,0.0,5,0.0,0.0
Bellcanada,SM,4,B3,24,7,3,1,24->17->15->13->41->36->32->34->5->8->7,24->17->15->14->30->44->45->46->47->3,78.09868,inf,0.0,109,109,39.013431,5.733945,99.580986,5.733945,0.0,0.0,0.0,0,109,0.5,0.5,0.0,5,0.0,0.0
Bellcanada,SM,4,B3,25,6,6,0,25->26->22->17->15->14->30->44->45->46->48->39->28->9->6,25->26->22->17->15->14->30->44->45->46->48->39->28->9->6,91.223164,inf,0.0,209,209,91.223164,6.830601,152.887374,6.830601,0.0,0.0,0.0,0,209,0.5,0.5,0.0,5,0.0,0.0
Bellcanada,SM,4,B3,26,6,6,0,26->22->17->15->14->30->44->45->46->48->39->28->9->6,26->22->17->15->14->30->44->45->46->48->39->28->9->6,82.750487,inf,0.0,200,200,82.750487,6.830601,144.414698,6.830601,0.0,0.0,0.0,0,200,0.5,0.5,0.0,5,0.0,0.0
Bellcanada,SM,4,B3,27,6,6,0,27->28->9->6,27->28->9->6,42.285817,inf,0.0,186,186,42.285817,6.830601,103.950028,6.830601,0.0,0.0,0.0,0,186,0.5,0.5,0.0,5,0.0,0.0
Bellcanada,SM,4,B3,28,6,6,0,28->9->6,28->9->6,40.534462,inf,0.0,200,200,40.534462,6.830601,102.198673,6.830601,0.0,0.0,0.0,0,200,0.5,0.5,0.0,5,0.0,0.0
Bellcanada,SM,4,B3,29,6,3,1,29->30->44->45->46->48->39->28->9->6,29->30->44->45->46->47->3,69.820099,inf,0.0,169,169,28.884945,5.733945,89.4525,5.733945,0.0,0.0,0.0,0,169,0.5,0.5,0.0,5,0.0,0.0
Bellcanada,SM,4,B3,30,6,1,1,30->44->45->46->48->39->28->9->6,30->44->45->46->47->3->1,68.816253,inf,0.0,227,227,30.245806,5.668934,90.74835,5.668934,0.0,0.0,0.0,0,227.0,0.5,0.5,0.0,5,0.0,0.0
Bellcanada,SM,4,B3,31,6,2,1,31->34->9->6,31->34->5->8->7->2,40.13513,inf,0.0,162,162,11.202912,8.591065,74.627587,8.591065,0.0,0.0,0.0,0,162,0.5,0.5,0.0,5,0.0,0.0
Bellcanada,SM,4,B3,32,5,5,0,32->34->5,32->34->5,4.471386,inf,0.0,196,196,4.471386,4.061738,63.366734,4.061738,0.0,0.0,0.0,0,196,0.5,0.5,0.0,5,0.0,0.0
Bellcanada,SM,4,B3,33,5,5,0,33->31->34->5,33->31->34->5,5.310901,inf,0.0,174,174,5.310901,4.061738,64.206249,4.061738,0.0,0.0,0.0,0,174,0.5,0.5,0.0,5,0.0,0.0
Bellcanada,SM,4,B3,34,5,5,0,34->5,34->5,2.553295,inf,0.0,182,182,2.553295,4.061738,61.448643,4.061738,0.0,0.0,0.0,0,182,0.5,0.5,0.0,5,0.0,0.0
Bellcanada,SM,4,B3,35,5,2,1,35->46->47->3->5,35->46->47->3->2,29.217176,inf,0.0,202,202,27.440999,8.591065,90.865673,8.591065,0.0,0.0,0.0,0,202,0.5,0.5,0.0,5,0.0,0.0
Bellcanada,SM,4,B3,36,5,5,0,36->32->34->5,36->32->34->5,19.907371,inf,0.0,209,209,19.907371,4.061738,78.802718,4.061738,0.0,0.0,0.0,0,209,0.5,0.5,0.0,5,0.0,0.0
Bellcanada,SM,4,B3,37,5,5,0,37->32->34->5,37->32->34->5,15.763364,inf,0.0,150,150,15.763364,4.061738,74.658711,4.061738,0.0,0.0,0.0,0,150,0.5,0.5,0.0,5,0.0,0.0
Bellcanada,SM,4,B3,38,5,3,1,38->32->34->5,38->32->34->5->3,15.392888,inf,0.0,217,217,21.074385,5.733945,81.641939,5.733945,0.0,0.0,0.0,0,217,0.5,0.5,0.0,5,0.0,0.0
Bellcanada,SM,4,B3,39,4,4,0,39->28->40->3->4,39->28->40->3->4,9.262478,inf,0.0,184,184,9.262478,3.85505,67.951138,3.85505,0.0,0.0,0.0,0,184,0.5,0.5,0.0,5,0.0,0.0
Bellcanada,SM,4,B3,40,5,1,1,40->3->5,40->3->1,7.127125,inf,0.0,149,149,3.810335,5.668934,64.312879,5.668934,0.0,0.0,0.0,0,149,0.5,0.5,0.0,5,0.0,0.0
Bellcanada,SM,4,B3,41,4,3,1,41->13->29->30->44->45->46->47->3->4,41->13->29->30->44->45->46->47->3,40.669916,inf,0.0,212,212,36.885589,5.733945,97.453144,5.733945,0.0,0.0,0.0,0,212,0.5,0.5,0.0,5,0.0,0.0
Bellcanada,SM,4,B3,42,4,4,0,42->41->13->29->30->44->45->46->47->3->4,42->41->13->29->30->44->45->46->47->3->4,49.392846,inf,0.0,162,162,49.392846,3.85505,108.081505,3.85505,0.0,0.0,0.0,0,162,0.5,0.5,0.0,5,0.0,0.0
Bellcanada,SM,4,B3,43,4,1,1,43->35->46->47->3->4,43->35->46->47->3->1,40.231655,inf,0.0,151,151,38.812035,5.668934,99.314579,5.668934,0.0,0.0,0.0,0,151,0.5,0.5,0.0,5,0.0,0.0
Bellcanada,SM,4,B3,44,4,4,0,44->45->46->47->3->4,44->45->46->47->3->4,28.326802,inf,0.0,210,210,28.326802,3.85505,87.015461,3.85505,0.0,0.0,0.0,0,210.0,0.5,0.5,0.0,5,0.0,0.0
Bellcanada,SM,4,B3,45,4,4,0,45->46->47->3->4,45->46->47->3->4,21.701304,inf,0.0,174,174,21.701304,3.85505,80.389964,3.85505,0.0,0.0,0.0,0,174.0,0.5,0.5,0.0,5,0.0,0.0
Bellcanada,SM,4,B3,46,4,4,0,46->47->3->4,46->47->3->4,15.757653,inf,0.0,195,195,15.757653,3.85505,74.446313,3.85505,0.0,0.0,0.0,0,195.0,0.5,0.5,0.0,5,0.0,0.0
Bellcanada,SM,4,B3,47,4,2,1,47->3->4,47->3->2,8.656278,inf,0.0,215,215,8.777271,8.591065,72.201945,8.591065,0.0,0.0,0.0,0,215,0.5,0.5,0.0,5,0.0,0.0
Bellcanada,SM,4,B3,48,3,6,1,48->46->47->3,48->39->28->9->6,17.34557,73.315026,0.0,156,156,47.536236,6.830601,109.200446,6.830601,35.88542,0.0,0.0,0,156,0.5,0.5,0.0,5,0.0,0.0
Bellcanada,SM,4,MCF_ARC,1,1,1,0,1,1,0.0,55.754081,0.0,184,184,0.0,0.921524,55.754081,0.920471,0.0,0.0,0.0,0,184,0.5,0.5,0.0,5,0.0,0.0
Bellcanada,SM,4,MCF_ARC,2,2,2,0,2,2,0.0,55.734998,0.0,161,161,0.0,15.562706,70.124129,15.29052,0.0,0.0,0.0,0,161,0.5,0.5,0.0,5,0.0,0.0
Bellcanada,SM,4,MCF_ARC,3,3,3,0,3,3,0.0,55.969457,0.0,234,234,0.0,14.891128,68.645764,13.812155,0.0,0.0,0.0,0,234,0.5,0.5,0.0,5,0.0,0.0
Bellcanada,SM,4,MCF_ARC,4,4,4,0,4,4,0.0,inf,0.0,194,194,0.0,12.677577,65.774528,10.940919,0.0,0.0,0.0,0,194,0.5,0.5,0.0,5,0.0,0.0
Bellcanada,SM,4,MCF_ARC,5,5,5,0,5,5,0.0,inf,0.0,186,186,0.0,14.113985,67.956969,13.12336,0.0,0.0,0.0,0,186,0.5,0.5,0.0,5,0.0,0.0
Bellcanada,SM,4,MCF_ARC,6,6,6,0,6,6,0.0,inf,0.0,173,173,0.0,12.972333,65.65612,10.822511,0.0,0.0,0.0,0,173,0.5,0.5,0.0,5,0.0,0.0
Bellcanada,SM,4,MCF_ARC,7,7,7,0,7,7,0.0,inf,0.0,191,191,0.0,15.562706,70.124129,15.29052,0.0,0.0,0.0,0,191,0.5,0.5,0.0,5,0.0,0.0
Bellcanada,SM,4,MCF_ARC,8,8,8,0,8,8,0.0,inf,0.0,205,205,0.0,15.047214,69.803669,14.97006,0.0,0.0,0.0,0,205,0.5,0.5,0.0,5,0.0,0.0
Bellcanada,SM,4,MCF_ARC,9,8,8,0,9->34->5->8,9->34->5->8,9.25323,inf,0.0,175,175,9.25323,15.047214,79.0569,14.97006,0.0,0.0,0.0,0,175,0.5,0.5,0.0,5,0.0,0.0
Bellcanada,SM,4,MCF_ARC,10,8,8,0,10->9->34->5->8,10->9->34->5->8,9.706646,inf,0.0,202,202,9.706646,15.047214,79.510315,14.97006,0.0,0.0,0.0,0,202,0.5,0.5,0.0,5,0.0,0.0
Bellcanada,SM,4,MCF_ARC,11,8,8,0,11->20->19->18->17->15->14->30->44->45->46->47->3->2->7->8,11->20->19->18->17->15->14->30->44->45->46->47->3->2->7->8,49.28871,inf,0.0,184,184,49.28871,15.047214,119.09238,14.97006,0.0,0.0,0.0,0,184,0.5,0.5,0.0,5,0.0,0.0
Bellcanada,SM,4,MCF_ARC,12,8,8,0,12->22->17->15->14->30->44->45->46->47->3->2->7->8,12->22->17->15->14->30->44->45->46->47->3->2->7->8,49.318582,inf,0.0,155,155,49.318582,15.047214,119.122251,14.97006,0.0,0.0,0.0,0,155,0.5,0.5,0.0,5,0.0,0.0
Bellcanada,SM,4,MCF_ARC,13,8,2,1,13->29->30->44->45->46->47->3->2->7->8,13->29->30->44->45->46->47->3->2,41.246824,inf,0.0,183,183,37.502743,15.562706,107.626872,15.29052,0.0,0.0,0.0,0,183,0.5,0.5,0.0,5,0.0,0.0
Bellcanada,SM,4,MCF_ARC,14,8,2,1,14->30->44->45->46->47->3->2->7->8,14->30->44->45->46->47->3->2,39.043154,inf,0.0,178,178,35.299073,15.562706,105.423202,15.29052,0.0,0.0,0.0,0,178.0,0.5,0.5,0.0,5,0.0,0.0
Bellcanada,SM,4,MCF_ARC,15,8,8,0,15->14->30->44->45->46->47->3->2->7->8,15->14->30->44->45->46->47->3->2->7->8,40.697216,inf,0.0,175,175,40.697216,15.047214,110.500885,14.97006,0.0,0.0,0.0,0,175.0,0.5,0.5,0.0,5,0.0,0.0
Bellcanada,SM,4,MCF_ARC,16,8,2,1,16->15->14->30->44->45->46->47->3->2->7->8,16->15->14->30->44->45->46->47->3->2,42.023652,inf,0.0,176,176,38.279571,15.562706,108.4037,15.29052,0.0,0.0,0.0,0,176,0.5,0.5,0.0,5,0.0,0.0
Bellcanada,SM,4,MCF_ARC,17,7,7,0,17->15->14->30->44->45->46->47->3->2->7,17->15->14->30->44->45->46->47->3->2->7,40.41554,inf,0.0,208,208,40.41554,15.562706,110.539669,15.29052,0.0,0.0,0.0,0,208.0,0.5,0.5,0.0,5,0.0,0.0
Bellcanada,SM,4,MCF_ARC,18,7,7,0,18->17->15->14->30->44->45->46->47->3->2->7,18->17->15->14->30->44->45->46->47->3->2->7,42.214961,inf,0.0,176,176,42.214961,15.562706,112.33909,15.29052,0.0,0.0,0.0,0,176,0.5,0.5,0.0,5,0.0,0.0
Bellcanada,SM,4,MCF_ARC,19,7,7,0,19->18->17->15->14->30->44->45->46->47->3->2->7,19->18->17->15->14->30->44->45->46->47->3->2->7,44.094077,inf,0.0,159,159,44.094077,15.562706,114.218207,15.29052,0.0,0.0,0.0,0,159,0.5,0.5,0.0,5,0.0,0.0
Bellcanada,SM,4,MCF_ARC,20,7,7,0,20->19->18->17->15->14->30->44->45->46->47->3->2->7,20->19->18->17->15->14->30->44->45->46->47->3->2->7,44.991422,inf,0.0,177,177,44.991422,15.562706,115.115551,15.29052,0.0,0.0,0.0,0,177,0.5,0.5,0.0,5,0.0,0.0
Bellcanada,SM,4,MCF_ARC,21,7,2,1,21->22->17->15->14->30->44->45->46->47->3->2->7,21->24->17->15->14->30->44->45->46->47->3->2,46.760558,inf,0.0,212,212,43.799964,15.562706,113.924093,15.29052,0.0,0.0,0.0,0,212,0.5,0.5,0.0,5,0.0,0.0
Bellcanada,SM,4,MCF_ARC,22,7,7,0,22->17->15->14->30->44->45->46->47->3->2->7,22->17->15->14->30->44->45->46->47->3->2->7,45.4003,inf,0.0,144,144,45.4003,15.562706,115.524429,15.29052,0.0,0.0,0.0,0,144,0.5,0.5,0.0,5,0.0,0.0
Bellcanada,SM,4,MCF_ARC,23,7,7,0,23->21->24->17->15->14->30->35->46->47->3->2->7,23->21->24->17->15->14->30->44->45->46->47->3->2->7,49.709408,inf,0.0,150,150,47.013614,15.562706,117.137743,15.29052,0.0,0.0,0.0,0,150,0.5,0.5,0.0,5,0.0,0.0
Bellcanada,SM,4,MCF_ARC,24,7,2,1,24->17->15->13->41->36->32->34->5->8->7,24->17->16->15->14->30->44->45->46->48->39->28->40->3->2,78.09868,inf,0.0,109,109,46.779523,15.562706,116.903652,15.29052,0.0,0.0,0.0,0,109,0.5,0.5,0.0,5,0.0,0.0
Bellcanada,SM,4,MCF_ARC,25,6,6,0,25->26->22->17->15->14->30->44->45->46->48->39->28->9->6,25->26->22->17->15->14->30->44->45->46->48->39->28->9->6,91.223164,inf,0.0,209,209,91.223164,12.972333,156.879284,10.822511,0.0,0.0,0.0,0,209,0.5,0.5,0.0,5,0.0,0.0
Bellcanada,SM,4,MCF_ARC,26,6,6,0,26->22->17->15->14->30->44->45->46->48->39->28->9->6,26->22->17->15->14->30->44->45->46->48->39->28->9->6,82.750487,inf,0.0,200,200,82.750487,12.972333,148.406608,10.822511,0.0,0.0,0.0,0,200,0.5,0.5,0.0,5,0.0,0.0
Bellcanada,SM,4,MCF_ARC,27,6,2,1,27->28->9->6,27->28->34->5->8->7->2,42.285817,inf,0.0,186,186,18.782874,15.562706,88.907004,15.29052,0.0,0.0,0.0,0,186,0.5,0.5,0.0,5,0.0,0.0
Bellcanada,SM,4,MCF_ARC,28,6,6,0,28->9->6,28->9->6,40.534462,inf,0.0,200,200,40.534462,12.972333,106.190583,10.822511,0.0,0.0,0.0,0,200,0.5,0.5,0.0,5,0.0,0.0
Bellcanada,SM,4,MCF_ARC,29,6,6,0,29->30->44->45->46->48->39->28->9->6,29->30->44->45->46->48->39->28->9->6,69.820099,inf,0.0,169,169,69.820099,12.972333,135.476219,10.822511,0.0,0.0,0.0,0,169,0.5,0.5,0.0,5,0.0,0.0
Bellcanada,SM,4,MCF_ARC,30,6,6,0,30->44->45->46->48->39->28->9->6,30->44->45->46->48->39->28->9->6,68.816253,inf,0.0,227,227,68.816253,12.972333,134.472373,10.822511,0.0,0.0,0.0,0,227.0,0.5,0.5,0.0,5,0.0,0.0
Bellcanada,SM,4,MCF_ARC,31,6,8,1,31->34->9->6,31->34->5->8,40.13513,inf,0.0,162,162,7.458831,15.047214,77.2625,14.97006,0.0,0.0,0.0,0,162,0.5,0.5,0.0,5,0.0,0.0
Bellcanada,SM,4,MCF_ARC,32,5,3,1,32->34->5,32->34->5->3,4.471386,inf,0.0,196,196,10.152883,14.891128,78.798647,13.812155,0.0,0.0,0.0,0,196,0.5,0.5,0.0,5,0.0,0.0
Bellcanada,SM,4,MCF_ARC,33,5,5,0,33->31->34->5,33->31->34->5,5.310901,inf,0.0,174,174,5.310901,14.113985,73.26787,13.12336,0.0,0.0,0.0,0,174,0.5,0.5,0.0,5,0.0,0.0
Bellcanada,SM,4,MCF_ARC,34,5,5,0,34->5,34->5,2.553295,inf,0.0,182,182,2.553295,14.113985,70.510264,13.12336,0.0,0.0,0.0,0,182,0.5,0.5,0.0,5,0.0,0.0
Bellcanada,SM,4,MCF_ARC,35,5,3,1,35->46->47->3->5,35->46->47->3,29.217176,inf,0.0,202,202,23.535679,14.891128,92.181443,13.812155,0.0,0.0,0.0,0,202,0.5,0.5,0.0,5,0.0,0.0
Bellcanada,SM,4,MCF_ARC,36,5,5,0,36->32->34->5,36->32->34->5,19.907371,inf,0.0,209,209,19.907371,14.113985,87.86434,13.12336,0.0,0.0,0.0,0,209,0.5,0.5,0.0,5,0.0,0.0
Bellcanada,SM,4,MCF_ARC,37,5,5,0,37->32->34->5,37->32->34->5,15.763364,inf,0.0,150,150,15.763364,14.113985,83.720333,13.12336,0.0,0.0,0.0,0,150,0.5,0.5,0.0,5,0.0,0.0
Bellcanada,SM,4,MCF_ARC,38,5,5,0,38->32->34->5,38->32->34->5,15.392888,inf,0.0,217,217,15.392888,14.113985,83.349857,13.12336,0.0,0.0,0.0,0,217,0.5,0.5,0.0,5,0.0,0.0
Bellcanada,SM,4,MCF_ARC,39,4,4,0,39->28->40->3->4,39->28->40->3->4,9.262478,inf,0.0,184,184,9.262478,12.677577,75.037007,10.940919,0.0,0.0,0.0,0,184,0.5,0.5,0.0,5,0.0,0.0
Bellcanada,SM,4,MCF_ARC,40,5,5,0,40->3->5,40->3->5,7.127125,inf,0.0,149,149,7.127125,14.113985,75.084094,13.12336,0.0,0.0,0.0,0,149,0.5,0.5,0.0,5,0.0,0.0
Bellcanada,SM,4,MCF_ARC,41,4,4,0,41->13->29->30->44->45->46->47->3->4,41->13->29->30->44->45->46->47->3->4,40.669916,inf,0.0,212,212,40.669916,12.677577,106.444445,10.940919,0.0,0.0,0.0,0,212,0.5,0.5,0.0,5,0.0,0.0
Bellcanada,SM,4,MCF_ARC,42,4,4,0,42->41->13->29->30->44->45->46->47->3->4,42->41->13->29->30->44->45->46->47->3->4,49.392846,inf,0.0,162,162,49.392846,12.677577,115.167374,10.940919,0.0,0.0,0.0,0,162,0.5,0.5,0.0,5,0.0,0.0
Bellcanada,SM,4,MCF_ARC,43,4,4,0,43->35->46->47->3->4,43->35->46->47->3->4,40.231655,inf,0.0,151,151,40.231655,12.677577,106.006184,10.940919,0.0,0.0,0.0,0,151,0.5,0.5,0.0,5,0.0,0.0
Bellcanada,SM,4,MCF_ARC,44,4,4,0,44->45->46->47->3->4,44->45->46->47->3->4,28.326802,inf,0.0,210,210,28.326802,12.677577,94.10133,10.940919,0.0,0.0,0.0,0,210.0,0.5,0.5,0.0,5,0.0,0.0
Bellcanada,SM,4,MCF_ARC,45,4,4,0,45->46->47->3->4,45->46->47->3->4,21.701304,inf,0.0,174,174,21.701304,12.677577,87.475833,10.940919,0.0,0.0,0.0,0,174.0,0.5,0.5,0.0,5,0.0,0.0
Bellcanada,SM,4,MCF_ARC,46,4,3,1,46->47->3->4,46->47->3,15.757653,inf,0.0,195,195,11.973326,14.891128,80.61909,13.812155,0.0,0.0,0.0,0,195.0,0.5,0.5,0.0,5,0.0,0.0
Bellcanada,SM,4,MCF_ARC,47,4,3,1,47->3->4,47->3,8.656278,inf,0.0,215,215,4.871951,14.891128,73.517715,13.812155,0.0,0.0,0.0,0,215,0.5,0.5,0.0,5,0.0,0.0
Bellcanada,SM,4,MCF_ARC,48,3,3,0,48->46->47->3,48->39->28->40->3,17.34557,73.315026,0.0,156,156,9.815242,14.891128,78.461006,13.812155,0.0,0.0,0.0,0,156,0.5,0.5,0.0,5,0.0,0.0
Iris,SM,0,B1,1,1,1,0,1,,0.0,4.629182,0.0,154,154,0.0,0.974279,4.784058,0.974279,0.0,0.0,0.0,0,154.0,0.5,0.5,0.0,5,0.0,0.0
Iris,SM,0,B1,2,2,2,0,2,,0.0,4.657093,0.0,171,171,0.0,454.545455,458.355234,454.545455,0.0,0.0,0.0,0,171,0.5,0.5,0.0,5,0.0,0.0
Iris,SM,0,B1,3,3,3,0,3,,0.0,4.83521,0.0,163,163,0.0,1.025431,4.83521,1.025431,0.0,0.0,0.0,0,163,0.5,0.5,0.0,5,0.0,0.0
Iris,SM,0,B1,4,4,4,0,4,,0.0,inf,0.0,152,152,0.0,106.382979,110.192758,106.382979,0.0,0.0,0.0,0,152.0,0.5,0.5,0.0,5,0.0,0.0
Iris,SM,0,B1,5,5,5,0,5,,0.0,inf,0.0,216,216,0.0,inf,inf,inf,0.0,0.0,0.0,0,216,0.5,0.5,0.0,5,0.0,0.0
Iris,SM,0,B1,6,6,6,0,6,,0.0,inf,0.0,179,179,0.0,inf,inf,inf,0.0,0.0,0.0,0,179,0.5,0.5,0.0,5,0.0,0.0
Iris,SM,0,B1,7,7,7,0,7,,0.0,inf,0.0,202,202,0.0,1000.0,1003.809779,1000.0,0.0,0.0,0.0,0,202,0.5,0.5,0.0,5,0.0,0.0
Iris,SM,0,B1,8,8,8,0,8,,0.0,inf,0.0,220,220,0.0,1250.0,1253.809779,1250.0,0.0,0.0,0.0,0,220,0.5,0.5,0.0,5,0.0,0.0
Iris,SM,0,B1,9,8,8,0,9->6->5->8,,1.295322,inf,0.0,191,191,1.295322,1250.0,1255.1051,1250.0,0.0,0.0,0.0,0,191,0.5,0.5,0.0,5,0.0,0.0
Iris,SM,0,B1,10,8,8,0,10->1->2->7->8,,2.980337,inf,0.0,183,183,2.980337,1250.0,1256.790116,1250.0,0.0,0.0,0.0,0,183,0.5,0.5,0.0,5,0.0,0.0
Iris,SM,0,B1,11,8,2,1,11->30->33->34->1->2->7->8,,6.469193,inf,0.0,180,180,5.209053,454.545455,463.564286,454.545455,0.0,0.0,0.0,0,180,0.5,0.5,0.0,5,0.0,0.0
Iris,SM,0,B1,12,8,8,0,12->21->20->19->15->7->8,,3.375342,inf,0.0,121,121,3.375342,1250.0,1257.185121,1250.0,0.0,0.0,0.0,0,121,0.5,0.5,0.0,5,0.0,0.0
Iris,SM,0,B1,13,8,7,1,13->12->21->20->19->15->7->8,,3.636617,inf,0.0,166,166,3.006744,1000.0,1006.816523,1000.0,0.0,0.0,0.0,0,166,0.5,0.5,0.0,5,0.0,0.0
Iris,SM,0,B1,14,8,2,1,14->34->1->2->7->8,,3.891701,inf,0.0,147,147,2.452542,454.545455,460.807776,454.545455,0.0,0.0,0.0,0,147,0.5,0.5,0.0,5,0.0,0.0
Iris,SM,0,B1,15,8,8,0,15->7->8,,2.248034,inf,0.0,187,187,2.248034,1250.0,1256.057813,1250.0,0.0,0.0,0.0,0,187,0.5,0.5,0.0,5,0.0,0.0
Iris,SM,0,B1,16,8,8,0,16->15->7->8,,2.616942,inf,0.0,184,184,2.616942,1250.0,1256.426721,1250.0,0.0,0.0,0.0,0,184,0.5,0.5,0.0,5,0.0,0.0
Iris,SM,0,B1,17,8,7,1,17->16->15->7->8,,3.039601,inf,0.0,144,144,2.409729,1000.0,1006.219507,1000.0,0.0,0.0,0.0,0,144,0.5,0.5,0.0,5,0.0,0.0
Iris,SM,0,B1,18,7,2,1,18->17->16->15->7,,2.693217,inf,0.0,165,165,2.130883,454.545455,460.486117,454.545455,0.0,0.0,0.0,0,165,0.5,0.5,0.0,5,0.0,0.0
Iris,SM,0,B1,19,7,7,0,19->15->7,,1.851072,inf,0.0,171,171,1.851072,1000.0,1005.660851,1000.0,0.0,0.0,0.0,0,171,0.5,0.5,0.0,5,0.0,0.0
Iris,SM,0,B1,20,7,7,0,20->19->15->7,,2.024382,inf,0.0,193,193,2.024382,1000.0,1005.834161,1000.0,0.0,0.0,0.0,0,193,0.5,0.5,0.0,5,0.0,0.0
Iris,SM,0,B1,21,7,2,1,21->20->19->15->7,,2.224013,inf,0.0,207,207,2.854281,454.545455,461.209515,454.545455,0.0,0.0,0.0,0,207,0.5,0.5,0.0,5,0.0,0.0
Iris,SM,0,B1,22,7,7,0,22->23->11->30->33->34->1->2->7,,6.733951,inf,0.0,179,179,6.733951,1000.0,1010.54373,1000.0,0.0,0.0,0.0,0,179,0.5,0.5,0.0,5,0.0,0.0
Iris,SM,0,B1,23,7,2,1,23->11->30->33->34->1->2->7,,6.093097,inf,0.0,202,202,5.462829,454.545455,463.818062,454.545455,0.0,0.0,0.0,0,202,0.5,0.5,0.0,5,0.0,0.0
Iris,SM,0,B1,24,7,7,0,24->15->7,,2.836246,inf,0.0,185,185,2.836246,1000.0,1006.646025,1000.0,0.0,0.0,0.0,0,185,0.5,0.5,0.0,5,0.0,0.0
Iris,SM,0,B1,25,7,7,0,25->24->15->7,,3.113534,inf,0.0,187,187,3.113534,1000.0,1006.923313,1000.0,0.0,0.0,0.0,0,187,0.5,0.5,0.0,5,0.0,0.0
Iris,SM,0,B1,26,6,6,0,26->29->24->15->7->6,,5.56686,inf,0.0,154,154,4.960932,inf,inf,inf,0.0,0.0,0.0,0,154,0.5,0.5,0.0,5,0.0,0.0
Iris,SM,0,B1,27,6,5,1,27->24->15->7->6,,4.675743,inf,0.0,169,169,4.262729,inf,inf,inf,0.0,0.0,0.0,0,169,0.5,0.5,0.0,5,0.0,0.0
Iris,SM,0,B1,28,6,6,0,28->29->24->15->7->6,,5.568087,inf,0.0,190,190,5.568087,inf,inf,inf,0.0,0.0,0.0,0,190.0,0.5,0.5,0.0,5,0.0,0.0
Iris,SM,0,B1,29,6,5,1,29->24->15->7->6,,5.170417,inf,0.0,162,162,4.757403,inf,inf,inf,0.0,0.0,0.0,0,162.0,0.5,0.5,0.0,5,0.0,0.0
Iris,SM,0,B1,30,6,6,0,30->33->34->1->2->7->6,,6.068207,inf,0.0,194,194,6.068207,inf,inf,inf,0.0,0.0,0.0,0,194.0,0.5,0.5,0.0,5,0.0,0.0
Iris,SM,0,B1,31,6,6,0,31->30->33->34->1->2->7->6,,6.31781,inf,0.0,156,156,6.31781,inf,inf,inf,0.0,0.0,0.0,0,156,0.5,0.5,0.0,5,0.0,0.0
Iris,SM,0,B1,32,6,6,0,32->24->15->7->6,,5.363589,inf,0.0,211,211,4.773404,inf,inf,inf,0.0,0.0,0.0,0,211,0.5,0.5,0.0,5,0.0,0.0
Iris,SM,0,B1,33,6,6,0,33->34->1->2->7->6,,5.564951,inf,0.0,195,195,5.564951,inf,inf,inf,0.0,0.0,0.0,0,195.0,0.5,0.5,0.0,5,0.0,0.0
Iris,SM,0,B1,34,6,6,0,34->1->2->7->6,,4.121618,inf,0.0,149,149,4.121618,inf,inf,inf,0.0,0.0,0.0,0,149.0,0.5,0.5,0.0,5,0.0,0.0
Iris,SM,0,B1,35,5,8,1,35->36->1->2->7->8->5,,3.707952,inf,0.0,140,140,3.286888,1250.0,1257.096667,1250.0,0.0,0.0,0.0,0,140,0.5,0.5,0.0,5,0.0,0.0
Iris,SM,0,B1,36,5,5,0,36->1->2->7->8->5,,3.466923,inf,0.0,154,154,3.466923,inf,inf,inf,0.0,0.0,0.0,0,154,0.5,0.5,0.0,5,0.0,0.0
Iris,SM,0,B1,37,5,2,1,37->1->2->7->8->5,,3.135453,inf,0.0,277,277,1.454249,454.545455,459.809482,454.545455,0.0,0.0,0.0,0,277,0.5,0.5,0.0,5,0.0,0.0
Iris,SM,0,B1,38,5,8,1,38->30->33->34->1->2->7->8->5,,6.077434,inf,0.0,178,178,5.65637,1250.0,1259.466149,1250.0,0.0,0.0,0.0,0,178,0.5,0.5,0.0,5,0.0,0.0
Iris,SM,0,B1,39,5,5,0,39->33->34->1->2->7->8->5,,5.379162,inf,0.0,185,185,5.379162,inf,inf,inf,0.0,0.0,0.0,0,185,0.5,0.5,0.0,5,0.0,0.0
Iris,SM,0,B1,40,5,5,0,40->39->33->34->1->2->7->8->5,,5.51333,inf,0.0,199,199,5.51333,inf,inf,inf,0.0,0.0,0.0,0,199,0.5,0.5,0.0,5,0.0,0.0
Iris,SM,0,B1,41,5,5,0,41->40->39->33->34->1->2->7->8->5,,5.63847,inf,0.0,182,182,5.63847,inf,inf,inf,0.0,0.0,0.0,0,182,0.5,0.5,0.0,5,0.0,0.0
Iris,SM,0,B1,42,5,5,0,42->3->4->1->2->7->8->5,,3.695757,inf,0.0,161,161,3.695757,inf,inf,inf,0.0,0.0,0.0,0,161,0.5,0.5,0.0,5,0.0,0.0
Iris,SM,0,B1,43,4,4,0,43->3->4,,0.662826,inf,0.0,162,162,0.662826,106.382979,110.855583,106.382979,0.0,0.0,0.0,0,162,0.5,0.5,0.0,5,0.0,0.0
Iris,SM,0,B1,44,4,4,0,44->50->49->48->33->34->1->4,,4.390952,inf,0.0,138,138,4.390952,106.382979,114.583709,106.382979,0.0,0.0,0.0,0,138,0.5,0.5,0.0,5,0.0,0.0
Iris,SM,0,B1,45,4,4,0,45->46->47->48->33->34->1->4,,4.310371,inf,0.0,192,192,4.310371,106.382979,114.503128,106.382979,0.0,0.0,0.0,0,192,0.5,0.5,0.0,5,0.0,0.0
Iris,SM,0,B1,46,4,4,0,46->47->48->33->34->1->4,,3.794999,inf,0.0,193,193,3.794999,106.382979,113.987756,106.382979,0.0,0.0,0.0,0,193,0.5,0.5,0.0,5,0.0,0.0
Iris,SM,0,B1,47,4,1,1,47->48->33->34->1->4,,3.589011,inf,0.0,194,194,3.211754,0.974279,7.995812,0.974279,0.0,0.0,0.0,0,194,0.5,0.5,0.0,5,0.0,0.0
Iris,SM,0,B1,48,4,4,0,48->33->34->1->4,,3.210025,inf,0.0,190,190,3.210025,106.382979,113.402783,106.382979,0.0,0.0,0.0,0,190.0,0.5,0.5,0.0,5,0.0,0.0
Iris,SM,0,B1,49,4,4,0,49->48->33->34->1->4,,3.465247,inf,0.0,153,153,3.465247,106.382979,113.658005,106.382979,0.0,0.0,0.0,0,153,0.5,0.5,0.0,5,0.0,0.0
Iris,SM,0,B1,50,4,4,0,50->49->48->33->34->1->4,,3.807561,inf,0.0,185,185,3.807561,106.382979,114.000319,106.382979,0.0,0.0,0.0,0,185,0.5,0.5,0.0,5,0.0,0.0
Iris,SM,0,B1,51,3,3,0,51->3,,0.347091,5.1823,0.0,177,177,0.347091,1.025431,5.1823,1.025431,0.0,0.0,0.0,0,177,0.5,0.5,0.0,5,0.0,0.0
Iris,SM,0,B3,1,1,1,0,1,1,0.0,4.629182,0.0,154,154,0.0,6.045949,9.855728,6.045949,0.0,0.0,0.0,0,154.0,0.5,0.5,0.0,5,0.0,0.0
Iris,SM,0,B3,2,2,2,0,2,2,0.0,4.657093,0.0,171,171,0.0,3.457815,7.267594,3.457815,0.0,0.0,0.0,0,171,0.5,0.5,0.0,5,0.0,0.0
Iris,SM,0,B3,3,3,3,0,3,3,0.0,4.83521,0.0,163,163,0.0,5.370569,9.180348,5.370569,0.0,0.0,0.0,0,163,0.5,0.5,0.0,5,0.0,0.0
Iris,SM,0,B3,4,4,4,0,4,4,0.0,inf,0.0,152,152,0.0,4.359198,8.168977,4.359198,0.0,0.0,0.0,0,152.0,0.5,0.5,0.0,5,0.0,0.0
Iris,SM,0,B3,5,5,5,0,5,5,0.0,inf,0.0,216,216,0.0,4.0,7.809779,4.0,0.0,0.0,0.0,0,216,0.5,0.5,0.0,5,0.0,0.0
Iris,SM,0,B3,6,6,6,0,6,6,0.0,inf,0.0,179,179,0.0,3.322259,7.132038,3.322259,0.0,0.0,0.0,0,179,0.5,0.5,0.0,5,0.0,0.0
Iris,SM,0,B3,7,7,7,0,7,7,0.0,inf,0.0,202,202,0.0,3.401361,7.21114,3.401361,0.0,0.0,0.0,0,202,0.5,0.5,0.0,5,0.0,0.0
Iris,SM,0,B3,8,8,8,0,8,8,0.0,inf,0.0,220,220,0.0,3.335557,7.145336,3.335557,0.0,0.0,0.0,0,220,0.5,0.5,0.0,5,0.0,0.0
Iris,SM,0,B3,9,8,8,0,9->6->5->8,9->6->5->8,1.295322,inf,0.0,191,191,1.295322,3.335557,8.440658,3.335557,0.0,0.0,0.0,0,191,0.5,0.5,0.0,5,0.0,0.0
Iris,SM,0,B3,10,8,8,0,10->1->2->7->8,10->1->2->7->8,2.980337,inf,0.0,183,183,2.980337,3.335557,10.125673,3.335557,0.0,0.0,0.0,0,183,0.5,0.5,0.0,5,0.0,0.0
Iris,SM,0,B3,11,8,8,0,11->30->33->34->1->2->7->8,11->30->33->34->1->2->7->8,6.469193,inf,0.0,180,180,6.469193,3.335557,13.614529,3.335557,0.0,0.0,0.0,0,180,0.5,0.5,0.0,5,0.0,0.0
Iris,SM,0,B3,12,8,3,1,12->21->20->19->15->7->8,12->21->20->19->15->16->17->37->1->4->3,3.375342,inf,0.0,121,121,3.445888,5.370569,12.626236,5.370569,0.0,0.0,0.0,0,121,0.5,0.5,0.0,5,0.0,0.0
Iris,SM,0,B3,13,8,2,1,13->12->21->20->19->15->7->8,13->12->21->20->19->15->7->2,3.636617,inf,0.0,166,166,3.637012,3.457815,10.904606,3.457815,0.0,0.0,0.0,0,166,0.5,0.5,0.0,5,0.0,0.0
Iris,SM,0,B3,14,8,8,0,14->34->1->2->7->8,14->35->36->1->2->7->8,3.891701,inf,0.0,147,147,3.712682,3.335557,10.858018,3.335557,0.0,0.0,0.0,0,147,0.5,0.5,0.0,5,0.0,0.0
Iris,SM,0,B3,15,8,1,1,15->7->8,15->16->17->37->1,2.248034,inf,0.0,187,187,1.644735,6.045949,11.500464,6.045949,0.0,0.0,0.0,0,187,0.5,0.5,0.0,5,0.0,0.0
Iris,SM,0,B3,16,8,8,0,16->15->7->8,16->15->7->8,2.616942,inf,0.0,184,184,2.616942,3.335557,9.762278,3.335557,0.0,0.0,0.0,0,184,0.5,0.5,0.0,5,0.0,0.0
Iris,SM,0,B3,17,8,5,1,17->16->15->7->8,17->16->15->7->8->5,3.039601,inf,0.0,144,144,3.460665,4.0,11.270444,4.0,0.0,0.0,0.0,0,144,0.5,0.5,0.0,5,0.0,0.0
Iris,SM,0,B3,18,7,7,0,18->17->16->15->7,18->17->16->15->7,2.693217,inf,0.0,165,165,2.693217,3.401361,9.904356,3.401361,0.0,0.0,0.0,0,165,0.5,0.5,0.0,5,0.0,0.0
Iris,SM,0,B3,19,7,2,1,19->15->7,19->15->7->2,1.851072,inf,0.0,171,171,2.481339,3.457815,9.748933,3.457815,0.0,0.0,0.0,0,171,0.5,0.5,0.0,5,0.0,0.0
Iris,SM,0,B3,20,7,7,0,20->19->15->7,20->19->15->7,2.024382,inf,0.0,193,193,2.024382,3.401361,9.235521,3.401361,0.0,0.0,0.0,0,193,0.5,0.5,0.0,5,0.0,0.0
Iris,SM,0,B3,21,7,1,1,21->20->19->15->7,21->20->19->15->16->17->37->1,2.224013,inf,0.0,207,207,2.250588,6.045949,12.106316,6.045949,0.0,0.0,0.0,0,207,0.5,0.5,0.0,5,0.0,0.0
Iris,SM,0,B3,22,7,3,1,22->23->11->30->33->34->1->2->7,22->23->11->30->33->34->1->4->3,6.733951,inf,0.0,179,179,5.7833,5.370569,14.963649,5.370569,0.0,0.0,0.0,0,179,0.5,0.5,0.0,5,0.0,0.0
Iris,SM,0,B3,23,7,7,0,23->11->30->33->34->1->2->7,23->11->30->33->34->1->2->7,6.093097,inf,0.0,202,202,6.093097,3.401361,13.304236,3.401361,0.0,0.0,0.0,0,202,0.5,0.5,0.0,5,0.0,0.0
Iris,SM,0,B3,24,7,7,0,24->15->7,24->15->7,2.836246,inf,0.0,185,185,2.836246,3.401361,10.047386,3.401361,0.0,0.0,0.0,0,185,0.5,0.5,0.0,5,0.0,0.0
Iris,SM,0,B3,25,7,7,0,25->24->15->7,25->24->15->7,3.113534,inf,0.0,187,187,3.113534,3.401361,10.324674,3.401361,0.0,0.0,0.0,0,187,0.5,0.5,0.0,5,0.0,0.0
Iris,SM,0,B3,26,6,5,1,26->29->24->15->7->6,26->27->24->15->7->8->5,5.56686,inf,0.0,154,154,4.547918,4.0,12.357697,4.0,0.0,0.0,0.0,0,154,0.5,0.5,0.0,5,0.0,0.0
Iris,SM,0,B3,27,6,5,1,27->24->15->7->6,27->24->15->7->8->5,4.675743,inf,0.0,169,169,4.262729,4.0,12.072508,4.0,0.0,0.0,0.0,0,169,0.5,0.5,0.0,5,0.0,0.0
Iris,SM,0,B3,28,6,1,1,28->29->24->15->7->6,28->29->26->27->14->35->36->1,5.568087,inf,0.0,190,190,3.255173,6.045949,13.110901,6.045949,0.0,0.0,0.0,0,190.0,0.5,0.5,0.0,5,0.0,0.0
Iris,SM,0,B3,29,6,2,1,29->24->15->7->6,29->26->27->14->35->36->1->2,5.170417,inf,0.0,162,162,3.85173,3.457815,11.119324,3.457815,0.0,0.0,0.0,0,162.0,0.5,0.5,0.0,5,0.0,0.0
Iris,SM,0,B3,30,6,6,0,30->33->34->1->2->7->6,30->33->34->1->2->7->6,6.068207,inf,0.0,194,194,6.068207,3.322259,13.200245,3.322259,0.0,0.0,0.0,0,194.0,0.5,0.5,0.0,5,0.0,0.0
Iris,SM,0,B3,31,6,5,1,31->30->33->34->1->2->7->6,31->30->33->34->1->2->7->8->5,6.31781,inf,0.0,156,156,5.904795,4.0,13.714574,4.0,0.0,0.0,0.0,0,156,0.5,0.5,0.0,5,0.0,0.0
Iris,SM,0,B3,32,6,3,1,32->24->15->7->6,32->34->1->4->3,5.363589,inf,0.0,211,211,2.358803,5.370569,11.539151,5.370569,0.0,0.0,0.0,0,211,0.5,0.5,0.0,5,0.0,0.0
Iris,SM,0,B3,33,6,6,0,33->34->1->2->7->6,33->34->1->2->7->6,5.564951,inf,0.0,195,195,5.564951,3.322259,12.696989,3.322259,0.0,0.0,0.0,0,195.0,0.5,0.5,0.0,5,0.0,0.0
Iris,SM,0,B3,34,6,4,1,34->1->2->7->6,34->1->4,4.121618,inf,0.0,149,149,1.41043,4.359198,9.579407,4.359198,0.0,0.0,0.0,0,149.0,0.5,0.5,0.0,5,0.0,0.0
Iris,SM,0,B3,35,5,3,1,35->36->1->2->7->8->5,35->36->1->4->3,3.707952,inf,0.0,140,140,1.706365,5.370569,10.886713,5.370569,0.0,0.0,0.0,0,140,0.5,0.5,0.0,5,0.0,0.0
Iris,SM,0,B3,36,5,4,1,36->1->2->7->8->5,36->1->4,3.466923,inf,0.0,154,154,1.168749,4.359198,9.337726,4.359198,0.0,0.0,0.0,0,154,0.5,0.5,0.0,5,0.0,0.0
Iris,SM,0,B3,37,5,1,1,37->1->2->7->8->5,37->1,3.135453,inf,0.0,277,277,0.460022,6.045949,10.31575,6.045949,0.0,0.0,0.0,0,277,0.5,0.5,0.0,5,0.0,0.0
Iris,SM,0,B3,38,5,5,0,38->30->33->34->1->2->7->8->5,38->30->33->34->1->2->7->8->5,6.077434,inf,0.0,178,178,6.077434,4.0,13.887213,4.0,0.0,0.0,0.0,0,178,0.5,0.5,0.0,5,0.0,0.0
Iris,SM,0,B3,39,5,6,1,39->33->34->1->2->7->8->5,39->33->34->1->2->7->6,5.379162,inf,0.0,185,185,5.792176,3.322259,12.924214,3.322259,0.0,0.0,0.0,0,185,0.5,0.5,0.0,5,0.0,0.0
Iris,SM,0,B3,40,5,2,1,40->39->33->34->1->2->7->8->5,40->39->33->34->1->2,5.51333,inf,0.0,199,199,3.832125,3.457815,11.099719,3.457815,0.0,0.0,0.0,0,199,0.5,0.5,0.0,5,0.0,0.0
Iris,SM,0,B3,41,5,6,1,41->40->39->33->34->1->2->7->8->5,41->40->39->33->34->1->2->7->6,5.63847,inf,0.0,182,182,6.051484,3.322259,13.183522,3.322259,0.0,0.0,0.0,0,182,0.5,0.5,0.0,5,0.0,0.0
Iris,SM,0,B3,42,5,5,0,42->3->4->1->2->7->8->5,42->3->4->1->2->7->8->5,3.695757,inf,0.0,161,161,3.695757,4.0,11.505536,4.0,0.0,0.0,0.0,0,161,0.5,0.5,0.0,5,0.0,0.0
Iris,SM,0,B3,43,4,4,0,43->3->4,43->3->4,0.662826,inf,0.0,162,162,0.662826,4.359198,8.831803,4.359198,0.0,0.0,0.0,0,162,0.5,0.5,0.0,5,0.0,0.0
Iris,SM,0,B3,44,4,3,1,44->50->49->48->33->34->1->4,44->50->49->48->33->34->1->4->3,4.390952,inf,0.0,138,138,4.687539,5.370569,13.867887,5.370569,0.0,0.0,0.0,0,138,0.5,0.5,0.0,5,0.0,0.0
Iris,SM,0,B3,45,4,6,1,45->46->47->48->33->34->1->4,45->46->47->48->33->34->1->2->7->6,4.310371,inf,0.0,192,192,7.021559,3.322259,14.153597,3.322259,0.0,0.0,0.0,0,192,0.5,0.5,0.0,5,0.0,0.0
Iris,SM,0,B3,46,4,2,1,46->47->48->33->34->1->4,46->47->48->33->34->1->2,3.794999,inf,0.0,193,193,4.411968,3.457815,11.679562,3.457815,0.0,0.0,0.0,0,193,0.5,0.5,0.0,5,0.0,0.0
Iris,SM,0,B3,47,4,1,1,47->48->33->34->1->4,47->48->33->34->1,3.589011,inf,0.0,194,194,3.211754,6.045949,13.067482,6.045949,0.0,0.0,0.0,0,194,0.5,0.5,0.0,5,0.0,0.0
Iris,SM,0,B3,48,4,4,0,48->33->34->1->4,48->33->34->1->4,3.210025,inf,0.0,190,190,3.210025,4.359198,11.379002,4.359198,0.0,0.0,0.0,0,190.0,0.5,0.5,0.0,5,0.0,0.0
Iris,SM,0,B3,49,4,4,0,49->48->33->34->1->4,49->48->33->34->1->4,3.465247,inf,0.0,153,153,3.465247,4.359198,11.634224,4.359198,0.0,0.0,0.0,0,153,0.5,0.5,0.0,5,0.0,0.0
Iris,SM,0,B3,50,4,4,0,50->49->48->33->34->1->4,50->49->48->33->34->1->4,3.807561,inf,0.0,185,185,3.807561,4.359198,11.976538,4.359198,0.0,0.0,0.0,0,185,0.5,0.5,0.0,5,0.0,0.0
Iris,SM,0,B3,51,3,3,0,51->3,51->3,0.347091,5.1823,0.0,177,177,0.347091,5.370569,9.527439,5.370569,0.0,0.0,0.0,0,177,0.5,0.5,0.0,5,0.0,0.0
Iris,SM,0,MCF_ARC,1,1,1,0,1,1,0.0,4.629182,0.0,154,154,0.0,1.367794,5.175153,1.365374,0.0,0.0,0.0,0,154.0,0.5,0.5,0.0,5,0.0,0.0
Iris,SM,0,MCF_ARC,2,2,2,0,2,2,0.0,4.657093,0.0,171,171,0.0,12.796781,14.774691,10.964912,0.0,0.0,0.0,0,171,0.5,0.5,0.0,5,0.0,0.0
Iris,SM,0,MCF_ARC,3,3,3,0,3,3,0.0,4.83521,0.0,163,163,0.0,1.624151,5.424766,1.614987,0.0,0.0,0.0,0,163,0.5,0.5,0.0,5,0.0,0.0
Iris,SM,0,MCF_ARC,4,4,4,0,4,4,0.0,inf,0.0,152,152,0.0,6.135157,9.644085,5.834306,0.0,0.0,0.0,0,152.0,0.5,0.5,0.0,5,0.0,0.0
Iris,SM,0,MCF_ARC,5,5,5,0,5,5,0.0,inf,0.0,216,216,0.0,7.809575,10.345727,6.535948,0.0,0.0,0.0,0,216,0.5,0.5,0.0,5,0.0,0.0
Iris,SM,0,MCF_ARC,6,6,6,0,6,6,0.0,inf,0.0,179,179,0.0,13.732248,17.143112,13.333333,0.0,0.0,0.0,0,179,0.5,0.5,0.0,5,0.0,0.0
Iris,SM,0,MCF_ARC,7,7,7,0,7,7,0.0,inf,0.0,202,202,0.0,13.276658,16.155458,12.345679,0.0,0.0,0.0,0,202,0.5,0.5,0.0,5,0.0,0.0
Iris,SM,0,MCF_ARC,8,8,8,0,8,8,0.0,inf,0.0,220,220,0.0,12.545296,14.703025,10.893246,0.0,0.0,0.0,0,220,0.5,0.5,0.0,5,0.0,0.0
Iris,SM,0,MCF_ARC,9,8,8,0,9->6->5->8,9->6->5->8,1.295322,inf,0.0,191,191,1.295322,12.545296,15.998347,10.893246,0.0,0.0,0.0,0,191,0.5,0.5,0.0,5,0.0,0.0
Iris,SM,0,MCF_ARC,10,8,2,1,10->1->2->7->8,10->1->2,2.980337,inf,0.0,183,183,1.720196,12.796781,16.494888,10.964912,0.0,0.0,0.0,0,183,0.5,0.5,0.0,5,0.0,0.0
Iris,SM,0,MCF_ARC,11,8,2,1,11->30->33->34->1->2->7->8,11->30->33->34->1->2,6.469193,inf,0.0,180,180,5.209053,12.796781,19.983744,10.964912,0.0,0.0,0.0,0,180,0.5,0.5,0.0,5,0.0,0.0
Iris,SM,0,MCF_ARC,12,8,8,0,12->21->20->19->15->7->8,12->21->20->19->15->7->8,3.375342,inf,0.0,121,121,3.375342,12.545296,18.078367,10.893246,0.0,0.0,0.0,0,121,0.5,0.5,0.0,5,0.0,0.0
Iris,SM,0,MCF_ARC,13,8,8,0,13->12->21->20->19->15->7->8,13->12->21->20->19->15->7->8,3.636617,inf,0.0,166,166,3.636617,12.545296,18.339642,10.893246,0.0,0.0,0.0,0,166,0.5,0.5,0.0,5,0.0,0.0
Iris,SM,0,MCF_ARC,14,8,8,0,14->34->1->2->7->8,14->35->36->1->2->7->8,3.891701,inf,0.0,147,147,3.712682,12.545296,18.415708,10.893246,0.0,0.0,0.0,0,147,0.5,0.5,0.0,5,0.0,0.0
Iris,SM,0,MCF_ARC,15,8,2,1,15->7->8,15->7->2,2.248034,inf,0.0,187,187,2.248429,12.796781,17.02312,10.964912,0.0,0.0,0.0,0,187,0.5,0.5,0.0,5,0.0,0.0
Iris,SM,0,MCF_ARC,16,8,8,0,16->15->7->8,16->15->7->8,2.616942,inf,0.0,184,184,2.616942,12.545296,17.319967,10.893246,0.0,0.0,0.0,0,184,0.5,0.5,0.0,5,0.0,0.0
Iris,SM,0,MCF_ARC,17,8,8,0,17->16->15->7->8,17->16->15->7->8,3.039601,inf,0.0,144,144,3.039601,12.545296,17.742626,10.893246,0.0,0.0,0.0,0,144,0.5,0.5,0.0,5,0.0,0.0
Iris,SM,0,MCF_ARC,18,7,2,1,18->17->16->15->7,18->17->37->1->2,2.693217,inf,0.0,165,165,2.130883,12.796781,16.905574,10.964912,0.0,0.0,0.0,0,165,0.5,0.5,0.0,5,0.0,0.0
Iris,SM,0,MCF_ARC,19,7,7,0,19->15->7,19->15->7,1.851072,inf,0.0,171,171,1.851072,13.276658,18.00653,12.345679,0.0,0.0,0.0,0,171,0.5,0.5,0.0,5,0.0,0.0
Iris,SM,0,MCF_ARC,20,7,7,0,20->19->15->7,20->19->15->7,2.024382,inf,0.0,193,193,2.024382,13.276658,18.17984,12.345679,0.0,0.0,0.0,0,193,0.5,0.5,0.0,5,0.0,0.0
Iris,SM,0,MCF_ARC,21,7,7,0,21->20->19->15->7,21->20->19->15->7,2.224013,inf,0.0,207,207,2.224013,13.276658,18.379471,12.345679,0.0,0.0,0.0,0,207,0.5,0.5,0.0,5,0.0,0.0
Iris,SM,0,MCF_ARC,22,7,2,1,22->23->11->30->33->34->1->2->7,22->23->11->30->33->34->1->2,6.733951,inf,0.0,179,179,6.103683,12.796781,20.878374,10.964912,0.0,0.0,0.0,0,179,0.5,0.5,0.0,5,0.0,0.0
Iris,SM,0,MCF_ARC,23,7,7,0,23->11->30->33->34->1->2->7,23->11->30->33->34->1->2->7,6.093097,inf,0.0,202,202,6.093097,13.276658,22.248555,12.345679,0.0,0.0,0.0,0,202,0.5,0.5,0.0,5,0.0,0.0
Iris,SM,0,MCF_ARC,24,7,7,0,24->15->7,24->15->7,2.836246,inf,0.0,185,185,2.836246,13.276658,18.991704,12.345679,0.0,0.0,0.0,0,185,0.5,0.5,0.0,5,0.0,0.0
Iris,SM,0,MCF_ARC,25,7,7,0,25->24->15->7,25->24->15->7,3.113534,inf,0.0,187,187,3.113534,13.276658,19.268992,12.345679,0.0,0.0,0.0,0,187,0.5,0.5,0.0,5,0.0,0.0
Iris,SM,0,MCF_ARC,26,6,6,0,26->29->24->15->7->6,26->27->24->15->7->6,5.56686,inf,0.0,154,154,4.960932,13.732248,22.104044,13.333333,0.0,0.0,0.0,0,154,0.5,0.5,0.0,5,0.0,0.0
Iris,SM,0,MCF_ARC,27,6,6,0,27->24->15->7->6,27->24->15->7->6,4.675743,inf,0.0,169,169,4.675743,13.732248,21.818856,13.333333,0.0,0.0,0.0,0,169,0.5,0.5,0.0,5,0.0,0.0
Iris,SM,0,MCF_ARC,28,6,6,0,28->29->24->15->7->6,28->29->24->15->7->6,5.568087,inf,0.0,190,190,5.568087,13.732248,22.711199,13.333333,0.0,0.0,0.0,0,190.0,0.5,0.5,0.0,5,0.0,0.0
Iris,SM,0,MCF_ARC,29,6,6,0,29->24->15->7->6,29->24->15->7->6,5.170417,inf,0.0,162,162,5.170417,13.732248,22.31353,13.333333,0.0,0.0,0.0,0,162.0,0.5,0.5,0.0,5,0.0,0.0
Iris,SM,0,MCF_ARC,30,6,6,0,30->33->34->1->2->7->6,30->33->34->1->2->7->6,6.068207,inf,0.0,194,194,6.068207,13.732248,23.21132,13.333333,0.0,0.0,0.0,0,194.0,0.5,0.5,0.0,5,0.0,0.0
Iris,SM,0,MCF_ARC,31,6,6,0,31->30->33->34->1->2->7->6,31->30->33->34->1->2->7->6,6.31781,inf,0.0,156,156,6.31781,13.732248,23.460922,13.333333,0.0,0.0,0.0,0,156,0.5,0.5,0.0,5,0.0,0.0
Iris,SM,0,MCF_ARC,32,6,1,1,32->24->15->7->6,32->34->1,5.363589,inf,0.0,211,211,1.684958,1.367794,6.860111,1.365374,0.0,0.0,0.0,0,211,0.5,0.5,0.0,5,0.0,0.0
Iris,SM,0,MCF_ARC,33,6,2,1,33->34->1->2->7->6,33->34->1->2,5.564951,inf,0.0,195,195,3.470732,12.796781,18.245424,10.964912,0.0,0.0,0.0,0,195.0,0.5,0.5,0.0,5,0.0,0.0
Iris,SM,0,MCF_ARC,34,6,6,0,34->1->2->7->6,34->1->2->7->6,4.121618,inf,0.0,149,149,4.121618,13.732248,21.26473,13.333333,0.0,0.0,0.0,0,149.0,0.5,0.5,0.0,5,0.0,0.0
Iris,SM,0,MCF_ARC,35,5,8,1,35->36->1->2->7->8->5,35->36->1->2->7->8,3.707952,inf,0.0,140,140,3.286888,12.545296,17.989913,10.893246,0.0,0.0,0.0,0,140,0.5,0.5,0.0,5,0.0,0.0
Iris,SM,0,MCF_ARC,36,5,5,0,36->1->2->7->8->5,36->1->2->7->8->5,3.466923,inf,0.0,154,154,3.466923,7.809575,13.81265,6.535948,0.0,0.0,0.0,0,154,0.5,0.5,0.0,5,0.0,0.0
Iris,SM,0,MCF_ARC,37,5,1,1,37->1->2->7->8->5,37->1,3.135453,inf,0.0,277,277,0.460022,1.367794,5.635175,1.365374,0.0,0.0,0.0,0,277,0.5,0.5,0.0,5,0.0,0.0
Iris,SM,0,MCF_ARC,38,5,5,0,38->30->33->34->1->2->7->8->5,38->30->33->34->1->2->7->8->5,6.077434,inf,0.0,178,178,6.077434,7.809575,16.423161,6.535948,0.0,0.0,0.0,0,178,0.5,0.5,0.0,5,0.0,0.0
Iris,SM,0,MCF_ARC,39,5,5,0,39->33->34->1->2->7->8->5,39->33->34->1->2->7->8->5,5.379162,inf,0.0,185,185,5.379162,7.809575,15.724888,6.535948,0.0,0.0,0.0,0,185,0.5,0.5,0.0,5,0.0,0.0
Iris,SM,0,MCF_ARC,40,5,5,0,40->39->33->34->1->2->7->8->5,40->39->33->34->1->2->7->8->5,5.51333,inf,0.0,199,199,5.51333,7.809575,15.859056,6.535948,0.0,0.0,0.0,0,199,0.5,0.5,0.0,5,0.0,0.0
Iris,SM,0,MCF_ARC,41,5,5,0,41->40->39->33->34->1->2->7->8->5,41->40->39->33->34->1->2->7->8->5,5.63847,inf,0.0,182,182,5.63847,7.809575,15.984197,6.535948,0.0,0.0,0.0,0,182,0.5,0.5,0.0,5,0.0,0.0
Iris,SM,0,MCF_ARC,42,5,5,0,42->3->4->1->2->7->8->5,42->3->4->1->2->7->8->5,3.695757,inf,0.0,161,161,3.695757,7.809575,14.041483,6.535948,0.0,0.0,0.0,0,161,0.5,0.5,0.0,5,0.0,0.0
Iris,SM,0,MCF_ARC,43,4,3,1,43->3->4,43->3,0.662826,inf,0.0,162,162,0.366238,1.624151,5.791005,1.614987,0.0,0.0,0.0,0,162,0.5,0.5,0.0,5,0.0,0.0
Iris,SM,0,MCF_ARC,44,4,4,0,44->50->49->48->33->34->1->4,44->50->49->48->33->34->1->4,4.390952,inf,0.0,138,138,4.390952,6.135157,14.035036,5.834306,0.0,0.0,0.0,0,138,0.5,0.5,0.0,5,0.0,0.0
Iris,SM,0,MCF_ARC,45,4,4,0,45->46->47->48->33->34->1->4,45->46->47->48->33->34->1->4,4.310371,inf,0.0,192,192,4.310371,6.135157,13.954455,5.834306,0.0,0.0,0.0,0,192,0.5,0.5,0.0,5,0.0,0.0
Iris,SM,0,MCF_ARC,46,4,4,0,46->47->48->33->34->1->4,46->47->48->33->34->1->4,3.794999,inf,0.0,193,193,3.794999,6.135157,13.439083,5.834306,0.0,0.0,0.0,0,193,0.5,0.5,0.0,5,0.0,0.0
Iris,SM,0,MCF_ARC,47,4,3,1,47->48->33->34->1->4,47->48->33->34->1->4->3,3.589011,inf,0.0,194,194,3.885599,1.624151,9.310365,1.614987,0.0,0.0,0.0,0,194,0.5,0.5,0.0,5,0.0,0.0
Iris,SM,0,MCF_ARC,48,4,4,0,48->33->34->1->4,48->33->34->1->4,3.210025,inf,0.0,190,190,3.210025,6.135157,12.85411,5.834306,0.0,0.0,0.0,0,190.0,0.5,0.5,0.0,5,0.0,0.0
Iris,SM,0,MCF_ARC,49,4,4,0,49->48->33->34->1->4,49->48->33->34->1->4,3.465247,inf,0.0,153,153,3.465247,6.135157,13.109332,5.834306,0.0,0.0,0.0,0,153,0.5,0.5,0.0,5,0.0,0.0
Iris,SM,0,MCF_ARC,50,4,4,0,50->49->48->33->34->1->4,50->49->48->33->34->1->4,3.807561,inf,0.0,185,185,3.807561,6.135157,13.451646,5.834306,0.0,0.0,0.0,0,185,0.5,0.5,0.0,5,0.0,0.0
Iris,SM,0,MCF_ARC,51,3,3,0,51->3,51->3,0.347091,5.1823,0.0,177,177,0.347091,1.624151,5.771857,1.614987,0.0,0.0,0.0,0,177,0.5,0.5,0.0,5,0.0,0.0
Iris,SM,1,B1,1,1,1,0,1,,0.0,4.652523,0.0,191,191,0.0,1.055298,4.865077,1.055298,0.0,0.0,0.0,0,191.0,0.5,0.5,0.0,5,0.0,0.0
Iris,SM,1,B1,2,2,2,0,2,,0.0,4.670957,0.0,194,194,0.0,7.451565,11.261344,7.451565,0.0,0.0,0.0,0,194,0.5,0.5,0.0,5,0.0,0.0
Iris,SM,1,B1,3,3,3,0,3,,0.0,5.249871,0.0,165,165,0.0,3.753754,7.563533,3.753754,0.0,0.0,0.0,0,165,0.5,0.5,0.0,5,0.0,0.0
Iris,SM,1,B1,4,4,4,0,4,,0.0,inf,0.0,143,143,0.0,5.945303,9.755082,5.945303,0.0,0.0,0.0,0,143.0,0.5,0.5,0.0,5,0.0,0.0
Iris,SM,1,B1,5,5,5,0,5,,0.0,inf,0.0,173,173,0.0,833.333333,837.143112,833.333333,0.0,0.0,0.0,0,173,0.5,0.5,0.0,5,0.0,0.0
Iris,SM,1,B1,6,6,6,0,6,,0.0,inf,0.0,202,202,0.0,28.409091,32.21887,28.409091,0.0,0.0,0.0,0,202,0.5,0.5,0.0,5,0.0,0.0
Iris,SM,1,B1,7,7,7,0,7,,0.0,inf,0.0,178,178,0.0,454.545455,458.355234,454.545455,0.0,0.0,0.0,0,178,0.5,0.5,0.0,5,0.0,0.0
Iris,SM,1,B1,8,8,8,0,8,,0.0,inf,0.0,217,217,0.0,121.95122,125.760998,121.95122,0.0,0.0,0.0,0,217,0.5,0.5,0.0,5,0.0,0.0
Iris,SM,1,B1,9,8,8,0,9->6->5->8,,1.295322,inf,0.0,177,177,1.295322,121.95122,127.05632,121.95122,0.0,0.0,0.0,0,177,0.5,0.5,0.0,5,0.0,0.0
Iris,SM,1,B1,10,8,7,1,10->1->2->7->8,,2.980337,inf,0.0,140,140,2.350464,454.545455,460.705698,454.545455,0.0,0.0,0.0,0,140,0.5,0.5,0.0,5,0.0,0.0
Iris,SM,1,B1,11,8,8,0,11->30->33->34->1->2->7->8,,6.469193,inf,0.0,193,193,6.469193,121.95122,132.230191,121.95122,0.0,0.0,0.0,0,193,0.5,0.5,0.0,5,0.0,0.0
Iris,SM,1,B1,12,8,8,0,12->21->20->19->15->7->8,,3.375342,inf,0.0,207,207,3.375342,121.95122,129.13634,121.95122,0.0,0.0,0.0,0,207,0.5,0.5,0.0,5,0.0,0.0
Iris,SM,1,B1,13,8,8,0,13->12->21->20->19->15->7->8,,3.636617,inf,0.0,169,169,3.636617,121.95122,129.397615,121.95122,0.0,0.0,0.0,0,169,0.5,0.5,0.0,5,0.0,0.0
Iris,SM,1,B1,14,8,2,1,14->34->1->2->7->8,,3.891701,inf,0.0,206,206,2.452542,7.451565,13.713886,7.451565,0.0,0.0,0.0,0,206,0.5,0.5,0.0,5,0.0,0.0
Iris,SM,1,B1,15,8,7,1,15->7->8,,2.248034,inf,0.0,129,129,1.618161,454.545455,459.973395,454.545455,0.0,0.0,0.0,0,129,0.5,0.5,0.0,5,0.0,0.0
Iris,SM,1,B1,16,8,8,0,16->15->7->8,,2.616942,inf,0.0,206,206,2.616942,121.95122,128.377941,121.95122,0.0,0.0,0.0,0,206,0.5,0.5,0.0,5,0.0,0.0
Iris,SM,1,B1,17,7,7,0,17->16->15->7,,2.409729,inf,0.0,114,114,2.409729,454.545455,460.764962,454.545455,0.0,0.0,0.0,0,114,0.5,0.5,0.0,5,0.0,0.0
Iris,SM,1,B1,18,7,2,1,18->17->37->1->2->7,,2.761151,inf,0.0,170,170,2.130883,7.451565,13.392227,7.451565,0.0,0.0,0.0,0,170,0.5,0.5,0.0,5,0.0,0.0
Iris,SM,1,B1,19,7,7,0,19->15->7,,1.851072,inf,0.0,193,193,1.851072,454.545455,460.206305,454.545455,0.0,0.0,0.0,0,193,0.5,0.5,0.0,5,0.0,0.0
Iris,SM,1,B1,20,7,7,0,20->19->15->7,,2.024382,inf,0.0,226,226,2.024382,454.545455,460.379615,454.545455,0.0,0.0,0.0,0,226,0.5,0.5,0.0,5,0.0,0.0
Iris,SM,1,B1,21,7,7,0,21->20->19->15->7,,2.224013,inf,0.0,213,213,2.224013,454.545455,460.579247,454.545455,0.0,0.0,0.0,0,213,0.5,0.5,0.0,5,0.0,0.0
Iris,SM,1,B1,22,7,2,1,22->23->11->30->33->34->1->2->7,,6.733951,inf,0.0,198,198,6.103683,7.451565,17.365027,7.451565,0.0,0.0,0.0,0,198,0.5,0.5,0.0,5,0.0,0.0
Iris,SM,1,B1,23,7,1,1,23->11->30->33->34->1->2->7,,6.093097,inf,0.0,239,239,4.468602,1.055298,9.333678,1.055298,0.0,0.0,0.0,0,239,0.5,0.5,0.0,5,0.0,0.0
Iris,SM,1,B1,24,6,6,0,24->15->7->6,,4.300197,inf,0.0,177,177,4.300197,28.409091,36.519067,28.409091,0.0,0.0,0.0,0,177,0.5,0.5,0.0,5,0.0,0.0
Iris,SM,1,B1,25,7,7,0,25->24->15->7,,3.113534,inf,0.0,160,160,3.113534,454.545455,461.468768,454.545455,0.0,0.0,0.0,0,160,0.5,0.5,0.0,5,0.0,0.0
Iris,SM,1,B1,26,6,6,0,26->27->24->15->7->6,,4.960932,inf,0.0,160,160,4.960932,28.409091,37.179802,28.409091,0.0,0.0,0.0,0,160,0.5,0.5,0.0,5,0.0,0.0
Iris,SM,1,B1,27,6,6,0,27->24->15->7->6,,4.675743,inf,0.0,193,193,4.675743,28.409091,36.894613,28.409091,0.0,0.0,0.0,0,193,0.5,0.5,0.0,5,0.0,0.0
Iris,SM,1,B1,28,6,6,0,28->29->24->15->7->6,,5.568087,inf,0.0,197,197,5.568087,28.409091,37.786957,28.409091,0.0,0.0,0.0,0,197.0,0.5,0.5,0.0,5,0.0,0.0
Iris,SM,1,B1,29,6,6,0,29->24->15->7->6,,5.170417,inf,0.0,203,203,5.170417,28.409091,37.389287,28.409091,0.0,0.0,0.0,0,203.0,0.5,0.5,0.0,5,0.0,0.0
Iris,SM,1,B1,30,6,2,1,30->33->34->1->2->7->6,,6.068207,inf,0.0,222,222,3.973989,7.451565,15.235333,7.451565,0.0,0.0,0.0,0,222.0,0.5,0.5,0.0,5,0.0,0.0
Iris,SM,1,B1,31,6,5,1,31->28->29->24->15->7->6,,6.377926,inf,0.0,146,146,5.904795,833.333333,843.047908,833.333333,0.0,0.0,0.0,0,146,0.5,0.5,0.0,5,0.0,0.0
Iris,SM,1,B1,32,6,6,0,32->34->1->2->7->6,,4.773404,inf,0.0,188,188,4.773404,28.409091,36.992273,28.409091,0.0,0.0,0.0,0,188,0.5,0.5,0.0,5,0.0,0.0
Iris,SM,1,B1,33,5,2,1,33->34->1->2->7->8->5,,5.151937,inf,0.0,231,231,3.470732,7.451565,14.732076,7.451565,0.0,0.0,0.0,0,231.0,0.5,0.5,0.0,5,0.0,0.0
Iris,SM,1,B1,34,5,5,0,34->1->2->7->8->5,,3.708604,inf,0.0,164,164,3.708604,833.333333,840.851716,833.333333,0.0,0.0,0.0,0,164.0,0.5,0.5,0.0,5,0.0,0.0
Iris,SM,1,B1,35,5,8,1,35->36->1->2->7->8->5,,3.707952,inf,0.0,178,178,3.286888,121.95122,129.047886,121.95122,0.0,0.0,0.0,0,178,0.5,0.5,0.0,5,0.0,0.0
Iris,SM,1,B1,36,5,5,0,36->1->2->7->8->5,,3.466923,inf,0.0,189,189,3.466923,833.333333,840.610035,833.333333,0.0,0.0,0.0,0,189,0.5,0.5,0.0,5,0.0,0.0
Iris,SM,1,B1,37,5,5,0,37->1->2->7->8->5,,3.135453,inf,0.0,142,142,3.135453,833.333333,840.278565,833.333333,0.0,0.0,0.0,0,142,0.5,0.5,0.0,5,0.0,0.0
Iris,SM,1,B1,38,5,5,0,38->30->33->34->1->2->7->8->5,,6.077434,inf,0.0,202,202,6.077434,833.333333,843.220546,833.333333,0.0,0.0,0.0,0,202,0.5,0.5,0.0,5,0.0,0.0
Iris,SM,1,B1,39,5,5,0,39->33->34->1->2->7->8->5,,5.379162,inf,0.0,229,229,5.379162,833.333333,842.522274,833.333333,0.0,0.0,0.0,0,229,0.5,0.5,0.0,5,0.0,0.0
Iris,SM,1,B1,40,5,5,0,40->39->33->34->1->2->7->8->5,,5.51333,inf,0.0,109,109,5.51333,833.333333,842.656442,833.333333,0.0,0.0,0.0,0,109,0.5,0.5,0.0,5,0.0,0.0
Iris,SM,1,B1,41,4,4,0,41->40->39->33->34->1->4,,3.340296,inf,0.0,127,127,3.340296,5.945303,13.095378,5.945303,0.0,0.0,0.0,0,127,0.5,0.5,0.0,5,0.0,0.0
Iris,SM,1,B1,42,4,3,1,42->3->4,,0.643068,inf,0.0,245,245,0.346481,3.753754,7.910013,3.753754,0.0,0.0,0.0,0,245,0.5,0.5,0.0,5,0.0,0.0
Iris,SM,1,B1,43,4,3,1,43->3->4,,0.662826,inf,0.0,183,183,0.366238,3.753754,7.929771,3.753754,0.0,0.0,0.0,0,183,0.5,0.5,0.0,5,0.0,0.0
Iris,SM,1,B1,44,4,4,0,44->50->49->48->33->34->1->4,,4.390952,inf,0.0,215,215,4.390952,5.945303,14.146034,5.945303,0.0,0.0,0.0,0,215,0.5,0.5,0.0,5,0.0,0.0
Iris,SM,1,B1,45,4,4,0,45->46->47->48->33->34->1->4,,4.310371,inf,0.0,121,121,4.310371,5.945303,14.065453,5.945303,0.0,0.0,0.0,0,121,0.5,0.5,0.0,5,0.0,0.0
Iris,SM,1,B1,46,4,4,0,46->47->48->33->34->1->4,,3.794999,inf,0.0,188,188,3.794999,5.945303,13.550081,5.945303,0.0,0.0,0.0,0,188,0.5,0.5,0.0,5,0.0,0.0
Iris,SM,1,B1,47,4,4,0,47->48->33->34->1->4,,3.589011,inf,0.0,222,222,3.589011,5.945303,13.344093,5.945303,0.0,0.0,0.0,0,222,0.5,0.5,0.0,5,0.0,0.0
Iris,SM,1,B1,48,4,4,0,48->33->34->1->4,,3.210025,inf,0.0,171,171,3.210025,5.945303,12.965107,5.945303,0.0,0.0,0.0,0,171.0,0.5,0.5,0.0,5,0.0,0.0
Iris,SM,1,B1,49,3,3,0,49->48->33->34->1->4->3,,3.761835,9.011706,0.0,171,171,3.761835,3.753754,11.325367,3.753754,0.0,0.0,0.0,0,171,0.5,0.5,0.0,5,0.0,0.0
Iris,SM,1,B1,50,3,3,0,50->49->48->33->34->1->4->3,,4.104148,9.354019,0.0,193,193,4.104148,3.753754,11.667681,3.753754,0.0,0.0,0.0,0,193,0.5,0.5,0.0,5,0.0,0.0
Iris,SM,1,B1,51,3,3,0,51->3,,0.347091,5.596962,0.0,195,195,0.347091,3.753754,7.910623,3.753754,0.0,0.0,0.0,0,195,0.5,0.5,0.0,5,0.0,0.0
Iris,SM,1,B3,1,1,1,0,1,1,0.0,4.652523,0.0,191,191,0.0,9.940358,13.750137,9.940358,0.0,0.0,0.0,0,191.0,0.5,0.5,0.0,5,0.0,0.0
Iris,SM,1,B3,2,2,2,0,2,2,0.0,4.670957,0.0,194,194,0.0,7.507508,11.317286,7.507508,0.0,0.0,0.0,0,194,0.5,0.5,0.0,5,0.0,0.0
Iris,SM,1,B3,3,3,3,0,3,3,0.0,5.249871,0.0,165,165,0.0,3.617945,7.427724,3.617945,0.0,0.0,0.0,0,165,0.5,0.5,0.0,5,0.0,0.0
Iris,SM,1,B3,4,4,4,0,4,4,0.0,inf,0.0,143,143,0.0,3.399048,7.208827,3.399048,0.0,0.0,0.0,0,143.0,0.5,0.5,0.0,5,0.0,0.0
Iris,SM,1,B3,5,5,5,0,5,5,0.0,inf,0.0,173,173,0.0,5.045409,8.855188,5.045409,0.0,0.0,0.0,0,173,0.5,0.5,0.0,5,0.0,0.0
Iris,SM,1,B3,6,6,6,0,6,6,0.0,inf,0.0,202,202,0.0,5.175983,8.985762,5.175983,0.0,0.0,0.0,0,202,0.5,0.5,0.0,5,0.0,0.0
Iris,SM,1,B3,7,7,7,0,7,7,0.0,inf,0.0,178,178,0.0,6.613757,10.423536,6.613757,0.0,0.0,0.0,0,178,0.5,0.5,0.0,5,0.0,0.0
Iris,SM,1,B3,8,8,8,0,8,8,0.0,inf,0.0,217,217,0.0,4.625347,8.435126,4.625347,0.0,0.0,0.0,0,217,0.5,0.5,0.0,5,0.0,0.0
Iris,SM,1,B3,9,8,8,0,9->6->5->8,9->6->5->8,1.295322,inf,0.0,177,177,1.295322,4.625347,9.730447,4.625347,0.0,0.0,0.0,0,177,0.5,0.5,0.0,5,0.0,0.0
Iris,SM,1,B3,10,8,8,0,10->1->2->7->8,10->1->2->7->8,2.980337,inf,0.0,140,140,2.980337,4.625347,11.415463,4.625347,0.0,0.0,0.0,0,140,0.5,0.5,0.0,5,0.0,0.0
Iris,SM,1,B3,11,8,8,0,11->30->33->34->1->2->7->8,11->30->33->34->1->2->7->8,6.469193,inf,0.0,193,193,6.469193,4.625347,14.904319,4.625347,0.0,0.0,0.0,0,193,0.5,0.5,0.0,5,0.0,0.0
Iris,SM,1,B3,12,8,1,1,12->21->20->19->15->7->8,12->21->20->19->15->16->17->37->1,3.375342,inf,0.0,207,207,2.772043,9.940358,16.52218,9.940358,0.0,0.0,0.0,0,207,0.5,0.5,0.0,5,0.0,0.0
Iris,SM,1,B3,13,8,2,1,13->12->21->20->19->15->7->8,13->12->21->20->19->15->7->2,3.636617,inf,0.0,169,169,3.637012,7.507508,14.954298,7.507508,0.0,0.0,0.0,0,169,0.5,0.5,0.0,5,0.0,0.0
Iris,SM,1,B3,14,8,8,0,14->34->1->2->7->8,14->35->36->1->2->7->8,3.891701,inf,0.0,206,206,3.712682,4.625347,12.147808,4.625347,0.0,0.0,0.0,0,206,0.5,0.5,0.0,5,0.0,0.0
Iris,SM,1,B3,15,8,3,1,15->7->8,15->16->17->37->1->4->3,2.248034,inf,0.0,129,129,2.31858,3.617945,9.746304,3.617945,0.0,0.0,0.0,0,129,0.5,0.5,0.0,5,0.0,0.0
Iris,SM,1,B3,16,8,8,0,16->15->7->8,16->15->7->8,2.616942,inf,0.0,206,206,2.616942,4.625347,11.052068,4.625347,0.0,0.0,0.0,0,206,0.5,0.5,0.0,5,0.0,0.0
Iris,SM,1,B3,17,7,7,0,17->16->15->7,17->16->15->7,2.409729,inf,0.0,114,114,2.409729,6.613757,12.833264,6.613757,0.0,0.0,0.0,0,114,0.5,0.5,0.0,5,0.0,0.0
Iris,SM,1,B3,18,7,7,0,18->17->37->1->2->7,18->17->16->15->7,2.761151,inf,0.0,170,170,2.693217,6.613757,13.116752,6.613757,0.0,0.0,0.0,0,170,0.5,0.5,0.0,5,0.0,0.0
Iris,SM,1,B3,19,7,3,1,19->15->7,19->15->16->17->37->1->4->3,1.851072,inf,0.0,193,193,2.55149,3.617945,9.979214,3.617945,0.0,0.0,0.0,0,193,0.5,0.5,0.0,5,0.0,0.0
Iris,SM,1,B3,20,7,1,1,20->19->15->7,20->19->15->16->17->37->1,2.024382,inf,0.0,226,226,2.050956,9.940358,15.801093,9.940358,0.0,0.0,0.0,0,226,0.5,0.5,0.0,5,0.0,0.0
Iris,SM,1,B3,21,7,7,0,21->20->19->15->7,21->20->19->15->7,2.224013,inf,0.0,213,213,2.224013,6.613757,12.647549,6.613757,0.0,0.0,0.0,0,213,0.5,0.5,0.0,5,0.0,0.0
Iris,SM,1,B3,22,7,7,0,22->23->11->30->33->34->1->2->7,22->23->11->30->33->34->1->2->7,6.733951,inf,0.0,198,198,6.733951,6.613757,17.157486,6.613757,0.0,0.0,0.0,0,198,0.5,0.5,0.0,5,0.0,0.0
Iris,SM,1,B3,23,7,2,1,23->11->30->33->34->1->2->7,23->11->30->33->34->1->2,6.093097,inf,0.0,239,239,5.462829,7.507508,16.780115,7.507508,0.0,0.0,0.0,0,239,0.5,0.5,0.0,5,0.0,0.0
Iris,SM,1,B3,24,6,1,1,24->15->7->6,24->27->14->35->36->1,4.300197,inf,0.0,177,177,2.551419,9.940358,16.301556,9.940358,0.0,0.0,0.0,0,177,0.5,0.5,0.0,5,0.0,0.0
Iris,SM,1,B3,25,7,7,0,25->24->15->7,25->24->15->7,3.113534,inf,0.0,160,160,3.113534,6.613757,13.53707,6.613757,0.0,0.0,0.0,0,160,0.5,0.5,0.0,5,0.0,0.0
Iris,SM,1,B3,26,6,6,0,26->27->24->15->7->6,26->27->24->15->7->6,4.960932,inf,0.0,160,160,4.960932,5.175983,13.946694,5.175983,0.0,0.0,0.0,0,160,0.5,0.5,0.0,5,0.0,0.0
Iris,SM,1,B3,27,6,6,0,27->24->15->7->6,27->24->15->7->6,4.675743,inf,0.0,193,193,4.675743,5.175983,13.661506,5.175983,0.0,0.0,0.0,0,193,0.5,0.5,0.0,5,0.0,0.0
Iris,SM,1,B3,28,6,6,0,28->29->24->15->7->6,28->29->24->15->7->6,5.568087,inf,0.0,197,197,5.568087,5.175983,14.553849,5.175983,0.0,0.0,0.0,0,197.0,0.5,0.5,0.0,5,0.0,0.0
Iris,SM,1,B3,29,6,2,1,29->24->15->7->6,29->26->27->14->35->36->1->2,5.170417,inf,0.0,203,203,3.85173,7.507508,15.169017,7.507508,0.0,0.0,0.0,0,203.0,0.5,0.5,0.0,5,0.0,0.0
Iris,SM,1,B3,30,6,6,0,30->33->34->1->2->7->6,30->33->34->1->2->7->6,6.068207,inf,0.0,222,222,6.068207,5.175983,15.05397,5.175983,0.0,0.0,0.0,0,222.0,0.5,0.5,0.0,5,0.0,0.0
Iris,SM,1,B3,31,6,3,1,31->28->29->24->15->7->6,31->30->33->34->1->4->3,6.377926,inf,0.0,146,146,3.903209,3.617945,11.330933,3.617945,0.0,0.0,0.0,0,146,0.5,0.5,0.0,5,0.0,0.0
Iris,SM,1,B3,32,6,6,0,32->34->1->2->7->6,32->34->1->2->7->6,4.773404,inf,0.0,188,188,4.773404,5.175983,13.759166,5.175983,0.0,0.0,0.0,0,188,0.5,0.5,0.0,5,0.0,0.0
Iris,SM,1,B3,33,5,1,1,33->34->1->2->7->8->5,33->34->1,5.151937,inf,0.0,231,231,2.476505,9.940358,16.226642,9.940358,0.0,0.0,0.0,0,231.0,0.5,0.5,0.0,5,0.0,0.0
Iris,SM,1,B3,34,5,5,0,34->1->2->7->8->5,34->1->2->7->8->5,3.708604,inf,0.0,164,164,3.708604,5.045409,12.563792,5.045409,0.0,0.0,0.0,0,164.0,0.5,0.5,0.0,5,0.0,0.0
Iris,SM,1,B3,35,5,5,0,35->36->1->2->7->8->5,35->36->1->2->7->8->5,3.707952,inf,0.0,178,178,3.707952,5.045409,12.56314,5.045409,0.0,0.0,0.0,0,178,0.5,0.5,0.0,5,0.0,0.0
Iris,SM,1,B3,36,5,5,0,36->1->2->7->8->5,36->1->2->7->8->5,3.466923,inf,0.0,189,189,3.466923,5.045409,12.322111,5.045409,0.0,0.0,0.0,0,189,0.5,0.5,0.0,5,0.0,0.0
Iris,SM,1,B3,37,5,5,0,37->1->2->7->8->5,37->1->2->7->8->5,3.135453,inf,0.0,142,142,3.135453,5.045409,11.990641,5.045409,0.0,0.0,0.0,0,142,0.5,0.5,0.0,5,0.0,0.0
Iris,SM,1,B3,38,5,5,0,38->30->33->34->1->2->7->8->5,38->30->33->34->1->2->7->8->5,6.077434,inf,0.0,202,202,6.077434,5.045409,14.932621,5.045409,0.0,0.0,0.0,0,202,0.5,0.5,0.0,5,0.0,0.0
Iris,SM,1,B3,39,5,2,1,39->33->34->1->2->7->8->5,39->33->34->1->2,5.379162,inf,0.0,229,229,3.697957,7.507508,15.015244,7.507508,0.0,0.0,0.0,0,229,0.5,0.5,0.0,5,0.0,0.0
Iris,SM,1,B3,40,5,5,0,40->39->33->34->1->2->7->8->5,40->39->33->34->1->2->7->8->5,5.51333,inf,0.0,109,109,5.51333,5.045409,14.368517,5.045409,0.0,0.0,0.0,0,109,0.5,0.5,0.0,5,0.0,0.0
Iris,SM,1,B3,41,4,4,0,41->40->39->33->34->1->4,41->40->39->33->34->1->4,3.340296,inf,0.0,127,127,3.340296,3.399048,10.549123,3.399048,0.0,0.0,0.0,0,127,0.5,0.5,0.0,5,0.0,0.0
Iris,SM,1,B3,42,4,1,1,42->3->4,42->3->4->1,0.643068,inf,0.0,245,245,1.020325,9.940358,14.770462,9.940358,0.0,0.0,0.0,0,245,0.5,0.5,0.0,5,0.0,0.0
Iris,SM,1,B3,43,4,4,0,43->3->4,43->3->4,0.662826,inf,0.0,183,183,0.662826,3.399048,7.871653,3.399048,0.0,0.0,0.0,0,183,0.5,0.5,0.0,5,0.0,0.0
Iris,SM,1,B3,44,4,4,0,44->50->49->48->33->34->1->4,44->50->49->48->33->34->1->4,4.390952,inf,0.0,215,215,4.390952,3.399048,11.599779,3.399048,0.0,0.0,0.0,0,215,0.5,0.5,0.0,5,0.0,0.0
Iris,SM,1,B3,45,4,3,1,45->46->47->48->33->34->1->4,45->46->47->48->33->34->1->4->3,4.310371,inf,0.0,121,121,4.606958,3.617945,12.034682,3.617945,0.0,0.0,0.0,0,121,0.5,0.5,0.0,5,0.0,0.0
Iris,SM,1,B3,46,4,2,1,46->47->48->33->34->1->4,46->47->48->33->34->1->2,3.794999,inf,0.0,188,188,4.411968,7.507508,15.729255,7.507508,0.0,0.0,0.0,0,188,0.5,0.5,0.0,5,0.0,0.0
Iris,SM,1,B3,47,4,4,0,47->48->33->34->1->4,47->48->33->34->1->4,3.589011,inf,0.0,222,222,3.589011,3.399048,10.797839,3.399048,0.0,0.0,0.0,0,222,0.5,0.5,0.0,5,0.0,0.0
Iris,SM,1,B3,48,4,4,0,48->33->34->1->4,48->33->34->1->4,3.210025,inf,0.0,171,171,3.210025,3.399048,10.418852,3.399048,0.0,0.0,0.0,0,171.0,0.5,0.5,0.0,5,0.0,0.0
Iris,SM,1,B3,49,3,7,1,49->48->33->34->1->4->3,49->48->33->34->1->2->7,3.761835,9.011706,0.0,171,171,4.712485,6.613757,15.13602,6.613757,6.124315,0.0,0.0,0,171,0.5,0.5,0.0,5,0.0,0.0
Iris,SM,1,B3,50,3,3,0,50->49->48->33->34->1->4->3,50->49->48->33->34->1->4->3,4.104148,9.354019,0.0,193,193,4.104148,3.617945,11.531872,3.617945,0.0,0.0,0.0,0,193,0.5,0.5,0.0,5,0.0,0.0
Iris,SM,1,B3,51,3,3,0,51->3,51->3,0.347091,5.596962,0.0,195,195,0.347091,3.617945,7.774815,3.617945,0.0,0.0,0.0,0,195,0.5,0.5,0.0,5,0.0,0.0
Iris,SM,1,MCF_ARC,1,1,1,0,1,1,0.0,4.652523,0.0,191,191,0.0,1.397615,5.205258,1.395479,0.0,0.0,0.0,0,191.0,0.5,0.5,0.0,5,0.0,0.0
Iris,SM,1,MCF_ARC,2,2,2,0,2,2,0.0,4.670957,0.0,194,194,0.0,11.770066,13.499701,9.689922,0.0,0.0,0.0,0,194,0.5,0.5,0.0,5,0.0,0.0
Iris,SM,1,MCF_ARC,3,3,3,0,3,3,0.0,5.249871,0.0,165,165,0.0,3.376626,7.183598,3.373819,0.0,0.0,0.0,0,165,0.5,0.5,0.0,5,0.0,0.0
Iris,SM,1,MCF_ARC,4,4,4,0,4,4,0.0,inf,0.0,143,143,0.0,8.819259,11.045669,7.23589,0.0,0.0,0.0,0,143.0,0.5,0.5,0.0,5,0.0,0.0
Iris,SM,1,MCF_ARC,5,5,5,0,5,5,0.0,inf,0.0,173,173,0.0,13.287624,15.546868,11.737089,0.0,0.0,0.0,0,173,0.5,0.5,0.0,5,0.0,0.0
Iris,SM,1,MCF_ARC,6,6,6,0,6,6,0.0,inf,0.0,202,202,0.0,13.962095,16.763147,12.953368,0.0,0.0,0.0,0,202,0.5,0.5,0.0,5,0.0,0.0
Iris,SM,1,MCF_ARC,7,7,7,0,7,7,0.0,inf,0.0,178,178,0.0,14.29933,17.470981,13.661202,0.0,0.0,0.0,0,178,0.5,0.5,0.0,5,0.0,0.0
Iris,SM,1,MCF_ARC,8,8,8,0,8,8,0.0,inf,0.0,217,217,0.0,14.29933,17.470981,13.661202,0.0,0.0,0.0,0,217,0.5,0.5,0.0,5,0.0,0.0
Iris,SM,1,MCF_ARC,9,8,8,0,9->6->5->8,9->6->5->8,1.295322,inf,0.0,177,177,1.295322,14.29933,18.766303,13.661202,0.0,0.0,0.0,0,177,0.5,0.5,0.0,5,0.0,0.0
Iris,SM,1,MCF_ARC,10,8,7,1,10->1->2->7->8,10->1->2->7,2.980337,inf,0.0,140,140,2.350464,14.29933,19.821445,13.661202,0.0,0.0,0.0,0,140,0.5,0.5,0.0,5,0.0,0.0
Iris,SM,1,MCF_ARC,11,8,8,0,11->30->33->34->1->2->7->8,11->30->33->34->1->2->7->8,6.469193,inf,0.0,193,193,6.469193,14.29933,23.940174,13.661202,0.0,0.0,0.0,0,193,0.5,0.5,0.0,5,0.0,0.0
Iris,SM,1,MCF_ARC,12,8,2,1,12->21->20->19->15->7->8,12->21->20->19->15->7->2,3.375342,inf,0.0,207,207,3.375737,11.770066,16.875439,9.689922,0.0,0.0,0.0,0,207,0.5,0.5,0.0,5,0.0,0.0
Iris,SM,1,MCF_ARC,13,8,8,0,13->12->21->20->19->15->7->8,13->12->21->20->19->15->7->8,3.636617,inf,0.0,169,169,3.636617,14.29933,21.107598,13.661202,0.0,0.0,0.0,0,169,0.5,0.5,0.0,5,0.0,0.0
Iris,SM,1,MCF_ARC,14,8,2,1,14->34->1->2->7->8,14->35->36->1->2,3.891701,inf,0.0,206,206,2.452542,11.770066,15.952244,9.689922,0.0,0.0,0.0,0,206,0.5,0.5,0.0,5,0.0,0.0
Iris,SM,1,MCF_ARC,15,8,7,1,15->7->8,15->7,2.248034,inf,0.0,129,129,1.618161,14.29933,19.089142,13.661202,0.0,0.0,0.0,0,129,0.5,0.5,0.0,5,0.0,0.0
Iris,SM,1,MCF_ARC,16,8,2,1,16->15->7->8,16->17->37->1->2,2.616942,inf,0.0,206,206,2.270054,11.770066,15.769755,9.689922,0.0,0.0,0.0,0,206,0.5,0.5,0.0,5,0.0,0.0
Iris,SM,1,MCF_ARC,17,7,7,0,17->16->15->7,17->16->15->7,2.409729,inf,0.0,114,114,2.409729,14.29933,19.88071,13.661202,0.0,0.0,0.0,0,114,0.5,0.5,0.0,5,0.0,0.0
Iris,SM,1,MCF_ARC,18,7,7,0,18->17->37->1->2->7,18->17->16->15->7,2.761151,inf,0.0,170,170,2.693217,14.29933,20.164198,13.661202,0.0,0.0,0.0,0,170,0.5,0.5,0.0,5,0.0,0.0
Iris,SM,1,MCF_ARC,19,7,7,0,19->15->7,19->15->7,1.851072,inf,0.0,193,193,1.851072,14.29933,19.322053,13.661202,0.0,0.0,0.0,0,193,0.5,0.5,0.0,5,0.0,0.0
Iris,SM,1,MCF_ARC,20,7,2,1,20->19->15->7,20->19->15->7->2,2.024382,inf,0.0,226,226,2.65465,11.770066,16.154351,9.689922,0.0,0.0,0.0,0,226,0.5,0.5,0.0,5,0.0,0.0
Iris,SM,1,MCF_ARC,21,7,2,1,21->20->19->15->7,21->20->19->15->7->2,2.224013,inf,0.0,213,213,2.854281,11.770066,16.353983,9.689922,0.0,0.0,0.0,0,213,0.5,0.5,0.0,5,0.0,0.0
Iris,SM,1,MCF_ARC,22,7,7,0,22->23->11->30->33->34->1->2->7,22->23->11->30->33->34->1->2->7,6.733951,inf,0.0,198,198,6.733951,14.29933,24.204932,13.661202,0.0,0.0,0.0,0,198,0.5,0.5,0.0,5,0.0,0.0
Iris,SM,1,MCF_ARC,23,7,1,1,23->11->30->33->34->1->2->7,23->11->30->33->34->1,6.093097,inf,0.0,239,239,4.468602,1.397615,9.673859,1.395479,0.0,0.0,0.0,0,239,0.5,0.5,0.0,5,0.0,0.0
Iris,SM,1,MCF_ARC,24,6,6,0,24->15->7->6,24->15->7->6,4.300197,inf,0.0,177,177,4.300197,13.962095,21.063343,12.953368,0.0,0.0,0.0,0,177,0.5,0.5,0.0,5,0.0,0.0
Iris,SM,1,MCF_ARC,25,7,7,0,25->24->15->7,25->24->15->7,3.113534,inf,0.0,160,160,3.113534,14.29933,20.584516,13.661202,0.0,0.0,0.0,0,160,0.5,0.5,0.0,5,0.0,0.0
Iris,SM,1,MCF_ARC,26,6,6,0,26->27->24->15->7->6,26->27->24->15->7->6,4.960932,inf,0.0,160,160,4.960932,13.962095,21.724079,12.953368,0.0,0.0,0.0,0,160,0.5,0.5,0.0,5,0.0,0.0
Iris,SM,1,MCF_ARC,27,6,6,0,27->24->15->7->6,27->24->15->7->6,4.675743,inf,0.0,193,193,4.675743,13.962095,21.43889,12.953368,0.0,0.0,0.0,0,193,0.5,0.5,0.0,5,0.0,0.0
Iris,SM,1,MCF_ARC,28,6,6,0,28->29->24->15->7->6,28->29->24->15->7->6,5.568087,inf,0.0,197,197,5.568087,13.962095,22.331234,12.953368,0.0,0.0,0.0,0,197.0,0.5,0.5,0.0,5,0.0,0.0
Iris,SM,1,MCF_ARC,29,6,6,0,29->24->15->7->6,29->24->15->7->6,5.170417,inf,0.0,203,203,5.170417,13.962095,21.933564,12.953368,0.0,0.0,0.0,0,203.0,0.5,0.5,0.0,5,0.0,0.0
Iris,SM,1,MCF_ARC,30,6,5,1,30->33->34->1->2->7->6,30->33->34->1->2->7->8->5,6.068207,inf,0.0,222,222,5.655193,13.287624,21.202061,11.737089,0.0,0.0,0.0,0,222.0,0.5,0.5,0.0,5,0.0,0.0
Iris,SM,1,MCF_ARC,31,6,6,0,31->28->29->24->15->7->6,31->30->33->34->1->2->7->6,6.377926,inf,0.0,146,146,6.31781,13.962095,23.080956,12.953368,0.0,0.0,0.0,0,146,0.5,0.5,0.0,5,0.0,0.0
Iris,SM,1,MCF_ARC,32,6,8,1,32->34->1->2->7->6,32->34->1->2->7->8,4.773404,inf,0.0,188,188,3.939325,14.29933,21.410306,13.661202,0.0,0.0,0.0,0,188,0.5,0.5,0.0,5,0.0,0.0
Iris,SM,1,MCF_ARC,33,5,1,1,33->34->1->2->7->8->5,33->34->1,5.151937,inf,0.0,231,231,2.476505,1.397615,7.681763,1.395479,0.0,0.0,0.0,0,231.0,0.5,0.5,0.0,5,0.0,0.0
Iris,SM,1,MCF_ARC,34,5,5,0,34->1->2->7->8->5,34->1->2->7->8->5,3.708604,inf,0.0,164,164,3.708604,13.287624,19.255472,11.737089,0.0,0.0,0.0,0,164.0,0.5,0.5,0.0,5,0.0,0.0
Iris,SM,1,MCF_ARC,35,5,5,0,35->36->1->2->7->8->5,35->36->1->2->7->8->5,3.707952,inf,0.0,178,178,3.707952,13.287624,19.25482,11.737089,0.0,0.0,0.0,0,178,0.5,0.5,0.0,5,0.0,0.0
Iris,SM,1,MCF_ARC,36,5,5,0,36->1->2->7->8->5,36->1->2->7->8->5,3.466923,inf,0.0,189,189,3.466923,13.287624,19.013791,11.737089,0.0,0.0,0.0,0,189,0.5,0.5,0.0,5,0.0,0.0
Iris,SM,1,MCF_ARC,37,5,5,0,37->1->2->7->8->5,37->1->2->7->8->5,3.135453,inf,0.0,142,142,3.135453,13.287624,18.682321,11.737089,0.0,0.0,0.0,0,142,0.5,0.5,0.0,5,0.0,0.0
Iris,SM,1,MCF_ARC,38,5,5,0,38->30->33->34->1->2->7->8->5,38->30->33->34->1->2->7->8->5,6.077434,inf,0.0,202,202,6.077434,13.287624,21.624302,11.737089,0.0,0.0,0.0,0,202,0.5,0.5,0.0,5,0.0,0.0
Iris,SM,1,MCF_ARC,39,5,8,1,39->33->34->1->2->7->8->5,39->33->34->1->2->7->8,5.379162,inf,0.0,229,229,4.958098,14.29933,22.429079,13.661202,0.0,0.0,0.0,0,229,0.5,0.5,0.0,5,0.0,0.0
Iris,SM,1,MCF_ARC,40,5,8,1,40->39->33->34->1->2->7->8->5,40->39->33->34->1->2->7->8,5.51333,inf,0.0,109,109,5.092265,14.29933,22.563247,13.661202,0.0,0.0,0.0,0,109,0.5,0.5,0.0,5,0.0,0.0
Iris,SM,1,MCF_ARC,41,4,4,0,41->40->39->33->34->1->4,41->40->39->33->34->1->4,3.340296,inf,0.0,127,127,3.340296,8.819259,14.385965,7.23589,0.0,0.0,0.0,0,127,0.5,0.5,0.0,5,0.0,0.0
Iris,SM,1,MCF_ARC,42,4,4,0,42->3->4,42->51->3->4,0.643068,inf,0.0,245,245,0.964136,8.819259,12.009805,7.23589,0.0,0.0,0.0,0,245,0.5,0.5,0.0,5,0.0,0.0
Iris,SM,1,MCF_ARC,43,4,3,1,43->3->4,43->3,0.662826,inf,0.0,183,183,0.366238,3.376626,7.549837,3.373819,0.0,0.0,0.0,0,183,0.5,0.5,0.0,5,0.0,0.0
Iris,SM,1,MCF_ARC,44,4,3,1,44->50->49->48->33->34->1->4,44->50->49->48->33->34->1->4->3,4.390952,inf,0.0,215,215,4.687539,3.376626,11.871137,3.373819,0.0,0.0,0.0,0,215,0.5,0.5,0.0,5,0.0,0.0
Iris,SM,1,MCF_ARC,45,4,4,0,45->46->47->48->33->34->1->4,45->46->47->48->33->34->1->4,4.310371,inf,0.0,121,121,4.310371,8.819259,15.35604,7.23589,0.0,0.0,0.0,0,121,0.5,0.5,0.0,5,0.0,0.0
Iris,SM,1,MCF_ARC,46,4,4,0,46->47->48->33->34->1->4,46->47->48->33->34->1->4,3.794999,inf,0.0,188,188,3.794999,8.819259,14.840668,7.23589,0.0,0.0,0.0,0,188,0.5,0.5,0.0,5,0.0,0.0
Iris,SM,1,MCF_ARC,47,4,4,0,47->48->33->34->1->4,47->48->33->34->1->4,3.589011,inf,0.0,222,222,3.589011,8.819259,14.63468,7.23589,0.0,0.0,0.0,0,222,0.5,0.5,0.0,5,0.0,0.0
Iris,SM,1,MCF_ARC,48,4,4,0,48->33->34->1->4,48->33->34->1->4,3.210025,inf,0.0,171,171,3.210025,8.819259,14.255694,7.23589,0.0,0.0,0.0,0,171.0,0.5,0.5,0.0,5,0.0,0.0
Iris,SM,1,MCF_ARC,49,3,3,0,49->48->33->34->1->4->3,49->48->33->34->1->4->3,3.761835,9.011706,0.0,171,171,3.761835,3.376626,10.945433,3.373819,0.0,0.0,0.0,0,171,0.5,0.5,0.0,5,0.0,0.0
Iris,SM,1,MCF_ARC,50,3,3,0,50->49->48->33->34->1->4->3,50->49->48->33->34->1->4->3,4.104148,9.354019,0.0,193,193,4.104148,3.376626,11.287746,3.373819,0.0,0.0,0.0,0,193,0.5,0.5,0.0,5,0.0,0.0
Iris,SM,1,MCF_ARC,51,3,3,0,51->3,51->3,0.347091,5.596962,0.0,195,195,0.347091,3.376626,7.530689,3.373819,0.0,0.0,0.0,0,195,0.5,0.5,0.0,5,0.0,0.0
Iris,SM,2,B1,1,1,1,0,1,,0.0,4.659685,0.0,185,185,0.0,0.849907,4.659685,0.849907,0.0,0.0,0.0,0,185.0,0.5,0.5,0.0,5,0.0,0.0
Iris,SM,2,B1,2,2,2,0,2,,0.0,4.6071,0.0,153,153,0.0,81.967213,85.776992,81.967213,0.0,0.0,0.0,0,153,0.5,0.5,0.0,5,0.0,0.0
Iris,SM,2,B1,3,3,3,0,3,,0.0,5.079459,0.0,218,218,0.0,2.691066,6.500845,2.691066,0.0,0.0,0.0,0,218,0.5,0.5,0.0,5,0.0,0.0
Iris,SM,2,B1,4,4,3,1,4,,0.0,inf,0.0,177,177,0.296587,2.691066,6.797432,2.691066,0.0,0.0,0.0,0,177.0,0.5,0.5,0.0,5,0.0,0.0
Iris,SM,2,B1,5,5,5,0,5,,0.0,inf,0.0,202,202,0.0,151.515152,155.32493,151.515152,0.0,0.0,0.0,0,202,0.5,0.5,0.0,5,0.0,0.0
Iris,SM,2,B1,6,6,6,0,6,,0.0,inf,0.0,161,161,0.0,454.545455,458.355234,454.545455,0.0,0.0,0.0,0,161,0.5,0.5,0.0,5,0.0,0.0
Iris,SM,2,B1,7,7,7,0,7,,0.0,inf,0.0,157,157,0.0,625.0,628.809779,625.0,0.0,0.0,0.0,0,157,0.5,0.5,0.0,5,0.0,0.0
Iris,SM,2,B1,8,8,8,0,8,,0.0,inf,0.0,178,178,0.0,32.679739,36.489518,32.679739,0.0,0.0,0.0,0,178,0.5,0.5,0.0,5,0.0,0.0
Iris,SM,2,B1,9,8,8,0,9->6->5->8,,1.295322,inf,0.0,161,161,1.295322,32.679739,37.784839,32.679739,0.0,0.0,0.0,0,161,0.5,0.5,0.0,5,0.0,0.0
Iris,SM,2,B1,10,8,7,1,10->1->2->7->8,,2.980337,inf,0.0,166,166,2.350464,625.0,631.160243,625.0,0.0,0.0,0.0,0,166,0.5,0.5,0.0,5,0.0,0.0
Iris,SM,2,B1,11,8,2,1,11->30->33->34->1->2->7->8,,6.469193,inf,0.0,243,243,5.209053,81.967213,90.986045,81.967213,0.0,0.0,0.0,0,243,0.5,0.5,0.0,5,0.0,0.0
Iris,SM,2,B1,12,8,8,0,12->21->20->19->15->7->8,,3.375342,inf,0.0,180,180,3.375342,32.679739,39.864859,32.679739,0.0,0.0,0.0,0,180,0.5,0.5,0.0,5,0.0,0.0
Iris,SM,2,B1,13,8,7,1,13->12->21->20->19->15->7->8,,3.636617,inf,0.0,166,166,3.006744,625.0,631.816523,625.0,0.0,0.0,0.0,0,166,0.5,0.5,0.0,5,0.0,0.0
Iris,SM,2,B1,14,8,8,0,14->34->1->2->7->8,,3.891701,inf,0.0,175,175,3.712682,32.679739,40.2022,32.679739,0.0,0.0,0.0,0,175,0.5,0.5,0.0,5,0.0,0.0
Iris,SM,2,B1,15,8,8,0,15->7->8,,2.248034,inf,0.0,197,197,2.248034,32.679739,38.737551,32.679739,0.0,0.0,0.0,0,197,0.5,0.5,0.0,5,0.0,0.0
Iris,SM,2,B1,16,8,8,0,16->15->7->8,,2.616942,inf,0.0,218,218,2.616942,32.679739,39.10646,32.679739,0.0,0.0,0.0,0,218,0.5,0.5,0.0,5,0.0,0.0
Iris,SM,2,B1,17,7,7,0,17->16->15->7,,2.409729,inf,0.0,166,166,2.409729,625.0,631.219507,625.0,0.0,0.0,0.0,0,166,0.5,0.5,0.0,5,0.0,0.0
Iris,SM,2,B1,18,7,2,1,18->17->16->15->7,,2.693217,inf,0.0,209,209,2.130883,81.967213,87.907875,81.967213,0.0,0.0,0.0,0,209,0.5,0.5,0.0,5,0.0,0.0
Iris,SM,2,B1,19,7,7,0,19->15->7,,1.851072,inf,0.0,154,154,1.851072,625.0,630.660851,625.0,0.0,0.0,0.0,0,154,0.5,0.5,0.0,5,0.0,0.0
Iris,SM,2,B1,20,7,2,1,20->19->15->7,,2.024382,inf,0.0,245,245,2.65465,81.967213,88.431642,81.967213,0.0,0.0,0.0,0,245,0.5,0.5,0.0,5,0.0,0.0
Iris,SM,2,B1,21,7,7,0,21->20->19->15->7,,2.224013,inf,0.0,130,130,2.224013,625.0,631.033792,625.0,0.0,0.0,0.0,0,130,0.5,0.5,0.0,5,0.0,0.0
Iris,SM,2,B1,22,7,2,1,22->23->11->30->33->34->1->2->7,,6.733951,inf,0.0,174,174,6.103683,81.967213,91.880675,81.967213,0.0,0.0,0.0,0,174,0.5,0.5,0.0,5,0.0,0.0
Iris,SM,2,B1,23,7,2,1,23->11->30->33->34->1->2->7,,6.093097,inf,0.0,152,152,5.462829,81.967213,91.239821,81.967213,0.0,0.0,0.0,0,152,0.5,0.5,0.0,5,0.0,0.0
Iris,SM,2,B1,24,7,7,0,24->15->7,,2.836246,inf,0.0,159,159,2.836246,625.0,631.646025,625.0,0.0,0.0,0.0,0,159,0.5,0.5,0.0,5,0.0,0.0
Iris,SM,2,B1,25,6,6,0,25->24->15->7->6,,4.577485,inf,0.0,167,167,4.577485,454.545455,462.932719,454.545455,0.0,0.0,0.0,0,167,0.5,0.5,0.0,5,0.0,0.0
Iris,SM,2,B1,26,6,6,0,26->27->24->15->7->6,,4.960932,inf,0.0,160,160,4.960932,454.545455,463.316166,454.545455,0.0,0.0,0.0,0,160,0.5,0.5,0.0,5,0.0,0.0
Iris,SM,2,B1,27,6,6,0,27->24->15->7->6,,4.675743,inf,0.0,180,180,4.675743,454.545455,463.030977,454.545455,0.0,0.0,0.0,0,180,0.5,0.5,0.0,5,0.0,0.0
Iris,SM,2,B1,28,6,5,1,28->29->24->15->7->6,,5.568087,inf,0.0,197,197,5.155073,151.515152,160.480003,151.515152,0.0,0.0,0.0,0,197.0,0.5,0.5,0.0,5,0.0,0.0
Iris,SM,2,B1,29,7,7,0,29->24->15->7,,3.706467,inf,0.0,122,122,3.706467,625.0,632.516246,625.0,0.0,0.0,0.0,0,122.0,0.5,0.5,0.0,5,0.0,0.0
Iris,SM,2,B1,30,6,2,1,30->33->34->1->2->7->6,,6.068207,inf,0.0,219,219,3.973989,81.967213,89.750981,81.967213,0.0,0.0,0.0,0,219.0,0.5,0.5,0.0,5,0.0,0.0
Iris,SM,2,B1,31,6,6,0,31->30->33->34->1->2->7->6,,6.31781,inf,0.0,183,183,6.31781,454.545455,464.673043,454.545455,0.0,0.0,0.0,0,183,0.5,0.5,0.0,5,0.0,0.0
Iris,SM,2,B1,32,6,6,0,32->34->1->2->7->6,,4.773404,inf,0.0,171,171,4.773404,454.545455,463.128637,454.545455,0.0,0.0,0.0,0,171,0.5,0.5,0.0,5,0.0,0.0
Iris,SM,2,B1,33,6,6,0,33->34->1->2->7->6,,5.564951,inf,0.0,166,166,5.564951,454.545455,463.920184,454.545455,0.0,0.0,0.0,0,166.0,0.5,0.5,0.0,5,0.0,0.0
Iris,SM,2,B1,34,5,8,1,34->1->2->7->8->5,,3.708604,inf,0.0,222,222,3.28754,32.679739,39.777057,32.679739,0.0,0.0,0.0,0,222.0,0.5,0.5,0.0,5,0.0,0.0
Iris,SM,2,B1,35,5,5,0,35->36->1->2->7->8->5,,3.707952,inf,0.0,193,193,3.707952,151.515152,159.032882,151.515152,0.0,0.0,0.0,0,193,0.5,0.5,0.0,5,0.0,0.0
Iris,SM,2,B1,36,5,7,1,36->1->2->7->8->5,,3.466923,inf,0.0,140,140,2.415987,625.0,631.225765,625.0,0.0,0.0,0.0,0,140,0.5,0.5,0.0,5,0.0,0.0
Iris,SM,2,B1,37,5,5,0,37->1->2->7->8->5,,3.135453,inf,0.0,212,212,3.135453,151.515152,158.460384,151.515152,0.0,0.0,0.0,0,212,0.5,0.5,0.0,5,0.0,0.0
Iris,SM,2,B1,38,5,5,0,38->30->33->34->1->2->7->8->5,,6.077434,inf,0.0,193,193,6.077434,151.515152,161.402364,151.515152,0.0,0.0,0.0,0,193,0.5,0.5,0.0,5,0.0,0.0
Iris,SM,2,B1,39,5,5,0,39->33->34->1->2->7->8->5,,5.379162,inf,0.0,188,188,5.379162,151.515152,160.704092,151.515152,0.0,0.0,0.0,0,188,0.5,0.5,0.0,5,0.0,0.0
Iris,SM,2,B1,40,5,5,0,40->39->33->34->1->2->7->8->5,,5.51333,inf,0.0,170,170,5.51333,151.515152,160.83826,151.515152,0.0,0.0,0.0,0,170,0.5,0.5,0.0,5,0.0,0.0
Iris,SM,2,B1,41,4,4,0,41->40->39->33->34->1->4,,3.340296,inf,0.0,225,225,3.340296,15.197568,22.347644,15.197568,0.0,0.0,0.0,0,225,0.5,0.5,0.0,5,0.0,0.0
Iris,SM,2,B1,42,4,3,1,42->3->4,,0.643068,inf,0.0,239,239,0.346481,2.691066,6.847325,2.691066,0.0,0.0,0.0,0,239,0.5,0.5,0.0,5,0.0,0.0
Iris,SM,2,B1,43,5,6,1,43->3->4->1->2->7->8->5,,3.715515,inf,0.0,181,181,4.128529,454.545455,462.483762,454.545455,0.0,0.0,0.0,0,181,0.5,0.5,0.0,5,0.0,0.0
Iris,SM,2,B1,44,4,4,0,44->50->49->48->33->34->1->4,,4.390952,inf,0.0,208,208,4.390952,15.197568,23.398299,15.197568,0.0,0.0,0.0,0,208,0.5,0.5,0.0,5,0.0,0.0
Iris,SM,2,B1,45,4,4,0,45->46->47->48->33->34->1->4,,4.310371,inf,0.0,222,222,4.310371,15.197568,23.317718,15.197568,0.0,0.0,0.0,0,222,0.5,0.5,0.0,5,0.0,0.0
Iris,SM,2,B1,46,4,4,0,46->47->48->33->34->1->4,,3.794999,inf,0.0,176,176,3.794999,15.197568,22.802346,15.197568,0.0,0.0,0.0,0,176,0.5,0.5,0.0,5,0.0,0.0
Iris,SM,2,B1,47,4,4,0,47->48->33->34->1->4,,3.589011,inf,0.0,168,168,3.589011,15.197568,22.596359,15.197568,0.0,0.0,0.0,0,168,0.5,0.5,0.0,5,0.0,0.0
Iris,SM,2,B1,48,4,4,0,48->33->34->1->4,,3.210025,inf,0.0,208,208,3.210025,15.197568,22.217373,15.197568,0.0,0.0,0.0,0,208.0,0.5,0.5,0.0,5,0.0,0.0
Iris,SM,2,B1,49,4,4,0,49->48->33->34->1->4,,3.465247,inf,0.0,220,220,3.465247,15.197568,22.472595,15.197568,0.0,0.0,0.0,0,220,0.5,0.5,0.0,5,0.0,0.0
Iris,SM,2,B1,50,3,3,0,50->49->48->33->34->1->4->3,,4.104148,9.183607,0.0,176,176,4.104148,2.691066,10.604993,2.691066,0.0,0.0,0.0,0,176,0.5,0.5,0.0,5,0.0,0.0
Iris,SM,2,B1,51,3,3,0,51->3,,0.347091,5.42655,0.0,180,180,0.347091,2.691066,6.847935,2.691066,0.0,0.0,0.0,0,180,0.5,0.5,0.0,5,0.0,0.0
Iris,SM,2,B3,1,1,1,0,1,1,0.0,4.659685,0.0,185,185,0.0,4.985045,8.794824,4.985045,0.0,0.0,0.0,0,185.0,0.5,0.5,0.0,5,0.0,0.0
Iris,SM,2,B3,2,2,2,0,2,2,0.0,4.6071,0.0,153,153,0.0,5.428882,9.238661,5.428882,0.0,0.0,0.0,0,153,0.5,0.5,0.0,5,0.0,0.0
Iris,SM,2,B3,3,3,3,0,3,3,0.0,5.079459,0.0,218,218,0.0,6.345178,10.154957,6.345178,0.0,0.0,0.0,0,218,0.5,0.5,0.0,5,0.0,0.0
Iris,SM,2,B3,4,4,4,0,4,4,0.0,inf,0.0,177,177,0.0,4.187605,7.997384,4.187605,0.0,0.0,0.0,0,177.0,0.5,0.5,0.0,5,0.0,0.0
Iris,SM,2,B3,5,5,5,0,5,5,0.0,inf,0.0,202,202,0.0,4.262575,8.072354,4.262575,0.0,0.0,0.0,0,202,0.5,0.5,0.0,5,0.0,0.0
Iris,SM,2,B3,6,6,6,0,6,6,0.0,inf,0.0,161,161,0.0,4.625347,8.435126,4.625347,0.0,0.0,0.0,0,161,0.5,0.5,0.0,5,0.0,0.0
Iris,SM,2,B3,7,7,7,0,7,7,0.0,inf,0.0,157,157,0.0,4.659832,8.469611,4.659832,0.0,0.0,0.0,0,157,0.5,0.5,0.0,5,0.0,0.0
Iris,SM,2,B3,8,8,8,0,8,8,0.0,inf,0.0,178,178,0.0,4.533092,8.342871,4.533092,0.0,0.0,0.0,0,178,0.5,0.5,0.0,5,0.0,0.0
Iris,SM,2,B3,9,8,8,0,9->6->5->8,9->6->5->8,1.295322,inf,0.0,161,161,1.295322,4.533092,9.638192,4.533092,0.0,0.0,0.0,0,161,0.5,0.5,0.0,5,0.0,0.0
Iris,SM,2,B3,10,8,8,0,10->1->2->7->8,10->1->2->7->8,2.980337,inf,0.0,166,166,2.980337,4.533092,11.323207,4.533092,0.0,0.0,0.0,0,166,0.5,0.5,0.0,5,0.0,0.0
Iris,SM,2,B3,11,8,8,0,11->30->33->34->1->2->7->8,11->30->33->34->1->2->7->8,6.469193,inf,0.0,243,243,6.469193,4.533092,14.812063,4.533092,0.0,0.0,0.0,0,243,0.5,0.5,0.0,5,0.0,0.0
Iris,SM,2,B3,12,8,3,1,12->21->20->19->15->7->8,12->21->20->19->15->16->17->37->1->4->3,3.375342,inf,0.0,180,180,3.445888,6.345178,13.600845,6.345178,0.0,0.0,0.0,0,180,0.5,0.5,0.0,5,0.0,0.0
Iris,SM,2,B3,13,8,1,1,13->12->21->20->19->15->7->8,13->12->21->20->19->15->16->17->37->1,3.636617,inf,0.0,166,166,3.033318,4.985045,11.828142,4.985045,0.0,0.0,0.0,0,166,0.5,0.5,0.0,5,0.0,0.0
Iris,SM,2,B3,14,8,8,0,14->34->1->2->7->8,14->35->36->1->2->7->8,3.891701,inf,0.0,175,175,3.712682,4.533092,12.055553,4.533092,0.0,0.0,0.0,0,175,0.5,0.5,0.0,5,0.0,0.0
Iris,SM,2,B3,15,8,2,1,15->7->8,15->7->2,2.248034,inf,0.0,197,197,2.248429,5.428882,11.48709,5.428882,0.0,0.0,0.0,0,197,0.5,0.5,0.0,5,0.0,0.0
Iris,SM,2,B3,16,8,8,0,16->15->7->8,16->15->7->8,2.616942,inf,0.0,218,218,2.616942,4.533092,10.959813,4.533092,0.0,0.0,0.0,0,218,0.5,0.5,0.0,5,0.0,0.0
Iris,SM,2,B3,17,7,7,0,17->16->15->7,17->16->15->7,2.409729,inf,0.0,166,166,2.409729,4.659832,10.87934,4.659832,0.0,0.0,0.0,0,166,0.5,0.5,0.0,5,0.0,0.0
Iris,SM,2,B3,18,7,7,0,18->17->16->15->7,18->17->16->15->7,2.693217,inf,0.0,209,209,2.693217,4.659832,11.162828,4.659832,0.0,0.0,0.0,0,209,0.5,0.5,0.0,5,0.0,0.0
Iris,SM,2,B3,19,7,1,1,19->15->7,19->15->16->17->37->1,1.851072,inf,0.0,154,154,1.877646,4.985045,10.67247,4.985045,0.0,0.0,0.0,0,154,0.5,0.5,0.0,5,0.0,0.0
Iris,SM,2,B3,20,7,2,1,20->19->15->7,20->19->15->7->2,2.024382,inf,0.0,245,245,2.65465,5.428882,11.89331,5.428882,0.0,0.0,0.0,0,245,0.5,0.5,0.0,5,0.0,0.0
Iris,SM,2,B3,21,7,7,0,21->20->19->15->7,21->20->19->15->7,2.224013,inf,0.0,130,130,2.224013,4.659832,10.693625,4.659832,0.0,0.0,0.0,0,130,0.5,0.5,0.0,5,0.0,0.0
Iris,SM,2,B3,22,7,7,0,22->23->11->30->33->34->1->2->7,22->23->11->30->33->34->1->2->7,6.733951,inf,0.0,174,174,6.733951,4.659832,15.203562,4.659832,0.0,0.0,0.0,0,174,0.5,0.5,0.0,5,0.0,0.0
Iris,SM,2,B3,23,7,7,0,23->11->30->33->34->1->2->7,23->11->30->33->34->1->2->7,6.093097,inf,0.0,152,152,6.093097,4.659832,14.562708,4.659832,0.0,0.0,0.0,0,152,0.5,0.5,0.0,5,0.0,0.0
Iris,SM,2,B3,24,7,7,0,24->15->7,24->15->7,2.836246,inf,0.0,159,159,2.836246,4.659832,11.305857,4.659832,0.0,0.0,0.0,0,159,0.5,0.5,0.0,5,0.0,0.0
Iris,SM,2,B3,25,6,2,1,25->24->15->7->6,25->24->15->7->2,4.577485,inf,0.0,167,167,3.743802,5.428882,12.982463,5.428882,0.0,0.0,0.0,0,167,0.5,0.5,0.0,5,0.0,0.0
Iris,SM,2,B3,26,6,3,1,26->27->24->15->7->6,26->27->14->35->36->1->4->3,4.960932,inf,0.0,160,160,3.134906,6.345178,13.289862,6.345178,0.0,0.0,0.0,0,160,0.5,0.5,0.0,5,0.0,0.0
Iris,SM,2,B3,27,6,4,1,27->24->15->7->6,27->14->35->36->1->4,4.675743,inf,0.0,180,180,2.55313,4.187605,10.550513,4.187605,0.0,0.0,0.0,0,180,0.5,0.5,0.0,5,0.0,0.0
Iris,SM,2,B3,28,6,4,1,28->29->24->15->7->6,28->29->26->27->14->35->36->1->4,5.568087,inf,0.0,197,197,3.63243,4.187605,11.629814,4.187605,0.0,0.0,0.0,0,197.0,0.5,0.5,0.0,5,0.0,0.0
Iris,SM,2,B3,29,7,3,1,29->24->15->7,29->26->27->14->35->36->1->4->3,3.706467,inf,0.0,122,122,3.531348,6.345178,13.686304,6.345178,0.0,0.0,0.0,0,122.0,0.5,0.5,0.0,5,0.0,0.0
Iris,SM,2,B3,30,6,1,1,30->33->34->1->2->7->6,30->33->34->1,6.068207,inf,0.0,219,219,2.979762,4.985045,11.774586,4.985045,0.0,0.0,0.0,0,219.0,0.5,0.5,0.0,5,0.0,0.0
Iris,SM,2,B3,31,6,4,1,31->30->33->34->1->2->7->6,31->30->33->34->1->4,6.31781,inf,0.0,183,183,3.606621,4.187605,11.604005,4.187605,0.0,0.0,0.0,0,183,0.5,0.5,0.0,5,0.0,0.0
Iris,SM,2,B3,32,6,4,1,32->34->1->2->7->6,32->34->1->4,4.773404,inf,0.0,171,171,2.062215,4.187605,10.059599,4.187605,0.0,0.0,0.0,0,171,0.5,0.5,0.0,5,0.0,0.0
Iris,SM,2,B3,33,6,4,1,33->34->1->2->7->6,33->34->1->4,5.564951,inf,0.0,166,166,2.853763,4.187605,10.851146,4.187605,0.0,0.0,0.0,0,166.0,0.5,0.5,0.0,5,0.0,0.0
Iris,SM,2,B3,34,5,2,1,34->1->2->7->8->5,34->1->2,3.708604,inf,0.0,222,222,2.0274,5.428882,11.26606,5.428882,0.0,0.0,0.0,0,222.0,0.5,0.5,0.0,5,0.0,0.0
Iris,SM,2,B3,35,5,5,0,35->36->1->2->7->8->5,35->36->1->2->7->8->5,3.707952,inf,0.0,193,193,3.707952,4.262575,11.780305,4.262575,0.0,0.0,0.0,0,193,0.5,0.5,0.0,5,0.0,0.0
Iris,SM,2,B3,36,5,3,1,36->1->2->7->8->5,36->1->4->3,3.466923,inf,0.0,140,140,1.465336,6.345178,11.620293,6.345178,0.0,0.0,0.0,0,140,0.5,0.5,0.0,5,0.0,0.0
Iris,SM,2,B3,37,5,1,1,37->1->2->7->8->5,37->1,3.135453,inf,0.0,212,212,0.460022,4.985045,9.254846,4.985045,0.0,0.0,0.0,0,212,0.5,0.5,0.0,5,0.0,0.0
Iris,SM,2,B3,38,5,5,0,38->30->33->34->1->2->7->8->5,38->30->33->34->1->2->7->8->5,6.077434,inf,0.0,193,193,6.077434,4.262575,14.149787,4.262575,0.0,0.0,0.0,0,193,0.5,0.5,0.0,5,0.0,0.0
Iris,SM,2,B3,39,5,5,0,39->33->34->1->2->7->8->5,39->33->34->1->2->7->8->5,5.379162,inf,0.0,188,188,5.379162,4.262575,13.451515,4.262575,0.0,0.0,0.0,0,188,0.5,0.5,0.0,5,0.0,0.0
Iris,SM,2,B3,40,5,5,0,40->39->33->34->1->2->7->8->5,40->39->33->34->1->2->7->8->5,5.51333,inf,0.0,170,170,5.51333,4.262575,13.585683,4.262575,0.0,0.0,0.0,0,170,0.5,0.5,0.0,5,0.0,0.0
Iris,SM,2,B3,41,4,1,1,41->40->39->33->34->1->4,41->40->39->33->34->1,3.340296,inf,0.0,225,225,2.963039,4.985045,11.757863,4.985045,0.0,0.0,0.0,0,225,0.5,0.5,0.0,5,0.0,0.0
Iris,SM,2,B3,42,4,2,1,42->3->4,42->3->4->1->2,0.643068,inf,0.0,239,239,2.014552,5.428882,11.253213,5.428882,0.0,0.0,0.0,0,239,0.5,0.5,0.0,5,0.0,0.0
Iris,SM,2,B3,43,5,5,0,43->3->4->1->2->7->8->5,43->3->4->1->2->7->8->5,3.715515,inf,0.0,181,181,3.715515,4.262575,11.787868,4.262575,0.0,0.0,0.0,0,181,0.5,0.5,0.0,5,0.0,0.0
Iris,SM,2,B3,44,4,3,1,44->50->49->48->33->34->1->4,44->50->49->48->33->34->1->4->3,4.390952,inf,0.0,208,208,4.687539,6.345178,14.842496,6.345178,0.0,0.0,0.0,0,208,0.5,0.5,0.0,5,0.0,0.0
Iris,SM,2,B3,45,4,6,1,45->46->47->48->33->34->1->4,45->46->47->48->33->34->1->2->7->6,4.310371,inf,0.0,222,222,7.021559,4.625347,15.456685,4.625347,0.0,0.0,0.0,0,222,0.5,0.5,0.0,5,0.0,0.0
Iris,SM,2,B3,46,4,6,1,46->47->48->33->34->1->4,46->47->48->33->34->1->2->7->6,3.794999,inf,0.0,176,176,6.506187,4.625347,14.941313,4.625347,0.0,0.0,0.0,0,176,0.5,0.5,0.0,5,0.0,0.0
Iris,SM,2,B3,47,4,6,1,47->48->33->34->1->4,47->48->33->34->1->2->7->6,3.589011,inf,0.0,168,168,6.300199,4.625347,14.735325,4.625347,0.0,0.0,0.0,0,168,0.5,0.5,0.0,5,0.0,0.0
Iris,SM,2,B3,48,4,6,1,48->33->34->1->4,48->33->34->1->2->7->6,3.210025,inf,0.0,208,208,5.921213,4.625347,14.356339,4.625347,0.0,0.0,0.0,0,208.0,0.5,0.5,0.0,5,0.0,0.0
Iris,SM,2,B3,49,4,6,1,49->48->33->34->1->4,49->48->33->34->1->2->7->6,3.465247,inf,0.0,220,220,6.176435,4.625347,14.611561,4.625347,0.0,0.0,0.0,0,220,0.5,0.5,0.0,5,0.0,0.0
Iris,SM,2,B3,50,3,3,0,50->49->48->33->34->1->4->3,50->49->48->33->34->1->4->3,4.104148,9.183607,0.0,176,176,4.104148,6.345178,14.259105,6.345178,0.0,0.0,0.0,0,176,0.5,0.5,0.0,5,0.0,0.0
Iris,SM,2,B3,51,3,4,1,51->3,51->3->4,0.347091,5.42655,0.0,180,180,0.643678,4.187605,8.641061,4.187605,3.214512,0.0,0.0,0,180,0.5,0.5,0.0,5,0.0,0.0
Iris,SM,2,MCF_ARC,1,1,1,0,1,1,0.0,4.659685,0.0,185,185,0.0,1.41099,5.219024,1.409245,0.0,0.0,0.0,0,185.0,0.5,0.5,0.0,5,0.0,0.0
Iris,SM,2,MCF_ARC,2,2,2,0,2,2,0.0,4.6071,0.0,153,153,0.0,13.91236,17.286868,13.477089,0.0,0.0,0.0,0,153,0.5,0.5,0.0,5,0.0,0.0
Iris,SM,2,MCF_ARC,3,3,3,0,3,3,0.0,5.079459,0.0,218,218,0.0,3.138631,6.871628,3.061849,0.0,0.0,0.0,0,218,0.5,0.5,0.0,5,0.0,0.0
Iris,SM,2,MCF_ARC,4,4,4,0,4,4,0.0,inf,0.0,177,177,0.0,10.88515,12.83505,9.025271,0.0,0.0,0.0,0,177.0,0.5,0.5,0.0,5,0.0,0.0
Iris,SM,2,MCF_ARC,5,5,5,0,5,5,0.0,inf,0.0,202,202,0.0,14.060546,17.037292,13.227513,0.0,0.0,0.0,0,202,0.5,0.5,0.0,5,0.0,0.0
Iris,SM,2,MCF_ARC,6,6,6,0,6,6,0.0,inf,0.0,161,161,0.0,7.697783,10.380081,6.570302,0.0,0.0,0.0,0,161,0.5,0.5,0.0,5,0.0,0.0
Iris,SM,2,MCF_ARC,7,7,7,0,7,7,0.0,inf,0.0,157,157,0.0,8.047245,10.584847,6.775068,0.0,0.0,0.0,0,157,0.5,0.5,0.0,5,0.0,0.0
Iris,SM,2,MCF_ARC,8,8,8,0,8,8,0.0,inf,0.0,178,178,0.0,14.478136,17.974085,14.164306,0.0,0.0,0.0,0,178,0.5,0.5,0.0,5,0.0,0.0
Iris,SM,2,MCF_ARC,9,8,8,0,9->6->5->8,9->6->5->8,1.295322,inf,0.0,161,161,1.295322,14.478136,19.269406,14.164306,0.0,0.0,0.0,0,161,0.5,0.5,0.0,5,0.0,0.0
Iris,SM,2,MCF_ARC,10,8,8,0,10->1->2->7->8,10->1->2->7->8,2.980337,inf,0.0,166,166,2.980337,14.478136,20.954422,14.164306,0.0,0.0,0.0,0,166,0.5,0.5,0.0,5,0.0,0.0
Iris,SM,2,MCF_ARC,11,8,8,0,11->30->33->34->1->2->7->8,11->30->33->34->1->2->7->8,6.469193,inf,0.0,243,243,6.469193,14.478136,24.443278,14.164306,0.0,0.0,0.0,0,243,0.5,0.5,0.0,5,0.0,0.0
Iris,SM,2,MCF_ARC,12,8,8,0,12->21->20->19->15->7->8,12->21->20->19->15->7->8,3.375342,inf,0.0,180,180,3.375342,14.478136,21.349427,14.164306,0.0,0.0,0.0,0,180,0.5,0.5,0.0,5,0.0,0.0
Iris,SM,2,MCF_ARC,13,8,8,0,13->12->21->20->19->15->7->8,13->12->21->20->19->15->7->8,3.636617,inf,0.0,166,166,3.636617,14.478136,21.610701,14.164306,0.0,0.0,0.0,0,166,0.5,0.5,0.0,5,0.0,0.0
Iris,SM,2,MCF_ARC,14,8,2,1,14->34->1->2->7->8,14->35->36->1->2,3.891701,inf,0.0,175,175,2.452542,13.91236,19.73941,13.477089,0.0,0.0,0.0,0,175,0.5,0.5,0.0,5,0.0,0.0
Iris,SM,2,MCF_ARC,15,8,8,0,15->7->8,15->7->8,2.248034,inf,0.0,197,197,2.248034,14.478136,20.222119,14.164306,0.0,0.0,0.0,0,197,0.5,0.5,0.0,5,0.0,0.0
Iris,SM,2,MCF_ARC,16,8,2,1,16->15->7->8,16->15->7->2,2.616942,inf,0.0,218,218,2.617338,13.91236,19.904205,13.477089,0.0,0.0,0.0,0,218,0.5,0.5,0.0,5,0.0,0.0
Iris,SM,2,MCF_ARC,17,7,7,0,17->16->15->7,17->16->15->7,2.409729,inf,0.0,166,166,2.409729,8.047245,12.994575,6.775068,0.0,0.0,0.0,0,166,0.5,0.5,0.0,5,0.0,0.0
Iris,SM,2,MCF_ARC,18,7,2,1,18->17->16->15->7,18->17->16->15->7->2,2.693217,inf,0.0,209,209,3.323484,13.91236,20.610352,13.477089,0.0,0.0,0.0,0,209,0.5,0.5,0.0,5,0.0,0.0
Iris,SM,2,MCF_ARC,19,7,7,0,19->15->7,19->15->7,1.851072,inf,0.0,154,154,1.851072,8.047245,12.435918,6.775068,0.0,0.0,0.0,0,154,0.5,0.5,0.0,5,0.0,0.0
Iris,SM,2,MCF_ARC,20,7,1,1,20->19->15->7,20->19->15->7->2->1,2.024382,inf,0.0,245,245,3.648877,1.41099,8.8679,1.409245,0.0,0.0,0.0,0,245,0.5,0.5,0.0,5,0.0,0.0
Iris,SM,2,MCF_ARC,21,7,7,0,21->20->19->15->7,21->20->19->15->7,2.224013,inf,0.0,130,130,2.224013,8.047245,12.80886,6.775068,0.0,0.0,0.0,0,130,0.5,0.5,0.0,5,0.0,0.0
Iris,SM,2,MCF_ARC,22,7,7,0,22->23->11->30->33->34->1->2->7,22->23->11->30->33->34->1->2->7,6.733951,inf,0.0,174,174,6.733951,8.047245,17.318797,6.775068,0.0,0.0,0.0,0,174,0.5,0.5,0.0,5,0.0,0.0
Iris,SM,2,MCF_ARC,23,7,7,0,23->11->30->33->34->1->2->7,23->11->30->33->34->1->2->7,6.093097,inf,0.0,152,152,6.093097,8.047245,16.677943,6.775068,0.0,0.0,0.0,0,152,0.5,0.5,0.0,5,0.0,0.0
Iris,SM,2,MCF_ARC,24,7,7,0,24->15->7,24->15->7,2.836246,inf,0.0,159,159,2.836246,8.047245,13.421093,6.775068,0.0,0.0,0.0,0,159,0.5,0.5,0.0,5,0.0,0.0
Iris,SM,2,MCF_ARC,25,6,6,0,25->24->15->7->6,25->24->15->7->6,4.577485,inf,0.0,167,167,4.577485,7.697783,14.957566,6.570302,0.0,0.0,0.0,0,167,0.5,0.5,0.0,5,0.0,0.0
Iris,SM,2,MCF_ARC,26,6,6,0,26->27->24->15->7->6,26->27->24->15->7->6,4.960932,inf,0.0,160,160,4.960932,7.697783,15.341013,6.570302,0.0,0.0,0.0,0,160,0.5,0.5,0.0,5,0.0,0.0
Iris,SM,2,MCF_ARC,27,6,6,0,27->24->15->7->6,27->24->15->7->6,4.675743,inf,0.0,180,180,4.675743,7.697783,15.055825,6.570302,0.0,0.0,0.0,0,180,0.5,0.5,0.0,5,0.0,0.0
Iris,SM,2,MCF_ARC,28,6,6,0,28->29->24->15->7->6,28->29->24->15->7->6,5.568087,inf,0.0,197,197,5.568087,7.697783,15.948168,6.570302,0.0,0.0,0.0,0,197.0,0.5,0.5,0.0,5,0.0,0.0
Iris,SM,2,MCF_ARC,29,7,7,0,29->24->15->7,29->24->15->7,3.706467,inf,0.0,122,122,3.706467,8.047245,14.291314,6.775068,0.0,0.0,0.0,0,122.0,0.5,0.5,0.0,5,0.0,0.0
Iris,SM,2,MCF_ARC,30,6,2,1,30->33->34->1->2->7->6,30->33->34->1->2,6.068207,inf,0.0,219,219,3.973989,13.91236,21.260857,13.477089,0.0,0.0,0.0,0,219.0,0.5,0.5,0.0,5,0.0,0.0
Iris,SM,2,MCF_ARC,31,6,6,0,31->30->33->34->1->2->7->6,31->30->33->34->1->2->7->6,6.31781,inf,0.0,183,183,6.31781,7.697783,16.697891,6.570302,0.0,0.0,0.0,0,183,0.5,0.5,0.0,5,0.0,0.0
Iris,SM,2,MCF_ARC,32,6,6,0,32->34->1->2->7->6,32->34->1->2->7->6,4.773404,inf,0.0,171,171,4.773404,7.697783,15.153485,6.570302,0.0,0.0,0.0,0,171,0.5,0.5,0.0,5,0.0,0.0
Iris,SM,2,MCF_ARC,33,6,2,1,33->34->1->2->7->6,33->34->1->2,5.564951,inf,0.0,166,166,3.470732,13.91236,20.7576,13.477089,0.0,0.0,0.0,0,166.0,0.5,0.5,0.0,5,0.0,0.0
Iris,SM,2,MCF_ARC,34,5,1,1,34->1->2->7->8->5,34->1,3.708604,inf,0.0,222,222,1.033173,1.41099,6.252196,1.409245,0.0,0.0,0.0,0,222.0,0.5,0.5,0.0,5,0.0,0.0
Iris,SM,2,MCF_ARC,35,5,2,1,35->36->1->2->7->8->5,35->36->1->2,3.707952,inf,0.0,193,193,2.026747,13.91236,19.313615,13.477089,0.0,0.0,0.0,0,193,0.5,0.5,0.0,5,0.0,0.0
Iris,SM,2,MCF_ARC,36,5,5,0,36->1->2->7->8->5,36->1->2->7->8->5,3.466923,inf,0.0,140,140,3.466923,14.060546,20.504215,13.227513,0.0,0.0,0.0,0,140,0.5,0.5,0.0,5,0.0,0.0
Iris,SM,2,MCF_ARC,37,5,5,0,37->1->2->7->8->5,37->1->2->7->8->5,3.135453,inf,0.0,212,212,3.135453,14.060546,20.172745,13.227513,0.0,0.0,0.0,0,212,0.5,0.5,0.0,5,0.0,0.0
Iris,SM,2,MCF_ARC,38,5,5,0,38->30->33->34->1->2->7->8->5,38->30->33->34->1->2->7->8->5,6.077434,inf,0.0,193,193,6.077434,14.060546,23.114726,13.227513,0.0,0.0,0.0,0,193,0.5,0.5,0.0,5,0.0,0.0
Iris,SM,2,MCF_ARC,39,5,5,0,39->33->34->1->2->7->8->5,39->33->34->1->2->7->8->5,5.379162,inf,0.0,188,188,5.379162,14.060546,22.416454,13.227513,0.0,0.0,0.0,0,188,0.5,0.5,0.0,5,0.0,0.0
Iris,SM,2,MCF_ARC,40,5,5,0,40->39->33->34->1->2->7->8->5,40->39->33->34->1->2->7->8->5,5.51333,inf,0.0,170,170,5.51333,14.060546,22.550622,13.227513,0.0,0.0,0.0,0,170,0.5,0.5,0.0,5,0.0,0.0
Iris,SM,2,MCF_ARC,41,4,4,0,41->40->39->33->34->1->4,41->40->39->33->34->1->4,3.340296,inf,0.0,225,225,3.340296,10.88515,16.175346,9.025271,0.0,0.0,0.0,0,225,0.5,0.5,0.0,5,0.0,0.0
Iris,SM,2,MCF_ARC,42,4,3,1,42->3->4,42->3,0.643068,inf,0.0,239,239,0.346481,3.138631,7.218109,3.061849,0.0,0.0,0.0,0,239,0.5,0.5,0.0,5,0.0,0.0
Iris,SM,2,MCF_ARC,43,5,5,0,43->3->4->1->2->7->8->5,43->3->4->1->2->7->8->5,3.715515,inf,0.0,181,181,3.715515,14.060546,20.752807,13.227513,0.0,0.0,0.0,0,181,0.5,0.5,0.0,5,0.0,0.0
Iris,SM,2,MCF_ARC,44,4,4,0,44->50->49->48->33->34->1->4,44->50->49->48->33->34->1->4,4.390952,inf,0.0,208,208,4.390952,10.88515,17.226001,9.025271,0.0,0.0,0.0,0,208,0.5,0.5,0.0,5,0.0,0.0
Iris,SM,2,MCF_ARC,45,4,3,1,45->46->47->48->33->34->1->4,45->44->50->49->40->39->33->34->1->4->3,4.310371,inf,0.0,222,222,5.157334,3.138631,12.028963,3.061849,0.0,0.0,0.0,0,222,0.5,0.5,0.0,5,0.0,0.0
Iris,SM,2,MCF_ARC,46,4,4,0,46->47->48->33->34->1->4,46->47->48->33->34->1->4,3.794999,inf,0.0,176,176,3.794999,10.88515,16.630048,9.025271,0.0,0.0,0.0,0,176,0.5,0.5,0.0,5,0.0,0.0
Iris,SM,2,MCF_ARC,47,4,4,0,47->48->33->34->1->4,47->48->33->34->1->4,3.589011,inf,0.0,168,168,3.589011,10.88515,16.424061,9.025271,0.0,0.0,0.0,0,168,0.5,0.5,0.0,5,0.0,0.0
Iris,SM,2,MCF_ARC,48,4,4,0,48->33->34->1->4,48->33->34->1->4,3.210025,inf,0.0,208,208,3.210025,10.88515,16.045075,9.025271,0.0,0.0,0.0,0,208.0,0.5,0.5,0.0,5,0.0,0.0
Iris,SM,2,MCF_ARC,49,4,4,0,49->48->33->34->1->4,49->48->33->34->1->4,3.465247,inf,0.0,220,220,3.465247,10.88515,16.300297,9.025271,0.0,0.0,0.0,0,220,0.5,0.5,0.0,5,0.0,0.0
Iris,SM,2,MCF_ARC,50,3,3,0,50->49->48->33->34->1->4->3,50->49->48->33->34->1->4->3,4.104148,9.183607,0.0,176,176,4.104148,3.138631,10.975777,3.061849,0.0,0.0,0.0,0,176,0.5,0.5,0.0,5,0.0,0.0
Iris,SM,2,MCF_ARC,51,3,3,0,51->3,51->3,0.347091,5.42655,0.0,180,180,0.347091,3.138631,7.218719,3.061849,0.0,0.0,0.0,0,180,0.5,0.5,0.0,5,0.0,0.0
Iris,SM,3,B1,1,1,1,0,1,,0.0,4.666383,0.0,195,195,0.0,0.856604,4.666383,0.856604,0.0,0.0,0.0,0,195.0,0.5,0.5,0.0,5,0.0,0.0
Iris,SM,3,B1,2,2,2,0,2,,0.0,4.635952,0.0,152,152,0.0,714.285714,718.095493,714.285714,0.0,0.0,0.0,0,152,0.5,0.5,0.0,5,0.0,0.0
Iris,SM,3,B1,3,3,3,0,3,,0.0,5.518013,0.0,227,227,0.0,4.340278,8.150057,4.340278,0.0,0.0,0.0,0,227,0.5,0.5,0.0,5,0.0,0.0
Iris,SM,3,B1,4,4,4,0,4,,0.0,inf,0.0,201,201,0.0,18.450185,22.259963,18.450185,0.0,0.0,0.0,0,201.0,0.5,0.5,0.0,5,0.0,0.0
Iris,SM,3,B1,5,5,5,0,5,,0.0,inf,0.0,203,203,0.0,714.285714,718.095493,714.285714,0.0,0.0,0.0,0,203,0.5,0.5,0.0,5,0.0,0.0
Iris,SM,3,B1,6,6,6,0,6,,0.0,inf,0.0,172,172,0.0,20.242915,24.052694,20.242915,0.0,0.0,0.0,0,172,0.5,0.5,0.0,5,0.0,0.0
Iris,SM,3,B1,7,7,7,0,7,,0.0,inf,0.0,188,188,0.0,416.666667,420.476446,416.666667,0.0,0.0,0.0,0,188,0.5,0.5,0.0,5,0.0,0.0
Iris,SM,3,B1,8,8,8,0,8,,0.0,inf,0.0,210,210,0.0,49.019608,52.829387,49.019608,0.0,0.0,0.0,0,210,0.5,0.5,0.0,5,0.0,0.0
Iris,SM,3,B1,9,8,8,0,9->6->5->8,,1.295322,inf,0.0,165,165,1.295322,49.019608,54.124708,49.019608,0.0,0.0,0.0,0,165,0.5,0.5,0.0,5,0.0,0.0
Iris,SM,3,B1,10,8,2,1,10->1->2->7->8,,2.980337,inf,0.0,213,213,1.720196,714.285714,719.81569,714.285714,0.0,0.0,0.0,0,213,0.5,0.5,0.0,5,0.0,0.0
Iris,SM,3,B1,11,8,2,1,11->30->33->34->1->2->7->8,,6.469193,inf,0.0,217,217,5.209053,714.285714,723.304546,714.285714,0.0,0.0,0.0,0,217,0.5,0.5,0.0,5,0.0,0.0
Iris,SM,3,B1,12,8,8,0,12->21->20->19->15->7->8,,3.375342,inf,0.0,183,183,3.375342,49.019608,56.204728,49.019608,0.0,0.0,0.0,0,183,0.5,0.5,0.0,5,0.0,0.0
Iris,SM,3,B1,13,8,8,0,13->25->24->15->7->8,,4.106352,inf,0.0,176,176,3.636617,49.019608,56.466003,49.019608,0.0,0.0,0.0,0,176,0.5,0.5,0.0,5,0.0,0.0
Iris,SM,3,B1,14,8,2,1,14->34->1->2->7->8,,3.891701,inf,0.0,193,193,2.452542,714.285714,720.548035,714.285714,0.0,0.0,0.0,0,193,0.5,0.5,0.0,5,0.0,0.0
Iris,SM,3,B1,15,8,8,0,15->7->8,,2.248034,inf,0.0,195,195,2.248034,49.019608,55.07742,49.019608,0.0,0.0,0.0,0,195,0.5,0.5,0.0,5,0.0,0.0
Iris,SM,3,B1,16,7,7,0,16->15->7,,1.98707,inf,0.0,188,188,1.98707,416.666667,422.463515,416.666667,0.0,0.0,0.0,0,188,0.5,0.5,0.0,5,0.0,0.0
Iris,SM,3,B1,17,7,7,0,17->16->15->7,,2.409729,inf,0.0,160,160,2.409729,416.666667,422.886174,416.666667,0.0,0.0,0.0,0,160,0.5,0.5,0.0,5,0.0,0.0
Iris,SM,3,B1,18,7,7,0,18->17->16->15->7,,2.693217,inf,0.0,155,155,2.693217,416.666667,423.169662,416.666667,0.0,0.0,0.0,0,155,0.5,0.5,0.0,5,0.0,0.0
Iris,SM,3,B1,19,7,2,1,19->15->7,,1.851072,inf,0.0,206,206,2.481339,714.285714,720.576833,714.285714,0.0,0.0,0.0,0,206,0.5,0.5,0.0,5,0.0,0.0
Iris,SM,3,B1,20,7,7,0,20->19->15->7,,2.024382,inf,0.0,181,181,2.024382,416.666667,422.500828,416.666667,0.0,0.0,0.0,0,181,0.5,0.5,0.0,5,0.0,0.0
Iris,SM,3,B1,21,8,7,1,21->20->19->15->7->8,,2.853886,inf,0.0,146,146,2.224013,416.666667,422.700459,416.666667,0.0,0.0,0.0,0,146,0.5,0.5,0.0,5,0.0,0.0
Iris,SM,3,B1,22,7,2,1,22->23->11->30->33->34->1->2->7,,6.733951,inf,0.0,179,179,6.103683,714.285714,724.199176,714.285714,0.0,0.0,0.0,0,179,0.5,0.5,0.0,5,0.0,0.0
Iris,SM,3,B1,23,7,7,0,23->11->30->33->34->1->2->7,,6.093097,inf,0.0,170,170,6.093097,416.666667,426.569542,416.666667,0.0,0.0,0.0,0,170,0.5,0.5,0.0,5,0.0,0.0
Iris,SM,3,B1,24,7,2,1,24->15->7,,2.836246,inf,0.0,201,201,3.466514,714.285714,721.562007,714.285714,0.0,0.0,0.0,0,201,0.5,0.5,0.0,5,0.0,0.0
Iris,SM,3,B1,25,6,6,0,25->24->15->7->6,,4.577485,inf,0.0,207,207,4.577485,20.242915,28.630179,20.242915,0.0,0.0,0.0,0,207,0.5,0.5,0.0,5,0.0,0.0
Iris,SM,3,B1,26,6,6,0,26->27->24->15->7->6,,4.960932,inf,0.0,219,219,4.960932,20.242915,29.013626,20.242915,0.0,0.0,0.0,0,219,0.5,0.5,0.0,5,0.0,0.0
Iris,SM,3,B1,27,6,5,1,27->24->15->7->6,,4.675743,inf,0.0,150,150,4.262729,714.285714,722.358222,714.285714,0.0,0.0,0.0,0,150,0.5,0.5,0.0,5,0.0,0.0
Iris,SM,3,B1,28,6,6,0,28->29->24->15->7->6,,5.568087,inf,0.0,176,176,5.568087,20.242915,29.620781,20.242915,0.0,0.0,0.0,0,176.0,0.5,0.5,0.0,5,0.0,0.0
Iris,SM,3,B1,29,6,6,0,29->24->15->7->6,,5.170417,inf,0.0,195,195,5.170417,20.242915,29.223111,20.242915,0.0,0.0,0.0,0,195.0,0.5,0.5,0.0,5,0.0,0.0
Iris,SM,3,B1,30,6,5,1,30->33->34->1->2->7->6,,6.068207,inf,0.0,170,170,5.655193,714.285714,723.750686,714.285714,0.0,0.0,0.0,0,170.0,0.5,0.5,0.0,5,0.0,0.0
Iris,SM,3,B1,31,6,6,0,31->28->29->24->15->7->6,,6.377926,inf,0.0,164,164,6.31781,20.242915,30.370503,20.242915,0.0,0.0,0.0,0,164,0.5,0.5,0.0,5,0.0,0.0
Iris,SM,3,B1,32,6,6,0,32->24->15->7->6,,5.363589,inf,0.0,180,180,4.773404,20.242915,28.826097,20.242915,0.0,0.0,0.0,0,180,0.5,0.5,0.0,5,0.0,0.0
Iris,SM,3,B1,33,5,5,0,33->34->1->2->7->8->5,,5.151937,inf,0.0,163,163,5.151937,714.285714,723.24743,714.285714,0.0,0.0,0.0,0,163.0,0.5,0.5,0.0,5,0.0,0.0
Iris,SM,3,B1,34,5,5,0,34->1->2->7->8->5,,3.708604,inf,0.0,142,142,3.708604,714.285714,721.804097,714.285714,0.0,0.0,0.0,0,142.0,0.5,0.5,0.0,5,0.0,0.0
Iris,SM,3,B1,35,5,5,0,35->36->1->2->7->8->5,,3.707952,inf,0.0,167,167,3.707952,714.285714,721.803445,714.285714,0.0,0.0,0.0,0,167,0.5,0.5,0.0,5,0.0,0.0
Iris,SM,3,B1,36,5,8,1,36->1->2->7->8->5,,3.466923,inf,0.0,216,216,3.045859,49.019608,55.875246,49.019608,0.0,0.0,0.0,0,216,0.5,0.5,0.0,5,0.0,0.0
Iris,SM,3,B1,37,5,5,0,37->1->2->7->8->5,,3.135453,inf,0.0,171,171,3.135453,714.285714,721.230946,714.285714,0.0,0.0,0.0,0,171,0.5,0.5,0.0,5,0.0,0.0
Iris,SM,3,B1,38,5,7,1,38->30->33->34->1->2->7->8->5,,6.077434,inf,0.0,172,172,5.026497,416.666667,425.502943,416.666667,0.0,0.0,0.0,0,172,0.5,0.5,0.0,5,0.0,0.0
Iris,SM,3,B1,39,5,5,0,39->33->34->1->2->7->8->5,,5.379162,inf,0.0,195,195,5.379162,714.285714,723.474655,714.285714,0.0,0.0,0.0,0,195,0.5,0.5,0.0,5,0.0,0.0
Iris,SM,3,B1,40,5,8,1,40->39->33->34->1->2->7->8->5,,5.51333,inf,0.0,197,197,5.092265,49.019608,57.921652,49.019608,0.0,0.0,0.0,0,197,0.5,0.5,0.0,5,0.0,0.0
Iris,SM,3,B1,41,4,4,0,41->40->39->33->34->1->4,,3.340296,inf,0.0,191,191,3.340296,18.450185,25.60026,18.450185,0.0,0.0,0.0,0,191,0.5,0.5,0.0,5,0.0,0.0
Iris,SM,3,B1,42,4,3,1,42->3->4,,0.643068,inf,0.0,190,190,0.346481,4.340278,8.496537,4.340278,0.0,0.0,0.0,0,190,0.5,0.5,0.0,5,0.0,0.0
Iris,SM,3,B1,43,4,3,1,43->3->4,,0.662826,inf,0.0,165,165,0.366238,4.340278,8.516295,4.340278,0.0,0.0,0.0,0,165,0.5,0.5,0.0,5,0.0,0.0
Iris,SM,3,B1,44,4,4,0,44->50->49->48->33->34->1->4,,4.390952,inf,0.0,227,227,4.390952,18.450185,26.650915,18.450185,0.0,0.0,0.0,0,227,0.5,0.5,0.0,5,0.0,0.0
Iris,SM,3,B1,45,4,4,0,45->46->47->48->33->34->1->4,,4.310371,inf,0.0,184,184,4.310371,18.450185,26.570334,18.450185,0.0,0.0,0.0,0,184,0.5,0.5,0.0,5,0.0,0.0
Iris,SM,3,B1,46,4,4,0,46->47->48->33->34->1->4,,3.794999,inf,0.0,203,203,3.794999,18.450185,26.054962,18.450185,0.0,0.0,0.0,0,203,0.5,0.5,0.0,5,0.0,0.0
Iris,SM,3,B1,47,4,4,0,47->48->33->34->1->4,,3.589011,inf,0.0,178,178,3.589011,18.450185,25.848975,18.450185,0.0,0.0,0.0,0,178,0.5,0.5,0.0,5,0.0,0.0
Iris,SM,3,B1,48,4,4,0,48->33->34->1->4,,3.210025,inf,0.0,165,165,3.210025,18.450185,25.469989,18.450185,0.0,0.0,0.0,0,165.0,0.5,0.5,0.0,5,0.0,0.0
Iris,SM,3,B1,49,3,3,0,49->48->33->34->1->4->3,,3.761835,9.279847,0.0,189,189,3.761835,4.340278,11.911891,4.340278,0.0,0.0,0.0,0,189,0.5,0.5,0.0,5,0.0,0.0
Iris,SM,3,B1,50,3,3,0,50->49->48->33->34->1->4->3,,4.104148,9.622161,0.0,150,150,4.104148,4.340278,12.254205,4.340278,0.0,0.0,0.0,0,150,0.5,0.5,0.0,5,0.0,0.0
Iris,SM,3,B1,51,3,3,0,51->3,,0.347091,5.865103,0.0,211,211,0.347091,4.340278,8.497147,4.340278,0.0,0.0,0.0,0,211,0.5,0.5,0.0,5,0.0,0.0
Iris,SM,3,B3,1,1,1,0,1,1,0.0,4.666383,0.0,195,195,0.0,4.516712,8.326491,4.516712,0.0,0.0,0.0,0,195.0,0.5,0.5,0.0,5,0.0,0.0
Iris,SM,3,B3,2,2,2,0,2,2,0.0,4.635952,0.0,152,152,0.0,6.273526,10.083305,6.273526,0.0,0.0,0.0,0,152,0.5,0.5,0.0,5,0.0,0.0
Iris,SM,3,B3,3,3,3,0,3,3,0.0,5.518013,0.0,227,227,0.0,6.35324,10.163019,6.35324,0.0,0.0,0.0,0,227,0.5,0.5,0.0,5,0.0,0.0
Iris,SM,3,B3,4,4,4,0,4,4,0.0,inf,0.0,201,201,0.0,8.605852,12.415631,8.605852,0.0,0.0,0.0,0,201.0,0.5,0.5,0.0,5,0.0,0.0
Iris,SM,3,B3,5,5,5,0,5,5,0.0,inf,0.0,203,203,0.0,6.009615,9.819394,6.009615,0.0,0.0,0.0,0,203,0.5,0.5,0.0,5,0.0,0.0
Iris,SM,3,B3,6,6,6,0,6,6,0.0,inf,0.0,172,172,0.0,3.930818,7.740597,3.930818,0.0,0.0,0.0,0,172,0.5,0.5,0.0,5,0.0,0.0
Iris,SM,3,B3,7,7,7,0,7,7,0.0,inf,0.0,188,188,0.0,3.796507,7.606286,3.796507,0.0,0.0,0.0,0,188,0.5,0.5,0.0,5,0.0,0.0
Iris,SM,3,B3,8,8,8,0,8,8,0.0,inf,0.0,210,210,0.0,5.307856,9.117635,5.307856,0.0,0.0,0.0,0,210,0.5,0.5,0.0,5,0.0,0.0
Iris,SM,3,B3,9,8,8,0,9->6->5->8,9->6->5->8,1.295322,inf,0.0,165,165,1.295322,5.307856,10.412956,5.307856,0.0,0.0,0.0,0,165,0.5,0.5,0.0,5,0.0,0.0
Iris,SM,3,B3,10,8,8,0,10->1->2->7->8,10->1->2->7->8,2.980337,inf,0.0,213,213,2.980337,5.307856,12.097971,5.307856,0.0,0.0,0.0,0,213,0.5,0.5,0.0,5,0.0,0.0
Iris,SM,3,B3,11,8,8,0,11->30->33->34->1->2->7->8,11->30->33->34->1->2->7->8,6.469193,inf,0.0,217,217,6.469193,5.307856,15.586827,5.307856,0.0,0.0,0.0,0,217,0.5,0.5,0.0,5,0.0,0.0
Iris,SM,3,B3,12,8,3,1,12->21->20->19->15->7->8,12->21->20->19->15->16->17->37->1->4->3,3.375342,inf,0.0,183,183,3.445888,6.35324,13.608907,6.35324,0.0,0.0,0.0,0,183,0.5,0.5,0.0,5,0.0,0.0
Iris,SM,3,B3,13,8,8,0,13->25->24->15->7->8,13->12->21->20->19->15->7->8,4.106352,inf,0.0,176,176,3.636617,5.307856,12.754251,5.307856,0.0,0.0,0.0,0,176,0.5,0.5,0.0,5,0.0,0.0
Iris,SM,3,B3,14,8,8,0,14->34->1->2->7->8,14->35->36->1->2->7->8,3.891701,inf,0.0,193,193,3.712682,5.307856,12.830317,5.307856,0.0,0.0,0.0,0,193,0.5,0.5,0.0,5,0.0,0.0
Iris,SM,3,B3,15,8,2,1,15->7->8,15->7->2,2.248034,inf,0.0,195,195,2.248429,6.273526,12.331734,6.273526,0.0,0.0,0.0,0,195,0.5,0.5,0.0,5,0.0,0.0
Iris,SM,3,B3,16,7,3,1,16->15->7,16->17->37->1->4->3,1.98707,inf,0.0,188,188,1.949672,6.35324,12.112691,6.35324,0.0,0.0,0.0,0,188,0.5,0.5,0.0,5,0.0,0.0
Iris,SM,3,B3,17,7,7,0,17->16->15->7,17->16->15->7,2.409729,inf,0.0,160,160,2.409729,3.796507,10.016015,3.796507,0.0,0.0,0.0,0,160,0.5,0.5,0.0,5,0.0,0.0
Iris,SM,3,B3,18,7,5,1,18->17->16->15->7,18->17->16->15->7->8->5,2.693217,inf,0.0,155,155,3.744153,6.009615,13.563547,6.009615,0.0,0.0,0.0,0,155,0.5,0.5,0.0,5,0.0,0.0
Iris,SM,3,B3,19,7,2,1,19->15->7,19->15->7->2,1.851072,inf,0.0,206,206,2.481339,6.273526,12.564644,6.273526,0.0,0.0,0.0,0,206,0.5,0.5,0.0,5,0.0,0.0
Iris,SM,3,B3,20,7,1,1,20->19->15->7,20->19->15->16->17->37->1,2.024382,inf,0.0,181,181,2.050956,4.516712,10.377447,4.516712,0.0,0.0,0.0,0,181,0.5,0.5,0.0,5,0.0,0.0
Iris,SM,3,B3,21,8,1,1,21->20->19->15->7->8,21->20->19->15->16->17->37->1,2.853886,inf,0.0,146,146,2.250588,4.516712,10.577078,4.516712,0.0,0.0,0.0,0,146,0.5,0.5,0.0,5,0.0,0.0
Iris,SM,3,B3,22,7,7,0,22->23->11->30->33->34->1->2->7,22->23->11->30->33->34->1->2->7,6.733951,inf,0.0,179,179,6.733951,3.796507,14.340237,3.796507,0.0,0.0,0.0,0,179,0.5,0.5,0.0,5,0.0,0.0
Iris,SM,3,B3,23,7,7,0,23->11->30->33->34->1->2->7,23->11->30->33->34->1->2->7,6.093097,inf,0.0,170,170,6.093097,3.796507,13.699383,3.796507,0.0,0.0,0.0,0,170,0.5,0.5,0.0,5,0.0,0.0
Iris,SM,3,B3,24,7,4,1,24->15->7,24->27->14->35->36->1->4,2.836246,inf,0.0,201,201,2.928676,8.605852,15.344307,8.605852,0.0,0.0,0.0,0,201,0.5,0.5,0.0,5,0.0,0.0
Iris,SM,3,B3,25,6,2,1,25->24->15->7->6,25->24->15->7->2,4.577485,inf,0.0,207,207,3.743802,6.273526,13.827107,6.273526,0.0,0.0,0.0,0,207,0.5,0.5,0.0,5,0.0,0.0
Iris,SM,3,B3,26,6,1,1,26->27->24->15->7->6,26->27->14->35->36->1,4.960932,inf,0.0,219,219,2.461061,4.516712,10.787552,4.516712,0.0,0.0,0.0,0,219,0.5,0.5,0.0,5,0.0,0.0
Iris,SM,3,B3,27,6,3,1,27->24->15->7->6,27->14->35->36->1->4->3,4.675743,inf,0.0,150,150,2.849717,6.35324,13.012736,6.35324,0.0,0.0,0.0,0,150,0.5,0.5,0.0,5,0.0,0.0
Iris,SM,3,B3,28,6,4,1,28->29->24->15->7->6,28->29->26->27->14->35->36->1->4,5.568087,inf,0.0,176,176,3.63243,8.605852,16.048061,8.605852,0.0,0.0,0.0,0,176.0,0.5,0.5,0.0,5,0.0,0.0
Iris,SM,3,B3,29,6,6,0,29->24->15->7->6,29->24->15->7->6,5.170417,inf,0.0,195,195,5.170417,3.930818,12.911014,3.930818,0.0,0.0,0.0,0,195.0,0.5,0.5,0.0,5,0.0,0.0
Iris,SM,3,B3,30,6,4,1,30->33->34->1->2->7->6,30->33->34->1->4,6.068207,inf,0.0,170,170,3.357019,8.605852,15.77265,8.605852,0.0,0.0,0.0,0,170.0,0.5,0.5,0.0,5,0.0,0.0
Iris,SM,3,B3,31,6,4,1,31->28->29->24->15->7->6,31->30->33->34->1->4,6.377926,inf,0.0,164,164,3.606621,8.605852,16.022252,8.605852,0.0,0.0,0.0,0,164,0.5,0.5,0.0,5,0.0,0.0
Iris,SM,3,B3,32,6,4,1,32->24->15->7->6,32->34->1->4,5.363589,inf,0.0,180,180,2.062215,8.605852,14.477846,8.605852,0.0,0.0,0.0,0,180,0.5,0.5,0.0,5,0.0,0.0
Iris,SM,3,B3,33,5,5,0,33->34->1->2->7->8->5,33->34->1->2->7->8->5,5.151937,inf,0.0,163,163,5.151937,6.009615,14.971331,6.009615,0.0,0.0,0.0,0,163.0,0.5,0.5,0.0,5,0.0,0.0
Iris,SM,3,B3,34,5,3,1,34->1->2->7->8->5,34->1->4->3,3.708604,inf,0.0,142,142,1.707017,6.35324,11.870036,6.35324,0.0,0.0,0.0,0,142.0,0.5,0.5,0.0,5,0.0,0.0
Iris,SM,3,B3,35,5,5,0,35->36->1->2->7->8->5,35->36->1->2->7->8->5,3.707952,inf,0.0,167,167,3.707952,6.009615,13.527346,6.009615,0.0,0.0,0.0,0,167,0.5,0.5,0.0,5,0.0,0.0
Iris,SM,3,B3,36,5,2,1,36->1->2->7->8->5,36->1->2,3.466923,inf,0.0,216,216,1.785719,6.273526,11.869023,6.273526,0.0,0.0,0.0,0,216,0.5,0.5,0.0,5,0.0,0.0
Iris,SM,3,B3,37,5,5,0,37->1->2->7->8->5,37->1->2->7->8->5,3.135453,inf,0.0,171,171,3.135453,6.009615,12.954848,6.009615,0.0,0.0,0.0,0,171,0.5,0.5,0.0,5,0.0,0.0
Iris,SM,3,B3,38,5,5,0,38->30->33->34->1->2->7->8->5,38->30->33->34->1->2->7->8->5,6.077434,inf,0.0,172,172,6.077434,6.009615,15.896828,6.009615,0.0,0.0,0.0,0,172,0.5,0.5,0.0,5,0.0,0.0
Iris,SM,3,B3,39,5,4,1,39->33->34->1->2->7->8->5,39->33->34->1->4,5.379162,inf,0.0,195,195,3.080988,8.605852,15.496619,8.605852,0.0,0.0,0.0,0,195,0.5,0.5,0.0,5,0.0,0.0
Iris,SM,3,B3,40,5,1,1,40->39->33->34->1->2->7->8->5,40->39->33->34->1,5.51333,inf,0.0,197,197,2.837898,4.516712,11.164389,4.516712,0.0,0.0,0.0,0,197,0.5,0.5,0.0,5,0.0,0.0
Iris,SM,3,B3,41,4,7,1,41->40->39->33->34->1->4,41->40->39->33->34->1->2->7,3.340296,inf,0.0,191,191,4.587534,3.796507,12.19382,3.796507,0.0,0.0,0.0,0,191,0.5,0.5,0.0,5,0.0,0.0
Iris,SM,3,B3,42,4,6,1,42->3->4,42->3->4->1->2->7->6,0.643068,inf,0.0,190,190,4.108771,3.930818,11.849367,3.930818,0.0,0.0,0.0,0,190,0.5,0.5,0.0,5,0.0,0.0
Iris,SM,3,B3,43,4,3,1,43->3->4,43->3,0.662826,inf,0.0,165,165,0.366238,6.35324,10.529258,6.35324,0.0,0.0,0.0,0,165,0.5,0.5,0.0,5,0.0,0.0
Iris,SM,3,B3,44,4,2,1,44->50->49->48->33->34->1->4,44->50->49->48->33->34->1->2,4.390952,inf,0.0,227,227,5.007921,6.273526,15.091226,6.273526,0.0,0.0,0.0,0,227,0.5,0.5,0.0,5,0.0,0.0
Iris,SM,3,B3,45,4,6,1,45->46->47->48->33->34->1->4,45->46->47->48->33->34->1->2->7->6,4.310371,inf,0.0,184,184,7.021559,3.930818,14.762156,3.930818,0.0,0.0,0.0,0,184,0.5,0.5,0.0,5,0.0,0.0
Iris,SM,3,B3,46,4,1,1,46->47->48->33->34->1->4,46->47->48->33->34->1,3.794999,inf,0.0,203,203,3.417741,4.516712,11.744232,4.516712,0.0,0.0,0.0,0,203,0.5,0.5,0.0,5,0.0,0.0
Iris,SM,3,B3,47,4,6,1,47->48->33->34->1->4,47->48->33->34->1->2->7->6,3.589011,inf,0.0,178,178,6.300199,3.930818,14.040796,3.930818,0.0,0.0,0.0,0,178,0.5,0.5,0.0,5,0.0,0.0
Iris,SM,3,B3,48,4,5,1,48->33->34->1->4,48->33->34->1->2->7->8->5,3.210025,inf,0.0,165,165,5.508199,6.009615,15.327594,6.009615,0.0,0.0,0.0,0,165.0,0.5,0.5,0.0,5,0.0,0.0
Iris,SM,3,B3,49,3,6,1,49->48->33->34->1->4->3,49->48->33->34->1->2->7->6,3.761835,9.279847,0.0,189,189,6.176435,3.930818,13.917032,3.930818,4.637185,0.0,0.0,0,189,0.5,0.5,0.0,5,0.0,0.0
Iris,SM,3,B3,50,3,3,0,50->49->48->33->34->1->4->3,50->49->48->33->34->1->4->3,4.104148,9.622161,0.0,150,150,4.104148,6.35324,14.267167,6.35324,0.0,0.0,0.0,0,150,0.5,0.5,0.0,5,0.0,0.0
Iris,SM,3,B3,51,3,7,1,51->3,51->3->4->1->2->7,0.347091,5.865103,0.0,211,211,2.64543,3.796507,10.251716,3.796507,4.386613,0.0,0.0,0,211,0.5,0.5,0.0,5,0.0,0.0
Iris,SM,3,MCF_ARC,1,1,1,0,1,1,0.0,4.666383,0.0,195,195,0.0,1.365583,5.171435,1.361656,0.0,0.0,0.0,0,195.0,0.5,0.5,0.0,5,0.0,0.0
Iris,SM,3,MCF_ARC,2,2,2,0,2,2,0.0,4.635952,0.0,152,152,0.0,4.733118,8.286055,4.476276,0.0,0.0,0.0,0,152,0.5,0.5,0.0,5,0.0,0.0
Iris,SM,3,MCF_ARC,3,3,3,0,3,3,0.0,5.518013,0.0,227,227,0.0,6.314617,9.748021,5.938242,0.0,0.0,0.0,0,227,0.5,0.5,0.0,5,0.0,0.0
Iris,SM,3,MCF_ARC,4,4,4,0,4,4,0.0,inf,0.0,201,201,0.0,10.632576,12.415631,8.605852,0.0,0.0,0.0,0,201.0,0.5,0.5,0.0,5,0.0,0.0
Iris,SM,3,MCF_ARC,5,5,5,0,5,5,0.0,inf,0.0,203,203,0.0,14.406359,17.815381,14.005602,0.0,0.0,0.0,0,203,0.5,0.5,0.0,5,0.0,0.0
Iris,SM,3,MCF_ARC,6,6,6,0,6,6,0.0,inf,0.0,172,172,0.0,14.156099,17.250639,13.44086,0.0,0.0,0.0,0,172,0.5,0.5,0.0,5,0.0,0.0
Iris,SM,3,MCF_ARC,7,7,7,0,7,7,0.0,inf,0.0,188,188,0.0,14.489779,18.014324,14.204545,0.0,0.0,0.0,0,188,0.5,0.5,0.0,5,0.0,0.0
Iris,SM,3,MCF_ARC,8,8,8,0,8,8,0.0,inf,0.0,210,210,0.0,14.656619,18.429662,14.619883,0.0,0.0,0.0,0,210,0.5,0.5,0.0,5,0.0,0.0
Iris,SM,3,MCF_ARC,9,8,8,0,9->6->5->8,9->6->5->8,1.295322,inf,0.0,165,165,1.295322,14.656619,19.724984,14.619883,0.0,0.0,0.0,0,165,0.5,0.5,0.0,5,0.0,0.0
Iris,SM,3,MCF_ARC,10,8,2,1,10->1->2->7->8,10->1->2,2.980337,inf,0.0,213,213,1.720196,4.733118,10.006251,4.476276,0.0,0.0,0.0,0,213,0.5,0.5,0.0,5,0.0,0.0
Iris,SM,3,MCF_ARC,11,8,1,1,11->30->33->34->1->2->7->8,11->30->33->34->1,6.469193,inf,0.0,217,217,4.214826,1.365583,9.38626,1.361656,0.0,0.0,0.0,0,217,0.5,0.5,0.0,5,0.0,0.0
Iris,SM,3,MCF_ARC,12,8,8,0,12->21->20->19->15->7->8,12->21->20->19->15->7->8,3.375342,inf,0.0,183,183,3.375342,14.656619,21.805004,14.619883,0.0,0.0,0.0,0,183,0.5,0.5,0.0,5,0.0,0.0
Iris,SM,3,MCF_ARC,13,8,8,0,13->25->24->15->7->8,13->12->21->20->19->15->7->8,4.106352,inf,0.0,176,176,3.636617,14.656619,22.066279,14.619883,0.0,0.0,0.0,0,176,0.5,0.5,0.0,5,0.0,0.0
Iris,SM,3,MCF_ARC,14,8,8,0,14->34->1->2->7->8,14->35->36->1->2->7->8,3.891701,inf,0.0,193,193,3.712682,14.656619,22.142344,14.619883,0.0,0.0,0.0,0,193,0.5,0.5,0.0,5,0.0,0.0
Iris,SM,3,MCF_ARC,15,8,8,0,15->7->8,15->7->8,2.248034,inf,0.0,195,195,2.248034,14.656619,20.677696,14.619883,0.0,0.0,0.0,0,195,0.5,0.5,0.0,5,0.0,0.0
Iris,SM,3,MCF_ARC,16,7,2,1,16->15->7,16->15->7->2,1.98707,inf,0.0,188,188,2.617338,4.733118,10.903392,4.476276,0.0,0.0,0.0,0,188,0.5,0.5,0.0,5,0.0,0.0
Iris,SM,3,MCF_ARC,17,7,7,0,17->16->15->7,17->16->15->7,2.409729,inf,0.0,160,160,2.409729,14.489779,20.424053,14.204545,0.0,0.0,0.0,0,160,0.5,0.5,0.0,5,0.0,0.0
Iris,SM,3,MCF_ARC,18,7,7,0,18->17->16->15->7,18->17->16->15->7,2.693217,inf,0.0,155,155,2.693217,14.489779,20.707541,14.204545,0.0,0.0,0.0,0,155,0.5,0.5,0.0,5,0.0,0.0
Iris,SM,3,MCF_ARC,19,7,2,1,19->15->7,19->15->7->2,1.851072,inf,0.0,206,206,2.481339,4.733118,10.767394,4.476276,0.0,0.0,0.0,0,206,0.5,0.5,0.0,5,0.0,0.0
Iris,SM,3,MCF_ARC,20,7,7,0,20->19->15->7,20->19->15->7,2.024382,inf,0.0,181,181,2.024382,14.489779,20.038706,14.204545,0.0,0.0,0.0,0,181,0.5,0.5,0.0,5,0.0,0.0
Iris,SM,3,MCF_ARC,21,8,7,1,21->20->19->15->7->8,21->20->19->15->7,2.853886,inf,0.0,146,146,2.224013,14.489779,20.238338,14.204545,0.0,0.0,0.0,0,146,0.5,0.5,0.0,5,0.0,0.0
Iris,SM,3,MCF_ARC,22,7,2,1,22->23->11->30->33->34->1->2->7,22->23->11->30->33->34->1->2,6.733951,inf,0.0,179,179,6.103683,4.733118,14.389737,4.476276,0.0,0.0,0.0,0,179,0.5,0.5,0.0,5,0.0,0.0
Iris,SM,3,MCF_ARC,23,7,7,0,23->11->30->33->34->1->2->7,23->11->30->33->34->1->2->7,6.093097,inf,0.0,170,170,6.093097,14.489779,24.107421,14.204545,0.0,0.0,0.0,0,170,0.5,0.5,0.0,5,0.0,0.0
Iris,SM,3,MCF_ARC,24,7,2,1,24->15->7,24->15->7->2,2.836246,inf,0.0,201,201,3.466514,4.733118,11.752569,4.476276,0.0,0.0,0.0,0,201,0.5,0.5,0.0,5,0.0,0.0
Iris,SM,3,MCF_ARC,25,6,6,0,25->24->15->7->6,25->24->15->7->6,4.577485,inf,0.0,207,207,4.577485,14.156099,21.828124,13.44086,0.0,0.0,0.0,0,207,0.5,0.5,0.0,5,0.0,0.0
Iris,SM,3,MCF_ARC,26,6,6,0,26->27->24->15->7->6,26->27->24->15->7->6,4.960932,inf,0.0,219,219,4.960932,14.156099,22.211571,13.44086,0.0,0.0,0.0,0,219,0.5,0.5,0.0,5,0.0,0.0
Iris,SM,3,MCF_ARC,27,6,7,1,27->24->15->7->6,27->24->15->7,4.675743,inf,0.0,150,150,3.211793,14.489779,21.226117,14.204545,0.0,0.0,0.0,0,150,0.5,0.5,0.0,5,0.0,0.0
Iris,SM,3,MCF_ARC,28,6,6,0,28->29->24->15->7->6,28->29->24->15->7->6,5.568087,inf,0.0,176,176,5.568087,14.156099,22.818726,13.44086,0.0,0.0,0.0,0,176.0,0.5,0.5,0.0,5,0.0,0.0
Iris,SM,3,MCF_ARC,29,6,5,1,29->24->15->7->6,29->24->15->7->8->5,5.170417,inf,0.0,195,195,4.757403,14.406359,22.572785,14.005602,0.0,0.0,0.0,0,195.0,0.5,0.5,0.0,5,0.0,0.0
Iris,SM,3,MCF_ARC,30,6,6,0,30->33->34->1->2->7->6,30->33->34->1->2->7->6,6.068207,inf,0.0,170,170,6.068207,14.156099,23.318847,13.44086,0.0,0.0,0.0,0,170.0,0.5,0.5,0.0,5,0.0,0.0
Iris,SM,3,MCF_ARC,31,6,6,0,31->28->29->24->15->7->6,31->30->33->34->1->2->7->6,6.377926,inf,0.0,164,164,6.31781,14.156099,23.568449,13.44086,0.0,0.0,0.0,0,164,0.5,0.5,0.0,5,0.0,0.0
Iris,SM,3,MCF_ARC,32,6,6,0,32->24->15->7->6,32->34->1->2->7->6,5.363589,inf,0.0,180,180,4.773404,14.156099,22.024043,13.44086,0.0,0.0,0.0,0,180,0.5,0.5,0.0,5,0.0,0.0
Iris,SM,3,MCF_ARC,33,5,5,0,33->34->1->2->7->8->5,33->34->1->2->7->8->5,5.151937,inf,0.0,163,163,5.151937,14.406359,22.967318,14.005602,0.0,0.0,0.0,0,163.0,0.5,0.5,0.0,5,0.0,0.0
Iris,SM,3,MCF_ARC,34,5,7,1,34->1->2->7->8->5,34->1->2->7,3.708604,inf,0.0,142,142,2.657667,14.489779,20.671992,14.204545,0.0,0.0,0.0,0,142.0,0.5,0.5,0.0,5,0.0,0.0
Iris,SM,3,MCF_ARC,35,5,5,0,35->36->1->2->7->8->5,35->36->1->2->7->8->5,3.707952,inf,0.0,167,167,3.707952,14.406359,21.523333,14.005602,0.0,0.0,0.0,0,167,0.5,0.5,0.0,5,0.0,0.0
Iris,SM,3,MCF_ARC,36,5,1,1,36->1->2->7->8->5,36->1,3.466923,inf,0.0,216,216,0.791492,1.365583,5.962926,1.361656,0.0,0.0,0.0,0,216,0.5,0.5,0.0,5,0.0,0.0
Iris,SM,3,MCF_ARC,37,5,5,0,37->1->2->7->8->5,37->1->2->7->8->5,3.135453,inf,0.0,171,171,3.135453,14.406359,20.950834,14.005602,0.0,0.0,0.0,0,171,0.5,0.5,0.0,5,0.0,0.0
Iris,SM,3,MCF_ARC,38,5,8,1,38->30->33->34->1->2->7->8->5,38->30->33->34->1->2->7->8,6.077434,inf,0.0,172,172,5.65637,14.656619,24.086032,14.619883,0.0,0.0,0.0,0,172,0.5,0.5,0.0,5,0.0,0.0
Iris,SM,3,MCF_ARC,39,5,5,0,39->33->34->1->2->7->8->5,39->33->34->1->2->7->8->5,5.379162,inf,0.0,195,195,5.379162,14.406359,23.194543,14.005602,0.0,0.0,0.0,0,195,0.5,0.5,0.0,5,0.0,0.0
Iris,SM,3,MCF_ARC,40,5,5,0,40->39->33->34->1->2->7->8->5,40->39->33->34->1->2->7->8->5,5.51333,inf,0.0,197,197,5.51333,14.406359,23.328711,14.005602,0.0,0.0,0.0,0,197,0.5,0.5,0.0,5,0.0,0.0
Iris,SM,3,MCF_ARC,41,4,4,0,41->40->39->33->34->1->4,41->40->39->33->34->1->4,3.340296,inf,0.0,191,191,3.340296,10.632576,15.755927,8.605852,0.0,0.0,0.0,0,191,0.5,0.5,0.0,5,0.0,0.0
Iris,SM,3,MCF_ARC,42,4,3,1,42->3->4,42->3,0.643068,inf,0.0,190,190,0.346481,6.314617,10.094502,5.938242,0.0,0.0,0.0,0,190,0.5,0.5,0.0,5,0.0,0.0
Iris,SM,3,MCF_ARC,43,4,4,0,43->3->4,43->3->4,0.662826,inf,0.0,165,165,0.662826,10.632576,13.078457,8.605852,0.0,0.0,0.0,0,165,0.5,0.5,0.0,5,0.0,0.0
Iris,SM,3,MCF_ARC,44,4,3,1,44->50->49->48->33->34->1->4,44->50->49->48->33->34->1->4->3,4.390952,inf,0.0,227,227,4.687539,6.314617,14.43556,5.938242,0.0,0.0,0.0,0,227,0.5,0.5,0.0,5,0.0,0.0
Iris,SM,3,MCF_ARC,45,4,4,0,45->46->47->48->33->34->1->4,45->46->47->48->33->34->1->4,4.310371,inf,0.0,184,184,4.310371,10.632576,16.726002,8.605852,0.0,0.0,0.0,0,184,0.5,0.5,0.0,5,0.0,0.0
Iris,SM,3,MCF_ARC,46,4,4,0,46->47->48->33->34->1->4,46->47->48->33->34->1->4,3.794999,inf,0.0,203,203,3.794999,10.632576,16.21063,8.605852,0.0,0.0,0.0,0,203,0.5,0.5,0.0,5,0.0,0.0
Iris,SM,3,MCF_ARC,47,4,4,0,47->48->33->34->1->4,47->48->33->34->1->4,3.589011,inf,0.0,178,178,3.589011,10.632576,16.004642,8.605852,0.0,0.0,0.0,0,178,0.5,0.5,0.0,5,0.0,0.0
Iris,SM,3,MCF_ARC,48,4,4,0,48->33->34->1->4,48->33->34->1->4,3.210025,inf,0.0,165,165,3.210025,10.632576,15.625656,8.605852,0.0,0.0,0.0,0,165.0,0.5,0.5,0.0,5,0.0,0.0
Iris,SM,3,MCF_ARC,49,3,3,0,49->48->33->34->1->4->3,49->48->33->34->1->4->3,3.761835,9.279847,0.0,189,189,3.761835,6.314617,13.509856,5.938242,0.0,0.0,0.0,0,189,0.5,0.5,0.0,5,0.0,0.0
Iris,SM,3,MCF_ARC,50,3,3,0,50->49->48->33->34->1->4->3,50->49->48->33->34->1->4->3,4.104148,9.622161,0.0,150,150,4.104148,6.314617,13.852169,5.938242,0.0,0.0,0.0,0,150,0.5,0.5,0.0,5,0.0,0.0
Iris,SM,3,MCF_ARC,51,3,3,0,51->3,51->3,0.347091,5.865103,0.0,211,211,0.347091,6.314617,10.095112,5.938242,0.0,0.0,0.0,0,211,0.5,0.5,0.0,5,0.0,0.0
Iris,SM,4,B1,1,1,1,0,1,,0.0,4.661858,0.0,184,184,0.0,0.852079,4.661858,0.852079,0.0,0.0,0.0,0,184.0,0.5,0.5,0.0,5,0.0,0.0
Iris,SM,4,B1,2,2,2,0,2,,0.0,4.64548,0.0,161,161,0.0,1666.666667,1670.476446,1666.666667,0.0,0.0,0.0,0,161,0.5,0.5,0.0,5,0.0,0.0
Iris,SM,4,B1,3,3,3,0,3,,0.0,5.251532,0.0,234,234,0.0,1.881114,5.690893,1.881114,0.0,0.0,0.0,0,234,0.5,0.5,0.0,5,0.0,0.0
Iris,SM,4,B1,4,4,4,0,4,,0.0,inf,0.0,194,194,0.0,161.290323,165.100102,161.290323,0.0,0.0,0.0,0,194.0,0.5,0.5,0.0,5,0.0,0.0
Iris,SM,4,B1,5,5,5,0,5,,0.0,inf,0.0,186,186,0.0,238.095238,241.905017,238.095238,0.0,0.0,0.0,0,186,0.5,0.5,0.0,5,0.0,0.0
Iris,SM,4,B1,6,6,6,0,6,,0.0,inf,0.0,173,173,0.0,151.515152,155.32493,151.515152,0.0,0.0,0.0,0,173,0.5,0.5,0.0,5,0.0,0.0
Iris,SM,4,B1,7,7,7,0,7,,0.0,inf,0.0,191,191,0.0,151.515152,155.32493,151.515152,0.0,0.0,0.0,0,191,0.5,0.5,0.0,5,0.0,0.0
Iris,SM,4,B1,8,8,8,0,8,,0.0,inf,0.0,205,205,0.0,1666.666667,1670.476446,1666.666667,0.0,0.0,0.0,0,205,0.5,0.5,0.0,5,0.0,0.0
Iris,SM,4,B1,9,8,8,0,9->6->5->8,,1.295322,inf,0.0,175,175,1.295322,1666.666667,1671.771767,1666.666667,0.0,0.0,0.0,0,175,0.5,0.5,0.0,5,0.0,0.0
Iris,SM,4,B1,10,8,2,1,10->1->2->7->8,,2.980337,inf,0.0,202,202,1.720196,1666.666667,1672.196642,1666.666667,0.0,0.0,0.0,0,202,0.5,0.5,0.0,5,0.0,0.0
Iris,SM,4,B1,11,8,2,1,11->30->33->34->1->2->7->8,,6.469193,inf,0.0,184,184,5.209053,1666.666667,1675.685498,1666.666667,0.0,0.0,0.0,0,184,0.5,0.5,0.0,5,0.0,0.0
Iris,SM,4,B1,12,8,8,0,12->21->20->19->15->7->8,,3.375342,inf,0.0,155,155,3.375342,1666.666667,1673.851787,1666.666667,0.0,0.0,0.0,0,155,0.5,0.5,0.0,5,0.0,0.0
Iris,SM,4,B1,13,8,8,0,13->12->21->20->19->15->7->8,,3.636617,inf,0.0,183,183,3.636617,1666.666667,1674.113062,1666.666667,0.0,0.0,0.0,0,183,0.5,0.5,0.0,5,0.0,0.0
Iris,SM,4,B1,14,8,8,0,14->34->1->2->7->8,,3.891701,inf,0.0,178,178,3.712682,1666.666667,1674.189128,1666.666667,0.0,0.0,0.0,0,178,0.5,0.5,0.0,5,0.0,0.0
Iris,SM,4,B1,15,8,8,0,15->7->8,,2.248034,inf,0.0,175,175,2.248034,1666.666667,1672.724479,1666.666667,0.0,0.0,0.0,0,175,0.5,0.5,0.0,5,0.0,0.0
Iris,SM,4,B1,16,8,8,0,16->15->7->8,,2.616942,inf,0.0,176,176,2.616942,1666.666667,1673.093388,1666.666667,0.0,0.0,0.0,0,176,0.5,0.5,0.0,5,0.0,0.0
Iris,SM,4,B1,17,7,2,1,17->16->15->7,,2.409729,inf,0.0,208,208,1.847395,1666.666667,1672.323841,1666.666667,0.0,0.0,0.0,0,208,0.5,0.5,0.0,5,0.0,0.0
Iris,SM,4,B1,18,7,2,1,18->10->1->2->7,,3.083801,inf,0.0,176,176,2.130883,1666.666667,1672.607329,1666.666667,0.0,0.0,0.0,0,176,0.5,0.5,0.0,5,0.0,0.0
Iris,SM,4,B1,19,7,7,0,19->15->7,,1.851072,inf,0.0,159,159,1.851072,151.515152,157.176002,151.515152,0.0,0.0,0.0,0,159,0.5,0.5,0.0,5,0.0,0.0
Iris,SM,4,B1,20,7,7,0,20->19->15->7,,2.024382,inf,0.0,177,177,2.024382,151.515152,157.349312,151.515152,0.0,0.0,0.0,0,177,0.5,0.5,0.0,5,0.0,0.0
Iris,SM,4,B1,21,7,7,0,21->20->19->15->7,,2.224013,inf,0.0,212,212,2.224013,151.515152,157.548944,151.515152,0.0,0.0,0.0,0,212,0.5,0.5,0.0,5,0.0,0.0
Iris,SM,4,B1,22,8,7,1,22->23->11->30->33->34->1->2->7->8,,7.363823,inf,0.0,144,144,6.733951,151.515152,162.058881,151.515152,0.0,0.0,0.0,0,144,0.5,0.5,0.0,5,0.0,0.0
Iris,SM,4,B1,23,7,7,0,23->11->30->33->34->1->2->7,,6.093097,inf,0.0,150,150,6.093097,151.515152,161.418027,151.515152,0.0,0.0,0.0,0,150,0.5,0.5,0.0,5,0.0,0.0
Iris,SM,4,B1,24,7,7,0,24->15->7,,2.836246,inf,0.0,109,109,2.836246,151.515152,158.161176,151.515152,0.0,0.0,0.0,0,109,0.5,0.5,0.0,5,0.0,0.0
Iris,SM,4,B1,25,7,7,0,25->24->15->7,,3.113534,inf,0.0,209,209,3.113534,151.515152,158.438465,151.515152,0.0,0.0,0.0,0,209,0.5,0.5,0.0,5,0.0,0.0
Iris,SM,4,B1,26,6,6,0,26->27->24->15->7->6,,4.960932,inf,0.0,200,200,4.960932,151.515152,160.285862,151.515152,0.0,0.0,0.0,0,200,0.5,0.5,0.0,5,0.0,0.0
Iris,SM,4,B1,27,6,6,0,27->24->15->7->6,,4.675743,inf,0.0,186,186,4.675743,151.515152,160.000674,151.515152,0.0,0.0,0.0,0,186,0.5,0.5,0.0,5,0.0,0.0
Iris,SM,4,B1,28,6,6,0,28->29->24->15->7->6,,5.568087,inf,0.0,200,200,5.568087,151.515152,160.893018,151.515152,0.0,0.0,0.0,0,200.0,0.5,0.5,0.0,5,0.0,0.0
Iris,SM,4,B1,29,6,6,0,29->24->15->7->6,,5.170417,inf,0.0,169,169,5.170417,151.515152,160.495348,151.515152,0.0,0.0,0.0,0,169.0,0.5,0.5,0.0,5,0.0,0.0
Iris,SM,4,B1,30,6,6,0,30->33->34->1->2->7->6,,6.068207,inf,0.0,227,227,6.068207,151.515152,161.393138,151.515152,0.0,0.0,0.0,0,227.0,0.5,0.5,0.0,5,0.0,0.0
Iris,SM,4,B1,31,6,5,1,31->28->29->24->15->7->6,,6.377926,inf,0.0,162,162,5.904795,238.095238,247.809813,238.095238,0.0,0.0,0.0,0,162,0.5,0.5,0.0,5,0.0,0.0
Iris,SM,4,B1,32,6,6,0,32->24->15->7->6,,5.363589,inf,0.0,196,196,4.773404,151.515152,160.098334,151.515152,0.0,0.0,0.0,0,196,0.5,0.5,0.0,5,0.0,0.0
Iris,SM,4,B1,33,6,8,1,33->34->1->2->7->6,,5.564951,inf,0.0,174,174,4.730873,1666.666667,1675.207318,1666.666667,0.0,0.0,0.0,0,174.0,0.5,0.5,0.0,5,0.0,0.0
Iris,SM,4,B1,34,5,5,0,34->1->2->7->8->5,,3.708604,inf,0.0,182,182,3.708604,238.095238,245.613621,238.095238,0.0,0.0,0.0,0,182.0,0.5,0.5,0.0,5,0.0,0.0
Iris,SM,4,B1,35,5,5,0,35->36->1->2->7->8->5,,3.707952,inf,0.0,202,202,3.707952,238.095238,245.612969,238.095238,0.0,0.0,0.0,0,202,0.5,0.5,0.0,5,0.0,0.0
Iris,SM,4,B1,36,5,2,1,36->1->2->7->8->5,,3.466923,inf,0.0,209,209,1.785719,1666.666667,1672.262164,1666.666667,0.0,0.0,0.0,0,209,0.5,0.5,0.0,5,0.0,0.0
Iris,SM,4,B1,37,5,5,0,37->1->2->7->8->5,,3.135453,inf,0.0,150,150,3.135453,238.095238,245.04047,238.095238,0.0,0.0,0.0,0,150,0.5,0.5,0.0,5,0.0,0.0
Iris,SM,4,B1,38,5,2,1,38->30->33->34->1->2->7->8->5,,6.077434,inf,0.0,217,217,4.396229,1666.666667,1674.872675,1666.666667,0.0,0.0,0.0,0,217,0.5,0.5,0.0,5,0.0,0.0
Iris,SM,4,B1,39,5,5,0,39->33->34->1->2->7->8->5,,5.379162,inf,0.0,184,184,5.379162,238.095238,247.284179,238.095238,0.0,0.0,0.0,0,184,0.5,0.5,0.0,5,0.0,0.0
Iris,SM,4,B1,40,5,5,0,40->39->33->34->1->2->7->8->5,,5.51333,inf,0.0,149,149,5.51333,238.095238,247.418347,238.095238,0.0,0.0,0.0,0,149,0.5,0.5,0.0,5,0.0,0.0
Iris,SM,4,B1,41,5,5,0,41->40->39->33->34->1->2->7->8->5,,5.63847,inf,0.0,212,212,5.63847,238.095238,247.543487,238.095238,0.0,0.0,0.0,0,212,0.5,0.5,0.0,5,0.0,0.0
Iris,SM,4,B1,42,4,3,1,42->3->4,,0.643068,inf,0.0,162,162,0.346481,1.881114,6.037373,1.881114,0.0,0.0,0.0,0,162,0.5,0.5,0.0,5,0.0,0.0
Iris,SM,4,B1,43,4,4,0,43->3->4,,0.662826,inf,0.0,151,151,0.662826,161.290323,165.762927,161.290323,0.0,0.0,0.0,0,151,0.5,0.5,0.0,5,0.0,0.0
Iris,SM,4,B1,44,4,4,0,44->50->49->48->33->34->1->4,,4.390952,inf,0.0,210,210,4.390952,161.290323,169.491053,161.290323,0.0,0.0,0.0,0,210,0.5,0.5,0.0,5,0.0,0.0
Iris,SM,4,B1,45,4,4,0,45->46->47->48->33->34->1->4,,4.310371,inf,0.0,174,174,4.310371,161.290323,169.410472,161.290323,0.0,0.0,0.0,0,174,0.5,0.5,0.0,5,0.0,0.0
Iris,SM,4,B1,46,4,4,0,46->47->48->33->34->1->4,,3.794999,inf,0.0,195,195,3.794999,161.290323,168.8951,161.290323,0.0,0.0,0.0,0,195,0.5,0.5,0.0,5,0.0,0.0
Iris,SM,4,B1,47,4,4,0,47->48->33->34->1->4,,3.589011,inf,0.0,215,215,3.589011,161.290323,168.689113,161.290323,0.0,0.0,0.0,0,215,0.5,0.5,0.0,5,0.0,0.0
Iris,SM,4,B1,48,4,4,0,48->33->34->1->4,,3.210025,inf,0.0,156,156,3.210025,161.290323,168.310127,161.290323,0.0,0.0,0.0,0,156.0,0.5,0.5,0.0,5,0.0,0.0
Iris,SM,4,B1,49,4,4,0,49->48->33->34->1->4,,3.465247,inf,0.0,170,170,3.465247,161.290323,168.565349,161.290323,0.0,0.0,0.0,0,170,0.5,0.5,0.0,5,0.0,0.0
Iris,SM,4,B1,50,3,3,0,50->49->48->33->34->1->4->3,,4.104148,9.35568,0.0,213,213,4.104148,1.881114,9.795041,1.881114,0.0,0.0,0.0,0,213,0.5,0.5,0.0,5,0.0,0.0
Iris,SM,4,B1,51,3,3,0,51->3,,0.347091,5.598623,0.0,217,217,0.347091,1.881114,6.037983,1.881114,0.0,0.0,0.0,0,217,0.5,0.5,0.0,5,0.0,0.0
Iris,SM,4,B3,1,1,1,0,1,1,0.0,4.661858,0.0,184,184,0.0,4.492363,8.302142,4.492363,0.0,0.0,0.0,0,184.0,0.5,0.5,0.0,5,0.0,0.0
Iris,SM,4,B3,2,2,2,0,2,2,0.0,4.64548,0.0,161,161,0.0,5.896226,9.706005,5.896226,0.0,0.0,0.0,0,161,0.5,0.5,0.0,5,0.0,0.0
Iris,SM,4,B3,3,3,3,0,3,3,0.0,5.251532,0.0,234,234,0.0,7.541478,11.351257,7.541478,0.0,0.0,0.0,0,234,0.5,0.5,0.0,5,0.0,0.0
Iris,SM,4,B3,4,4,4,0,4,4,0.0,inf,0.0,194,194,0.0,8.912656,12.722435,8.912656,0.0,0.0,0.0,0,194.0,0.5,0.5,0.0,5,0.0,0.0
Iris,SM,4,B3,5,5,5,0,5,5,0.0,inf,0.0,186,186,0.0,3.469813,7.279592,3.469813,0.0,0.0,0.0,0,186,0.5,0.5,0.0,5,0.0,0.0
Iris,SM,4,B3,6,6,6,0,6,6,0.0,inf,0.0,173,173,0.0,3.85208,7.661859,3.85208,0.0,0.0,0.0,0,173,0.5,0.5,0.0,5,0.0,0.0
Iris,SM,4,B3,7,7,7,0,7,7,0.0,inf,0.0,191,191,0.0,5.359057,9.168836,5.359057,0.0,0.0,0.0,0,191,0.5,0.5,0.0,5,0.0,0.0
Iris,SM,4,B3,8,8,8,0,8,8,0.0,inf,0.0,205,205,0.0,2.788622,6.598401,2.788622,0.0,0.0,0.0,0,205,0.5,0.5,0.0,5,0.0,0.0
Iris,SM,4,B3,9,8,4,1,9->6->5->8,9->6->7->2->1->4,1.295322,inf,0.0,175,175,3.879457,8.912656,16.601892,8.912656,0.0,0.0,0.0,0,175,0.5,0.5,0.0,5,0.0,0.0
Iris,SM,4,B3,10,8,4,1,10->1->2->7->8,10->1->4,2.980337,inf,0.0,202,202,1.103227,8.912656,13.825662,8.912656,0.0,0.0,0.0,0,202,0.5,0.5,0.0,5,0.0,0.0
Iris,SM,4,B3,11,8,4,1,11->30->33->34->1->2->7->8,11->30->33->34->1->4,6.469193,inf,0.0,184,184,4.592083,8.912656,17.314518,8.912656,0.0,0.0,0.0,0,184,0.5,0.5,0.0,5,0.0,0.0
Iris,SM,4,B3,12,8,1,1,12->21->20->19->15->7->8,12->21->20->19->15->16->17->37->1,3.375342,inf,0.0,155,155,2.772043,4.492363,11.074185,4.492363,0.0,0.0,0.0,0,155,0.5,0.5,0.0,5,0.0,0.0
Iris,SM,4,B3,13,8,2,1,13->12->21->20->19->15->7->8,13->12->21->20->19->15->7->2,3.636617,inf,0.0,183,183,3.637012,5.896226,13.343017,5.896226,0.0,0.0,0.0,0,183,0.5,0.5,0.0,5,0.0,0.0
Iris,SM,4,B3,14,8,4,1,14->34->1->2->7->8,14->35->36->1->4,3.891701,inf,0.0,178,178,1.835572,8.912656,14.558007,8.912656,0.0,0.0,0.0,0,178,0.5,0.5,0.0,5,0.0,0.0
Iris,SM,4,B3,15,8,3,1,15->7->8,15->16->17->37->1->4->3,2.248034,inf,0.0,175,175,2.31858,7.541478,13.669837,7.541478,0.0,0.0,0.0,0,175,0.5,0.5,0.0,5,0.0,0.0
Iris,SM,4,B3,16,8,7,1,16->15->7->8,16->15->7,2.616942,inf,0.0,176,176,1.98707,5.359057,11.155905,5.359057,0.0,0.0,0.0,0,176,0.5,0.5,0.0,5,0.0,0.0
Iris,SM,4,B3,17,7,8,1,17->16->15->7,17->16->15->7->8,2.409729,inf,0.0,208,208,3.039601,2.788622,9.638002,2.788622,0.0,0.0,0.0,0,208,0.5,0.5,0.0,5,0.0,0.0
Iris,SM,4,B3,18,7,7,0,18->10->1->2->7,18->17->16->15->7,3.083801,inf,0.0,176,176,2.693217,5.359057,11.862052,5.359057,0.0,0.0,0.0,0,176,0.5,0.5,0.0,5,0.0,0.0
Iris,SM,4,B3,19,7,3,1,19->15->7,19->15->16->17->37->1->4->3,1.851072,inf,0.0,159,159,2.55149,7.541478,13.902747,7.541478,0.0,0.0,0.0,0,159,0.5,0.5,0.0,5,0.0,0.0
Iris,SM,4,B3,20,7,1,1,20->19->15->7,20->19->15->16->17->37->1,2.024382,inf,0.0,177,177,2.050956,4.492363,10.353098,4.492363,0.0,0.0,0.0,0,177,0.5,0.5,0.0,5,0.0,0.0
Iris,SM,4,B3,21,7,2,1,21->20->19->15->7,21->20->19->15->7->2,2.224013,inf,0.0,212,212,2.854281,5.896226,12.560287,5.896226,0.0,0.0,0.0,0,212,0.5,0.5,0.0,5,0.0,0.0
Iris,SM,4,B3,22,8,8,0,22->23->11->30->33->34->1->2->7->8,22->23->11->30->33->34->1->2->7->8,7.363823,inf,0.0,144,144,7.363823,2.788622,13.962224,2.788622,0.0,0.0,0.0,0,144,0.5,0.5,0.0,5,0.0,0.0
Iris,SM,4,B3,23,7,7,0,23->11->30->33->34->1->2->7,23->11->30->33->34->1->2->7,6.093097,inf,0.0,150,150,6.093097,5.359057,15.261932,5.359057,0.0,0.0,0.0,0,150,0.5,0.5,0.0,5,0.0,0.0
Iris,SM,4,B3,24,7,7,0,24->15->7,24->15->7,2.836246,inf,0.0,109,109,2.836246,5.359057,12.005082,5.359057,0.0,0.0,0.0,0,109,0.5,0.5,0.0,5,0.0,0.0
Iris,SM,4,B3,25,7,4,1,25->24->15->7,25->24->27->14->35->36->1->4,3.113534,inf,0.0,209,209,3.205965,8.912656,15.9284,8.912656,0.0,0.0,0.0,0,209,0.5,0.5,0.0,5,0.0,0.0
Iris,SM,4,B3,26,6,6,0,26->27->24->15->7->6,26->27->24->15->7->6,4.960932,inf,0.0,200,200,4.960932,3.85208,12.622791,3.85208,0.0,0.0,0.0,0,200,0.5,0.5,0.0,5,0.0,0.0
Iris,SM,4,B3,27,6,6,0,27->24->15->7->6,27->24->15->7->6,4.675743,inf,0.0,186,186,4.675743,3.85208,12.337602,3.85208,0.0,0.0,0.0,0,186,0.5,0.5,0.0,5,0.0,0.0
Iris,SM,4,B3,28,6,2,1,28->29->24->15->7->6,28->29->26->27->14->35->36->1->2,5.568087,inf,0.0,200,200,4.2494,5.896226,13.955405,5.896226,0.0,0.0,0.0,0,200.0,0.5,0.5,0.0,5,0.0,0.0
Iris,SM,4,B3,29,6,6,0,29->24->15->7->6,29->24->15->7->6,5.170417,inf,0.0,169,169,5.170417,3.85208,12.832277,3.85208,0.0,0.0,0.0,0,169.0,0.5,0.5,0.0,5,0.0,0.0
Iris,SM,4,B3,30,6,1,1,30->33->34->1->2->7->6,30->33->34->1,6.068207,inf,0.0,227,227,2.979762,4.492363,11.281904,4.492363,0.0,0.0,0.0,0,227.0,0.5,0.5,0.0,5,0.0,0.0
Iris,SM,4,B3,31,6,3,1,31->28->29->24->15->7->6,31->30->33->34->1->4->3,6.377926,inf,0.0,162,162,3.903209,7.541478,15.254466,7.541478,0.0,0.0,0.0,0,162,0.5,0.5,0.0,5,0.0,0.0
Iris,SM,4,B3,32,6,6,0,32->24->15->7->6,32->34->1->2->7->6,5.363589,inf,0.0,196,196,4.773404,3.85208,12.435263,3.85208,0.0,0.0,0.0,0,196,0.5,0.5,0.0,5,0.0,0.0
Iris,SM,4,B3,33,6,6,0,33->34->1->2->7->6,33->34->1->2->7->6,5.564951,inf,0.0,174,174,5.564951,3.85208,13.22681,3.85208,0.0,0.0,0.0,0,174.0,0.5,0.5,0.0,5,0.0,0.0
Iris,SM,4,B3,34,5,1,1,34->1->2->7->8->5,34->1,3.708604,inf,0.0,182,182,1.033173,4.492363,9.335314,4.492363,0.0,0.0,0.0,0,182.0,0.5,0.5,0.0,5,0.0,0.0
Iris,SM,4,B3,35,5,5,0,35->36->1->2->7->8->5,35->36->1->2->7->8->5,3.707952,inf,0.0,202,202,3.707952,3.469813,10.987543,3.469813,0.0,0.0,0.0,0,202,0.5,0.5,0.0,5,0.0,0.0
Iris,SM,4,B3,36,5,5,0,36->1->2->7->8->5,36->1->2->7->8->5,3.466923,inf,0.0,209,209,3.466923,3.469813,10.746515,3.469813,0.0,0.0,0.0,0,209,0.5,0.5,0.0,5,0.0,0.0
Iris,SM,4,B3,37,5,5,0,37->1->2->7->8->5,37->1->2->7->8->5,3.135453,inf,0.0,150,150,3.135453,3.469813,10.415045,3.469813,0.0,0.0,0.0,0,150,0.5,0.5,0.0,5,0.0,0.0
Iris,SM,4,B3,38,5,2,1,38->30->33->34->1->2->7->8->5,38->30->33->34->1->2,6.077434,inf,0.0,217,217,4.396229,5.896226,14.102235,5.896226,0.0,0.0,0.0,0,217,0.5,0.5,0.0,5,0.0,0.0
Iris,SM,4,B3,39,5,5,0,39->33->34->1->2->7->8->5,39->33->34->1->2->7->8->5,5.379162,inf,0.0,184,184,5.379162,3.469813,12.658753,3.469813,0.0,0.0,0.0,0,184,0.5,0.5,0.0,5,0.0,0.0
Iris,SM,4,B3,40,5,3,1,40->39->33->34->1->2->7->8->5,40->39->33->34->1->4->3,5.51333,inf,0.0,149,149,3.511743,7.541478,14.863,7.541478,0.0,0.0,0.0,0,149,0.5,0.5,0.0,5,0.0,0.0
Iris,SM,4,B3,41,5,5,0,41->40->39->33->34->1->2->7->8->5,41->40->39->33->34->1->2->7->8->5,5.63847,inf,0.0,212,212,5.63847,3.469813,12.918062,3.469813,0.0,0.0,0.0,0,212,0.5,0.5,0.0,5,0.0,0.0
Iris,SM,4,B3,42,4,8,1,42->3->4,42->3->4->1->2->7->8,0.643068,inf,0.0,162,162,3.274693,2.788622,9.873094,2.788622,0.0,0.0,0.0,0,162,0.5,0.5,0.0,5,0.0,0.0
Iris,SM,4,B3,43,4,3,1,43->3->4,43->3,0.662826,inf,0.0,151,151,0.366238,7.541478,11.717496,7.541478,0.0,0.0,0.0,0,151,0.5,0.5,0.0,5,0.0,0.0
Iris,SM,4,B3,44,4,1,1,44->50->49->48->33->34->1->4,44->50->49->48->33->34->1,4.390952,inf,0.0,210,210,4.013694,4.492363,12.315836,4.492363,0.0,0.0,0.0,0,210,0.5,0.5,0.0,5,0.0,0.0
Iris,SM,4,B3,45,4,8,1,45->46->47->48->33->34->1->4,45->46->47->48->33->34->1->2->7->8,4.310371,inf,0.0,174,174,6.187481,2.788622,12.785882,2.788622,0.0,0.0,0.0,0,174,0.5,0.5,0.0,5,0.0,0.0
Iris,SM,4,B3,46,4,3,1,46->47->48->33->34->1->4,46->47->48->33->34->1->4->3,3.794999,inf,0.0,195,195,4.091586,7.541478,15.442843,7.541478,0.0,0.0,0.0,0,195,0.5,0.5,0.0,5,0.0,0.0
Iris,SM,4,B3,47,4,2,1,47->48->33->34->1->4,47->48->33->34->1->2,3.589011,inf,0.0,215,215,4.205981,5.896226,13.911986,5.896226,0.0,0.0,0.0,0,215,0.5,0.5,0.0,5,0.0,0.0
Iris,SM,4,B3,48,4,7,1,48->33->34->1->4,48->33->34->1->2->7,3.210025,inf,0.0,156,156,4.457263,5.359057,13.626099,5.359057,0.0,0.0,0.0,0,156.0,0.5,0.5,0.0,5,0.0,0.0
Iris,SM,4,B3,49,4,8,1,49->48->33->34->1->4,49->48->33->34->1->2->7->8,3.465247,inf,0.0,170,170,5.342357,2.788622,11.940759,2.788622,0.0,0.0,0.0,0,170,0.5,0.5,0.0,5,0.0,0.0
Iris,SM,4,B3,50,3,7,1,50->49->48->33->34->1->4->3,50->49->48->33->34->1->2->7,4.104148,9.35568,0.0,213,213,5.054798,5.359057,14.223634,5.359057,4.867954,0.0,0.0,0,213,0.5,0.5,0.0,5,0.0,0.0
Iris,SM,4,B3,51,3,4,1,51->3,51->3->4,0.347091,5.598623,0.0,217,217,0.643678,8.912656,13.366113,8.912656,7.76749,0.0,0.0,0,217,0.5,0.5,0.0,5,0.0,0.0
Iris,SM,4,MCF_ARC,1,1,1,0,1,1,0.0,4.661858,0.0,184,184,0.0,1.271562,5.076243,1.266464,0.0,0.0,0.0,0,184.0,0.5,0.5,0.0,5,0.0,0.0
Iris,SM,4,MCF_ARC,2,2,2,0,2,2,0.0,4.64548,0.0,161,161,0.0,12.235074,14.055681,10.245902,0.0,0.0,0.0,0,161,0.5,0.5,0.0,5,0.0,0.0
Iris,SM,4,MCF_ARC,3,3,3,0,3,3,0.0,5.251532,0.0,234,234,0.0,3.130129,6.862282,3.052503,0.0,0.0,0.0,0,234,0.5,0.5,0.0,5,0.0,0.0
Iris,SM,4,MCF_ARC,4,4,4,0,4,4,0.0,inf,0.0,194,194,0.0,4.916026,8.567153,4.757374,0.0,0.0,0.0,0,194.0,0.5,0.5,0.0,5,0.0,0.0
Iris,SM,4,MCF_ARC,5,5,5,0,5,5,0.0,inf,0.0,186,186,0.0,13.774723,17.286868,13.477089,0.0,0.0,0.0,0,186,0.5,0.5,0.0,5,0.0,0.0
Iris,SM,4,MCF_ARC,6,6,6,0,6,6,0.0,inf,0.0,173,173,0.0,14.419359,17.776259,13.96648,0.0,0.0,0.0,0,173,0.5,0.5,0.0,5,0.0,0.0
Iris,SM,4,MCF_ARC,7,7,7,0,7,7,0.0,inf,0.0,191,191,0.0,13.999304,16.864609,13.05483,0.0,0.0,0.0,0,191,0.5,0.5,0.0,5,0.0,0.0
Iris,SM,4,MCF_ARC,8,8,8,0,8,8,0.0,inf,0.0,205,205,0.0,13.186028,15.916316,12.106538,0.0,0.0,0.0,0,205,0.5,0.5,0.0,5,0.0,0.0
Iris,SM,4,MCF_ARC,9,8,8,0,9->6->5->8,9->6->5->8,1.295322,inf,0.0,175,175,1.295322,13.186028,17.211638,12.106538,0.0,0.0,0.0,0,175,0.5,0.5,0.0,5,0.0,0.0
Iris,SM,4,MCF_ARC,10,8,7,1,10->1->2->7->8,10->1->2->7,2.980337,inf,0.0,202,202,2.350464,13.999304,19.215073,13.05483,0.0,0.0,0.0,0,202,0.5,0.5,0.0,5,0.0,0.0
Iris,SM,4,MCF_ARC,11,8,7,1,11->30->33->34->1->2->7->8,11->30->33->34->1->2->7,6.469193,inf,0.0,184,184,5.83932,13.999304,22.70393,13.05483,0.0,0.0,0.0,0,184,0.5,0.5,0.0,5,0.0,0.0
Iris,SM,4,MCF_ARC,12,8,8,0,12->21->20->19->15->7->8,12->21->20->19->15->7->8,3.375342,inf,0.0,155,155,3.375342,13.186028,19.291658,12.106538,0.0,0.0,0.0,0,155,0.5,0.5,0.0,5,0.0,0.0
Iris,SM,4,MCF_ARC,13,8,8,0,13->12->21->20->19->15->7->8,13->12->21->20->19->15->7->8,3.636617,inf,0.0,183,183,3.636617,13.186028,19.552933,12.106538,0.0,0.0,0.0,0,183,0.5,0.5,0.0,5,0.0,0.0
Iris,SM,4,MCF_ARC,14,8,8,0,14->34->1->2->7->8,14->35->36->1->2->7->8,3.891701,inf,0.0,178,178,3.712682,13.186028,19.628999,12.106538,0.0,0.0,0.0,0,178,0.5,0.5,0.0,5,0.0,0.0
Iris,SM,4,MCF_ARC,15,8,2,1,15->7->8,15->7->2,2.248034,inf,0.0,175,175,2.248429,12.235074,16.30411,10.245902,0.0,0.0,0.0,0,175,0.5,0.5,0.0,5,0.0,0.0
Iris,SM,4,MCF_ARC,16,8,2,1,16->15->7->8,16->15->7->2,2.616942,inf,0.0,176,176,2.617338,12.235074,16.673018,10.245902,0.0,0.0,0.0,0,176,0.5,0.5,0.0,5,0.0,0.0
Iris,SM,4,MCF_ARC,17,7,1,1,17->16->15->7,17->18->10->1,2.409729,inf,0.0,208,208,1.742794,1.271562,6.819037,1.266464,0.0,0.0,0.0,0,208,0.5,0.5,0.0,5,0.0,0.0
Iris,SM,4,MCF_ARC,18,7,1,1,18->10->1->2->7,18->10->1,3.083801,inf,0.0,176,176,1.459306,1.271562,6.535549,1.266464,0.0,0.0,0.0,0,176,0.5,0.5,0.0,5,0.0,0.0
Iris,SM,4,MCF_ARC,19,7,7,0,19->15->7,19->15->7,1.851072,inf,0.0,159,159,1.851072,13.999304,18.715681,13.05483,0.0,0.0,0.0,0,159,0.5,0.5,0.0,5,0.0,0.0
Iris,SM,4,MCF_ARC,20,7,2,1,20->19->15->7,20->19->15->7->2,2.024382,inf,0.0,177,177,2.65465,12.235074,16.71033,10.245902,0.0,0.0,0.0,0,177,0.5,0.5,0.0,5,0.0,0.0
Iris,SM,4,MCF_ARC,21,7,2,1,21->20->19->15->7,21->20->19->15->7->2,2.224013,inf,0.0,212,212,2.854281,12.235074,16.909962,10.245902,0.0,0.0,0.0,0,212,0.5,0.5,0.0,5,0.0,0.0
Iris,SM,4,MCF_ARC,22,8,8,0,22->23->11->30->33->34->1->2->7->8,22->23->11->30->33->34->1->2->7->8,7.363823,inf,0.0,144,144,7.363823,13.186028,23.28014,12.106538,0.0,0.0,0.0,0,144,0.5,0.5,0.0,5,0.0,0.0
Iris,SM,4,MCF_ARC,23,7,2,1,23->11->30->33->34->1->2->7,23->11->30->33->34->1->2,6.093097,inf,0.0,150,150,5.462829,12.235074,19.518509,10.245902,0.0,0.0,0.0,0,150,0.5,0.5,0.0,5,0.0,0.0
Iris,SM,4,MCF_ARC,24,7,7,0,24->15->7,24->15->7,2.836246,inf,0.0,109,109,2.836246,13.999304,19.700855,13.05483,0.0,0.0,0.0,0,109,0.5,0.5,0.0,5,0.0,0.0
Iris,SM,4,MCF_ARC,25,7,7,0,25->24->15->7,25->24->15->7,3.113534,inf,0.0,209,209,3.113534,13.999304,19.978144,13.05483,0.0,0.0,0.0,0,209,0.5,0.5,0.0,5,0.0,0.0
Iris,SM,4,MCF_ARC,26,6,6,0,26->27->24->15->7->6,26->27->24->15->7->6,4.960932,inf,0.0,200,200,4.960932,14.419359,22.737191,13.96648,0.0,0.0,0.0,0,200,0.5,0.5,0.0,5,0.0,0.0
Iris,SM,4,MCF_ARC,27,6,6,0,27->24->15->7->6,27->24->15->7->6,4.675743,inf,0.0,186,186,4.675743,14.419359,22.452003,13.96648,0.0,0.0,0.0,0,186,0.5,0.5,0.0,5,0.0,0.0
Iris,SM,4,MCF_ARC,28,6,6,0,28->29->24->15->7->6,28->29->24->15->7->6,5.568087,inf,0.0,200,200,5.568087,14.419359,23.344346,13.96648,0.0,0.0,0.0,0,200.0,0.5,0.5,0.0,5,0.0,0.0
Iris,SM,4,MCF_ARC,29,6,6,0,29->24->15->7->6,29->24->15->7->6,5.170417,inf,0.0,169,169,5.170417,14.419359,22.946677,13.96648,0.0,0.0,0.0,0,169.0,0.5,0.5,0.0,5,0.0,0.0
Iris,SM,4,MCF_ARC,30,6,7,1,30->33->34->1->2->7->6,30->33->34->1->2->7,6.068207,inf,0.0,227,227,4.604257,13.999304,21.468866,13.05483,0.0,0.0,0.0,0,227.0,0.5,0.5,0.0,5,0.0,0.0
Iris,SM,4,MCF_ARC,31,6,6,0,31->28->29->24->15->7->6,31->30->33->34->1->2->7->6,6.377926,inf,0.0,162,162,6.31781,14.419359,24.094069,13.96648,0.0,0.0,0.0,0,162,0.5,0.5,0.0,5,0.0,0.0
Iris,SM,4,MCF_ARC,32,6,6,0,32->24->15->7->6,32->34->1->2->7->6,5.363589,inf,0.0,196,196,4.773404,14.419359,22.549663,13.96648,0.0,0.0,0.0,0,196,0.5,0.5,0.0,5,0.0,0.0
Iris,SM,4,MCF_ARC,33,6,5,1,33->34->1->2->7->6,33->34->1->2->7->8->5,5.564951,inf,0.0,174,174,5.151937,13.774723,22.438805,13.477089,0.0,0.0,0.0,0,174.0,0.5,0.5,0.0,5,0.0,0.0
Iris,SM,4,MCF_ARC,34,5,5,0,34->1->2->7->8->5,34->1->2->7->8->5,3.708604,inf,0.0,182,182,3.708604,13.774723,20.995472,13.477089,0.0,0.0,0.0,0,182.0,0.5,0.5,0.0,5,0.0,0.0
Iris,SM,4,MCF_ARC,35,5,5,0,35->36->1->2->7->8->5,35->36->1->2->7->8->5,3.707952,inf,0.0,202,202,3.707952,13.774723,20.99482,13.477089,0.0,0.0,0.0,0,202,0.5,0.5,0.0,5,0.0,0.0
Iris,SM,4,MCF_ARC,36,5,2,1,36->1->2->7->8->5,36->1->2,3.466923,inf,0.0,209,209,1.785719,12.235074,15.841399,10.245902,0.0,0.0,0.0,0,209,0.5,0.5,0.0,5,0.0,0.0
Iris,SM,4,MCF_ARC,37,5,8,1,37->1->2->7->8->5,37->17->16->15->7->8,3.135453,inf,0.0,150,150,3.432747,13.186028,19.349064,12.106538,0.0,0.0,0.0,0,150,0.5,0.5,0.0,5,0.0,0.0
Iris,SM,4,MCF_ARC,38,5,5,0,38->30->33->34->1->2->7->8->5,38->30->33->34->1->2->7->8->5,6.077434,inf,0.0,217,217,6.077434,13.774723,23.364302,13.477089,0.0,0.0,0.0,0,217,0.5,0.5,0.0,5,0.0,0.0
Iris,SM,4,MCF_ARC,39,5,5,0,39->33->34->1->2->7->8->5,39->33->34->1->2->7->8->5,5.379162,inf,0.0,184,184,5.379162,13.774723,22.66603,13.477089,0.0,0.0,0.0,0,184,0.5,0.5,0.0,5,0.0,0.0
Iris,SM,4,MCF_ARC,40,5,8,1,40->39->33->34->1->2->7->8->5,40->39->33->34->1->2->7->8,5.51333,inf,0.0,149,149,5.092265,13.186028,21.008582,12.106538,0.0,0.0,0.0,0,149,0.5,0.5,0.0,5,0.0,0.0
Iris,SM,4,MCF_ARC,41,5,5,0,41->40->39->33->34->1->2->7->8->5,41->40->39->33->34->1->2->7->8->5,5.63847,inf,0.0,212,212,5.63847,13.774723,22.925338,13.477089,0.0,0.0,0.0,0,212,0.5,0.5,0.0,5,0.0,0.0
Iris,SM,4,MCF_ARC,42,4,4,0,42->3->4,42->3->4,0.643068,inf,0.0,162,162,0.643068,4.916026,9.210221,4.757374,0.0,0.0,0.0,0,162,0.5,0.5,0.0,5,0.0,0.0
Iris,SM,4,MCF_ARC,43,4,3,1,43->3->4,43->3,0.662826,inf,0.0,151,151,0.366238,3.130129,7.22852,3.052503,0.0,0.0,0.0,0,151,0.5,0.5,0.0,5,0.0,0.0
Iris,SM,4,MCF_ARC,44,4,4,0,44->50->49->48->33->34->1->4,44->50->49->48->33->34->1->4,4.390952,inf,0.0,210,210,4.390952,4.916026,12.958105,4.757374,0.0,0.0,0.0,0,210,0.5,0.5,0.0,5,0.0,0.0
Iris,SM,4,MCF_ARC,45,4,4,0,45->46->47->48->33->34->1->4,45->46->47->48->33->34->1->4,4.310371,inf,0.0,174,174,4.310371,4.916026,12.877524,4.757374,0.0,0.0,0.0,0,174,0.5,0.5,0.0,5,0.0,0.0
Iris,SM,4,MCF_ARC,46,4,4,0,46->47->48->33->34->1->4,46->47->48->33->34->1->4,3.794999,inf,0.0,195,195,3.794999,4.916026,12.362152,4.757374,0.0,0.0,0.0,0,195,0.5,0.5,0.0,5,0.0,0.0
Iris,SM,4,MCF_ARC,47,4,3,1,47->48->33->34->1->4,47->48->33->34->1->4->3,3.589011,inf,0.0,215,215,3.885599,3.130129,10.747881,3.052503,0.0,0.0,0.0,0,215,0.5,0.5,0.0,5,0.0,0.0
Iris,SM,4,MCF_ARC,48,4,4,0,48->33->34->1->4,48->33->34->1->4,3.210025,inf,0.0,156,156,3.210025,4.916026,11.777178,4.757374,0.0,0.0,0.0,0,156.0,0.5,0.5,0.0,5,0.0,0.0
Iris,SM,4,MCF_ARC,49,4,4,0,49->48->33->34->1->4,49->48->33->34->1->4,3.465247,inf,0.0,170,170,3.465247,4.916026,12.0324,4.757374,0.0,0.0,0.0,0,170,0.5,0.5,0.0,5,0.0,0.0
Iris,SM,4,MCF_ARC,50,3,3,0,50->49->48->33->34->1->4->3,50->49->48->33->34->1->4->3,4.104148,9.35568,0.0,213,213,4.104148,3.130129,10.96643,3.052503,0.0,0.0,0.0,0,213,0.5,0.5,0.0,5,0.0,0.0
Iris,SM,4,MCF_ARC,51,3,3,0,51->3,51->3,0.347091,5.598623,0.0,217,217,0.347091,3.130129,7.209373,3.052503,0.0,0.0,0.0,0,217,0.5,0.5,0.0,5,0.0,0.0
Uninett2010,SM,0,B1,1,1,1,0,1,,0.0,15.468999,0.0,154,154,0.0,19.157088,33.785186,19.157088,0.0,0.0,0.0,0,154.0,0.5,0.5,0.0,5,0.0,0.0
Uninett2010,SM,0,B1,2,2,2,0,2,,0.0,15.49842,0.0,171,171,0.0,0.870322,15.49842,0.870322,0.0,0.0,0.0,0,171.0,0.5,0.5,0.0,5,0.0,0.0
Uninett2010,SM,0,B1,3,3,3,0,3,,0.0,15.522712,0.0,163,163,0.0,0.894614,15.522712,0.894614,0.0,0.0,0.0,0,163,0.5,0.5,0.0,5,0.0,0.0
Uninett2010,SM,0,B1,4,4,4,0,4,,0.0,15.467587,0.0,152,152,0.0,6.443299,21.071397,6.443299,0.0,0.0,0.0,0,152.0,0.5,0.5,0.0,5,0.0,0.0
Uninett2010,SM,0,B1,5,5,8,1,5,,0.0,inf,0.0,216,216,0.0,1666.666667,1681.294764,1666.666667,0.0,0.0,0.0,0,216,0.5,0.5,0.0,5,0.0,0.0
Uninett2010,SM,0,B1,6,6,6,0,6,,0.0,inf,0.0,179,179,0.0,9.276438,23.904535,9.276438,0.0,0.0,0.0,0,179,0.5,0.5,0.0,5,0.0,0.0
Uninett2010,SM,0,B1,7,7,7,0,7,,0.0,inf,0.0,202,202,0.0,263.157895,277.785992,263.157895,0.0,0.0,0.0,0,202,0.5,0.5,0.0,5,0.0,0.0
Uninett2010,SM,0,B1,8,8,8,0,8,,0.0,inf,0.0,220,220,0.0,1666.666667,1681.294764,1666.666667,0.0,0.0,0.0,0,220,0.5,0.5,0.0,5,0.0,0.0
Uninett2010,SM,0,B1,9,9,9,0,9,,0.0,inf,0.0,191,191,0.0,25.773196,40.401293,25.773196,0.0,0.0,0.0,0,191.0,0.5,0.5,0.0,5,0.0,0.0
Uninett2010,SM,0,B1,10,10,10,0,10,,0.0,inf,0.0,183,183,0.0,13.927577,28.555674,13.927577,0.0,0.0,0.0,0,183,0.5,0.5,0.0,5,0.0,0.0
Uninett2010,SM,0,B1,11,11,11,0,11,,0.0,inf,0.0,180,180,0.0,555.555556,570.183653,555.555556,0.0,0.0,0.0,0,180,0.5,0.5,0.0,5,0.0,0.0
Uninett2010,SM,0,B1,12,12,12,0,12,,0.0,inf,0.0,121,121,0.0,17.421603,32.0497,17.421603,0.0,0.0,0.0,0,121,0.5,0.5,0.0,5,0.0,0.0
Uninett2010,SM,0,B1,13,12,12,0,13->15->27->67->4->11->12,,17.052426,inf,0.0,166,166,17.052426,17.421603,49.102127,17.421603,0.0,0.0,0.0,0,166,0.5,0.5,0.0,5,0.0,0.0
Uninett2010,SM,0,B1,14,12,12,0,14->13->15->27->67->4->11->12,,17.456292,inf,0.0,147,147,17.456292,17.421603,49.505993,17.421603,0.0,0.0,0.0,0,147,0.5,0.5,0.0,5,0.0,0.0
Uninett2010,SM,0,B1,15,12,4,1,15->27->67->4->11->12,,14.684947,inf,0.0,187,187,13.935624,6.443299,35.00702,6.443299,0.0,0.0,0.0,0,187,0.5,0.5,0.0,5,0.0,0.0
Uninett2010,SM,0,B1,16,12,4,1,16->9->68->2->4->11->12,,14.267606,inf,0.0,184,184,13.518283,6.443299,34.589679,6.443299,0.0,0.0,0.0,0,184,0.5,0.5,0.0,5,0.0,0.0
Uninett2010,SM,0,B1,17,12,12,0,17->18->42->4->11->12,,4.528884,inf,0.0,144,144,4.528884,17.421603,36.578584,17.421603,0.0,0.0,0.0,0,144,0.5,0.5,0.0,5,0.0,0.0
Uninett2010,SM,0,B1,18,12,12,0,18->42->4->11->12,,3.807045,inf,0.0,165,165,3.807045,17.421603,35.856745,17.421603,0.0,0.0,0.0,0,165.0,0.5,0.5,0.0,5,0.0,0.0
Uninett2010,SM,0,B1,19,12,12,0,19->50->51->6->11->12,,1.613292,inf,0.0,171,171,1.613292,17.421603,33.662992,17.421603,0.0,0.0,0.0,0,171,0.5,0.5,0.0,5,0.0,0.0
Uninett2010,SM,0,B1,20,12,12,0,20->19->50->51->6->11->12,,2.525959,inf,0.0,193,193,2.525959,17.421603,34.575659,17.421603,0.0,0.0,0.0,0,193,0.5,0.5,0.0,5,0.0,0.0
Uninett2010,SM,0,B1,21,11,11,0,21->50->51->6->11,,1.442156,inf,0.0,207,207,1.442156,555.555556,571.625809,555.555556,0.0,0.0,0.0,0,207,0.5,0.5,0.0,5,0.0,0.0
Uninett2010,SM,0,B1,22,11,11,0,22->23->50->51->6->11,,2.726411,inf,0.0,179,179,2.304621,555.555556,572.488274,555.555556,0.0,0.0,0.0,0,179,0.5,0.5,0.0,5,0.0,0.0
Uninett2010,SM,0,B1,23,11,11,0,23->50->51->6->11,,2.314263,inf,0.0,202,202,2.314263,555.555556,572.497916,555.555556,0.0,0.0,0.0,0,202,0.5,0.5,0.0,5,0.0,0.0
Uninett2010,SM,0,B1,24,11,11,0,24->23->4->11,,4.484351,inf,0.0,185,185,3.918869,555.555556,574.102522,555.555556,0.0,0.0,0.0,0,185,0.5,0.5,0.0,5,0.0,0.0
Uninett2010,SM,0,B1,25,11,1,1,25->24->23->4->11,,4.615366,inf,0.0,187,187,4.258067,19.157088,38.043253,19.157088,0.0,0.0,0.0,0,187,0.5,0.5,0.0,5,0.0,0.0
Uninett2010,SM,0,B1,26,12,12,0,26->24->42->4->11->12,,5.97027,inf,0.0,154,154,4.872203,17.421603,36.921903,17.421603,0.0,0.0,0.0,0,154,0.5,0.5,0.0,5,0.0,0.0
Uninett2010,SM,0,B1,27,11,1,1,27->67->4->11,,12.174667,inf,0.0,169,169,11.817368,19.157088,45.602554,19.157088,0.0,0.0,0.0,0,169.0,0.5,0.5,0.0,5,0.0,0.0
Uninett2010,SM,0,B1,28,11,11,0,28->12->11,,0.625462,inf,0.0,190,190,0.625462,555.555556,570.809115,555.555556,0.0,0.0,0.0,0,190,0.5,0.5,0.0,5,0.0,0.0
Uninett2010,SM,0,B1,29,10,10,0,29->34->30->10,,10.455167,inf,0.0,162,162,10.455167,13.927577,39.010841,13.927577,0.0,0.0,0.0,0,162.0,0.5,0.5,0.0,5,0.0,0.0
Uninett2010,SM,0,B1,30,10,10,0,30->10,,0.53955,inf,0.0,194,194,0.53955,13.927577,29.095224,13.927577,0.0,0.0,0.0,0,194,0.5,0.5,0.0,5,0.0,0.0
Uninett2010,SM,0,B1,31,10,10,0,31->30->10,,0.998306,inf,0.0,156,156,0.998306,13.927577,29.553981,13.927577,0.0,0.0,0.0,0,156,0.5,0.5,0.0,5,0.0,0.0
Uninett2010,SM,0,B1,32,10,10,0,32->16->9->30->10,,4.657789,inf,0.0,211,211,4.253285,13.927577,32.808959,13.927577,0.0,0.0,0.0,0,211,0.5,0.5,0.0,5,0.0,0.0
Uninett2010,SM,0,B1,33,10,4,1,33->38->40->10,,5.2953,inf,0.0,195,195,5.276277,6.443299,26.347674,6.443299,0.0,0.0,0.0,0,195,0.5,0.5,0.0,5,0.0,0.0
Uninett2010,SM,0,B1,34,10,10,0,34->30->10,,10.455167,inf,0.0,149,149,10.455167,13.927577,39.010841,13.927577,0.0,0.0,0.0,0,149.0,0.5,0.5,0.0,5,0.0,0.0
Uninett2010,SM,0,B1,35,10,1,1,35->67->27->10,,10.222941,inf,0.0,140,140,4.773085,19.157088,38.558271,19.157088,0.0,0.0,0.0,0,140,0.5,0.5,0.0,5,0.0,0.0
Uninett2010,SM,0,B1,36,10,10,0,36->37->40->10,,3.428649,inf,0.0,154,154,3.428649,13.927577,31.984323,13.927577,0.0,0.0,0.0,0,154,0.5,0.5,0.0,5,0.0,0.0
Uninett2010,SM,0,B1,37,9,4,1,37->40->30->9,,4.613691,inf,0.0,277,277,7.266298,6.443299,28.337694,6.443299,0.0,0.0,0.0,0,277,0.5,0.5,0.0,5,0.0,0.0
Uninett2010,SM,0,B1,38,9,9,0,38->40->30->9,,4.345203,inf,0.0,178,178,4.345203,25.773196,44.746496,25.773196,0.0,0.0,0.0,0,178,0.5,0.5,0.0,5,0.0,0.0
Uninett2010,SM,0,B1,39,9,9,0,39->38->68->9,,11.563165,inf,0.0,185,185,4.345203,25.773196,44.746496,25.773196,0.0,0.0,0.0,0,185,0.5,0.5,0.0,5,0.0,0.0
Uninett2010,SM,0,B1,40,9,9,0,40->30->9,,3.260423,inf,0.0,199,199,3.260423,25.773196,43.661716,25.773196,0.0,0.0,0.0,0,199,0.5,0.5,0.0,5,0.0,0.0
Uninett2010,SM,0,B1,41,9,9,0,41->18->67->27->9,,13.54012,inf,0.0,182,182,12.153042,25.773196,52.554335,25.773196,0.0,0.0,0.0,0,182,0.5,0.5,0.0,5,0.0,0.0
Uninett2010,SM,0,B1,42,9,9,0,42->4->67->27->9,,14.87509,inf,0.0,161,161,12.198255,25.773196,52.599549,25.773196,0.0,0.0,0.0,0,161.0,0.5,0.5,0.0,5,0.0,0.0
Uninett2010,SM,0,B1,43,9,9,0,43->67->27->9,,10.294779,inf,0.0,162,162,10.294779,25.773196,50.696073,25.773196,0.0,0.0,0.0,0,162,0.5,0.5,0.0,5,0.0,0.0
Uninett2010,SM,0,B1,44,8,7,1,44->41->18->42->1->2->7->8,,5.767926,inf,0.0,138,138,5.288969,263.157895,283.074961,263.157895,0.0,0.0,0.0,0,138,0.5,0.5,0.0,5,0.0,0.0
Uninett2010,SM,0,B1,45,8,8,0,45->43->67->68->2->7->8,,7.578749,inf,0.0,192,192,6.474132,1666.666667,1687.768896,1666.666667,0.0,0.0,0.0,0,192,0.5,0.5,0.0,5,0.0,0.0
Uninett2010,SM,0,B1,46,8,8,0,46->43->18->42->1->2->7->8,,6.438706,inf,0.0,193,193,6.438706,1666.666667,1687.73347,1666.666667,0.0,0.0,0.0,0,193,0.5,0.5,0.0,5,0.0,0.0
Uninett2010,SM,0,B1,47,8,5,1,47->69->68->2->7->8,,5.967878,inf,0.0,194,194,5.967878,172.413793,193.009769,172.413793,0.0,0.0,0.0,0,194,0.5,0.5,0.0,5,0.0,0.0
Uninett2010,SM,0,B1,48,8,8,0,48->52->68->2->7->8,,5.06438,inf,0.0,190,190,5.06438,1666.666667,1686.359144,1666.666667,0.0,0.0,0.0,0,190,0.5,0.5,0.0,5,0.0,0.0
Uninett2010,SM,0,B1,49,8,5,1,49->32->16->9->68->2->7->8,,16.350212,inf,0.0,153,153,16.350212,172.413793,203.392103,172.413793,0.0,0.0,0.0,0,153,0.5,0.5,0.0,5,0.0,0.0
Uninett2010,SM,0,B1,50,8,8,0,50->51->6->8,,1.081554,inf,0.0,185,185,1.081554,1666.666667,1682.376318,1666.666667,0.0,0.0,0.0,0,185,0.5,0.5,0.0,5,0.0,0.0
Uninett2010,SM,0,B1,51,8,8,0,51->6->8,,0.904003,inf,0.0,177,177,0.904003,1666.666667,1682.198767,1666.666667,0.0,0.0,0.0,0,177,0.5,0.5,0.0,5,0.0,0.0
Uninett2010,SM,0,B1,52,7,7,0,52->68->2->7,,4.380896,inf,0.0,200,200,4.380896,263.157895,282.166889,263.157895,0.0,0.0,0.0,0,200,0.5,0.5,0.0,5,0.0,0.0
Uninett2010,SM,0,B1,53,7,7,0,53->7,,0.0,inf,0.0,242,242,0.0,263.157895,277.785992,263.157895,0.0,0.0,0.0,0,242,0.5,0.5,0.0,5,0.0,0.0
Uninett2010,SM,0,B1,54,7,7,0,54->58->57->2->7,,1.146753,inf,0.0,135,135,1.146753,263.157895,278.932745,263.157895,0.0,0.0,0.0,0,135,0.5,0.5,0.0,5,0.0,0.0
Uninett2010,SM,0,B1,55,7,7,0,55->12->11->6->8->7,,2.303698,inf,0.0,154,154,1.38602,263.157895,279.172012,263.157895,0.0,0.0,0.0,0,154,0.5,0.5,0.0,5,0.0,0.0
Uninett2010,SM,0,B1,56,7,7,0,56->34->30->9->68->2->7,,23.258357,inf,0.0,160,160,20.627765,263.157895,298.413757,263.157895,0.0,0.0,0.0,0,160.0,0.5,0.5,0.0,5,0.0,0.0
Uninett2010,SM,0,B1,57,7,7,0,57->2->7,,0.908766,inf,0.0,162,162,0.908766,263.157895,278.694758,263.157895,0.0,0.0,0.0,0,162,0.5,0.5,0.0,5,0.0,0.0
Uninett2010,SM,0,B1,58,7,4,1,58->57->2->7,,1.146753,inf,0.0,193,193,0.967987,6.443299,22.039384,6.443299,0.0,0.0,0.0,0,193,0.5,0.5,0.0,5,0.0,0.0
Uninett2010,SM,0,B1,59,7,1,1,59->1->2->7,,4.705696,inf,0.0,230,230,4.526931,19.157088,38.312116,19.157088,0.0,0.0,0.0,0,230,0.5,0.5,0.0,5,0.0,0.0
Uninett2010,SM,0,B1,60,6,6,0,60->58->57->12->11->6,,1.64662,inf,0.0,212,212,1.64662,9.276438,25.551155,9.276438,0.0,0.0,0.0,0,212,0.5,0.5,0.0,5,0.0,0.0
Uninett2010,SM,0,B1,61,6,6,0,61->34->30->40->37->36->67->4->11->6,,21.129428,inf,0.0,224,224,21.129428,9.276438,45.033964,9.276438,0.0,0.0,0.0,0,224,0.5,0.5,0.0,5,0.0,0.0
Uninett2010,SM,0,B1,62,6,6,0,62->41->18->42->4->11->6,,5.848391,inf,0.0,171,171,5.848391,9.276438,29.752926,9.276438,0.0,0.0,0.0,0,171,0.5,0.5,0.0,5,0.0,0.0
Uninett2010,SM,0,B1,63,6,6,0,63->34->30->40->37->36->67->4->11->6,,21.129428,inf,0.0,168,168,21.129428,9.276438,45.033964,9.276438,0.0,0.0,0.0,0,168,0.5,0.5,0.0,5,0.0,0.0
Uninett2010,SM,0,B1,64,6,6,0,64->38->37->36->67->4->11->6,,8.467174,inf,0.0,153,153,8.275391,9.276438,32.179926,9.276438,0.0,0.0,0.0,0,153,0.5,0.5,0.0,5,0.0,0.0
Uninett2010,SM,0,B1,65,6,6,0,65->73->74->1->50->51->6,,3.371937,inf,0.0,182,182,2.524649,9.276438,26.429185,9.276438,0.0,0.0,0.0,0,182,0.5,0.5,0.0,5,0.0,0.0
Uninett2010,SM,0,B1,66,6,1,1,66->3->4->11->6,,2.040974,inf,0.0,209,209,1.360545,19.157088,35.145731,19.157088,0.0,0.0,0.0,0,209,0.5,0.5,0.0,5,0.0,0.0
Uninett2010,SM,0,B1,67,6,11,1,67->4->11->6,,4.605011,inf,0.0,152,152,4.281881,555.555556,574.465534,555.555556,0.0,0.0,0.0,0,152.0,0.5,0.5,0.0,5,0.0,0.0
Uninett2010,SM,0,B1,68,5,5,0,68->2->7->8->5,,4.582306,inf,0.0,146,146,4.582306,172.413793,191.624196,172.413793,0.0,0.0,0.0,0,146.0,0.5,0.5,0.0,5,0.0,0.0
Uninett2010,SM,0,B1,69,5,5,0,69->68->2->7->8->5,,4.582306,inf,0.0,181,181,4.582306,172.413793,191.624196,172.413793,0.0,0.0,0.0,0,181.0,0.5,0.5,0.0,5,0.0,0.0
Uninett2010,SM,0,B1,70,5,5,0,70->69->68->2->7->8->5,,5.884185,inf,0.0,172,172,5.884185,172.413793,192.926075,172.413793,0.0,0.0,0.0,0,172,0.5,0.5,0.0,5,0.0,0.0
Uninett2010,SM,0,B1,71,5,5,0,71->72->73->74->1->2->7->8->5,,6.6902,inf,0.0,194,194,6.6902,172.413793,193.732091,172.413793,0.0,0.0,0.0,0,194,0.5,0.5,0.0,5,0.0,0.0
Uninett2010,SM,0,B1,72,5,5,0,72->73->74->1->2->7->8->5,,2.528768,inf,0.0,177,177,2.528768,172.413793,189.570659,172.413793,0.0,0.0,0.0,0,177,0.5,0.5,0.0,5,0.0,0.0
Uninett2010,SM,0,B1,73,5,5,0,73->74->1->2->7->8->5,,2.227223,inf,0.0,174,174,2.227223,172.413793,189.269114,172.413793,0.0,0.0,0.0,0,174,0.5,0.5,0.0,5,0.0,0.0
Uninett2010,SM,0,B1,74,5,1,1,74->1->2->7->8->5,,1.420612,inf,0.0,202,202,0.762889,19.157088,34.548075,19.157088,0.0,0.0,0.0,0,202,0.5,0.5,0.0,5,0.0,0.0
Uninett2010,SM,0,B3,1,1,1,0,1,1,0.0,15.468999,0.0,154,154,0.0,8.532423,23.160521,8.532423,0.0,0.0,0.0,0,154.0,0.5,0.5,0.0,5,0.0,0.0
Uninett2010,SM,0,B3,2,2,2,0,2,2,0.0,15.49842,0.0,171,171,0.0,2.793296,17.421394,2.793296,0.0,0.0,0.0,0,171.0,0.5,0.5,0.0,5,0.0,0.0
Uninett2010,SM,0,B3,3,3,3,0,3,3,0.0,15.522712,0.0,163,163,0.0,1.292324,15.920421,1.292324,0.0,0.0,0.0,0,163,0.5,0.5,0.0,5,0.0,0.0
Uninett2010,SM,0,B3,4,4,4,0,4,4,0.0,15.467587,0.0,152,152,0.0,inf,inf,inf,0.0,0.0,0.0,0,152.0,0.5,0.5,0.0,5,0.0,0.0
Uninett2010,SM,0,B3,5,5,5,0,5,5,0.0,inf,0.0,216,216,0.0,11.520737,26.148835,11.520737,0.0,0.0,0.0,0,216,0.5,0.5,0.0,5,0.0,0.0
Uninett2010,SM,0,B3,6,6,6,0,6,6,0.0,inf,0.0,179,179,0.0,3.013864,17.641961,3.013864,0.0,0.0,0.0,0,179,0.5,0.5,0.0,5,0.0,0.0
Uninett2010,SM,0,B3,7,7,7,0,7,7,0.0,inf,0.0,202,202,0.0,2.284148,16.912246,2.284148,0.0,0.0,0.0,0,202,0.5,0.5,0.0,5,0.0,0.0
Uninett2010,SM,0,B3,8,8,8,0,8,8,0.0,inf,0.0,220,220,0.0,9.124088,23.752185,9.124088,0.0,0.0,0.0,0,220,0.5,0.5,0.0,5,0.0,0.0
Uninett2010,SM,0,B3,9,9,9,0,9,9,0.0,inf,0.0,191,191,0.0,4.98008,19.608177,4.98008,0.0,0.0,0.0,0,191.0,0.5,0.5,0.0,5,0.0,0.0
Uninett2010,SM,0,B3,10,10,10,0,10,10,0.0,inf,0.0,183,183,0.0,4.428698,19.056796,4.428698,0.0,0.0,0.0,0,183,0.5,0.5,0.0,5,0.0,0.0
Uninett2010,SM,0,B3,11,11,11,0,11,11,0.0,inf,0.0,180,180,0.0,2.66809,17.296187,2.66809,0.0,0.0,0.0,0,180,0.5,0.5,0.0,5,0.0,0.0
Uninett2010,SM,0,B3,12,12,12,0,12,12,0.0,inf,0.0,121,121,0.0,4.642526,19.270623,4.642526,0.0,0.0,0.0,0,121,0.5,0.5,0.0,5,0.0,0.0
Uninett2010,SM,0,B3,13,12,12,0,13->15->27->67->4->11->12,13->15->27->67->4->11->12,17.052426,inf,0.0,166,166,17.052426,4.642526,36.32305,4.642526,0.0,0.0,0.0,0,166,0.5,0.5,0.0,5,0.0,0.0
Uninett2010,SM,0,B3,14,12,12,0,14->13->15->27->67->4->11->12,14->13->15->27->67->4->11->12,17.456292,inf,0.0,147,147,17.456292,4.642526,36.726915,4.642526,0.0,0.0,0.0,0,147,0.5,0.5,0.0,5,0.0,0.0
Uninett2010,SM,0,B3,15,12,12,0,15->27->67->4->11->12,15->27->67->4->11->12,14.684947,inf,0.0,187,187,14.684947,4.642526,33.95557,4.642526,0.0,0.0,0.0,0,187,0.5,0.5,0.0,5,0.0,0.0
Uninett2010,SM,0,B3,16,12,12,0,16->9->68->2->4->11->12,16->9->27->67->4->11->12,14.267606,inf,0.0,184,184,14.267606,4.642526,33.538229,4.642526,0.0,0.0,0.0,0,184,0.5,0.5,0.0,5,0.0,0.0
Uninett2010,SM,0,B3,17,12,12,0,17->18->42->4->11->12,17->18->42->4->11->12,4.528884,inf,0.0,144,144,4.528884,4.642526,23.799507,4.642526,0.0,0.0,0.0,0,144,0.5,0.5,0.0,5,0.0,0.0
Uninett2010,SM,0,B3,18,12,2,1,18->42->4->11->12,18->42->1->2,3.807045,inf,0.0,165,165,3.057722,2.793296,20.479116,2.793296,0.0,0.0,0.0,0,165.0,0.5,0.5,0.0,5,0.0,0.0
Uninett2010,SM,0,B3,19,12,1,1,19->50->51->6->11->12,19->50->1,1.613292,inf,0.0,171,171,1.554849,8.532423,24.71537,8.532423,0.0,0.0,0.0,0,171,0.5,0.5,0.0,5,0.0,0.0
Uninett2010,SM,0,B3,20,12,4,1,20->19->50->51->6->11->12,20->19->50->1->4,2.525959,inf,0.0,193,193,2.467515,inf,inf,inf,0.0,0.0,0.0,0,193,0.5,0.5,0.0,5,0.0,0.0
Uninett2010,SM,0,B3,21,11,11,0,21->50->51->6->11,21->50->51->6->11,1.442156,inf,0.0,207,207,1.442156,2.66809,18.738343,2.66809,0.0,0.0,0.0,0,207,0.5,0.5,0.0,5,0.0,0.0
Uninett2010,SM,0,B3,22,11,11,0,22->23->50->51->6->11,22->20->19->50->51->6->11,2.726411,inf,0.0,179,179,2.304621,2.66809,19.600808,2.66809,0.0,0.0,0.0,0,179,0.5,0.5,0.0,5,0.0,0.0
Uninett2010,SM,0,B3,23,11,4,1,23->50->51->6->11,23->4,2.314263,inf,0.0,202,202,2.522447,inf,inf,inf,0.0,0.0,0.0,0,202,0.5,0.5,0.0,5,0.0,0.0
Uninett2010,SM,0,B3,24,11,2,1,24->23->4->11,24->23->4->2,4.484351,inf,0.0,185,185,4.127053,2.793296,21.548446,2.793296,0.0,0.0,0.0,0,185,0.5,0.5,0.0,5,0.0,0.0
Uninett2010,SM,0,B3,25,11,11,0,25->24->23->4->11,25->24->23->50->51->6->11,4.615366,inf,0.0,187,187,4.049883,2.66809,21.34607,2.66809,0.0,0.0,0.0,0,187,0.5,0.5,0.0,5,0.0,0.0
Uninett2010,SM,0,B3,26,12,12,0,26->24->42->4->11->12,26->24->23->50->51->6->11->12,5.97027,inf,0.0,154,154,4.872203,4.642526,24.142826,4.642526,0.0,0.0,0.0,0,154,0.5,0.5,0.0,5,0.0,0.0
Uninett2010,SM,0,B3,27,11,11,0,27->67->4->11,27->67->4->11,12.174667,inf,0.0,169,169,12.174667,2.66809,29.470854,2.66809,0.0,0.0,0.0,0,169.0,0.5,0.5,0.0,5,0.0,0.0
Uninett2010,SM,0,B3,28,11,1,1,28->12->11,28->12->11->4->1,0.625462,inf,0.0,190,190,0.982761,8.532423,24.143282,8.532423,0.0,0.0,0.0,0,190,0.5,0.5,0.0,5,0.0,0.0
Uninett2010,SM,0,B3,29,10,10,0,29->34->30->10,29->34->30->10,10.455167,inf,0.0,162,162,10.455167,4.428698,29.511963,4.428698,0.0,0.0,0.0,0,162.0,0.5,0.5,0.0,5,0.0,0.0
Uninett2010,SM,0,B3,30,10,10,0,30->10,30->10,0.53955,inf,0.0,194,194,0.53955,4.428698,19.596346,4.428698,0.0,0.0,0.0,0,194,0.5,0.5,0.0,5,0.0,0.0
Uninett2010,SM,0,B3,31,10,10,0,31->30->10,31->30->10,0.998306,inf,0.0,156,156,0.998306,4.428698,20.055102,4.428698,0.0,0.0,0.0,0,156,0.5,0.5,0.0,5,0.0,0.0
Uninett2010,SM,0,B3,32,10,10,0,32->16->9->30->10,32->16->9->27->10,4.657789,inf,0.0,211,211,4.253285,4.428698,23.310081,4.428698,0.0,0.0,0.0,0,211,0.5,0.5,0.0,5,0.0,0.0
Uninett2010,SM,0,B3,33,10,4,1,33->38->40->10,33->35->67->4,5.2953,inf,0.0,195,195,5.276277,inf,inf,inf,0.0,0.0,0.0,0,195,0.5,0.5,0.0,5,0.0,0.0
Uninett2010,SM,0,B3,34,10,10,0,34->30->10,34->30->10,10.455167,inf,0.0,149,149,10.455167,4.428698,29.511963,4.428698,0.0,0.0,0.0,0,149.0,0.5,0.5,0.0,5,0.0,0.0
Uninett2010,SM,0,B3,35,10,1,1,35->67->27->10,35->67->4->1,10.222941,inf,0.0,140,140,4.773085,8.532423,27.933606,8.532423,0.0,0.0,0.0,0,140,0.5,0.5,0.0,5,0.0,0.0
Uninett2010,SM,0,B3,36,10,2,1,36->37->40->10,36->67->68->2,3.428649,inf,0.0,154,154,7.003325,2.793296,24.424718,2.793296,0.0,0.0,0.0,0,154,0.5,0.5,0.0,5,0.0,0.0
Uninett2010,SM,0,B3,37,9,4,1,37->40->30->9,37->36->67->4,4.613691,inf,0.0,277,277,7.266298,inf,inf,inf,0.0,0.0,0.0,0,277,0.5,0.5,0.0,5,0.0,0.0
Uninett2010,SM,0,B3,38,9,9,0,38->40->30->9,38->40->30->9,4.345203,inf,0.0,178,178,4.345203,4.98008,23.95338,4.98008,0.0,0.0,0.0,0,178,0.5,0.5,0.0,5,0.0,0.0
Uninett2010,SM,0,B3,39,9,9,0,39->38->68->9,39->38->40->30->9,11.563165,inf,0.0,185,185,4.345203,4.98008,23.95338,4.98008,0.0,0.0,0.0,0,185,0.5,0.5,0.0,5,0.0,0.0
Uninett2010,SM,0,B3,40,9,9,0,40->30->9,40->30->9,3.260423,inf,0.0,199,199,3.260423,4.98008,22.8686,4.98008,0.0,0.0,0.0,0,199,0.5,0.5,0.0,5,0.0,0.0
Uninett2010,SM,0,B3,41,9,9,0,41->18->67->27->9,41->44->46->43->67->68->9,13.54012,inf,0.0,182,182,12.153042,4.98008,31.761219,4.98008,0.0,0.0,0.0,0,182,0.5,0.5,0.0,5,0.0,0.0
Uninett2010,SM,0,B3,42,9,9,0,42->4->67->27->9,42->18->67->68->9,14.87509,inf,0.0,161,161,12.198255,4.98008,31.806432,4.98008,0.0,0.0,0.0,0,161.0,0.5,0.5,0.0,5,0.0,0.0
Uninett2010,SM,0,B3,43,9,1,1,43->67->27->9,43->18->42->1,10.294779,inf,0.0,162,162,5.41676,8.532423,28.57728,8.532423,0.0,0.0,0.0,0,162,0.5,0.5,0.0,5,0.0,0.0
Uninett2010,SM,0,B3,44,8,4,1,44->41->18->42->1->2->7->8,44->41->18->42->4,5.767926,inf,0.0,138,138,5.110203,inf,inf,inf,0.0,0.0,0.0,0,138,0.5,0.5,0.0,5,0.0,0.0
Uninett2010,SM,0,B3,45,8,5,1,45->43->67->68->2->7->8,45->47->69->68->2->7->8->5,7.578749,inf,0.0,192,192,6.474132,11.520737,32.622967,11.520737,0.0,0.0,0.0,0,192,0.5,0.5,0.0,5,0.0,0.0
Uninett2010,SM,0,B3,46,8,5,1,46->43->18->42->1->2->7->8,46->43->18->42->1->2->7->8->5,6.438706,inf,0.0,193,193,6.438706,11.520737,32.587541,11.520737,0.0,0.0,0.0,0,193,0.5,0.5,0.0,5,0.0,0.0
Uninett2010,SM,0,B3,47,8,5,1,47->69->68->2->7->8,47->69->68->2->7->8->5,5.967878,inf,0.0,194,194,5.967878,11.520737,32.116713,11.520737,0.0,0.0,0.0,0,194,0.5,0.5,0.0,5,0.0,0.0
Uninett2010,SM,0,B3,48,8,3,1,48->52->68->2->7->8,48->52->68->67->4->3,5.06438,inf,0.0,190,190,5.390952,1.292324,21.311373,1.292324,0.0,0.0,0.0,0,190,0.5,0.5,0.0,5,0.0,0.0
Uninett2010,SM,0,B3,49,8,5,1,49->32->16->9->68->2->7->8,49->32->16->9->68->2->7->8->5,16.350212,inf,0.0,153,153,16.350212,11.520737,42.499047,11.520737,0.0,0.0,0.0,0,153,0.5,0.5,0.0,5,0.0,0.0
Uninett2010,SM,0,B3,50,8,5,1,50->51->6->8,50->51->6->8->5,1.081554,inf,0.0,185,185,1.081554,11.520737,27.230389,11.520737,0.0,0.0,0.0,0,185,0.5,0.5,0.0,5,0.0,0.0
Uninett2010,SM,0,B3,51,8,5,1,51->6->8,51->6->8->5,0.904003,inf,0.0,177,177,0.904003,11.520737,27.052838,11.520737,0.0,0.0,0.0,0,177,0.5,0.5,0.0,5,0.0,0.0
Uninett2010,SM,0,B3,52,7,1,1,52->68->2->7,52->68->2->1,4.380896,inf,0.0,200,200,4.202131,8.532423,27.362652,8.532423,0.0,0.0,0.0,0,200,0.5,0.5,0.0,5,0.0,0.0
Uninett2010,SM,0,B3,53,7,7,0,53->7,53->7,0.0,inf,0.0,242,242,0.0,2.284148,16.912246,2.284148,0.0,0.0,0.0,0,242,0.5,0.5,0.0,5,0.0,0.0
Uninett2010,SM,0,B3,54,7,2,1,54->58->57->2->7,54->58->57->2,1.146753,inf,0.0,135,135,0.967987,2.793296,18.389381,2.793296,0.0,0.0,0.0,0,135,0.5,0.5,0.0,5,0.0,0.0
Uninett2010,SM,0,B3,55,7,3,1,55->12->11->6->8->7,55->12->11->4->3,2.303698,inf,0.0,154,154,2.191549,1.292324,18.11197,1.292324,0.0,0.0,0.0,0,154,0.5,0.5,0.0,5,0.0,0.0
Uninett2010,SM,0,B3,56,7,7,0,56->34->30->9->68->2->7,56->34->30->40->37->36->67->68->2->7,23.258357,inf,0.0,160,160,20.627765,2.284148,37.54001,2.284148,0.0,0.0,0.0,0,160.0,0.5,0.5,0.0,5,0.0,0.0
Uninett2010,SM,0,B3,57,7,7,0,57->2->7,57->2->7,0.908766,inf,0.0,162,162,0.908766,2.284148,17.821012,2.284148,0.0,0.0,0.0,0,162,0.5,0.5,0.0,5,0.0,0.0
Uninett2010,SM,0,B3,58,7,7,0,58->57->2->7,58->57->2->7,1.146753,inf,0.0,193,193,1.146753,2.284148,18.058998,2.284148,0.0,0.0,0.0,0,193,0.5,0.5,0.0,5,0.0,0.0
Uninett2010,SM,0,B3,59,7,4,1,59->1->2->7,59->1->4,4.705696,inf,0.0,230,230,4.526931,inf,inf,inf,0.0,0.0,0.0,0,230,0.5,0.5,0.0,5,0.0,0.0
Uninett2010,SM,0,B3,60,6,6,0,60->58->57->12->11->6,60->58->57->12->11->6,1.64662,inf,0.0,212,212,1.64662,3.013864,19.288581,3.013864,0.0,0.0,0.0,0,212,0.5,0.5,0.0,5,0.0,0.0
Uninett2010,SM,0,B3,61,6,4,1,61->34->30->40->37->36->67->4->11->6,61->34->30->40->37->36->67->4,21.129428,inf,0.0,224,224,20.448999,inf,inf,inf,0.0,0.0,0.0,0,224,0.5,0.5,0.0,5,0.0,0.0
Uninett2010,SM,0,B3,62,6,6,0,62->41->18->42->4->11->6,62->41->18->42->4->11->6,5.848391,inf,0.0,171,171,5.848391,3.013864,23.490352,3.013864,0.0,0.0,0.0,0,171,0.5,0.5,0.0,5,0.0,0.0
Uninett2010,SM,0,B3,63,6,6,0,63->34->30->40->37->36->67->4->11->6,63->34->30->40->37->36->67->4->11->6,21.129428,inf,0.0,168,168,21.129428,3.013864,38.77139,3.013864,0.0,0.0,0.0,0,168,0.5,0.5,0.0,5,0.0,0.0
Uninett2010,SM,0,B3,64,6,6,0,64->38->37->36->67->4->11->6,64->38->68->67->4->11->6,8.467174,inf,0.0,153,153,8.275391,3.013864,25.917352,3.013864,0.0,0.0,0.0,0,153,0.5,0.5,0.0,5,0.0,0.0
Uninett2010,SM,0,B3,65,6,6,0,65->73->74->1->50->51->6,65->66->3->4->11->6,3.371937,inf,0.0,182,182,2.524649,3.013864,20.166611,3.013864,0.0,0.0,0.0,0,182,0.5,0.5,0.0,5,0.0,0.0
Uninett2010,SM,0,B3,66,6,1,1,66->3->4->11->6,66->3->4->1,2.040974,inf,0.0,209,209,1.360545,8.532423,24.521066,8.532423,0.0,0.0,0.0,0,209,0.5,0.5,0.0,5,0.0,0.0
Uninett2010,SM,0,B3,67,6,2,1,67->4->11->6,67->68->2,4.605011,inf,0.0,152,152,3.924582,2.793296,21.345976,2.793296,0.0,0.0,0.0,0,152.0,0.5,0.5,0.0,5,0.0,0.0
Uninett2010,SM,0,B3,68,5,8,1,68->2->7->8->5,68->2->7->8,4.582306,inf,0.0,146,146,4.582306,9.124088,28.334491,9.124088,0.0,0.0,0.0,0,146.0,0.5,0.5,0.0,5,0.0,0.0
Uninett2010,SM,0,B3,69,5,8,1,69->68->2->7->8->5,69->68->2->7->8,4.582306,inf,0.0,181,181,4.582306,9.124088,28.334491,9.124088,0.0,0.0,0.0,0,181.0,0.5,0.5,0.0,5,0.0,0.0
Uninett2010,SM,0,B3,70,5,8,1,70->69->68->2->7->8->5,70->69->68->2->7->8,5.884185,inf,0.0,172,172,5.884185,9.124088,29.63637,9.124088,0.0,0.0,0.0,0,172,0.5,0.5,0.0,5,0.0,0.0
Uninett2010,SM,0,B3,71,5,8,1,71->72->73->74->1->2->7->8->5,71->72->73->74->1->2->7->8,6.6902,inf,0.0,194,194,6.6902,9.124088,30.442385,9.124088,0.0,0.0,0.0,0,194,0.5,0.5,0.0,5,0.0,0.0
Uninett2010,SM,0,B3,72,5,8,1,72->73->74->1->2->7->8->5,72->73->74->1->2->7->8,2.528768,inf,0.0,177,177,2.528768,9.124088,26.280953,9.124088,0.0,0.0,0.0,0,177,0.5,0.5,0.0,5,0.0,0.0
Uninett2010,SM,0,B3,73,5,8,1,73->74->1->2->7->8->5,73->74->1->2->7->8,2.227223,inf,0.0,174,174,2.227223,9.124088,25.979408,9.124088,0.0,0.0,0.0,0,174,0.5,0.5,0.0,5,0.0,0.0
Uninett2010,SM,0,B3,74,5,4,1,74->1->2->7->8->5,74->1->4,1.420612,inf,0.0,202,202,0.762889,inf,inf,inf,0.0,0.0,0.0,0,202,0.5,0.5,0.0,5,0.0,0.0
Uninett2010,SM,0,MCF_ARC,1,1,1,0,1,1,0.0,15.468999,0.0,154,154,0.0,2.568344,17.190886,2.562788,0.0,0.0,0.0,0,154.0,0.5,0.5,0.0,5,0.0,0.0
Uninett2010,SM,0,MCF_ARC,2,2,2,0,2,2,0.0,15.49842,0.0,171,171,0.0,5.449214,19.891255,5.263158,0.0,0.0,0.0,0,171.0,0.5,0.5,0.0,5,0.0,0.0
Uninett2010,SM,0,MCF_ARC,3,3,3,0,3,3,0.0,15.522712,0.0,163,163,0.0,2.590962,17.193516,2.565418,0.0,0.0,0.0,0,163,0.5,0.5,0.0,5,0.0,0.0
Uninett2010,SM,0,MCF_ARC,4,4,4,0,4,4,0.0,15.467587,0.0,152,152,0.0,2.431639,17.030789,2.402691,0.0,0.0,0.0,0,152.0,0.5,0.5,0.0,5,0.0,0.0
Uninett2010,SM,0,MCF_ARC,5,5,5,0,5,5,0.0,inf,0.0,216,216,0.0,9.004381,21.938039,7.309942,0.0,0.0,0.0,0,216,0.5,0.5,0.0,5,0.0,0.0
Uninett2010,SM,0,MCF_ARC,6,6,6,0,6,6,0.0,inf,0.0,179,179,0.0,6.544168,20.587573,5.959476,0.0,0.0,0.0,0,179,0.5,0.5,0.0,5,0.0,0.0
Uninett2010,SM,0,MCF_ARC,7,7,7,0,7,7,0.0,inf,0.0,202,202,0.0,7.0997,20.847003,6.218905,0.0,0.0,0.0,0,202,0.5,0.5,0.0,5,0.0,0.0
Uninett2010,SM,0,MCF_ARC,8,8,8,0,8,8,0.0,inf,0.0,220,220,0.0,10.627716,23.204427,8.576329,0.0,0.0,0.0,0,220,0.5,0.5,0.0,5,0.0,0.0
Uninett2010,SM,0,MCF_ARC,9,9,9,0,9,9,0.0,inf,0.0,191,191,0.0,4.792303,19.157083,4.528986,0.0,0.0,0.0,0,191.0,0.5,0.5,0.0,5,0.0,0.0
Uninett2010,SM,0,MCF_ARC,10,10,10,0,10,10,0.0,inf,0.0,183,183,0.0,8.18124,21.630899,7.002801,0.0,0.0,0.0,0,183,0.5,0.5,0.0,5,0.0,0.0
Uninett2010,SM,0,MCF_ARC,11,11,11,0,11,11,0.0,inf,0.0,180,180,0.0,5.101669,19.463688,4.83559,0.0,0.0,0.0,0,180,0.5,0.5,0.0,5,0.0,0.0
Uninett2010,SM,0,MCF_ARC,12,12,12,0,12,12,0.0,inf,0.0,121,121,0.0,4.73683,19.104373,4.476276,0.0,0.0,0.0,0,121,0.5,0.5,0.0,5,0.0,0.0
Uninett2010,SM,0,MCF_ARC,13,12,2,1,13->15->27->67->4->11->12,13->15->27->67->69->68->2,17.052426,inf,0.0,166,166,16.303103,5.449214,36.194359,5.263158,0.0,0.0,0.0,0,166,0.5,0.5,0.0,5,0.0,0.0
Uninett2010,SM,0,MCF_ARC,14,12,12,0,14->13->15->27->67->4->11->12,14->13->15->27->67->4->11->12,17.456292,inf,0.0,147,147,17.456292,4.73683,36.560666,4.476276,0.0,0.0,0.0,0,147,0.5,0.5,0.0,5,0.0,0.0
Uninett2010,SM,0,MCF_ARC,15,12,4,1,15->27->67->4->11->12,15->27->67->4,14.684947,inf,0.0,187,187,13.935624,2.431639,30.966413,2.402691,0.0,0.0,0.0,0,187,0.5,0.5,0.0,5,0.0,0.0
Uninett2010,SM,0,MCF_ARC,16,12,2,1,16->9->68->2->4->11->12,16->9->27->10->40->38->37->36->67->68->2,14.267606,inf,0.0,184,184,13.8665,5.449214,33.757756,5.263158,0.0,0.0,0.0,0,184,0.5,0.5,0.0,5,0.0,0.0
Uninett2010,SM,0,MCF_ARC,17,12,12,0,17->18->42->4->11->12,17->18->42->4->11->12,4.528884,inf,0.0,144,144,4.528884,4.73683,23.633257,4.476276,0.0,0.0,0.0,0,144,0.5,0.5,0.0,5,0.0,0.0
Uninett2010,SM,0,MCF_ARC,18,12,12,0,18->42->4->11->12,18->42->4->11->12,3.807045,inf,0.0,165,165,3.807045,4.73683,22.911418,4.476276,0.0,0.0,0.0,0,165.0,0.5,0.5,0.0,5,0.0,0.0
Uninett2010,SM,0,MCF_ARC,19,12,12,0,19->50->51->6->11->12,19->50->51->6->11->12,1.613292,inf,0.0,171,171,1.613292,4.73683,20.717665,4.476276,0.0,0.0,0.0,0,171,0.5,0.5,0.0,5,0.0,0.0
Uninett2010,SM,0,MCF_ARC,20,12,12,0,20->19->50->51->6->11->12,20->19->50->51->6->11->12,2.525959,inf,0.0,193,193,2.525959,4.73683,21.630332,4.476276,0.0,0.0,0.0,0,193,0.5,0.5,0.0,5,0.0,0.0
Uninett2010,SM,0,MCF_ARC,21,11,2,1,21->50->51->6->11,21->50->1->2,1.442156,inf,0.0,207,207,1.775737,5.449214,21.666992,5.263158,0.0,0.0,0.0,0,207,0.5,0.5,0.0,5,0.0,0.0
Uninett2010,SM,0,MCF_ARC,22,11,11,0,22->23->50->51->6->11,22->20->19->50->51->6->11,2.726411,inf,0.0,179,179,2.304621,5.101669,21.768308,4.83559,0.0,0.0,0.0,0,179,0.5,0.5,0.0,5,0.0,0.0
Uninett2010,SM,0,MCF_ARC,23,11,1,1,23->50->51->6->11,23->4->1,2.314263,inf,0.0,202,202,2.522447,2.568344,19.713332,2.562788,0.0,0.0,0.0,0,202,0.5,0.5,0.0,5,0.0,0.0
Uninett2010,SM,0,MCF_ARC,24,11,11,0,24->23->4->11,24->23->50->51->6->11,4.484351,inf,0.0,185,185,3.918869,5.101669,23.382556,4.83559,0.0,0.0,0.0,0,185,0.5,0.5,0.0,5,0.0,0.0
Uninett2010,SM,0,MCF_ARC,25,11,11,0,25->24->23->4->11,25->24->23->50->51->6->11,4.615366,inf,0.0,187,187,4.049883,5.101669,23.513571,4.83559,0.0,0.0,0.0,0,187,0.5,0.5,0.0,5,0.0,0.0
Uninett2010,SM,0,MCF_ARC,26,12,12,0,26->24->42->4->11->12,26->24->23->50->51->6->11->12,5.97027,inf,0.0,154,154,4.872203,4.73683,23.976576,4.476276,0.0,0.0,0.0,0,154,0.5,0.5,0.0,5,0.0,0.0
Uninett2010,SM,0,MCF_ARC,27,11,11,0,27->67->4->11,27->67->4->11,12.174667,inf,0.0,169,169,12.174667,5.101669,31.638354,4.83559,0.0,0.0,0.0,0,169.0,0.5,0.5,0.0,5,0.0,0.0
Uninett2010,SM,0,MCF_ARC,28,11,11,0,28->12->11,28->12->11,0.625462,inf,0.0,190,190,0.625462,5.101669,20.08915,4.83559,0.0,0.0,0.0,0,190,0.5,0.5,0.0,5,0.0,0.0
Uninett2010,SM,0,MCF_ARC,29,10,10,0,29->34->30->10,29->34->30->10,10.455167,inf,0.0,162,162,10.455167,8.18124,32.086066,7.002801,0.0,0.0,0.0,0,162.0,0.5,0.5,0.0,5,0.0,0.0
Uninett2010,SM,0,MCF_ARC,30,10,10,0,30->10,30->10,0.53955,inf,0.0,194,194,0.53955,8.18124,22.170449,7.002801,0.0,0.0,0.0,0,194,0.5,0.5,0.0,5,0.0,0.0
Uninett2010,SM,0,MCF_ARC,31,10,10,0,31->30->10,31->30->10,0.998306,inf,0.0,156,156,0.998306,8.18124,22.629205,7.002801,0.0,0.0,0.0,0,156,0.5,0.5,0.0,5,0.0,0.0
Uninett2010,SM,0,MCF_ARC,32,10,4,1,32->16->9->30->10,32->16->9->68->67->4,4.657789,inf,0.0,211,211,14.589,2.431639,31.619789,2.402691,0.0,0.0,0.0,0,211,0.5,0.5,0.0,5,0.0,0.0
Uninett2010,SM,0,MCF_ARC,33,10,4,1,33->38->40->10,33->35->67->43->18->42->4,5.2953,inf,0.0,195,195,9.170448,2.431639,26.201237,2.402691,0.0,0.0,0.0,0,195,0.5,0.5,0.0,5,0.0,0.0
Uninett2010,SM,0,MCF_ARC,34,10,10,0,34->30->10,34->30->10,10.455167,inf,0.0,149,149,10.455167,8.18124,32.086066,7.002801,0.0,0.0,0.0,0,149.0,0.5,0.5,0.0,5,0.0,0.0
Uninett2010,SM,0,MCF_ARC,35,10,10,0,35->67->27->10,35->33->38->40->10,10.222941,inf,0.0,140,140,5.798492,8.18124,27.429391,7.002801,0.0,0.0,0.0,0,140,0.5,0.5,0.0,5,0.0,0.0
Uninett2010,SM,0,MCF_ARC,36,10,10,0,36->37->40->10,36->37->40->10,3.428649,inf,0.0,154,154,3.428649,8.18124,25.059548,7.002801,0.0,0.0,0.0,0,154,0.5,0.5,0.0,5,0.0,0.0
Uninett2010,SM,0,MCF_ARC,37,9,3,1,37->40->30->9,37->36->67->4->3,4.613691,inf,0.0,277,277,8.250593,2.590962,25.444109,2.565418,0.0,0.0,0.0,0,277,0.5,0.5,0.0,5,0.0,0.0
Uninett2010,SM,0,MCF_ARC,38,9,9,0,38->40->30->9,38->40->30->9,4.345203,inf,0.0,178,178,4.345203,4.792303,23.502286,4.528986,0.0,0.0,0.0,0,178,0.5,0.5,0.0,5,0.0,0.0
Uninett2010,SM,0,MCF_ARC,39,9,9,0,39->38->68->9,39->38->40->30->9,11.563165,inf,0.0,185,185,4.345203,4.792303,23.502286,4.528986,0.0,0.0,0.0,0,185,0.5,0.5,0.0,5,0.0,0.0
Uninett2010,SM,0,MCF_ARC,40,9,9,0,40->30->9,40->30->9,3.260423,inf,0.0,199,199,3.260423,4.792303,22.417506,4.528986,0.0,0.0,0.0,0,199,0.5,0.5,0.0,5,0.0,0.0
Uninett2010,SM,0,MCF_ARC,41,9,4,1,41->18->67->27->9,41->18->42->4,13.54012,inf,0.0,182,182,4.399586,2.431639,21.430375,2.402691,0.0,0.0,0.0,0,182,0.5,0.5,0.0,5,0.0,0.0
Uninett2010,SM,0,MCF_ARC,42,9,9,0,42->4->67->27->9,42->18->67->27->9,14.87509,inf,0.0,161,161,12.198255,4.792303,31.355338,4.528986,0.0,0.0,0.0,0,161.0,0.5,0.5,0.0,5,0.0,0.0
Uninett2010,SM,0,MCF_ARC,43,9,9,0,43->67->27->9,43->67->69->68->9,10.294779,inf,0.0,162,162,10.294779,4.792303,29.451862,4.528986,0.0,0.0,0.0,0,162,0.5,0.5,0.0,5,0.0,0.0
Uninett2010,SM,0,MCF_ARC,44,8,8,0,44->41->18->42->1->2->7->8,44->41->18->42->1->2->7->8,5.767926,inf,0.0,138,138,5.767926,10.627716,28.972353,8.576329,0.0,0.0,0.0,0,138,0.5,0.5,0.0,5,0.0,0.0
Uninett2010,SM,0,MCF_ARC,45,8,1,1,45->43->67->68->2->7->8,45->43->18->42->1,7.578749,inf,0.0,192,192,6.01121,2.568344,23.202096,2.562788,0.0,0.0,0.0,0,192,0.5,0.5,0.0,5,0.0,0.0
Uninett2010,SM,0,MCF_ARC,46,8,1,1,46->43->18->42->1->2->7->8,46->43->18->42->1,6.438706,inf,0.0,193,193,5.780983,2.568344,22.971869,2.562788,0.0,0.0,0.0,0,193,0.5,0.5,0.0,5,0.0,0.0
Uninett2010,SM,0,MCF_ARC,47,8,8,0,47->69->68->2->7->8,47->69->68->2->7->8,5.967878,inf,0.0,194,194,5.967878,10.627716,29.172305,8.576329,0.0,0.0,0.0,0,194,0.5,0.5,0.0,5,0.0,0.0
Uninett2010,SM,0,MCF_ARC,48,8,8,0,48->52->68->2->7->8,48->52->68->2->7->8,5.06438,inf,0.0,190,190,5.06438,10.627716,28.268807,8.576329,0.0,0.0,0.0,0,190,0.5,0.5,0.0,5,0.0,0.0
Uninett2010,SM,0,MCF_ARC,49,8,8,0,49->32->16->9->68->2->7->8,49->32->16->9->68->2->7->8,16.350212,inf,0.0,153,153,16.350212,10.627716,39.554639,8.576329,0.0,0.0,0.0,0,153,0.5,0.5,0.0,5,0.0,0.0
Uninett2010,SM,0,MCF_ARC,50,8,8,0,50->51->6->8,50->51->6->8,1.081554,inf,0.0,185,185,1.081554,10.627716,24.285981,8.576329,0.0,0.0,0.0,0,185,0.5,0.5,0.0,5,0.0,0.0
Uninett2010,SM,0,MCF_ARC,51,8,8,0,51->6->8,51->6->8,0.904003,inf,0.0,177,177,0.904003,10.627716,24.10843,8.576329,0.0,0.0,0.0,0,177,0.5,0.5,0.0,5,0.0,0.0
Uninett2010,SM,0,MCF_ARC,52,7,2,1,52->68->2->7,52->68->2,4.380896,inf,0.0,200,200,4.202131,5.449214,24.093386,5.263158,0.0,0.0,0.0,0,200,0.5,0.5,0.0,5,0.0,0.0
Uninett2010,SM,0,MCF_ARC,53,7,3,1,53->7,53->7->2->1->74->73->65->66->3,0.0,inf,0.0,242,242,2.894119,2.590962,20.087634,2.565418,0.0,0.0,0.0,0,242,0.5,0.5,0.0,5,0.0,0.0
Uninett2010,SM,0,MCF_ARC,54,7,7,0,54->58->57->2->7,54->58->57->2->7,1.146753,inf,0.0,135,135,1.146753,7.0997,21.993756,6.218905,0.0,0.0,0.0,0,135,0.5,0.5,0.0,5,0.0,0.0
Uninett2010,SM,0,MCF_ARC,55,7,7,0,55->12->11->6->8->7,55->12->11->4->2->7,2.303698,inf,0.0,154,154,1.38602,7.0997,22.233023,6.218905,0.0,0.0,0.0,0,154,0.5,0.5,0.0,5,0.0,0.0
Uninett2010,SM,0,MCF_ARC,56,7,7,0,56->34->30->9->68->2->7,56->34->30->40->37->36->67->68->2->7,23.258357,inf,0.0,160,160,20.627765,7.0997,41.474768,6.218905,0.0,0.0,0.0,0,160.0,0.5,0.5,0.0,5,0.0,0.0
Uninett2010,SM,0,MCF_ARC,57,7,7,0,57->2->7,57->2->7,0.908766,inf,0.0,162,162,0.908766,7.0997,21.755769,6.218905,0.0,0.0,0.0,0,162,0.5,0.5,0.0,5,0.0,0.0
Uninett2010,SM,0,MCF_ARC,58,7,7,0,58->57->2->7,58->57->2->7,1.146753,inf,0.0,193,193,1.146753,7.0997,21.993756,6.218905,0.0,0.0,0.0,0,193,0.5,0.5,0.0,5,0.0,0.0
Uninett2010,SM,0,MCF_ARC,59,7,7,0,59->1->2->7,59->1->2->7,4.705696,inf,0.0,230,230,4.705696,7.0997,25.552699,6.218905,0.0,0.0,0.0,0,230,0.5,0.5,0.0,5,0.0,0.0
Uninett2010,SM,0,MCF_ARC,60,6,1,1,60->58->57->12->11->6,60->58->57->12->11->6->8->7->2->1,1.64662,inf,0.0,212,212,2.955998,2.568344,20.146883,2.562788,0.0,0.0,0.0,0,212,0.5,0.5,0.0,5,0.0,0.0
Uninett2010,SM,0,MCF_ARC,61,6,6,0,61->34->30->40->37->36->67->4->11->6,61->34->30->9->68->67->4->11->6,21.129428,inf,0.0,224,224,23.76002,6.544168,44.347593,5.959476,0.0,0.0,0.0,0,224,0.5,0.5,0.0,5,0.0,0.0
Uninett2010,SM,0,MCF_ARC,62,6,6,0,62->41->18->42->4->11->6,62->41->18->42->4->11->6,5.848391,inf,0.0,171,171,5.848391,6.544168,26.435964,5.959476,0.0,0.0,0.0,0,171,0.5,0.5,0.0,5,0.0,0.0
Uninett2010,SM,0,MCF_ARC,63,6,6,0,63->34->30->40->37->36->67->4->11->6,63->34->30->40->37->36->67->4->11->6,21.129428,inf,0.0,168,168,21.129428,6.544168,41.717001,5.959476,0.0,0.0,0.0,0,168,0.5,0.5,0.0,5,0.0,0.0
Uninett2010,SM,0,MCF_ARC,64,6,6,0,64->38->37->36->67->4->11->6,64->38->68->67->4->11->6,8.467174,inf,0.0,153,153,8.275391,6.544168,28.862964,5.959476,0.0,0.0,0.0,0,153,0.5,0.5,0.0,5,0.0,0.0
Uninett2010,SM,0,MCF_ARC,65,6,6,0,65->73->74->1->50->51->6,65->73->74->1->2->4->11->6,3.371937,inf,0.0,182,182,2.535857,6.544168,23.12343,5.959476,0.0,0.0,0.0,0,182,0.5,0.5,0.0,5,0.0,0.0
Uninett2010,SM,0,MCF_ARC,66,6,3,1,66->3->4->11->6,66->3,2.040974,inf,0.0,209,209,0.37625,2.590962,17.569766,2.565418,0.0,0.0,0.0,0,209,0.5,0.5,0.0,5,0.0,0.0
Uninett2010,SM,0,MCF_ARC,67,6,6,0,67->4->11->6,67->4->11->6,4.605011,inf,0.0,152,152,4.605011,6.544168,25.192584,5.959476,0.0,0.0,0.0,0,152.0,0.5,0.5,0.0,5,0.0,0.0
Uninett2010,SM,0,MCF_ARC,68,5,5,0,68->2->7->8->5,68->2->7->8->5,4.582306,inf,0.0,146,146,4.582306,9.004381,26.520345,7.309942,0.0,0.0,0.0,0,146.0,0.5,0.5,0.0,5,0.0,0.0
Uninett2010,SM,0,MCF_ARC,69,5,5,0,69->68->2->7->8->5,69->68->2->7->8->5,4.582306,inf,0.0,181,181,4.582306,9.004381,26.520345,7.309942,0.0,0.0,0.0,0,181.0,0.5,0.5,0.0,5,0.0,0.0
Uninett2010,SM,0,MCF_ARC,70,5,5,0,70->69->68->2->7->8->5,70->69->68->2->7->8->5,5.884185,inf,0.0,172,172,5.884185,9.004381,27.822224,7.309942,0.0,0.0,0.0,0,172,0.5,0.5,0.0,5,0.0,0.0
Uninett2010,SM,0,MCF_ARC,71,5,5,0,71->72->73->74->1->2->7->8->5,71->72->73->74->1->2->7->8->5,6.6902,inf,0.0,194,194,6.6902,9.004381,28.628239,7.309942,0.0,0.0,0.0,0,194,0.5,0.5,0.0,5,0.0,0.0
Uninett2010,SM,0,MCF_ARC,72,5,5,0,72->73->74->1->2->7->8->5,72->73->74->1->2->7->8->5,2.528768,inf,0.0,177,177,2.528768,9.004381,24.466807,7.309942,0.0,0.0,0.0,0,177,0.5,0.5,0.0,5,0.0,0.0
Uninett2010,SM,0,MCF_ARC,73,5,5,0,73->74->1->2->7->8->5,73->74->1->2->7->8->5,2.227223,inf,0.0,174,174,2.227223,9.004381,24.165262,7.309942,0.0,0.0,0.0,0,174,0.5,0.5,0.0,5,0.0,0.0
Uninett2010,SM,0,MCF_ARC,74,5,2,1,74->1->2->7->8->5,74->1->2,1.420612,inf,0.0,202,202,0.762889,5.449214,20.654144,5.263158,0.0,0.0,0.0,0,202,0.5,0.5,0.0,5,0.0,0.0
Uninett2010,SM,1,B1,1,1,2,1,1,,0.0,15.514465,0.0,191,191,0.0,4.378284,19.006381,4.378284,3.491916,0.0,0.0,0,191.0,0.5,0.5,0.0,5,0.0,0.0
Uninett2010,SM,1,B1,2,2,2,0,2,,0.0,15.540173,0.0,194,194,0.0,4.378284,19.006381,4.378284,0.0,0.0,0.0,0,194.0,0.5,0.5,0.0,5,0.0,0.0
Uninett2010,SM,1,B1,3,3,3,0,3,,0.0,15.464918,0.0,165,165,0.0,0.83682,15.464918,0.83682,0.0,0.0,0.0,0,165,0.5,0.5,0.0,5,0.0,0.0
Uninett2010,SM,1,B1,4,4,4,0,4,,0.0,15.499633,0.0,143,143,0.0,1.390047,16.018145,1.390047,0.0,0.0,0.0,0,143.0,0.5,0.5,0.0,5,0.0,0.0
Uninett2010,SM,1,B1,5,5,5,0,5,,0.0,inf,0.0,173,173,0.0,2500.0,2514.628098,2500.0,0.0,0.0,0.0,0,173,0.5,0.5,0.0,5,0.0,0.0
Uninett2010,SM,1,B1,6,6,6,0,6,,0.0,inf,0.0,202,202,0.0,15.29052,29.918617,15.29052,0.0,0.0,0.0,0,202,0.5,0.5,0.0,5,0.0,0.0
Uninett2010,SM,1,B1,7,7,7,0,7,,0.0,inf,0.0,178,178,0.0,39.370079,53.998176,39.370079,0.0,0.0,0.0,0,178,0.5,0.5,0.0,5,0.0,0.0
Uninett2010,SM,1,B1,8,8,8,0,8,,0.0,inf,0.0,217,217,0.0,227.272727,241.900825,227.272727,0.0,0.0,0.0,0,217,0.5,0.5,0.0,5,0.0,0.0
Uninett2010,SM,1,B1,9,9,9,0,9,,0.0,inf,0.0,177,177,0.0,9.487666,24.115764,9.487666,0.0,0.0,0.0,0,177.0,0.5,0.5,0.0,5,0.0,0.0
Uninett2010,SM,1,B1,10,10,10,0,10,,0.0,inf,0.0,140,140,0.0,100.0,114.628098,100.0,0.0,0.0,0.0,0,140,0.5,0.5,0.0,5,0.0,0.0
Uninett2010,SM,1,B1,11,11,11,0,11,,0.0,inf,0.0,193,193,0.0,161.290323,175.91842,161.290323,0.0,0.0,0.0,0,193,0.5,0.5,0.0,5,0.0,0.0
Uninett2010,SM,1,B1,12,12,12,0,12,,0.0,inf,0.0,207,207,0.0,294.117647,308.745745,294.117647,0.0,0.0,0.0,0,207,0.5,0.5,0.0,5,0.0,0.0
Uninett2010,SM,1,B1,13,12,12,0,13->15->27->67->4->11->12,,17.052426,inf,0.0,169,169,17.052426,294.117647,325.798171,294.117647,0.0,0.0,0.0,0,169,0.5,0.5,0.0,5,0.0,0.0
Uninett2010,SM,1,B1,14,12,1,1,14->13->15->27->67->4->11->12,,17.456292,inf,0.0,206,206,16.706969,161.290323,192.625389,161.290323,0.0,0.0,0.0,0,206,0.5,0.5,0.0,5,0.0,0.0
Uninett2010,SM,1,B1,15,12,12,0,15->27->67->4->11->12,,14.684947,inf,0.0,129,129,14.684947,294.117647,323.430692,294.117647,0.0,0.0,0.0,0,129,0.5,0.5,0.0,5,0.0,0.0
Uninett2010,SM,1,B1,16,12,12,0,16->9->27->67->4->11->12,,14.267606,inf,0.0,206,206,14.267606,294.117647,323.01335,294.117647,0.0,0.0,0.0,0,206,0.5,0.5,0.0,5,0.0,0.0
Uninett2010,SM,1,B1,17,12,11,1,17->18->42->4->11->12,,4.528884,inf,0.0,114,114,4.13686,161.290323,180.05528,161.290323,0.0,0.0,0.0,0,114,0.5,0.5,0.0,5,0.0,0.0
Uninett2010,SM,1,B1,18,12,12,0,18->42->4->11->12,,3.807045,inf,0.0,170,170,3.807045,294.117647,312.55279,294.117647,0.0,0.0,0.0,0,170.0,0.5,0.5,0.0,5,0.0,0.0
Uninett2010,SM,1,B1,19,12,12,0,19->50->51->6->11->12,,1.613292,inf,0.0,193,193,1.613292,294.117647,310.359037,294.117647,0.0,0.0,0.0,0,193,0.5,0.5,0.0,5,0.0,0.0
Uninett2010,SM,1,B1,20,11,11,0,20->19->50->51->6->11,,2.133934,inf,0.0,226,226,2.133934,161.290323,178.052355,161.290323,0.0,0.0,0.0,0,226,0.5,0.5,0.0,5,0.0,0.0
Uninett2010,SM,1,B1,21,12,12,0,21->50->51->6->11->12,,1.83418,inf,0.0,213,213,1.83418,294.117647,310.579925,294.117647,0.0,0.0,0.0,0,213,0.5,0.5,0.0,5,0.0,0.0
Uninett2010,SM,1,B1,22,11,11,0,22->23->50->51->6->11,,2.726411,inf,0.0,198,198,2.304621,161.290323,178.223041,161.290323,0.0,0.0,0.0,0,198,0.5,0.5,0.0,5,0.0,0.0
Uninett2010,SM,1,B1,23,11,2,1,23->50->51->6->11,,2.314263,inf,0.0,239,239,2.522447,4.378284,21.528828,4.378284,0.0,0.0,0.0,0,239,0.5,0.5,0.0,5,0.0,0.0
Uninett2010,SM,1,B1,24,11,11,0,24->23->4->11,,4.484351,inf,0.0,177,177,3.918869,161.290323,179.837289,161.290323,0.0,0.0,0.0,0,177,0.5,0.5,0.0,5,0.0,0.0
Uninett2010,SM,1,B1,25,11,11,0,25->24->42->4->11,,5.14795,inf,0.0,160,160,4.049883,161.290323,179.968303,161.290323,0.0,0.0,0.0,0,160,0.5,0.5,0.0,5,0.0,0.0
Uninett2010,SM,1,B1,26,11,11,0,26->24->23->4->11,,5.045661,inf,0.0,160,160,4.480179,161.290323,180.398599,161.290323,0.0,0.0,0.0,0,160,0.5,0.5,0.0,5,0.0,0.0
Uninett2010,SM,1,B1,27,11,1,1,27->67->4->11,,12.174667,inf,0.0,193,193,11.817368,161.290323,187.735788,161.290323,0.0,0.0,0.0,0,193.0,0.5,0.5,0.0,5,0.0,0.0
Uninett2010,SM,1,B1,28,10,4,1,28->12->11->4->67->27->10,,14.281782,inf,0.0,197,197,0.982761,1.390047,17.000906,1.390047,0.0,0.0,0.0,0,197,0.5,0.5,0.0,5,0.0,0.0
Uninett2010,SM,1,B1,29,10,10,0,29->34->30->10,,10.455167,inf,0.0,203,203,10.455167,100.0,125.083265,100.0,0.0,0.0,0.0,0,203.0,0.5,0.5,0.0,5,0.0,0.0
Uninett2010,SM,1,B1,30,10,10,0,30->10,,0.53955,inf,0.0,222,222,0.53955,100.0,115.167648,100.0,0.0,0.0,0.0,0,222,0.5,0.5,0.0,5,0.0,0.0
Uninett2010,SM,1,B1,31,10,10,0,31->30->10,,0.998306,inf,0.0,146,146,0.998306,100.0,115.626404,100.0,0.0,0.0,0.0,0,146,0.5,0.5,0.0,5,0.0,0.0
Uninett2010,SM,1,B1,32,10,10,0,32->16->9->30->10,,4.657789,inf,0.0,188,188,4.253285,100.0,118.881383,100.0,0.0,0.0,0.0,0,188,0.5,0.5,0.0,5,0.0,0.0
Uninett2010,SM,1,B1,33,10,4,1,33->38->40->10,,5.2953,inf,0.0,231,231,5.276277,1.390047,21.294422,1.390047,0.0,0.0,0.0,0,231,0.5,0.5,0.0,5,0.0,0.0
Uninett2010,SM,1,B1,34,10,10,0,34->30->10,,10.455167,inf,0.0,164,164,10.455167,100.0,125.083265,100.0,0.0,0.0,0.0,0,164.0,0.5,0.5,0.0,5,0.0,0.0
Uninett2010,SM,1,B1,35,9,9,0,35->67->27->9,,8.741289,inf,0.0,178,178,7.246507,9.487666,31.36227,9.487666,0.0,0.0,0.0,0,178,0.5,0.5,0.0,5,0.0,0.0
Uninett2010,SM,1,B1,36,9,9,0,36->67->27->9,,10.971528,inf,0.0,189,189,4.876664,9.487666,28.992427,9.487666,0.0,0.0,0.0,0,189,0.5,0.5,0.0,5,0.0,0.0
Uninett2010,SM,1,B1,37,10,10,0,37->40->10,,3.165676,inf,0.0,142,142,3.165676,100.0,117.793774,100.0,0.0,0.0,0.0,0,142,0.5,0.5,0.0,5,0.0,0.0
Uninett2010,SM,1,B1,38,9,9,0,38->68->9,,11.563165,inf,0.0,202,202,4.345203,9.487666,28.460966,9.487666,0.0,0.0,0.0,0,202,0.5,0.5,0.0,5,0.0,0.0
Uninett2010,SM,1,B1,39,9,9,0,39->38->40->30->9,,4.345203,inf,0.0,229,229,4.345203,9.487666,28.460966,9.487666,0.0,0.0,0.0,0,229,0.5,0.5,0.0,5,0.0,0.0
Uninett2010,SM,1,B1,40,9,10,1,40->30->9,,3.260423,inf,0.0,109,109,1.812408,100.0,116.440506,100.0,0.0,0.0,0.0,0,109,0.5,0.5,0.0,5,0.0,0.0
Uninett2010,SM,1,B1,41,9,9,0,41->44->46->43->67->68->9,,12.153042,inf,0.0,127,127,12.153042,9.487666,36.268805,9.487666,0.0,0.0,0.0,0,127,0.5,0.5,0.0,5,0.0,0.0
Uninett2010,SM,1,B1,42,9,2,1,42->18->67->68->9,,12.198255,inf,0.0,245,245,3.057722,4.378284,22.064103,4.378284,0.0,0.0,0.0,0,245.0,0.5,0.5,0.0,5,0.0,0.0
Uninett2010,SM,1,B1,43,9,9,0,43->67->27->9,,10.294779,inf,0.0,183,183,10.294779,9.487666,34.410543,9.487666,0.0,0.0,0.0,0,183,0.5,0.5,0.0,5,0.0,0.0
Uninett2010,SM,1,B1,44,8,8,0,44->41->18->42->1->2->7->8,,5.767926,inf,0.0,215,215,5.767926,227.272727,247.668751,227.272727,0.0,0.0,0.0,0,215,0.5,0.5,0.0,5,0.0,0.0
Uninett2010,SM,1,B1,45,8,8,0,45->47->69->68->2->7->8,,6.474132,inf,0.0,121,121,6.474132,227.272727,248.374957,227.272727,0.0,0.0,0.0,0,121,0.5,0.5,0.0,5,0.0,0.0
Uninett2010,SM,1,B1,46,8,8,0,46->43->67->68->2->7->8,,7.348523,inf,0.0,188,188,6.438706,227.272727,248.339531,227.272727,0.0,0.0,0.0,0,188,0.5,0.5,0.0,5,0.0,0.0
Uninett2010,SM,1,B1,47,8,8,0,47->69->68->2->7->8,,5.967878,inf,0.0,222,222,5.967878,227.272727,247.868703,227.272727,0.0,0.0,0.0,0,222,0.5,0.5,0.0,5,0.0,0.0
Uninett2010,SM,1,B1,48,8,8,0,48->52->68->2->7->8,,5.06438,inf,0.0,171,171,5.06438,227.272727,246.965205,227.272727,0.0,0.0,0.0,0,171,0.5,0.5,0.0,5,0.0,0.0
Uninett2010,SM,1,B1,49,8,1,1,49->32->16->9->68->2->7->8,,16.350212,inf,0.0,171,171,15.692489,161.290323,191.610909,161.290323,0.0,0.0,0.0,0,171,0.5,0.5,0.0,5,0.0,0.0
Uninett2010,SM,1,B1,50,8,5,1,50->51->6->8,,1.081554,inf,0.0,193,193,1.081554,2500.0,2515.709651,2500.0,0.0,0.0,0.0,0,193,0.5,0.5,0.0,5,0.0,0.0
Uninett2010,SM,1,B1,51,7,7,0,51->50->1->2->7,,1.442926,inf,0.0,195,195,1.111543,39.370079,55.109719,39.370079,0.0,0.0,0.0,0,195,0.5,0.5,0.0,5,0.0,0.0
Uninett2010,SM,1,B1,52,7,7,0,52->68->2->7,,4.380896,inf,0.0,169,169,4.380896,39.370079,58.379073,39.370079,0.0,0.0,0.0,0,169,0.5,0.5,0.0,5,0.0,0.0
Uninett2010,SM,1,B1,53,7,7,0,53->7,,0.0,inf,0.0,204,204,0.0,39.370079,53.998176,39.370079,0.0,0.0,0.0,0,204,0.5,0.5,0.0,5,0.0,0.0
Uninett2010,SM,1,B1,54,7,7,0,54->58->57->2->7,,1.146753,inf,0.0,227,227,1.146753,39.370079,55.144929,39.370079,0.0,0.0,0.0,0,227,0.5,0.5,0.0,5,0.0,0.0
Uninett2010,SM,1,B1,55,7,7,0,55->12->57->2->7,,1.778512,inf,0.0,145,145,1.38602,39.370079,55.384196,39.370079,0.0,0.0,0.0,0,145,0.5,0.5,0.0,5,0.0,0.0
Uninett2010,SM,1,B1,56,7,1,1,56->34->30->9->68->2->7,,23.258357,inf,0.0,186,186,20.448999,161.290323,196.36742,161.290323,0.0,0.0,0.0,0,186.0,0.5,0.5,0.0,5,0.0,0.0
Uninett2010,SM,1,B1,57,7,7,0,57->2->7,,0.908766,inf,0.0,147,147,0.908766,39.370079,54.906942,39.370079,0.0,0.0,0.0,0,147,0.5,0.5,0.0,5,0.0,0.0
Uninett2010,SM,1,B1,58,6,6,0,58->57->12->11->6,,1.364956,inf,0.0,198,198,1.364956,15.29052,31.283573,15.29052,0.0,0.0,0.0,0,198,0.5,0.5,0.0,5,0.0,0.0
Uninett2010,SM,1,B1,59,6,6,0,59->1->50->51->6,,6.04344,inf,0.0,184,184,5.207359,15.29052,35.125977,15.29052,0.0,0.0,0.0,0,184,0.5,0.5,0.0,5,0.0,0.0
Uninett2010,SM,1,B1,60,6,6,0,60->58->57->12->11->6,,1.64662,inf,0.0,174,174,1.64662,15.29052,31.565237,15.29052,0.0,0.0,0.0,0,174,0.5,0.5,0.0,5,0.0,0.0
Uninett2010,SM,1,B1,61,7,1,1,61->34->30->9->68->2->7,,23.258357,inf,0.0,154,154,20.448999,161.290323,196.36742,161.290323,0.0,0.0,0.0,0,154,0.5,0.5,0.0,5,0.0,0.0
Uninett2010,SM,1,B1,62,6,6,0,62->41->18->42->4->11->6,,5.848391,inf,0.0,176,176,5.848391,15.29052,35.767008,15.29052,0.0,0.0,0.0,0,176,0.5,0.5,0.0,5,0.0,0.0
Uninett2010,SM,1,B1,63,6,1,1,63->34->30->40->37->36->67->4->11->6,,21.129428,inf,0.0,178,178,20.448999,161.290323,196.36742,161.290323,0.0,0.0,0.0,0,178,0.5,0.5,0.0,5,0.0,0.0
Uninett2010,SM,1,B1,64,6,6,0,64->38->37->36->67->4->11->6,,8.467174,inf,0.0,161,161,8.275391,15.29052,38.194008,15.29052,0.0,0.0,0.0,0,161,0.5,0.5,0.0,5,0.0,0.0
Uninett2010,SM,1,B1,65,6,2,1,65->66->3->4->11->6,,2.524649,inf,0.0,193,193,1.84422,4.378284,20.850602,4.378284,0.0,0.0,0.0,0,193,0.5,0.5,0.0,5,0.0,0.0
Uninett2010,SM,1,B1,66,11,11,0,66->3->4->11,,1.717844,inf,0.0,85,85,1.717844,161.290323,177.636264,161.290323,0.0,0.0,0.0,0,85,0.5,0.5,0.0,5,0.0,0.0
Uninett2010,SM,1,B1,67,5,8,1,67->68->2->7->8->5,,4.582306,inf,0.0,152,152,4.582306,227.272727,246.48313,227.272727,0.0,0.0,0.0,0,152.0,0.5,0.5,0.0,5,0.0,0.0
Uninett2010,SM,1,B1,68,5,5,0,68->2->7->8->5,,4.582306,inf,0.0,177,177,4.582306,2500.0,2519.210403,2500.0,0.0,0.0,0.0,0,177.0,0.5,0.5,0.0,5,0.0,0.0
Uninett2010,SM,1,B1,69,5,5,0,69->68->2->7->8->5,,4.582306,inf,0.0,201,201,4.582306,2500.0,2519.210403,2500.0,0.0,0.0,0.0,0,201.0,0.5,0.5,0.0,5,0.0,0.0
Uninett2010,SM,1,B1,70,5,5,0,70->69->68->2->7->8->5,,5.884185,inf,0.0,197,197,5.884185,2500.0,2520.512282,2500.0,0.0,0.0,0.0,0,197,0.5,0.5,0.0,5,0.0,0.0
Uninett2010,SM,1,B1,71,5,1,1,71->72->73->74->1->2->7->8->5,,6.6902,inf,0.0,225,225,6.032477,161.290323,181.950897,161.290323,0.0,0.0,0.0,0,225,0.5,0.5,0.0,5,0.0,0.0
Uninett2010,SM,1,B1,72,5,5,0,72->73->74->1->2->7->8->5,,2.528768,inf,0.0,152,152,2.528768,2500.0,2517.156866,2500.0,0.0,0.0,0.0,0,152,0.5,0.5,0.0,5,0.0,0.0
Uninett2010,SM,1,B1,73,6,6,0,73->74->1->4->11->6,,2.249929,inf,0.0,130,130,2.249929,15.29052,32.168546,15.29052,0.0,0.0,0.0,0,130,0.5,0.5,0.0,5,0.0,0.0
Uninett2010,SM,1,B1,74,5,5,0,74->1->2->7->8->5,,1.420612,inf,0.0,197,197,1.420612,2500.0,2516.04871,2500.0,0.0,0.0,0.0,0,197,0.5,0.5,0.0,5,0.0,0.0
Uninett2010,SM,1,B3,1,1,1,0,1,1,0.0,15.514465,0.0,191,191,0.0,3.075031,17.703128,3.075031,0.0,0.0,0.0,0,191.0,0.5,0.5,0.0,5,0.0,0.0
Uninett2010,SM,1,B3,2,2,2,0,2,2,0.0,15.540173,0.0,194,194,0.0,0.912076,15.540173,0.912076,0.0,0.0,0.0,0,194.0,0.5,0.5,0.0,5,0.0,0.0
Uninett2010,SM,1,B3,3,3,3,0,3,3,0.0,15.464918,0.0,165,165,0.0,inf,inf,inf,0.0,0.0,0.0,0,165,0.5,0.5,0.0,5,0.0,0.0
Uninett2010,SM,1,B3,4,4,4,0,4,4,0.0,15.499633,0.0,143,143,0.0,inf,inf,inf,0.0,0.0,0.0,0,143.0,0.5,0.5,0.0,5,0.0,0.0
Uninett2010,SM,1,B3,5,5,5,0,5,5,0.0,inf,0.0,173,173,0.0,inf,inf,inf,0.0,0.0,0.0,0,173,0.5,0.5,0.0,5,0.0,0.0
Uninett2010,SM,1,B3,6,6,6,0,6,6,0.0,inf,0.0,202,202,0.0,4.965243,19.593341,4.965243,0.0,0.0,0.0,0,202,0.5,0.5,0.0,5,0.0,0.0
Uninett2010,SM,1,B3,7,7,7,0,7,7,0.0,inf,0.0,178,178,0.0,3.961965,18.590063,3.961965,0.0,0.0,0.0,0,178,0.5,0.5,0.0,5,0.0,0.0
Uninett2010,SM,1,B3,8,8,8,0,8,8,0.0,inf,0.0,217,217,0.0,inf,inf,inf,0.0,0.0,0.0,0,217,0.5,0.5,0.0,5,0.0,0.0
Uninett2010,SM,1,B3,9,9,9,0,9,9,0.0,inf,0.0,177,177,0.0,3.31785,17.945948,3.31785,0.0,0.0,0.0,0,177.0,0.5,0.5,0.0,5,0.0,0.0
Uninett2010,SM,1,B3,10,10,10,0,10,10,0.0,inf,0.0,140,140,0.0,3.448276,18.076373,3.448276,0.0,0.0,0.0,0,140,0.5,0.5,0.0,5,0.0,0.0
Uninett2010,SM,1,B3,11,11,11,0,11,11,0.0,inf,0.0,193,193,0.0,4.198153,18.82625,4.198153,0.0,0.0,0.0,0,193,0.5,0.5,0.0,5,0.0,0.0
Uninett2010,SM,1,B3,12,12,12,0,12,12,0.0,inf,0.0,207,207,0.0,4.916421,19.544518,4.916421,0.0,0.0,0.0,0,207,0.5,0.5,0.0,5,0.0,0.0
Uninett2010,SM,1,B3,13,12,12,0,13->15->27->67->4->11->12,13->15->27->67->4->11->12,17.052426,inf,0.0,169,169,17.052426,4.916421,36.596945,4.916421,0.0,0.0,0.0,0,169,0.5,0.5,0.0,5,0.0,0.0
Uninett2010,SM,1,B3,14,12,12,0,14->13->15->27->67->4->11->12,14->13->15->27->67->4->11->12,17.456292,inf,0.0,206,206,17.456292,4.916421,37.000811,4.916421,0.0,0.0,0.0,0,206,0.5,0.5,0.0,5,0.0,0.0
Uninett2010,SM,1,B3,15,12,12,0,15->27->67->4->11->12,15->27->67->4->11->12,14.684947,inf,0.0,129,129,14.684947,4.916421,34.229465,4.916421,0.0,0.0,0.0,0,129,0.5,0.5,0.0,5,0.0,0.0
Uninett2010,SM,1,B3,16,12,12,0,16->9->27->67->4->11->12,16->9->27->67->4->11->12,14.267606,inf,0.0,206,206,14.267606,4.916421,33.812124,4.916421,0.0,0.0,0.0,0,206,0.5,0.5,0.0,5,0.0,0.0
Uninett2010,SM,1,B3,17,12,1,1,17->18->42->4->11->12,17->18->42->1,4.528884,inf,0.0,114,114,3.779561,3.075031,21.482689,3.075031,0.0,0.0,0.0,0,114,0.5,0.5,0.0,5,0.0,0.0
Uninett2010,SM,1,B3,18,12,12,0,18->42->4->11->12,18->42->4->11->12,3.807045,inf,0.0,170,170,3.807045,4.916421,23.351563,4.916421,0.0,0.0,0.0,0,170.0,0.5,0.5,0.0,5,0.0,0.0
Uninett2010,SM,1,B3,19,12,4,1,19->50->51->6->11->12,19->50->1->4,1.613292,inf,0.0,193,193,1.554849,inf,inf,inf,0.0,0.0,0.0,0,193,0.5,0.5,0.0,5,0.0,0.0
Uninett2010,SM,1,B3,20,11,4,1,20->19->50->51->6->11,20->19->50->1->4,2.133934,inf,0.0,226,226,2.467515,inf,inf,inf,0.0,0.0,0.0,0,226,0.5,0.5,0.0,5,0.0,0.0
Uninett2010,SM,1,B3,21,12,3,1,21->50->51->6->11->12,21->50->1->4->3,1.83418,inf,0.0,213,213,2.760032,inf,inf,inf,0.0,0.0,0.0,0,213,0.5,0.5,0.0,5,0.0,0.0
Uninett2010,SM,1,B3,22,11,11,0,22->23->50->51->6->11,22->20->19->50->51->6->11,2.726411,inf,0.0,198,198,2.304621,4.198153,21.130871,4.198153,0.0,0.0,0.0,0,198,0.5,0.5,0.0,5,0.0,0.0
Uninett2010,SM,1,B3,23,11,3,1,23->50->51->6->11,23->4->3,2.314263,inf,0.0,239,239,3.506742,inf,inf,inf,0.0,0.0,0.0,0,239,0.5,0.5,0.0,5,0.0,0.0
Uninett2010,SM,1,B3,24,11,11,0,24->23->4->11,24->23->50->51->6->11,4.484351,inf,0.0,177,177,3.918869,4.198153,22.745119,4.198153,0.0,0.0,0.0,0,177,0.5,0.5,0.0,5,0.0,0.0
Uninett2010,SM,1,B3,25,11,11,0,25->24->42->4->11,25->24->23->50->51->6->11,5.14795,inf,0.0,160,160,4.049883,4.198153,22.876134,4.198153,0.0,0.0,0.0,0,160,0.5,0.5,0.0,5,0.0,0.0
Uninett2010,SM,1,B3,26,11,11,0,26->24->23->4->11,26->24->23->50->51->6->11,5.045661,inf,0.0,160,160,4.480179,4.198153,23.306429,4.198153,0.0,0.0,0.0,0,160,0.5,0.5,0.0,5,0.0,0.0
Uninett2010,SM,1,B3,27,11,11,0,27->67->4->11,27->67->4->11,12.174667,inf,0.0,193,193,12.174667,4.198153,31.000917,4.198153,0.0,0.0,0.0,0,193.0,0.5,0.5,0.0,5,0.0,0.0
Uninett2010,SM,1,B3,28,10,10,0,28->12->11->4->67->27->10,28->12->11->4->67->36->37->40->10,14.281782,inf,0.0,197,197,11.414735,3.448276,29.491108,3.448276,0.0,0.0,0.0,0,197,0.5,0.5,0.0,5,0.0,0.0
Uninett2010,SM,1,B3,29,10,10,0,29->34->30->10,29->34->30->10,10.455167,inf,0.0,203,203,10.455167,3.448276,28.531541,3.448276,0.0,0.0,0.0,0,203.0,0.5,0.5,0.0,5,0.0,0.0
Uninett2010,SM,1,B3,30,10,4,1,30->10,30->40->37->36->67->4,0.53955,inf,0.0,222,222,10.533382,inf,inf,inf,0.0,0.0,0.0,0,222,0.5,0.5,0.0,5,0.0,0.0
Uninett2010,SM,1,B3,31,10,1,1,31->30->10,31->30->40->37->36->67->4->1,0.998306,inf,0.0,146,146,10.992139,3.075031,28.695267,3.075031,0.0,0.0,0.0,0,146,0.5,0.5,0.0,5,0.0,0.0
Uninett2010,SM,1,B3,32,10,10,0,32->16->9->30->10,32->16->9->27->10,4.657789,inf,0.0,188,188,4.253285,3.448276,22.329658,3.448276,0.0,0.0,0.0,0,188,0.5,0.5,0.0,5,0.0,0.0
Uninett2010,SM,1,B3,33,10,3,1,33->38->40->10,33->35->67->4->3,5.2953,inf,0.0,231,231,6.260572,inf,inf,inf,0.0,0.0,0.0,0,231,0.5,0.5,0.0,5,0.0,0.0
Uninett2010,SM,1,B3,34,10,10,0,34->30->10,34->30->10,10.455167,inf,0.0,164,164,10.455167,3.448276,28.531541,3.448276,0.0,0.0,0.0,0,164.0,0.5,0.5,0.0,5,0.0,0.0
Uninett2010,SM,1,B3,35,9,3,1,35->67->27->9,35->67->4->3,8.741289,inf,0.0,178,178,5.75738,inf,inf,inf,0.0,0.0,0.0,0,178,0.5,0.5,0.0,5,0.0,0.0
Uninett2010,SM,1,B3,36,9,4,1,36->67->27->9,36->67->4,10.971528,inf,0.0,189,189,7.003325,inf,inf,inf,0.0,0.0,0.0,0,189,0.5,0.5,0.0,5,0.0,0.0
Uninett2010,SM,1,B3,37,10,10,0,37->40->10,37->40->10,3.165676,inf,0.0,142,142,3.165676,3.448276,21.242049,3.448276,0.0,0.0,0.0,0,142,0.5,0.5,0.0,5,0.0,0.0
Uninett2010,SM,1,B3,38,9,9,0,38->68->9,38->40->30->9,11.563165,inf,0.0,202,202,4.345203,3.31785,22.29115,3.31785,0.0,0.0,0.0,0,202,0.5,0.5,0.0,5,0.0,0.0
Uninett2010,SM,1,B3,39,9,9,0,39->38->40->30->9,39->38->40->30->9,4.345203,inf,0.0,229,229,4.345203,3.31785,22.29115,3.31785,0.0,0.0,0.0,0,229,0.5,0.5,0.0,5,0.0,0.0
Uninett2010,SM,1,B3,40,9,9,0,40->30->9,40->30->9,3.260423,inf,0.0,109,109,3.260423,3.31785,21.20637,3.31785,0.0,0.0,0.0,0,109,0.5,0.5,0.0,5,0.0,0.0
Uninett2010,SM,1,B3,41,9,9,0,41->44->46->43->67->68->9,41->44->46->43->67->68->9,12.153042,inf,0.0,127,127,12.153042,3.31785,30.098989,3.31785,0.0,0.0,0.0,0,127,0.5,0.5,0.0,5,0.0,0.0
Uninett2010,SM,1,B3,42,9,9,0,42->18->67->68->9,42->18->67->68->9,12.198255,inf,0.0,245,245,12.198255,3.31785,30.144203,3.31785,0.0,0.0,0.0,0,245.0,0.5,0.5,0.0,5,0.0,0.0
Uninett2010,SM,1,B3,43,9,1,1,43->67->27->9,43->18->42->1,10.294779,inf,0.0,183,183,5.41676,3.075031,23.119888,3.075031,0.0,0.0,0.0,0,183,0.5,0.5,0.0,5,0.0,0.0
Uninett2010,SM,1,B3,44,8,5,1,44->41->18->42->1->2->7->8,44->41->18->42->1->2->7->8->5,5.767926,inf,0.0,215,215,5.767926,inf,inf,inf,0.0,0.0,0.0,0,215,0.5,0.5,0.0,5,0.0,0.0
Uninett2010,SM,1,B3,45,8,5,1,45->47->69->68->2->7->8,45->47->69->68->2->7->8->5,6.474132,inf,0.0,121,121,6.474132,inf,inf,inf,0.0,0.0,0.0,0,121,0.5,0.5,0.0,5,0.0,0.0
Uninett2010,SM,1,B3,46,8,5,1,46->43->67->68->2->7->8,46->43->18->42->1->2->7->8->5,7.348523,inf,0.0,188,188,6.438706,inf,inf,inf,0.0,0.0,0.0,0,188,0.5,0.5,0.0,5,0.0,0.0
Uninett2010,SM,1,B3,47,8,5,1,47->69->68->2->7->8,47->69->68->2->7->8->5,5.967878,inf,0.0,222,222,5.967878,inf,inf,inf,0.0,0.0,0.0,0,222,0.5,0.5,0.0,5,0.0,0.0
Uninett2010,SM,1,B3,48,8,5,1,48->52->68->2->7->8,48->52->68->2->7->8->5,5.06438,inf,0.0,171,171,5.06438,inf,inf,inf,0.0,0.0,0.0,0,171,0.5,0.5,0.0,5,0.0,0.0
Uninett2010,SM,1,B3,49,8,5,1,49->32->16->9->68->2->7->8,49->32->16->9->68->2->7->8->5,16.350212,inf,0.0,171,171,16.350212,inf,inf,inf,0.0,0.0,0.0,0,171,0.5,0.5,0.0,5,0.0,0.0
Uninett2010,SM,1,B3,50,8,5,1,50->51->6->8,50->51->6->8->5,1.081554,inf,0.0,193,193,1.081554,inf,inf,inf,0.0,0.0,0.0,0,193,0.5,0.5,0.0,5,0.0,0.0
Uninett2010,SM,1,B3,51,7,4,1,51->50->1->2->7,51->6->11->4,1.442926,inf,0.0,195,195,0.932777,inf,inf,inf,0.0,0.0,0.0,0,195,0.5,0.5,0.0,5,0.0,0.0
Uninett2010,SM,1,B3,52,7,7,0,52->68->2->7,52->68->2->7,4.380896,inf,0.0,169,169,4.380896,3.961965,22.970959,3.961965,0.0,0.0,0.0,0,169,0.5,0.5,0.0,5,0.0,0.0
Uninett2010,SM,1,B3,53,7,7,0,53->7,53->7,0.0,inf,0.0,204,204,0.0,3.961965,18.590063,3.961965,0.0,0.0,0.0,0,204,0.5,0.5,0.0,5,0.0,0.0
Uninett2010,SM,1,B3,54,7,3,1,54->58->57->2->7,54->58->57->2->4->3,1.146753,inf,0.0,227,227,1.952282,inf,inf,inf,0.0,0.0,0.0,0,227,0.5,0.5,0.0,5,0.0,0.0
Uninett2010,SM,1,B3,55,7,1,1,55->12->57->2->7,55->12->11->4->1,1.778512,inf,0.0,145,145,1.207254,3.075031,18.910383,3.075031,0.0,0.0,0.0,0,145,0.5,0.5,0.0,5,0.0,0.0
Uninett2010,SM,1,B3,56,7,7,0,56->34->30->9->68->2->7,56->34->30->40->37->36->67->68->2->7,23.258357,inf,0.0,186,186,20.627765,3.961965,39.217827,3.961965,0.0,0.0,0.0,0,186.0,0.5,0.5,0.0,5,0.0,0.0
Uninett2010,SM,1,B3,57,7,7,0,57->2->7,57->2->7,0.908766,inf,0.0,147,147,0.908766,3.961965,19.498829,3.961965,0.0,0.0,0.0,0,147,0.5,0.5,0.0,5,0.0,0.0
Uninett2010,SM,1,B3,58,6,6,0,58->57->12->11->6,58->57->12->11->6,1.364956,inf,0.0,198,198,1.364956,4.965243,20.958297,4.965243,0.0,0.0,0.0,0,198,0.5,0.5,0.0,5,0.0,0.0
Uninett2010,SM,1,B3,59,6,3,1,59->1->50->51->6,59->1->4->3,6.04344,inf,0.0,184,184,5.511226,inf,inf,inf,0.0,0.0,0.0,0,184,0.5,0.5,0.0,5,0.0,0.0
Uninett2010,SM,1,B3,60,6,6,0,60->58->57->12->11->6,60->58->57->12->11->6,1.64662,inf,0.0,174,174,1.64662,4.965243,21.239961,4.965243,0.0,0.0,0.0,0,174,0.5,0.5,0.0,5,0.0,0.0
Uninett2010,SM,1,B3,61,7,7,0,61->34->30->9->68->2->7,61->34->30->40->37->36->67->68->2->7,23.258357,inf,0.0,154,154,20.627765,3.961965,39.217827,3.961965,0.0,0.0,0.0,0,154,0.5,0.5,0.0,5,0.0,0.0
Uninett2010,SM,1,B3,62,6,6,0,62->41->18->42->4->11->6,62->41->18->42->4->11->6,5.848391,inf,0.0,176,176,5.848391,4.965243,25.441732,4.965243,0.0,0.0,0.0,0,176,0.5,0.5,0.0,5,0.0,0.0
Uninett2010,SM,1,B3,63,6,6,0,63->34->30->40->37->36->67->4->11->6,63->34->30->40->37->36->67->4->11->6,21.129428,inf,0.0,178,178,21.129428,4.965243,40.722769,4.965243,0.0,0.0,0.0,0,178,0.5,0.5,0.0,5,0.0,0.0
Uninett2010,SM,1,B3,64,6,6,0,64->38->37->36->67->4->11->6,64->38->68->67->4->11->6,8.467174,inf,0.0,161,161,8.275391,4.965243,27.868732,4.965243,0.0,0.0,0.0,0,161,0.5,0.5,0.0,5,0.0,0.0
Uninett2010,SM,1,B3,65,6,4,1,65->66->3->4->11->6,65->66->3->4,2.524649,inf,0.0,193,193,1.84422,inf,inf,inf,0.0,0.0,0.0,0,193,0.5,0.5,0.0,5,0.0,0.0
Uninett2010,SM,1,B3,66,11,1,1,66->3->4->11,66->3->4->1,1.717844,inf,0.0,85,85,1.360545,3.075031,19.063674,3.075031,0.0,0.0,0.0,0,85,0.5,0.5,0.0,5,0.0,0.0
Uninett2010,SM,1,B3,67,5,8,1,67->68->2->7->8->5,67->68->2->7->8,4.582306,inf,0.0,152,152,4.582306,inf,inf,inf,0.0,0.0,0.0,0,152.0,0.5,0.5,0.0,5,0.0,0.0
Uninett2010,SM,1,B3,68,5,8,1,68->2->7->8->5,68->2->7->8,4.582306,inf,0.0,177,177,4.582306,inf,inf,inf,0.0,0.0,0.0,0,177.0,0.5,0.5,0.0,5,0.0,0.0
Uninett2010,SM,1,B3,69,5,3,1,69->68->2->7->8->5,69->67->4->3,4.582306,inf,0.0,201,201,4.908877,inf,inf,inf,0.0,0.0,0.0,0,201.0,0.5,0.5,0.0,5,0.0,0.0
Uninett2010,SM,1,B3,70,5,8,1,70->69->68->2->7->8->5,70->69->68->2->7->8,5.884185,inf,0.0,197,197,5.884185,inf,inf,inf,0.0,0.0,0.0,0,197,0.5,0.5,0.0,5,0.0,0.0
Uninett2010,SM,1,B3,71,5,8,1,71->72->73->74->1->2->7->8->5,71->72->73->74->1->2->7->8,6.6902,inf,0.0,225,225,6.6902,inf,inf,inf,0.0,0.0,0.0,0,225,0.5,0.5,0.0,5,0.0,0.0
Uninett2010,SM,1,B3,72,5,8,1,72->73->74->1->2->7->8->5,72->73->74->1->2->7->8,2.528768,inf,0.0,152,152,2.528768,inf,inf,inf,0.0,0.0,0.0,0,152,0.5,0.5,0.0,5,0.0,0.0
Uninett2010,SM,1,B3,73,6,1,1,73->74->1->4->11->6,73->74->1,2.249929,inf,0.0,130,130,1.5695,3.075031,19.272628,3.075031,0.0,0.0,0.0,0,130,0.5,0.5,0.0,5,0.0,0.0
Uninett2010,SM,1,B3,74,5,8,1,74->1->2->7->8->5,74->1->2->7->8,1.420612,inf,0.0,197,197,1.420612,inf,inf,inf,0.0,0.0,0.0,0,197,0.5,0.5,0.0,5,0.0,0.0
Uninett2010,SM,1,MCF_ARC,1,1,1,0,1,1,0.0,15.514465,0.0,191,191,0.0,13.35989,26.229026,11.600928,0.0,0.0,0.0,0,191.0,0.5,0.5,0.0,5,0.0,0.0
Uninett2010,SM,1,MCF_ARC,2,2,2,0,2,2,0.0,15.540173,0.0,194,194,0.0,4.845314,19.206852,4.578755,0.0,0.0,0.0,0,194.0,0.5,0.5,0.0,5,0.0,0.0
Uninett2010,SM,1,MCF_ARC,3,3,3,0,3,3,0.0,15.464918,0.0,165,165,0.0,1.000638,15.626102,0.998004,0.0,0.0,0.0,0,165,0.5,0.5,0.0,5,0.0,0.0
Uninett2010,SM,1,MCF_ARC,4,4,4,0,4,4,0.0,15.499633,0.0,143,143,0.0,15.231262,29.464893,14.836795,0.0,0.0,0.0,0,143.0,0.5,0.5,0.0,5,0.0,0.0
Uninett2010,SM,1,MCF_ARC,5,5,5,0,5,5,0.0,inf,0.0,173,173,0.0,14.301374,27.547994,12.919897,0.0,0.0,0.0,0,173,0.5,0.5,0.0,5,0.0,0.0
Uninett2010,SM,1,MCF_ARC,6,6,6,0,6,6,0.0,inf,0.0,202,202,0.0,13.557463,26.337699,11.709602,0.0,0.0,0.0,0,202,0.5,0.5,0.0,5,0.0,0.0
Uninett2010,SM,1,MCF_ARC,7,7,7,0,7,7,0.0,inf,0.0,178,178,0.0,15.324251,29.688339,15.060241,0.0,0.0,0.0,0,178,0.5,0.5,0.0,5,0.0,0.0
Uninett2010,SM,1,MCF_ARC,8,8,8,0,8,8,0.0,inf,0.0,217,217,0.0,5.090804,19.449698,4.821601,0.0,0.0,0.0,0,217,0.5,0.5,0.0,5,0.0,0.0
Uninett2010,SM,1,MCF_ARC,9,9,9,0,9,9,0.0,inf,0.0,177,177,0.0,4.687614,19.064655,4.436557,0.0,0.0,0.0,0,177.0,0.5,0.5,0.0,5,0.0,0.0
Uninett2010,SM,1,MCF_ARC,10,10,10,0,10,10,0.0,inf,0.0,140,140,0.0,13.356825,26.256005,11.627907,0.0,0.0,0.0,0,140,0.5,0.5,0.0,5,0.0,0.0
Uninett2010,SM,1,MCF_ARC,11,11,11,0,11,11,0.0,inf,0.0,193,193,0.0,5.616617,20.116572,5.488474,0.0,0.0,0.0,0,193,0.5,0.5,0.0,5,0.0,0.0
Uninett2010,SM,1,MCF_ARC,12,12,12,0,12,12,0.0,inf,0.0,207,207,0.0,15.41724,29.918617,15.29052,0.0,0.0,0.0,0,207,0.5,0.5,0.0,5,0.0,0.0
Uninett2010,SM,1,MCF_ARC,13,12,11,1,13->15->27->67->4->11->12,13->15->27->67->4->11,17.052426,inf,0.0,169,169,16.660402,5.616617,36.776974,5.488474,0.0,0.0,0.0,0,169,0.5,0.5,0.0,5,0.0,0.0
Uninett2010,SM,1,MCF_ARC,14,12,12,0,14->13->15->27->67->4->11->12,14->13->15->27->67->18->42->4->11->12,17.456292,inf,0.0,206,206,20.894901,15.41724,50.813519,15.29052,0.0,0.0,0.0,0,206,0.5,0.5,0.0,5,0.0,0.0
Uninett2010,SM,1,MCF_ARC,15,12,12,0,15->27->67->4->11->12,15->27->9->68->67->4->11->12,14.684947,inf,0.0,129,129,14.684947,15.41724,44.603564,15.29052,0.0,0.0,0.0,0,129,0.5,0.5,0.0,5,0.0,0.0
Uninett2010,SM,1,MCF_ARC,16,12,12,0,16->9->27->67->4->11->12,16->9->68->67->4->11->12,14.267606,inf,0.0,206,206,14.267606,15.41724,44.186223,15.29052,0.0,0.0,0.0,0,206,0.5,0.5,0.0,5,0.0,0.0
Uninett2010,SM,1,MCF_ARC,17,12,12,0,17->18->42->4->11->12,17->18->42->4->11->12,4.528884,inf,0.0,114,114,4.528884,15.41724,34.447501,15.29052,0.0,0.0,0.0,0,114,0.5,0.5,0.0,5,0.0,0.0
Uninett2010,SM,1,MCF_ARC,18,12,12,0,18->42->4->11->12,18->42->4->11->12,3.807045,inf,0.0,170,170,3.807045,15.41724,33.725662,15.29052,0.0,0.0,0.0,0,170.0,0.5,0.5,0.0,5,0.0,0.0
Uninett2010,SM,1,MCF_ARC,19,12,12,0,19->50->51->6->11->12,19->50->51->6->11->12,1.613292,inf,0.0,193,193,1.613292,15.41724,31.53191,15.29052,0.0,0.0,0.0,0,193,0.5,0.5,0.0,5,0.0,0.0
Uninett2010,SM,1,MCF_ARC,20,11,4,1,20->19->50->51->6->11,20->19->50->1->4,2.133934,inf,0.0,226,226,2.467515,15.231262,31.932408,14.836795,0.0,0.0,0.0,0,226,0.5,0.5,0.0,5,0.0,0.0
Uninett2010,SM,1,MCF_ARC,21,12,1,1,21->50->51->6->11->12,21->50->1,1.83418,inf,0.0,213,213,1.775737,13.35989,28.004762,11.600928,0.0,0.0,0.0,0,213,0.5,0.5,0.0,5,0.0,0.0
Uninett2010,SM,1,MCF_ARC,22,11,4,1,22->23->50->51->6->11,22->23->50->1->4,2.726411,inf,0.0,198,198,3.059992,15.231262,32.524885,14.836795,0.0,0.0,0.0,0,198,0.5,0.5,0.0,5,0.0,0.0
Uninett2010,SM,1,MCF_ARC,23,11,4,1,23->50->51->6->11,23->4,2.314263,inf,0.0,239,239,2.522447,15.231262,31.987339,14.836795,0.0,0.0,0.0,0,239,0.5,0.5,0.0,5,0.0,0.0
Uninett2010,SM,1,MCF_ARC,24,11,11,0,24->23->4->11,24->23->50->51->6->11,4.484351,inf,0.0,177,177,3.918869,5.616617,24.03544,5.488474,0.0,0.0,0.0,0,177,0.5,0.5,0.0,5,0.0,0.0
Uninett2010,SM,1,MCF_ARC,25,11,11,0,25->24->42->4->11,25->24->23->50->51->6->11,5.14795,inf,0.0,160,160,4.049883,5.616617,24.166455,5.488474,0.0,0.0,0.0,0,160,0.5,0.5,0.0,5,0.0,0.0
Uninett2010,SM,1,MCF_ARC,26,11,11,0,26->24->23->4->11,26->24->23->50->51->6->11,5.045661,inf,0.0,160,160,4.480179,5.616617,24.59675,5.488474,0.0,0.0,0.0,0,160,0.5,0.5,0.0,5,0.0,0.0
Uninett2010,SM,1,MCF_ARC,27,11,11,0,27->67->4->11,27->9->68->2->4->11,12.174667,inf,0.0,193,193,12.174667,5.616617,32.291239,5.488474,0.0,0.0,0.0,0,193.0,0.5,0.5,0.0,5,0.0,0.0
Uninett2010,SM,1,MCF_ARC,28,10,10,0,28->12->11->4->67->27->10,28->12->11->4->67->36->37->40->10,14.281782,inf,0.0,197,197,11.414735,13.356825,37.67074,11.627907,0.0,0.0,0.0,0,197,0.5,0.5,0.0,5,0.0,0.0
Uninett2010,SM,1,MCF_ARC,29,10,10,0,29->34->30->10,29->34->30->10,10.455167,inf,0.0,203,203,10.455167,13.356825,36.711172,11.627907,0.0,0.0,0.0,0,203.0,0.5,0.5,0.0,5,0.0,0.0
Uninett2010,SM,1,MCF_ARC,30,10,10,0,30->10,30->10,0.53955,inf,0.0,222,222,0.53955,13.356825,26.795555,11.627907,0.0,0.0,0.0,0,222,0.5,0.5,0.0,5,0.0,0.0
Uninett2010,SM,1,MCF_ARC,31,10,10,0,31->30->10,31->30->10,0.998306,inf,0.0,146,146,0.998306,13.356825,27.254311,11.627907,0.0,0.0,0.0,0,146,0.5,0.5,0.0,5,0.0,0.0
Uninett2010,SM,1,MCF_ARC,32,10,10,0,32->16->9->30->10,32->16->9->27->10,4.657789,inf,0.0,188,188,4.253285,13.356825,30.50929,11.627907,0.0,0.0,0.0,0,188,0.5,0.5,0.0,5,0.0,0.0
Uninett2010,SM,1,MCF_ARC,33,10,4,1,33->38->40->10,33->38->40->37->36->67->4,5.2953,inf,0.0,231,231,12.102458,15.231262,41.56735,14.836795,0.0,0.0,0.0,0,231,0.5,0.5,0.0,5,0.0,0.0
Uninett2010,SM,1,MCF_ARC,34,10,1,1,34->30->10,34->30->9->68->67->4->1,10.455167,inf,0.0,164,164,23.079591,13.35989,49.308617,11.600928,0.0,0.0,0.0,0,164.0,0.5,0.5,0.0,5,0.0,0.0
Uninett2010,SM,1,MCF_ARC,35,9,9,0,35->67->27->9,35->67->27->9,8.741289,inf,0.0,178,178,8.741289,4.687614,27.805943,4.436557,0.0,0.0,0.0,0,178,0.5,0.5,0.0,5,0.0,0.0
Uninett2010,SM,1,MCF_ARC,36,9,9,0,36->67->27->9,36->37->40->30->9,10.971528,inf,0.0,189,189,4.876664,4.687614,23.941319,4.436557,0.0,0.0,0.0,0,189,0.5,0.5,0.0,5,0.0,0.0
Uninett2010,SM,1,MCF_ARC,37,10,10,0,37->40->10,37->40->10,3.165676,inf,0.0,142,142,3.165676,13.356825,29.421681,11.627907,0.0,0.0,0.0,0,142,0.5,0.5,0.0,5,0.0,0.0
Uninett2010,SM,1,MCF_ARC,38,9,9,0,38->68->9,38->40->30->9,11.563165,inf,0.0,202,202,4.345203,4.687614,23.409858,4.436557,0.0,0.0,0.0,0,202,0.5,0.5,0.0,5,0.0,0.0
Uninett2010,SM,1,MCF_ARC,39,9,2,1,39->38->40->30->9,39->38->33->35->48->52->68->2,4.345203,inf,0.0,229,229,7.838741,4.845314,27.045594,4.578755,0.0,0.0,0.0,0,229,0.5,0.5,0.0,5,0.0,0.0
Uninett2010,SM,1,MCF_ARC,40,9,9,0,40->30->9,40->30->9,3.260423,inf,0.0,109,109,3.260423,4.687614,22.325078,4.436557,0.0,0.0,0.0,0,109,0.5,0.5,0.0,5,0.0,0.0
Uninett2010,SM,1,MCF_ARC,41,9,9,0,41->44->46->43->67->68->9,41->44->46->43->67->27->9,12.153042,inf,0.0,127,127,12.153042,4.687614,31.217696,4.436557,0.0,0.0,0.0,0,127,0.5,0.5,0.0,5,0.0,0.0
Uninett2010,SM,1,MCF_ARC,42,9,1,1,42->18->67->68->9,42->1,12.198255,inf,0.0,245,245,3.057722,13.35989,29.286748,11.600928,0.0,0.0,0.0,0,245.0,0.5,0.5,0.0,5,0.0,0.0
Uninett2010,SM,1,MCF_ARC,43,9,9,0,43->67->27->9,43->67->68->9,10.294779,inf,0.0,183,183,10.294779,4.687614,29.359434,4.436557,0.0,0.0,0.0,0,183,0.5,0.5,0.0,5,0.0,0.0
Uninett2010,SM,1,MCF_ARC,44,8,8,0,44->41->18->42->1->2->7->8,44->41->18->42->1->2->7->8,5.767926,inf,0.0,215,215,5.767926,5.090804,25.217625,4.821601,0.0,0.0,0.0,0,215,0.5,0.5,0.0,5,0.0,0.0
Uninett2010,SM,1,MCF_ARC,45,8,8,0,45->47->69->68->2->7->8,45->47->69->67,6.474132,inf,0.0,121,121,1.891827,5.090804,21.341525,4.821601,0.0,0.0,0.0,0,121,0.5,0.5,0.0,5,0.0,0.0
Uninett2010,SM,1,MCF_ARC,46,8,8,0,46->43->67->68->2->7->8,46->43->18->42->1->2->7->8,7.348523,inf,0.0,188,188,6.438706,5.090804,25.888404,4.821601,0.0,0.0,0.0,0,188,0.5,0.5,0.0,5,0.0,0.0
Uninett2010,SM,1,MCF_ARC,47,8,1,1,47->69->68->2->7->8,47->69->68->2->1,5.967878,inf,0.0,222,222,5.310155,13.35989,31.539181,11.600928,0.0,0.0,0.0,0,222,0.5,0.5,0.0,5,0.0,0.0
Uninett2010,SM,1,MCF_ARC,48,8,8,0,48->52->68->2->7->8,48->35->67->4->2->7->8,5.06438,inf,0.0,171,171,5.961589,5.090804,25.411287,4.821601,0.0,0.0,0.0,0,171,0.5,0.5,0.0,5,0.0,0.0
Uninett2010,SM,1,MCF_ARC,49,8,8,0,49->32->16->9->68->2->7->8,49->32->16->9->68->2->7->8,16.350212,inf,0.0,171,171,16.350212,5.090804,35.79991,4.821601,0.0,0.0,0.0,0,171,0.5,0.5,0.0,5,0.0,0.0
Uninett2010,SM,1,MCF_ARC,50,8,5,1,50->51->6->8,50->51->6->8->5,1.081554,inf,0.0,193,193,1.081554,14.301374,28.629548,12.919897,0.0,0.0,0.0,0,193,0.5,0.5,0.0,5,0.0,0.0
Uninett2010,SM,1,MCF_ARC,51,7,7,0,51->50->1->2->7,51->6->11->4->2->7,1.442926,inf,0.0,195,195,1.111543,15.324251,30.799881,15.060241,0.0,0.0,0.0,0,195,0.5,0.5,0.0,5,0.0,0.0
Uninett2010,SM,1,MCF_ARC,52,7,5,1,52->68->2->7,52->68->2->7->8->5,4.380896,inf,0.0,169,169,4.859854,14.301374,32.407848,12.919897,0.0,0.0,0.0,0,169,0.5,0.5,0.0,5,0.0,0.0
Uninett2010,SM,1,MCF_ARC,53,7,7,0,53->7,53->7,0.0,inf,0.0,204,204,0.0,15.324251,29.688339,15.060241,0.0,0.0,0.0,0,204,0.5,0.5,0.0,5,0.0,0.0
Uninett2010,SM,1,MCF_ARC,54,7,2,1,54->58->57->2->7,54->58->57->2,1.146753,inf,0.0,227,227,0.967987,4.845314,20.174839,4.578755,0.0,0.0,0.0,0,227,0.5,0.5,0.0,5,0.0,0.0
Uninett2010,SM,1,MCF_ARC,55,7,7,0,55->12->57->2->7,55->12->11->4->1->2->7,1.778512,inf,0.0,145,145,1.38602,15.324251,31.074358,15.060241,0.0,0.0,0.0,0,145,0.5,0.5,0.0,5,0.0,0.0
Uninett2010,SM,1,MCF_ARC,56,7,4,1,56->34->30->9->68->2->7,56->34->30->40->38->37->36->67->4,23.258357,inf,0.0,186,186,20.700958,15.231262,50.165851,14.836795,0.0,0.0,0.0,0,186.0,0.5,0.5,0.0,5,0.0,0.0
Uninett2010,SM,1,MCF_ARC,57,7,7,0,57->2->7,57->2->7,0.908766,inf,0.0,147,147,0.908766,15.324251,30.597105,15.060241,0.0,0.0,0.0,0,147,0.5,0.5,0.0,5,0.0,0.0
Uninett2010,SM,1,MCF_ARC,58,6,1,1,58->57->12->11->6,58->57->2->1,1.364956,inf,0.0,198,198,0.967987,13.35989,27.197013,11.600928,0.0,0.0,0.0,0,198,0.5,0.5,0.0,5,0.0,0.0
Uninett2010,SM,1,MCF_ARC,59,6,6,0,59->1->50->51->6,59->1->4->11->6,6.04344,inf,0.0,184,184,5.207359,13.557463,31.545059,11.709602,0.0,0.0,0.0,0,184,0.5,0.5,0.0,5,0.0,0.0
Uninett2010,SM,1,MCF_ARC,60,6,6,0,60->58->57->12->11->6,60->58->57->12->11->6,1.64662,inf,0.0,174,174,1.64662,13.557463,27.984319,11.709602,0.0,0.0,0.0,0,174,0.5,0.5,0.0,5,0.0,0.0
Uninett2010,SM,1,MCF_ARC,61,7,7,0,61->34->30->9->68->2->7,61->34->30->40->37->36->67->68->2->7,23.258357,inf,0.0,154,154,20.627765,15.324251,50.316103,15.060241,0.0,0.0,0.0,0,154,0.5,0.5,0.0,5,0.0,0.0
Uninett2010,SM,1,MCF_ARC,62,6,6,0,62->41->18->42->4->11->6,62->41->18->42->4->11->6,5.848391,inf,0.0,176,176,5.848391,13.557463,32.18609,11.709602,0.0,0.0,0.0,0,176,0.5,0.5,0.0,5,0.0,0.0
Uninett2010,SM,1,MCF_ARC,63,6,6,0,63->34->30->40->37->36->67->4->11->6,63->34->30->40->38->68->2->4->11->6,21.129428,inf,0.0,178,178,21.189604,13.557463,47.527304,11.709602,0.0,0.0,0.0,0,178,0.5,0.5,0.0,5,0.0,0.0
Uninett2010,SM,1,MCF_ARC,64,6,6,0,64->38->37->36->67->4->11->6,64->38->37->36->67->4->11->6,8.467174,inf,0.0,161,161,8.467174,13.557463,34.804873,11.709602,0.0,0.0,0.0,0,161,0.5,0.5,0.0,5,0.0,0.0
Uninett2010,SM,1,MCF_ARC,65,6,3,1,65->66->3->4->11->6,65->66->3,2.524649,inf,0.0,193,193,0.859925,1.000638,16.486027,0.998004,0.0,0.0,0.0,0,193,0.5,0.5,0.0,5,0.0,0.0
Uninett2010,SM,1,MCF_ARC,66,11,11,0,66->3->4->11,66->3->4->11,1.717844,inf,0.0,85,85,1.717844,5.616617,21.834416,5.488474,0.0,0.0,0.0,0,85,0.5,0.5,0.0,5,0.0,0.0
Uninett2010,SM,1,MCF_ARC,67,5,5,0,67->68->2->7->8->5,67->68->2->7->8->5,4.582306,inf,0.0,152,152,4.582306,14.301374,32.1303,12.919897,0.0,0.0,0.0,0,152.0,0.5,0.5,0.0,5,0.0,0.0
Uninett2010,SM,1,MCF_ARC,68,5,5,0,68->2->7->8->5,68->2->7->8->5,4.582306,inf,0.0,177,177,4.582306,14.301374,32.1303,12.919897,0.0,0.0,0.0,0,177.0,0.5,0.5,0.0,5,0.0,0.0
Uninett2010,SM,1,MCF_ARC,69,5,7,1,69->68->2->7->8->5,69->68->2->7,4.582306,inf,0.0,201,201,4.103348,15.324251,33.791686,15.060241,0.0,0.0,0.0,0,201.0,0.5,0.5,0.0,5,0.0,0.0
Uninett2010,SM,1,MCF_ARC,70,5,5,0,70->69->68->2->7->8->5,70->69->68->2->7->8->5,5.884185,inf,0.0,197,197,5.884185,14.301374,33.432179,12.919897,0.0,0.0,0.0,0,197,0.5,0.5,0.0,5,0.0,0.0
Uninett2010,SM,1,MCF_ARC,71,5,2,1,71->72->73->74->1->2->7->8->5,71->72->73->74->1->2,6.6902,inf,0.0,225,225,6.032477,4.845314,25.239329,4.578755,0.0,0.0,0.0,0,225,0.5,0.5,0.0,5,0.0,0.0
Uninett2010,SM,1,MCF_ARC,72,5,5,0,72->73->74->1->2->7->8->5,72->73->74->1->2->7->8->5,2.528768,inf,0.0,152,152,2.528768,14.301374,30.076762,12.919897,0.0,0.0,0.0,0,152,0.5,0.5,0.0,5,0.0,0.0
Uninett2010,SM,1,MCF_ARC,73,6,6,0,73->74->1->4->11->6,73->74->1->4->11->6,2.249929,inf,0.0,130,130,2.249929,13.557463,28.587628,11.709602,0.0,0.0,0.0,0,130,0.5,0.5,0.0,5,0.0,0.0
Uninett2010,SM,1,MCF_ARC,74,5,2,1,74->1->2->7->8->5,74->1->2,1.420612,inf,0.0,197,197,0.762889,4.845314,19.969741,4.578755,0.0,0.0,0.0,0,197,0.5,0.5,0.0,5,0.0,0.0
Uninett2010,SM,2,B1,1,1,1,0,1,,0.0,15.519204,0.0,185,185,0.0,1.057977,15.686075,1.057977,0.0,0.0,0.0,0,185.0,0.5,0.5,0.0,5,0.0,0.0
Uninett2010,SM,2,B1,2,2,2,0,2,,0.0,15.457698,0.0,153,153,0.0,9.310987,23.939085,9.310987,0.0,0.0,0.0,0,153.0,0.5,0.5,0.0,5,0.0,0.0
Uninett2010,SM,2,B1,3,3,3,0,3,,0.0,15.546203,0.0,218,218,0.0,0.918105,15.546203,0.918105,0.0,0.0,0.0,0,218,0.5,0.5,0.0,5,0.0,0.0
Uninett2010,SM,2,B1,4,4,1,1,4,,0.0,15.421371,0.0,177,177,0.0,1.057977,15.686075,1.057977,0.264704,0.0,0.0,0,177.0,0.5,0.5,0.0,5,0.0,0.0
Uninett2010,SM,2,B1,5,5,5,0,5,,0.0,inf,0.0,202,202,0.0,30.120482,44.74858,30.120482,0.0,0.0,0.0,0,202,0.5,0.5,0.0,5,0.0,0.0
Uninett2010,SM,2,B1,6,6,6,0,6,,0.0,inf,0.0,161,161,0.0,16.025641,30.653739,16.025641,0.0,0.0,0.0,0,161,0.5,0.5,0.0,5,0.0,0.0
Uninett2010,SM,2,B1,7,7,7,0,7,,0.0,inf,0.0,157,157,0.0,10.615711,25.243809,10.615711,0.0,0.0,0.0,0,157,0.5,0.5,0.0,5,0.0,0.0
Uninett2010,SM,2,B1,8,8,8,0,8,,0.0,inf,0.0,178,178,0.0,14.245014,28.873112,14.245014,0.0,0.0,0.0,0,178,0.5,0.5,0.0,5,0.0,0.0
Uninett2010,SM,2,B1,9,9,9,0,9,,0.0,inf,0.0,161,161,0.0,28.409091,43.037189,28.409091,0.0,0.0,0.0,0,161.0,0.5,0.5,0.0,5,0.0,0.0
Uninett2010,SM,2,B1,10,10,10,0,10,,0.0,inf,0.0,166,166,0.0,31.25,45.878098,31.25,0.0,0.0,0.0,0,166,0.5,0.5,0.0,5,0.0,0.0
Uninett2010,SM,2,B1,11,11,2,1,11,,0.0,inf,0.0,243,243,0.357299,9.310987,24.296383,9.310987,0.0,0.0,0.0,0,243,0.5,0.5,0.0,5,0.0,0.0
Uninett2010,SM,2,B1,12,12,12,0,12,,0.0,inf,0.0,180,180,0.0,12.315271,26.943369,12.315271,0.0,0.0,0.0,0,180,0.5,0.5,0.0,5,0.0,0.0
Uninett2010,SM,2,B1,13,12,12,0,13->15->27->67->4->11->12,,17.052426,inf,0.0,166,166,17.052426,12.315271,43.995795,12.315271,0.0,0.0,0.0,0,166,0.5,0.5,0.0,5,0.0,0.0
Uninett2010,SM,2,B1,14,12,12,0,14->13->15->27->67->4->11->12,,17.456292,inf,0.0,175,175,17.456292,12.315271,44.399661,12.315271,0.0,0.0,0.0,0,175,0.5,0.5,0.0,5,0.0,0.0
Uninett2010,SM,2,B1,15,12,12,0,15->27->67->4->11->12,,14.684947,inf,0.0,197,197,14.684947,12.315271,41.628315,12.315271,0.0,0.0,0.0,0,197,0.5,0.5,0.0,5,0.0,0.0
Uninett2010,SM,2,B1,16,12,4,1,16->9->68->67->4->11->12,,14.267606,inf,0.0,218,218,13.518283,64.102564,92.248944,64.102564,0.0,0.0,0.0,0,218,0.5,0.5,0.0,5,0.0,0.0
Uninett2010,SM,2,B1,17,12,12,0,17->18->42->4->11->12,,4.528884,inf,0.0,166,166,4.528884,12.315271,31.472252,12.315271,0.0,0.0,0.0,0,166,0.5,0.5,0.0,5,0.0,0.0
Uninett2010,SM,2,B1,18,12,12,0,18->42->1->4->11->12,,3.807045,inf,0.0,209,209,3.807045,12.315271,30.750413,12.315271,0.0,0.0,0.0,0,209.0,0.5,0.5,0.0,5,0.0,0.0
Uninett2010,SM,2,B1,19,12,11,1,19->50->51->6->11->12,,1.613292,inf,0.0,154,154,1.221268,131.578947,147.428313,131.578947,0.0,0.0,0.0,0,154,0.5,0.5,0.0,5,0.0,0.0
Uninett2010,SM,2,B1,20,12,12,0,20->19->50->51->6->11->12,,2.525959,inf,0.0,245,245,2.525959,12.315271,29.469327,12.315271,0.0,0.0,0.0,0,245,0.5,0.5,0.0,5,0.0,0.0
Uninett2010,SM,2,B1,21,11,11,0,21->50->51->6->11,,1.442156,inf,0.0,130,130,1.442156,131.578947,147.649201,131.578947,0.0,0.0,0.0,0,130,0.5,0.5,0.0,5,0.0,0.0
Uninett2010,SM,2,B1,22,11,11,0,22->23->50->51->6->11,,2.726411,inf,0.0,174,174,2.304621,131.578947,148.511666,131.578947,0.0,0.0,0.0,0,174,0.5,0.5,0.0,5,0.0,0.0
Uninett2010,SM,2,B1,23,11,11,0,23->4->11,,2.879745,inf,0.0,152,152,2.314263,131.578947,148.521308,131.578947,0.0,0.0,0.0,0,152,0.5,0.5,0.0,5,0.0,0.0
Uninett2010,SM,2,B1,24,11,11,0,24->23->50->51->6->11,,3.918869,inf,0.0,159,159,3.918869,131.578947,150.125914,131.578947,0.0,0.0,0.0,0,159,0.5,0.5,0.0,5,0.0,0.0
Uninett2010,SM,2,B1,25,11,11,0,25->24->42->4->11,,5.14795,inf,0.0,167,167,4.049883,131.578947,150.256928,131.578947,0.0,0.0,0.0,0,167,0.5,0.5,0.0,5,0.0,0.0
Uninett2010,SM,2,B1,26,11,11,0,26->17->18->42->4->11,,4.53069,inf,0.0,160,160,4.480179,131.578947,150.687223,131.578947,0.0,0.0,0.0,0,160,0.5,0.5,0.0,5,0.0,0.0
Uninett2010,SM,2,B1,27,11,11,0,27->67->4->11,,12.174667,inf,0.0,180,180,12.174667,131.578947,158.381712,131.578947,0.0,0.0,0.0,0,180.0,0.5,0.5,0.0,5,0.0,0.0
Uninett2010,SM,2,B1,28,11,2,1,28->12->11,,0.625462,inf,0.0,197,197,0.982761,9.310987,24.921846,9.310987,0.0,0.0,0.0,0,197,0.5,0.5,0.0,5,0.0,0.0
Uninett2010,SM,2,B1,29,11,11,0,29->34->30->10->27->67->4->11,,24.111487,inf,0.0,122,122,20.806298,131.578947,167.013343,131.578947,0.0,0.0,0.0,0,122.0,0.5,0.5,0.0,5,0.0,0.0
Uninett2010,SM,2,B1,30,10,10,0,30->10,,0.53955,inf,0.0,219,219,0.53955,31.25,46.417648,31.25,0.0,0.0,0.0,0,219,0.5,0.5,0.0,5,0.0,0.0
Uninett2010,SM,2,B1,31,10,10,0,31->30->10,,0.998306,inf,0.0,183,183,0.998306,31.25,46.876404,31.25,0.0,0.0,0.0,0,183,0.5,0.5,0.0,5,0.0,0.0
Uninett2010,SM,2,B1,32,10,9,1,32->16->9->30->10,,4.657789,inf,0.0,171,171,2.771632,28.409091,45.808821,28.409091,0.0,0.0,0.0,0,171,0.5,0.5,0.0,5,0.0,0.0
Uninett2010,SM,2,B1,33,10,10,0,33->38->40->10,,5.2953,inf,0.0,166,166,5.2953,31.25,51.173398,31.25,0.0,0.0,0.0,0,166,0.5,0.5,0.0,5,0.0,0.0
Uninett2010,SM,2,B1,34,10,10,0,34->30->10,,10.455167,inf,0.0,222,222,10.455167,31.25,56.333265,31.25,0.0,0.0,0.0,0,222.0,0.5,0.5,0.0,5,0.0,0.0
Uninett2010,SM,2,B1,35,10,2,1,35->33->38->40->10,,5.798492,inf,0.0,193,193,4.773085,9.310987,28.71217,9.310987,0.0,0.0,0.0,0,193,0.5,0.5,0.0,5,0.0,0.0
Uninett2010,SM,2,B1,36,10,10,0,36->37->40->10,,3.428649,inf,0.0,140,140,3.428649,31.25,49.306747,31.25,0.0,0.0,0.0,0,140,0.5,0.5,0.0,5,0.0,0.0
Uninett2010,SM,2,B1,37,10,10,0,37->40->10,,3.165676,inf,0.0,212,212,3.165676,31.25,49.043774,31.25,0.0,0.0,0.0,0,212,0.5,0.5,0.0,5,0.0,0.0
Uninett2010,SM,2,B1,38,9,9,0,38->40->30->9,,4.345203,inf,0.0,193,193,4.345203,28.409091,47.382391,28.409091,0.0,0.0,0.0,0,193,0.5,0.5,0.0,5,0.0,0.0
Uninett2010,SM,2,B1,39,9,9,0,39->38->68->9,,11.563165,inf,0.0,188,188,4.345203,28.409091,47.382391,28.409091,0.0,0.0,0.0,0,188,0.5,0.5,0.0,5,0.0,0.0
Uninett2010,SM,2,B1,40,9,9,0,40->30->9,,3.260423,inf,0.0,170,170,3.260423,28.409091,46.297611,28.409091,0.0,0.0,0.0,0,170,0.5,0.5,0.0,5,0.0,0.0
Uninett2010,SM,2,B1,41,9,4,1,41->44->46->43->67->68->9,,12.153042,inf,0.0,225,225,4.399586,64.102564,83.130248,64.102564,0.0,0.0,0.0,0,225,0.5,0.5,0.0,5,0.0,0.0
Uninett2010,SM,2,B1,42,9,2,1,42->18->67->68->9,,12.198255,inf,0.0,239,239,3.057722,9.310987,26.996806,9.310987,0.0,0.0,0.0,0,239.0,0.5,0.5,0.0,5,0.0,0.0
Uninett2010,SM,2,B1,43,9,9,0,43->67->68->9,,10.294779,inf,0.0,181,181,10.294779,28.409091,53.331968,28.409091,0.0,0.0,0.0,0,181,0.5,0.5,0.0,5,0.0,0.0
Uninett2010,SM,2,B1,44,9,9,0,44->46->43->67->27->9,,11.442425,inf,0.0,208,208,11.442425,28.409091,54.479613,28.409091,0.0,0.0,0.0,0,208,0.5,0.5,0.0,5,0.0,0.0
Uninett2010,SM,2,B1,45,8,4,1,45->47->69->68->2->7->8,,6.474132,inf,0.0,222,222,5.816409,64.102564,84.547071,64.102564,0.0,0.0,0.0,0,222,0.5,0.5,0.0,5,0.0,0.0
Uninett2010,SM,2,B1,46,8,8,0,46->43->67->68->2->7->8,,7.348523,inf,0.0,176,176,6.438706,14.245014,35.311818,14.245014,0.0,0.0,0.0,0,176,0.5,0.5,0.0,5,0.0,0.0
Uninett2010,SM,2,B1,47,8,8,0,47->69->68->2->7->8,,5.967878,inf,0.0,168,168,5.967878,14.245014,34.84099,14.245014,0.0,0.0,0.0,0,168,0.5,0.5,0.0,5,0.0,0.0
Uninett2010,SM,2,B1,48,8,8,0,48->52->68->2->7->8,,5.06438,inf,0.0,208,208,5.06438,14.245014,33.937492,14.245014,0.0,0.0,0.0,0,208,0.5,0.5,0.0,5,0.0,0.0
Uninett2010,SM,2,B1,49,8,4,1,49->32->16->9->68->2->7->8,,16.350212,inf,0.0,220,220,15.692489,64.102564,94.423151,64.102564,0.0,0.0,0.0,0,220,0.5,0.5,0.0,5,0.0,0.0
Uninett2010,SM,2,B1,50,8,8,0,50->51->6->8,,1.081554,inf,0.0,176,176,1.081554,14.245014,29.954666,14.245014,0.0,0.0,0.0,0,176,0.5,0.5,0.0,5,0.0,0.0
Uninett2010,SM,2,B1,51,8,8,0,51->6->8,,0.904003,inf,0.0,180,180,0.904003,14.245014,29.777115,14.245014,0.0,0.0,0.0,0,180,0.5,0.5,0.0,5,0.0,0.0
Uninett2010,SM,2,B1,52,7,2,1,52->68->2->7,,4.380896,inf,0.0,226,226,4.202131,9.310987,28.141216,9.310987,0.0,0.0,0.0,0,226,0.5,0.5,0.0,5,0.0,0.0
Uninett2010,SM,2,B1,53,7,7,0,53->7,,0.0,inf,0.0,167,167,0.0,10.615711,25.243809,10.615711,0.0,0.0,0.0,0,167,0.5,0.5,0.0,5,0.0,0.0
Uninett2010,SM,2,B1,54,7,7,0,54->58->57->2->7,,1.146753,inf,0.0,171,171,1.146753,10.615711,26.390562,10.615711,0.0,0.0,0.0,0,171,0.5,0.5,0.0,5,0.0,0.0
Uninett2010,SM,2,B1,55,7,7,0,55->12->11->4->2->7,,1.38602,inf,0.0,195,195,1.38602,10.615711,26.629828,10.615711,0.0,0.0,0.0,0,195,0.5,0.5,0.0,5,0.0,0.0
Uninett2010,SM,2,B1,56,7,4,1,56->34->30->9->68->2->7,,23.258357,inf,0.0,180,180,20.448999,64.102564,99.179661,64.102564,0.0,0.0,0.0,0,180.0,0.5,0.5,0.0,5,0.0,0.0
Uninett2010,SM,2,B1,57,7,7,0,57->2->7,,0.908766,inf,0.0,165,165,0.908766,10.615711,26.152575,10.615711,0.0,0.0,0.0,0,165,0.5,0.5,0.0,5,0.0,0.0
Uninett2010,SM,2,B1,58,7,7,0,58->57->2->7,,1.146753,inf,0.0,154,154,1.146753,10.615711,26.390562,10.615711,0.0,0.0,0.0,0,154,0.5,0.5,0.0,5,0.0,0.0
Uninett2010,SM,2,B1,59,7,7,0,59->1->2->7,,4.705696,inf,0.0,204,204,4.705696,10.615711,29.949505,10.615711,0.0,0.0,0.0,0,204,0.5,0.5,0.0,5,0.0,0.0
Uninett2010,SM,2,B1,60,6,6,0,60->58->57->12->11->6,,1.64662,inf,0.0,187,187,1.64662,16.025641,32.300358,16.025641,0.0,0.0,0.0,0,187,0.5,0.5,0.0,5,0.0,0.0
Uninett2010,SM,2,B1,61,6,4,1,61->34->30->9->68->67->4->11->6,,23.76002,inf,0.0,189,189,20.448999,64.102564,99.179661,64.102564,0.0,0.0,0.0,0,189,0.5,0.5,0.0,5,0.0,0.0
Uninett2010,SM,2,B1,62,6,6,0,62->41->18->42->4->11->6,,5.848391,inf,0.0,161,161,5.848391,16.025641,36.50213,16.025641,0.0,0.0,0.0,0,161,0.5,0.5,0.0,5,0.0,0.0
Uninett2010,SM,2,B1,63,6,4,1,63->34->30->10->27->67->4->11->6,,24.434617,inf,0.0,168,168,20.448999,64.102564,99.179661,64.102564,0.0,0.0,0.0,0,168,0.5,0.5,0.0,5,0.0,0.0
Uninett2010,SM,2,B1,64,6,6,0,64->38->68->67->4->11->6,,8.275391,inf,0.0,194,194,8.275391,16.025641,38.929129,16.025641,0.0,0.0,0.0,0,194,0.5,0.5,0.0,5,0.0,0.0
Uninett2010,SM,2,B1,65,6,6,0,65->66->3->4->11->6,,2.524649,inf,0.0,173,173,2.524649,16.025641,33.178388,16.025641,0.0,0.0,0.0,0,173,0.5,0.5,0.0,5,0.0,0.0
Uninett2010,SM,2,B1,66,6,6,0,66->3->4->11->6,,2.040974,inf,0.0,179,179,2.040974,16.025641,32.694713,16.025641,0.0,0.0,0.0,0,179,0.5,0.5,0.0,5,0.0,0.0
Uninett2010,SM,2,B1,67,6,6,0,67->4->11->6,,4.605011,inf,0.0,205,205,4.605011,16.025641,35.25875,16.025641,0.0,0.0,0.0,0,205.0,0.5,0.5,0.0,5,0.0,0.0
Uninett2010,SM,2,B1,68,5,5,0,68->2->7->8->5,,4.582306,inf,0.0,189,189,4.582306,30.120482,49.330885,30.120482,0.0,0.0,0.0,0,189.0,0.5,0.5,0.0,5,0.0,0.0
Uninett2010,SM,2,B1,69,5,5,0,69->68->2->7->8->5,,4.582306,inf,0.0,174,174,4.582306,30.120482,49.330885,30.120482,0.0,0.0,0.0,0,174.0,0.5,0.5,0.0,5,0.0,0.0
Uninett2010,SM,2,B1,70,5,5,0,70->69->68->2->7->8->5,,5.884185,inf,0.0,192,192,5.884185,30.120482,50.632764,30.120482,0.0,0.0,0.0,0,192,0.5,0.5,0.0,5,0.0,0.0
Uninett2010,SM,2,B1,71,5,8,1,71->70->69->68->2->7->8->5,,8.776845,inf,0.0,151,151,6.6902,14.245014,35.563312,14.245014,0.0,0.0,0.0,0,151,0.5,0.5,0.0,5,0.0,0.0
Uninett2010,SM,2,B1,72,5,5,0,72->73->74->1->2->7->8->5,,2.528768,inf,0.0,199,199,2.528768,30.120482,47.277347,30.120482,0.0,0.0,0.0,0,199,0.5,0.5,0.0,5,0.0,0.0
Uninett2010,SM,2,B1,73,5,5,0,73->74->1->2->7->8->5,,2.227223,inf,0.0,161,161,2.227223,30.120482,46.975803,30.120482,0.0,0.0,0.0,0,161,0.5,0.5,0.0,5,0.0,0.0
Uninett2010,SM,2,B1,74,5,5,0,74->1->2->7->8->5,,1.420612,inf,0.0,157,157,1.420612,30.120482,46.169191,30.120482,0.0,0.0,0.0,0,157,0.5,0.5,0.0,5,0.0,0.0
Uninett2010,SM,2,B3,1,1,1,0,1,1,0.0,15.519204,0.0,185,185,0.0,14.044944,28.673041,14.044944,0.0,0.0,0.0,0,185.0,0.5,0.5,0.0,5,0.0,0.0
Uninett2010,SM,2,B3,2,2,2,0,2,2,0.0,15.457698,0.0,153,153,0.0,14.836795,29.464893,14.836795,0.0,0.0,0.0,0,153.0,0.5,0.5,0.0,5,0.0,0.0
Uninett2010,SM,2,B3,3,3,3,0,3,3,0.0,15.546203,0.0,218,218,0.0,2.126755,16.754852,2.126755,0.0,0.0,0.0,0,218,0.5,0.5,0.0,5,0.0,0.0
Uninett2010,SM,2,B3,4,4,4,0,4,4,0.0,15.421371,0.0,177,177,0.0,inf,inf,inf,0.0,0.0,0.0,0,177.0,0.5,0.5,0.0,5,0.0,0.0
Uninett2010,SM,2,B3,5,5,5,0,5,5,0.0,inf,0.0,202,202,0.0,inf,inf,inf,0.0,0.0,0.0,0,202,0.5,0.5,0.0,5,0.0,0.0
Uninett2010,SM,2,B3,6,6,6,0,6,6,0.0,inf,0.0,161,161,0.0,3.840246,18.468343,3.840246,0.0,0.0,0.0,0,161,0.5,0.5,0.0,5,0.0,0.0
Uninett2010,SM,2,B3,7,7,7,0,7,7,0.0,inf,0.0,157,157,0.0,3.673769,18.301867,3.673769,0.0,0.0,0.0,0,157,0.5,0.5,0.0,5,0.0,0.0
Uninett2010,SM,2,B3,8,8,8,0,8,8,0.0,inf,0.0,178,178,0.0,3.858025,18.486122,3.858025,0.0,0.0,0.0,0,178,0.5,0.5,0.0,5,0.0,0.0
Uninett2010,SM,2,B3,9,9,9,0,9,9,0.0,inf,0.0,161,161,0.0,2.815315,17.443413,2.815315,0.0,0.0,0.0,0,161.0,0.5,0.5,0.0,5,0.0,0.0
Uninett2010,SM,2,B3,10,10,10,0,10,10,0.0,inf,0.0,166,166,0.0,2.857143,17.48524,2.857143,0.0,0.0,0.0,0,166,0.5,0.5,0.0,5,0.0,0.0
Uninett2010,SM,2,B3,11,11,11,0,11,11,0.0,inf,0.0,243,243,0.0,2.521432,17.14953,2.521432,0.0,0.0,0.0,0,243,0.5,0.5,0.0,5,0.0,0.0
Uninett2010,SM,2,B3,12,12,12,0,12,12,0.0,inf,0.0,180,180,0.0,2.22618,16.854277,2.22618,0.0,0.0,0.0,0,180,0.5,0.5,0.0,5,0.0,0.0
Uninett2010,SM,2,B3,13,12,3,1,13->15->27->67->4->11->12,13->15->27->67->4->3,17.052426,inf,0.0,166,166,17.287398,2.126755,34.042251,2.126755,0.0,0.0,0.0,0,166,0.5,0.5,0.0,5,0.0,0.0
Uninett2010,SM,2,B3,14,12,1,1,14->13->15->27->67->4->11->12,14->13->15->27->67->4->1,17.456292,inf,0.0,175,175,16.706969,14.044944,45.380011,14.044944,0.0,0.0,0.0,0,175,0.5,0.5,0.0,5,0.0,0.0
Uninett2010,SM,2,B3,15,12,12,0,15->27->67->4->11->12,15->27->67->4->11->12,14.684947,inf,0.0,197,197,14.684947,2.22618,31.539224,2.22618,0.0,0.0,0.0,0,197,0.5,0.5,0.0,5,0.0,0.0
Uninett2010,SM,2,B3,16,12,12,0,16->9->68->67->4->11->12,16->9->27->67->4->11->12,14.267606,inf,0.0,218,218,14.267606,2.22618,31.121883,2.22618,0.0,0.0,0.0,0,218,0.5,0.5,0.0,5,0.0,0.0
Uninett2010,SM,2,B3,17,12,12,0,17->18->42->4->11->12,17->18->42->4->11->12,4.528884,inf,0.0,166,166,4.528884,2.22618,21.383161,2.22618,0.0,0.0,0.0,0,166,0.5,0.5,0.0,5,0.0,0.0
Uninett2010,SM,2,B3,18,12,12,0,18->42->1->4->11->12,18->42->4->11->12,3.807045,inf,0.0,209,209,3.807045,2.22618,20.661322,2.22618,0.0,0.0,0.0,0,209.0,0.5,0.5,0.0,5,0.0,0.0
Uninett2010,SM,2,B3,19,12,2,1,19->50->51->6->11->12,19->50->1->2,1.613292,inf,0.0,154,154,1.554849,14.836795,31.019742,14.836795,0.0,0.0,0.0,0,154,0.5,0.5,0.0,5,0.0,0.0
Uninett2010,SM,2,B3,20,12,4,1,20->19->50->51->6->11->12,20->19->50->1->4,2.525959,inf,0.0,245,245,2.467515,inf,inf,inf,0.0,0.0,0.0,0,245,0.5,0.5,0.0,5,0.0,0.0
Uninett2010,SM,2,B3,21,11,11,0,21->50->51->6->11,21->50->51->6->11,1.442156,inf,0.0,130,130,1.442156,2.521432,18.591686,2.521432,0.0,0.0,0.0,0,130,0.5,0.5,0.0,5,0.0,0.0
Uninett2010,SM,2,B3,22,11,11,0,22->23->50->51->6->11,22->20->19->50->51->6->11,2.726411,inf,0.0,174,174,2.304621,2.521432,19.45415,2.521432,0.0,0.0,0.0,0,174,0.5,0.5,0.0,5,0.0,0.0
Uninett2010,SM,2,B3,23,11,3,1,23->4->11,23->4->3,2.879745,inf,0.0,152,152,3.506742,2.126755,20.261594,2.126755,0.0,0.0,0.0,0,152,0.5,0.5,0.0,5,0.0,0.0
Uninett2010,SM,2,B3,24,11,2,1,24->23->50->51->6->11,24->23->4->2,3.918869,inf,0.0,159,159,4.127053,14.836795,33.591945,14.836795,0.0,0.0,0.0,0,159,0.5,0.5,0.0,5,0.0,0.0
Uninett2010,SM,2,B3,25,11,4,1,25->24->42->4->11,25->24->23->4,5.14795,inf,0.0,167,167,4.258067,inf,inf,inf,0.0,0.0,0.0,0,167,0.5,0.5,0.0,5,0.0,0.0
Uninett2010,SM,2,B3,26,11,11,0,26->17->18->42->4->11,26->24->23->50->51->6->11,4.53069,inf,0.0,160,160,4.480179,2.521432,21.629708,2.521432,0.0,0.0,0.0,0,160,0.5,0.5,0.0,5,0.0,0.0
Uninett2010,SM,2,B3,27,11,11,0,27->67->4->11,27->67->4->11,12.174667,inf,0.0,180,180,12.174667,2.521432,29.324197,2.521432,0.0,0.0,0.0,0,180.0,0.5,0.5,0.0,5,0.0,0.0
Uninett2010,SM,2,B3,28,11,1,1,28->12->11,28->12->11->4->1,0.625462,inf,0.0,197,197,0.982761,14.044944,29.655803,14.044944,0.0,0.0,0.0,0,197,0.5,0.5,0.0,5,0.0,0.0
Uninett2010,SM,2,B3,29,11,11,0,29->34->30->10->27->67->4->11,29->34->30->40->37->36->67->4->11,24.111487,inf,0.0,122,122,20.806298,2.521432,37.955828,2.521432,0.0,0.0,0.0,0,122.0,0.5,0.5,0.0,5,0.0,0.0
Uninett2010,SM,2,B3,30,10,10,0,30->10,30->10,0.53955,inf,0.0,219,219,0.53955,2.857143,18.024791,2.857143,0.0,0.0,0.0,0,219,0.5,0.5,0.0,5,0.0,0.0
Uninett2010,SM,2,B3,31,10,1,1,31->30->10,31->30->40->37->36->67->4->1,0.998306,inf,0.0,183,183,10.992139,14.044944,39.66518,14.044944,0.0,0.0,0.0,0,183,0.5,0.5,0.0,5,0.0,0.0
Uninett2010,SM,2,B3,32,10,10,0,32->16->9->30->10,32->16->9->27->10,4.657789,inf,0.0,171,171,4.253285,2.857143,21.738525,2.857143,0.0,0.0,0.0,0,171,0.5,0.5,0.0,5,0.0,0.0
Uninett2010,SM,2,B3,33,10,4,1,33->38->40->10,33->35->67->4,5.2953,inf,0.0,166,166,5.276277,inf,inf,inf,0.0,0.0,0.0,0,166,0.5,0.5,0.0,5,0.0,0.0
Uninett2010,SM,2,B3,34,10,10,0,34->30->10,34->30->10,10.455167,inf,0.0,222,222,10.455167,2.857143,27.940408,2.857143,0.0,0.0,0.0,0,222.0,0.5,0.5,0.0,5,0.0,0.0
Uninett2010,SM,2,B3,35,10,2,1,35->33->38->40->10,35->67->68->2,5.798492,inf,0.0,193,193,4.773085,14.836795,34.237978,14.836795,0.0,0.0,0.0,0,193,0.5,0.5,0.0,5,0.0,0.0
Uninett2010,SM,2,B3,36,10,3,1,36->37->40->10,36->67->4->3,3.428649,inf,0.0,140,140,7.98762,2.126755,24.742472,2.126755,0.0,0.0,0.0,0,140,0.5,0.5,0.0,5,0.0,0.0
Uninett2010,SM,2,B3,37,10,10,0,37->40->10,37->40->10,3.165676,inf,0.0,212,212,3.165676,2.857143,20.650916,2.857143,0.0,0.0,0.0,0,212,0.5,0.5,0.0,5,0.0,0.0
Uninett2010,SM,2,B3,38,9,4,1,38->40->30->9,38->68->67->4,4.345203,inf,0.0,193,193,7.594962,inf,inf,inf,0.0,0.0,0.0,0,193,0.5,0.5,0.0,5,0.0,0.0
Uninett2010,SM,2,B3,39,9,9,0,39->38->68->9,39->38->40->30->9,11.563165,inf,0.0,188,188,4.345203,2.815315,21.788616,2.815315,0.0,0.0,0.0,0,188,0.5,0.5,0.0,5,0.0,0.0
Uninett2010,SM,2,B3,40,9,9,0,40->30->9,40->30->9,3.260423,inf,0.0,170,170,3.260423,2.815315,20.703836,2.815315,0.0,0.0,0.0,0,170,0.5,0.5,0.0,5,0.0,0.0
Uninett2010,SM,2,B3,41,9,9,0,41->44->46->43->67->68->9,41->44->46->43->67->68->9,12.153042,inf,0.0,225,225,12.153042,2.815315,29.596455,2.815315,0.0,0.0,0.0,0,225,0.5,0.5,0.0,5,0.0,0.0
Uninett2010,SM,2,B3,42,9,2,1,42->18->67->68->9,42->1->2,12.198255,inf,0.0,239,239,3.057722,14.836795,32.522615,14.836795,0.0,0.0,0.0,0,239.0,0.5,0.5,0.0,5,0.0,0.0
Uninett2010,SM,2,B3,43,9,1,1,43->67->68->9,43->18->42->1,10.294779,inf,0.0,181,181,5.41676,14.044944,34.089801,14.044944,0.0,0.0,0.0,0,181,0.5,0.5,0.0,5,0.0,0.0
Uninett2010,SM,2,B3,44,9,9,0,44->46->43->67->27->9,44->46->43->67->68->9,11.442425,inf,0.0,208,208,11.442425,2.815315,28.885838,2.815315,0.0,0.0,0.0,0,208,0.5,0.5,0.0,5,0.0,0.0
Uninett2010,SM,2,B3,45,8,5,1,45->47->69->68->2->7->8,45->47->69->68->2->7->8->5,6.474132,inf,0.0,222,222,6.474132,inf,inf,inf,0.0,0.0,0.0,0,222,0.5,0.5,0.0,5,0.0,0.0
Uninett2010,SM,2,B3,46,8,5,1,46->43->67->68->2->7->8,46->43->18->42->1->2->7->8->5,7.348523,inf,0.0,176,176,6.438706,inf,inf,inf,0.0,0.0,0.0,0,176,0.5,0.5,0.0,5,0.0,0.0
Uninett2010,SM,2,B3,47,8,5,1,47->69->68->2->7->8,47->69->68->2->7->8->5,5.967878,inf,0.0,168,168,5.967878,inf,inf,inf,0.0,0.0,0.0,0,168,0.5,0.5,0.0,5,0.0,0.0
Uninett2010,SM,2,B3,48,8,5,1,48->52->68->2->7->8,48->52->68->2->7->8->5,5.06438,inf,0.0,208,208,5.06438,inf,inf,inf,0.0,0.0,0.0,0,208,0.5,0.5,0.0,5,0.0,0.0
Uninett2010,SM,2,B3,49,8,5,1,49->32->16->9->68->2->7->8,49->32->16->9->68->2->7->8->5,16.350212,inf,0.0,220,220,16.350212,inf,inf,inf,0.0,0.0,0.0,0,220,0.5,0.5,0.0,5,0.0,0.0
Uninett2010,SM,2,B3,50,8,5,1,50->51->6->8,50->51->6->8->5,1.081554,inf,0.0,176,176,1.081554,inf,inf,inf,0.0,0.0,0.0,0,176,0.5,0.5,0.0,5,0.0,0.0
Uninett2010,SM,2,B3,51,8,5,1,51->6->8,51->6->8->5,0.904003,inf,0.0,180,180,0.904003,inf,inf,inf,0.0,0.0,0.0,0,180,0.5,0.5,0.0,5,0.0,0.0
Uninett2010,SM,2,B3,52,7,4,1,52->68->2->7,52->68->67->4,4.380896,inf,0.0,226,226,4.202131,inf,inf,inf,0.0,0.0,0.0,0,226,0.5,0.5,0.0,5,0.0,0.0
Uninett2010,SM,2,B3,53,7,7,0,53->7,53->7,0.0,inf,0.0,167,167,0.0,3.673769,18.301867,3.673769,0.0,0.0,0.0,0,167,0.5,0.5,0.0,5,0.0,0.0
Uninett2010,SM,2,B3,54,7,7,0,54->58->57->2->7,54->58->57->2->7,1.146753,inf,0.0,171,171,1.146753,3.673769,19.44862,3.673769,0.0,0.0,0.0,0,171,0.5,0.5,0.0,5,0.0,0.0
Uninett2010,SM,2,B3,55,7,7,0,55->12->11->4->2->7,55->12->11->4->2->7,1.38602,inf,0.0,195,195,1.38602,3.673769,19.687886,3.673769,0.0,0.0,0.0,0,195,0.5,0.5,0.0,5,0.0,0.0
Uninett2010,SM,2,B3,56,7,7,0,56->34->30->9->68->2->7,56->34->30->40->37->36->67->68->2->7,23.258357,inf,0.0,180,180,20.627765,3.673769,38.929632,3.673769,0.0,0.0,0.0,0,180.0,0.5,0.5,0.0,5,0.0,0.0
Uninett2010,SM,2,B3,57,7,7,0,57->2->7,57->2->7,0.908766,inf,0.0,165,165,0.908766,3.673769,19.210633,3.673769,0.0,0.0,0.0,0,165,0.5,0.5,0.0,5,0.0,0.0
Uninett2010,SM,2,B3,58,7,1,1,58->57->2->7,58->57->2->1,1.146753,inf,0.0,154,154,0.967987,14.044944,29.641029,14.044944,0.0,0.0,0.0,0,154,0.5,0.5,0.0,5,0.0,0.0
Uninett2010,SM,2,B3,59,7,2,1,59->1->2->7,59->1->2,4.705696,inf,0.0,204,204,4.526931,14.836795,33.991823,14.836795,0.0,0.0,0.0,0,204,0.5,0.5,0.0,5,0.0,0.0
Uninett2010,SM,2,B3,60,6,6,0,60->58->57->12->11->6,60->58->57->12->11->6,1.64662,inf,0.0,187,187,1.64662,3.840246,20.114963,3.840246,0.0,0.0,0.0,0,187,0.5,0.5,0.0,5,0.0,0.0
Uninett2010,SM,2,B3,61,6,2,1,61->34->30->9->68->67->4->11->6,61->34->30->40->37->36->67->68->2,23.76002,inf,0.0,189,189,20.448999,14.836795,49.913892,14.836795,0.0,0.0,0.0,0,189,0.5,0.5,0.0,5,0.0,0.0
Uninett2010,SM,2,B3,62,6,1,1,62->41->18->42->4->11->6,62->41->18->42->1,5.848391,inf,0.0,161,161,5.167962,14.044944,33.841004,14.044944,0.0,0.0,0.0,0,161,0.5,0.5,0.0,5,0.0,0.0
Uninett2010,SM,2,B3,63,6,6,0,63->34->30->10->27->67->4->11->6,63->34->30->40->37->36->67->4->11->6,24.434617,inf,0.0,168,168,21.129428,3.840246,39.597772,3.840246,0.0,0.0,0.0,0,168,0.5,0.5,0.0,5,0.0,0.0
Uninett2010,SM,2,B3,64,6,6,0,64->38->68->67->4->11->6,64->38->68->67->4->11->6,8.275391,inf,0.0,194,194,8.275391,3.840246,26.743734,3.840246,0.0,0.0,0.0,0,194,0.5,0.5,0.0,5,0.0,0.0
Uninett2010,SM,2,B3,65,6,6,0,65->66->3->4->11->6,65->66->3->4->11->6,2.524649,inf,0.0,173,173,2.524649,3.840246,20.992993,3.840246,0.0,0.0,0.0,0,173,0.5,0.5,0.0,5,0.0,0.0
Uninett2010,SM,2,B3,66,6,6,0,66->3->4->11->6,66->3->4->11->6,2.040974,inf,0.0,179,179,2.040974,3.840246,20.509317,3.840246,0.0,0.0,0.0,0,179,0.5,0.5,0.0,5,0.0,0.0
Uninett2010,SM,2,B3,67,6,4,1,67->4->11->6,67->4,4.605011,inf,0.0,205,205,3.924582,inf,inf,inf,0.0,0.0,0.0,0,205.0,0.5,0.5,0.0,5,0.0,0.0
Uninett2010,SM,2,B3,68,5,8,1,68->2->7->8->5,68->2->7->8,4.582306,inf,0.0,189,189,4.582306,3.858025,23.068428,3.858025,0.0,0.0,0.0,0,189.0,0.5,0.5,0.0,5,0.0,0.0
Uninett2010,SM,2,B3,69,5,8,1,69->68->2->7->8->5,69->68->2->7->8,4.582306,inf,0.0,174,174,4.582306,3.858025,23.068428,3.858025,0.0,0.0,0.0,0,174.0,0.5,0.5,0.0,5,0.0,0.0
Uninett2010,SM,2,B3,70,5,4,1,70->69->68->2->7->8->5,70->69->67->4,5.884185,inf,0.0,192,192,5.226461,inf,inf,inf,0.0,0.0,0.0,0,192,0.5,0.5,0.0,5,0.0,0.0
Uninett2010,SM,2,B3,71,5,8,1,71->70->69->68->2->7->8->5,71->72->73->74->1->2->7->8,8.776845,inf,0.0,151,151,6.6902,3.858025,25.176322,3.858025,0.0,0.0,0.0,0,151,0.5,0.5,0.0,5,0.0,0.0
Uninett2010,SM,2,B3,72,5,8,1,72->73->74->1->2->7->8->5,72->73->74->1->2->7->8,2.528768,inf,0.0,199,199,2.528768,3.858025,21.01489,3.858025,0.0,0.0,0.0,0,199,0.5,0.5,0.0,5,0.0,0.0
Uninett2010,SM,2,B3,73,5,3,1,73->74->1->2->7->8->5,73->65->66->3,2.227223,inf,0.0,161,161,1.145853,2.126755,17.900706,2.126755,0.0,0.0,0.0,0,161,0.5,0.5,0.0,5,0.0,0.0
Uninett2010,SM,2,B3,74,5,8,1,74->1->2->7->8->5,74->1->2->7->8,1.420612,inf,0.0,157,157,1.420612,3.858025,19.906734,3.858025,0.0,0.0,0.0,0,157,0.5,0.5,0.0,5,0.0,0.0
Uninett2010,SM,2,MCF_ARC,1,1,1,0,1,1,0.0,15.519204,0.0,185,185,0.0,4.91447,19.274938,4.64684,0.0,0.0,0.0,0,185.0,0.5,0.5,0.0,5,0.0,0.0
Uninett2010,SM,2,MCF_ARC,2,2,2,0,2,2,0.0,15.457698,0.0,153,153,0.0,12.501213,25.221318,10.59322,0.0,0.0,0.0,0,153.0,0.5,0.5,0.0,5,0.0,0.0
Uninett2010,SM,2,MCF_ARC,3,3,3,0,3,3,0.0,15.546203,0.0,218,218,0.0,3.497403,18.073997,3.445899,0.0,0.0,0.0,0,218,0.5,0.5,0.0,5,0.0,0.0
Uninett2010,SM,2,MCF_ARC,4,4,4,0,4,4,0.0,15.421371,0.0,177,177,0.0,5.766667,20.165196,5.537099,0.0,0.0,0.0,0,177.0,0.5,0.5,0.0,5,0.0,0.0
Uninett2010,SM,2,MCF_ARC,5,5,5,0,5,5,0.0,inf,0.0,202,202,0.0,5.371164,19.777428,5.149331,0.0,0.0,0.0,0,202,0.5,0.5,0.0,5,0.0,0.0
Uninett2010,SM,2,MCF_ARC,6,6,6,0,6,6,0.0,inf,0.0,161,161,0.0,3.468416,18.04807,3.419973,0.0,0.0,0.0,0,161,0.5,0.5,0.0,5,0.0,0.0
Uninett2010,SM,2,MCF_ARC,7,7,7,0,7,7,0.0,inf,0.0,157,157,0.0,4.109818,18.593205,3.965107,0.0,0.0,0.0,0,157,0.5,0.5,0.0,5,0.0,0.0
Uninett2010,SM,2,MCF_ARC,8,8,8,0,8,8,0.0,inf,0.0,178,178,0.0,2.999105,17.55893,2.930832,0.0,0.0,0.0,0,178,0.5,0.5,0.0,5,0.0,0.0
Uninett2010,SM,2,MCF_ARC,9,9,9,0,9,9,0.0,inf,0.0,161,161,0.0,5.871354,20.469219,5.841121,0.0,0.0,0.0,0,161.0,0.5,0.5,0.0,5,0.0,0.0
Uninett2010,SM,2,MCF_ARC,10,10,10,0,10,10,0.0,inf,0.0,166,166,0.0,14.321747,28.141611,13.513514,0.0,0.0,0.0,0,166,0.5,0.5,0.0,5,0.0,0.0
Uninett2010,SM,2,MCF_ARC,11,11,11,0,11,11,0.0,inf,0.0,243,243,0.0,4.453799,18.836852,4.208754,0.0,0.0,0.0,0,243,0.5,0.5,0.0,5,0.0,0.0
Uninett2010,SM,2,MCF_ARC,12,12,12,0,12,12,0.0,inf,0.0,180,180,0.0,4.590067,18.972146,4.344049,0.0,0.0,0.0,0,180,0.5,0.5,0.0,5,0.0,0.0
Uninett2010,SM,2,MCF_ARC,13,12,8,1,13->15->27->67->4->11->12,13->15->27->67->68->2->7->8,17.052426,inf,0.0,166,166,16.960827,2.999105,34.519756,2.930832,0.0,0.0,0.0,0,166,0.5,0.5,0.0,5,0.0,0.0
Uninett2010,SM,2,MCF_ARC,14,12,5,1,14->13->15->27->67->4->11->12,14->13->15->27->9->68->2->7->8->5,17.456292,inf,0.0,175,175,17.364692,5.371164,37.142121,5.149331,0.0,0.0,0.0,0,175,0.5,0.5,0.0,5,0.0,0.0
Uninett2010,SM,2,MCF_ARC,15,12,12,0,15->27->67->4->11->12,15->27->67->4->11->12,14.684947,inf,0.0,197,197,14.684947,4.590067,33.657093,4.344049,0.0,0.0,0.0,0,197,0.5,0.5,0.0,5,0.0,0.0
Uninett2010,SM,2,MCF_ARC,16,12,12,0,16->9->68->67->4->11->12,16->9->68->2->1->4->11->12,14.267606,inf,0.0,218,218,14.267606,4.590067,33.239752,4.344049,0.0,0.0,0.0,0,218,0.5,0.5,0.0,5,0.0,0.0
Uninett2010,SM,2,MCF_ARC,17,12,6,1,17->18->42->4->11->12,17->18->42->4->11->6,4.528884,inf,0.0,166,166,4.45999,3.468416,22.50806,3.419973,0.0,0.0,0.0,0,166,0.5,0.5,0.0,5,0.0,0.0
Uninett2010,SM,2,MCF_ARC,18,12,1,1,18->42->1->4->11->12,18->42->1,3.807045,inf,0.0,209,209,3.057722,4.91447,22.33266,4.64684,0.0,0.0,0.0,0,209.0,0.5,0.5,0.0,5,0.0,0.0
Uninett2010,SM,2,MCF_ARC,19,12,6,1,19->50->51->6->11->12,19->50->51->6,1.613292,inf,0.0,154,154,0.898138,3.468416,18.946208,3.419973,0.0,0.0,0.0,0,154,0.5,0.5,0.0,5,0.0,0.0
Uninett2010,SM,2,MCF_ARC,20,12,12,0,20->19->50->51->6->11->12,20->19->50->51->6->11->12,2.525959,inf,0.0,245,245,2.525959,4.590067,21.498105,4.344049,0.0,0.0,0.0,0,245,0.5,0.5,0.0,5,0.0,0.0
Uninett2010,SM,2,MCF_ARC,21,11,11,0,21->50->51->6->11,21->50->51->6->11,1.442156,inf,0.0,130,130,1.442156,4.453799,20.279008,4.208754,0.0,0.0,0.0,0,130,0.5,0.5,0.0,5,0.0,0.0
Uninett2010,SM,2,MCF_ARC,22,11,11,0,22->23->50->51->6->11,22->20->19->50->51->6->11,2.726411,inf,0.0,174,174,2.304621,4.453799,21.141472,4.208754,0.0,0.0,0.0,0,174,0.5,0.5,0.0,5,0.0,0.0
Uninett2010,SM,2,MCF_ARC,23,11,12,1,23->4->11,23->50->51->6->11->12,2.879745,inf,0.0,152,152,2.706287,4.590067,21.678433,4.344049,0.0,0.0,0.0,0,152,0.5,0.5,0.0,5,0.0,0.0
Uninett2010,SM,2,MCF_ARC,24,11,11,0,24->23->50->51->6->11,24->23->50->51->6->11,3.918869,inf,0.0,159,159,3.918869,4.453799,22.75572,4.208754,0.0,0.0,0.0,0,159,0.5,0.5,0.0,5,0.0,0.0
Uninett2010,SM,2,MCF_ARC,25,11,2,1,25->24->42->4->11,25->24->23->4->2,5.14795,inf,0.0,167,167,4.258067,12.501213,29.479385,10.59322,0.0,0.0,0.0,0,167,0.5,0.5,0.0,5,0.0,0.0
Uninett2010,SM,2,MCF_ARC,26,11,11,0,26->17->18->42->4->11,26->24->23->50->51->6->11,4.53069,inf,0.0,160,160,4.480179,4.453799,23.31703,4.208754,0.0,0.0,0.0,0,160,0.5,0.5,0.0,5,0.0,0.0
Uninett2010,SM,2,MCF_ARC,27,11,11,0,27->67->4->11,27->67->4->11,12.174667,inf,0.0,180,180,12.174667,4.453799,31.011519,4.208754,0.0,0.0,0.0,0,180.0,0.5,0.5,0.0,5,0.0,0.0
Uninett2010,SM,2,MCF_ARC,28,11,12,1,28->12->11,28->12,0.625462,inf,0.0,197,197,0.233438,4.590067,19.205584,4.344049,0.0,0.0,0.0,0,197,0.5,0.5,0.0,5,0.0,0.0
Uninett2010,SM,2,MCF_ARC,29,11,11,0,29->34->30->10->27->67->4->11,29->34->30->40->37->36->67->4->11,24.111487,inf,0.0,122,122,20.806298,4.453799,39.64315,4.208754,0.0,0.0,0.0,0,122.0,0.5,0.5,0.0,5,0.0,0.0
Uninett2010,SM,2,MCF_ARC,30,10,10,0,30->10,30->10,0.53955,inf,0.0,219,219,0.53955,14.321747,28.681161,13.513514,0.0,0.0,0.0,0,219,0.5,0.5,0.0,5,0.0,0.0
Uninett2010,SM,2,MCF_ARC,31,10,9,1,31->30->10,31->30->9,0.998306,inf,0.0,183,183,1.805362,5.871354,22.274582,5.841121,0.0,0.0,0.0,0,183,0.5,0.5,0.0,5,0.0,0.0
Uninett2010,SM,2,MCF_ARC,32,10,9,1,32->16->9->30->10,32->16->9,4.657789,inf,0.0,171,171,2.771632,5.871354,23.240851,5.841121,0.0,0.0,0.0,0,171,0.5,0.5,0.0,5,0.0,0.0
Uninett2010,SM,2,MCF_ARC,33,10,10,0,33->38->40->10,33->38->40->10,5.2953,inf,0.0,166,166,5.2953,14.321747,33.436911,13.513514,0.0,0.0,0.0,0,166,0.5,0.5,0.0,5,0.0,0.0
Uninett2010,SM,2,MCF_ARC,34,10,5,1,34->30->10,34->30->40->38->37->36->67->68->2->7->8->5,10.455167,inf,0.0,222,222,21.358681,5.371164,41.13611,5.149331,0.0,0.0,0.0,0,222.0,0.5,0.5,0.0,5,0.0,0.0
Uninett2010,SM,2,MCF_ARC,35,10,10,0,35->33->38->40->10,35->33->38->40->10,5.798492,inf,0.0,193,193,5.798492,14.321747,33.940103,13.513514,0.0,0.0,0.0,0,193,0.5,0.5,0.0,5,0.0,0.0
Uninett2010,SM,2,MCF_ARC,36,10,10,0,36->37->40->10,36->37->40->10,3.428649,inf,0.0,140,140,3.428649,14.321747,31.57026,13.513514,0.0,0.0,0.0,0,140,0.5,0.5,0.0,5,0.0,0.0
Uninett2010,SM,2,MCF_ARC,37,10,10,0,37->40->10,37->40->10,3.165676,inf,0.0,212,212,3.165676,14.321747,31.307287,13.513514,0.0,0.0,0.0,0,212,0.5,0.5,0.0,5,0.0,0.0
Uninett2010,SM,2,MCF_ARC,38,9,4,1,38->40->30->9,38->68->67->4,4.345203,inf,0.0,193,193,7.594962,5.766667,27.760158,5.537099,0.0,0.0,0.0,0,193,0.5,0.5,0.0,5,0.0,0.0
Uninett2010,SM,2,MCF_ARC,39,9,9,0,39->38->68->9,39->38->40->30->9,11.563165,inf,0.0,188,188,4.345203,5.871354,24.814422,5.841121,0.0,0.0,0.0,0,188,0.5,0.5,0.0,5,0.0,0.0
Uninett2010,SM,2,MCF_ARC,40,9,10,1,40->30->9,40->10,3.260423,inf,0.0,170,170,1.812408,14.321747,29.954019,13.513514,0.0,0.0,0.0,0,170,0.5,0.5,0.0,5,0.0,0.0
Uninett2010,SM,2,MCF_ARC,41,9,9,0,41->44->46->43->67->68->9,41->44->46->43->67->68->9,12.153042,inf,0.0,225,225,12.153042,5.871354,32.622261,5.841121,0.0,0.0,0.0,0,225,0.5,0.5,0.0,5,0.0,0.0
Uninett2010,SM,2,MCF_ARC,42,9,2,1,42->18->67->68->9,42->24->23->4->1->2,12.198255,inf,0.0,239,239,5.728968,12.501213,30.950286,10.59322,0.0,0.0,0.0,0,239.0,0.5,0.5,0.0,5,0.0,0.0
Uninett2010,SM,2,MCF_ARC,43,9,4,1,43->67->68->9,43->18->42->4,10.294779,inf,0.0,181,181,5.41676,5.766667,25.581956,5.537099,0.0,0.0,0.0,0,181,0.5,0.5,0.0,5,0.0,0.0
Uninett2010,SM,2,MCF_ARC,44,9,9,0,44->46->43->67->27->9,44->46->43->67->36->37->40->30->9,11.442425,inf,0.0,208,208,11.505045,5.871354,31.974264,5.841121,0.0,0.0,0.0,0,208,0.5,0.5,0.0,5,0.0,0.0
Uninett2010,SM,2,MCF_ARC,45,8,8,0,45->47->69->68->2->7->8,45->47->69->68->2->7->8,6.474132,inf,0.0,222,222,6.474132,2.999105,24.033062,2.930832,0.0,0.0,0.0,0,222,0.5,0.5,0.0,5,0.0,0.0
Uninett2010,SM,2,MCF_ARC,46,8,4,1,46->43->67->68->2->7->8,46->43->67->18->42->4,7.348523,inf,0.0,176,176,10.129409,5.766667,30.294605,5.537099,0.0,0.0,0.0,0,176,0.5,0.5,0.0,5,0.0,0.0
Uninett2010,SM,2,MCF_ARC,47,8,2,1,47->69->68->2->7->8,47->69->67->4->1->2,5.967878,inf,0.0,168,168,5.310155,12.501213,30.531473,10.59322,0.0,0.0,0.0,0,168,0.5,0.5,0.0,5,0.0,0.0
Uninett2010,SM,2,MCF_ARC,48,8,7,1,48->52->68->2->7->8,48->52->68->2->7,5.06438,inf,0.0,208,208,4.585422,4.109818,23.178627,3.965107,0.0,0.0,0.0,0,208,0.5,0.5,0.0,5,0.0,0.0
Uninett2010,SM,2,MCF_ARC,49,8,8,0,49->32->16->9->68->2->7->8,49->32->16->9->68->2->7->8,16.350212,inf,0.0,220,220,16.350212,2.999105,33.909142,2.930832,0.0,0.0,0.0,0,220,0.5,0.5,0.0,5,0.0,0.0
Uninett2010,SM,2,MCF_ARC,50,8,1,1,50->51->6->8,50->1,1.081554,inf,0.0,176,176,1.08661,4.91447,20.361548,4.64684,0.0,0.0,0.0,0,176,0.5,0.5,0.0,5,0.0,0.0
Uninett2010,SM,2,MCF_ARC,51,8,8,0,51->6->8,51->6->8,0.904003,inf,0.0,180,180,0.904003,2.999105,18.462933,2.930832,0.0,0.0,0.0,0,180,0.5,0.5,0.0,5,0.0,0.0
Uninett2010,SM,2,MCF_ARC,52,7,3,1,52->68->2->7,52->68->67->4->3,4.380896,inf,0.0,226,226,5.186426,3.497403,23.260423,3.445899,0.0,0.0,0.0,0,226,0.5,0.5,0.0,5,0.0,0.0
Uninett2010,SM,2,MCF_ARC,53,7,7,0,53->7,53->7,0.0,inf,0.0,167,167,0.0,4.109818,18.593205,3.965107,0.0,0.0,0.0,0,167,0.5,0.5,0.0,5,0.0,0.0
Uninett2010,SM,2,MCF_ARC,54,7,5,1,54->58->57->2->7,54->58->57->2->4->11->6->8->5,1.146753,inf,0.0,171,171,2.300071,5.371164,22.077499,5.149331,0.0,0.0,0.0,0,171,0.5,0.5,0.0,5,0.0,0.0
Uninett2010,SM,2,MCF_ARC,55,7,4,1,55->12->11->4->2->7,55->12->11->4,1.38602,inf,0.0,195,195,1.207254,5.766667,21.37245,5.537099,0.0,0.0,0.0,0,195,0.5,0.5,0.0,5,0.0,0.0
Uninett2010,SM,2,MCF_ARC,56,7,7,0,56->34->30->9->68->2->7,56->34->30->40->37->36->67->68->2->7,23.258357,inf,0.0,180,180,20.627765,4.109818,39.220969,3.965107,0.0,0.0,0.0,0,180.0,0.5,0.5,0.0,5,0.0,0.0
Uninett2010,SM,2,MCF_ARC,57,7,2,1,57->2->7,57->2,0.908766,inf,0.0,165,165,0.730001,12.501213,25.951319,10.59322,0.0,0.0,0.0,0,165,0.5,0.5,0.0,5,0.0,0.0
Uninett2010,SM,2,MCF_ARC,58,7,7,0,58->57->2->7,58->57->2->7,1.146753,inf,0.0,154,154,1.146753,4.109818,19.739957,3.965107,0.0,0.0,0.0,0,154,0.5,0.5,0.0,5,0.0,0.0
Uninett2010,SM,2,MCF_ARC,59,7,1,1,59->1->2->7,59->1,4.705696,inf,0.0,204,204,4.526931,4.91447,23.801868,4.64684,0.0,0.0,0.0,0,204,0.5,0.5,0.0,5,0.0,0.0
Uninett2010,SM,2,MCF_ARC,60,6,6,0,60->58->57->12->11->6,60->58->57->12->11->6,1.64662,inf,0.0,187,187,1.64662,3.468416,19.69469,3.419973,0.0,0.0,0.0,0,187,0.5,0.5,0.0,5,0.0,0.0
Uninett2010,SM,2,MCF_ARC,61,6,7,1,61->34->30->9->68->67->4->11->6,61->34->30->40->37->36->67->68->2->7,23.76002,inf,0.0,189,189,20.627765,4.109818,39.220969,3.965107,0.0,0.0,0.0,0,189,0.5,0.5,0.0,5,0.0,0.0
Uninett2010,SM,2,MCF_ARC,62,6,4,1,62->41->18->42->4->11->6,62->41->18->42->4,5.848391,inf,0.0,161,161,5.167962,5.766667,25.333158,5.537099,0.0,0.0,0.0,0,161,0.5,0.5,0.0,5,0.0,0.0
Uninett2010,SM,2,MCF_ARC,63,6,6,0,63->34->30->10->27->67->4->11->6,63->34->30->40->37->36->67->4->11->6,24.434617,inf,0.0,168,168,21.129428,3.468416,39.177498,3.419973,0.0,0.0,0.0,0,168,0.5,0.5,0.0,5,0.0,0.0
Uninett2010,SM,2,MCF_ARC,64,6,6,0,64->38->68->67->4->11->6,64->38->37->36->67->4->11->6,8.275391,inf,0.0,194,194,8.467174,3.468416,26.515244,3.419973,0.0,0.0,0.0,0,194,0.5,0.5,0.0,5,0.0,0.0
Uninett2010,SM,2,MCF_ARC,65,6,2,1,65->66->3->4->11->6,65->73->74->1->2,2.524649,inf,0.0,173,173,1.855428,12.501213,27.076746,10.59322,0.0,0.0,0.0,0,173,0.5,0.5,0.0,5,0.0,0.0
Uninett2010,SM,2,MCF_ARC,66,6,3,1,66->3->4->11->6,66->3,2.040974,inf,0.0,179,179,0.37625,3.497403,18.450247,3.445899,0.0,0.0,0.0,0,179,0.5,0.5,0.0,5,0.0,0.0
Uninett2010,SM,2,MCF_ARC,67,6,3,1,67->4->11->6,67->4->3,4.605011,inf,0.0,205,205,4.908877,3.497403,22.982874,3.445899,0.0,0.0,0.0,0,205.0,0.5,0.5,0.0,5,0.0,0.0
Uninett2010,SM,2,MCF_ARC,68,5,3,1,68->2->7->8->5,68->67->4->3,4.582306,inf,0.0,189,189,4.908877,3.497403,22.982874,3.445899,0.0,0.0,0.0,0,189.0,0.5,0.5,0.0,5,0.0,0.0
Uninett2010,SM,2,MCF_ARC,69,5,4,1,69->68->2->7->8->5,69->67->4,4.582306,inf,0.0,174,174,3.924582,5.766667,24.089779,5.537099,0.0,0.0,0.0,0,174.0,0.5,0.5,0.0,5,0.0,0.0
Uninett2010,SM,2,MCF_ARC,70,5,5,0,70->69->68->2->7->8->5,70->69->68->2->7->8->5,5.884185,inf,0.0,192,192,5.884185,5.371164,25.661613,5.149331,0.0,0.0,0.0,0,192,0.5,0.5,0.0,5,0.0,0.0
Uninett2010,SM,2,MCF_ARC,71,5,5,0,71->70->69->68->2->7->8->5,71->72->73->74->1->2->7->8->5,8.776845,inf,0.0,151,151,6.6902,5.371164,26.467628,5.149331,0.0,0.0,0.0,0,151,0.5,0.5,0.0,5,0.0,0.0
Uninett2010,SM,2,MCF_ARC,72,5,2,1,72->73->74->1->2->7->8->5,72->73->74->1->2,2.528768,inf,0.0,199,199,1.871045,12.501213,27.092363,10.59322,0.0,0.0,0.0,0,199,0.5,0.5,0.0,5,0.0,0.0
Uninett2010,SM,2,MCF_ARC,73,5,1,1,73->74->1->2->7->8->5,73->74->1,2.227223,inf,0.0,161,161,1.5695,4.91447,20.844438,4.64684,0.0,0.0,0.0,0,161,0.5,0.5,0.0,5,0.0,0.0
Uninett2010,SM,2,MCF_ARC,74,5,1,1,74->1->2->7->8->5,74->1,1.420612,inf,0.0,157,157,0.762889,4.91447,20.037827,4.64684,0.0,0.0,0.0,0,157,0.5,0.5,0.0,5,0.0,0.0
Uninett2010,SM,3,B1,1,1,1,0,1,,0.0,15.528512,0.0,195,195,0.0,1.099384,15.727482,1.099384,0.0,0.0,0.0,0,195.0,0.5,0.5,0.0,5,0.0,0.0
Uninett2010,SM,3,B1,2,2,2,0,2,,0.0,15.494949,0.0,152,152,0.0,3.148615,17.776712,3.148615,0.0,0.0,0.0,0,152.0,0.5,0.5,0.0,5,0.0,0.0
Uninett2010,SM,3,B1,3,3,3,0,3,,0.0,15.555225,0.0,227,227,0.0,0.927128,15.555225,0.927128,0.0,0.0,0.0,0,227,0.5,0.5,0.0,5,0.0,0.0
Uninett2010,SM,3,B1,4,4,1,1,4,,0.0,15.53144,0.0,201,201,0.0,1.099384,15.727482,1.099384,0.196042,0.0,0.0,0,201.0,0.5,0.5,0.0,5,0.0,0.0
Uninett2010,SM,3,B1,5,5,5,0,5,,0.0,37.563877,0.0,203,203,0.0,131.578947,146.207045,131.578947,0.0,0.0,0.0,0,203,0.5,0.5,0.0,5,0.0,0.0
Uninett2010,SM,3,B1,6,6,6,0,6,,0.0,inf,0.0,172,172,0.0,86.206897,100.834994,86.206897,0.0,0.0,0.0,0,172,0.5,0.5,0.0,5,0.0,0.0
Uninett2010,SM,3,B1,7,7,7,0,7,,0.0,inf,0.0,188,188,0.0,384.615385,399.243482,384.615385,0.0,0.0,0.0,0,188,0.5,0.5,0.0,5,0.0,0.0
Uninett2010,SM,3,B1,8,8,8,0,8,,0.0,inf,0.0,210,210,0.0,625.0,639.628098,625.0,0.0,0.0,0.0,0,210,0.5,0.5,0.0,5,0.0,0.0
Uninett2010,SM,3,B1,9,9,9,0,9,,0.0,inf,0.0,165,165,0.0,5000.0,5014.628098,5000.0,0.0,0.0,0.0,0,165.0,0.5,0.5,0.0,5,0.0,0.0
Uninett2010,SM,3,B1,10,10,10,0,10,,0.0,inf,0.0,213,213,0.0,1250.0,1264.628098,1250.0,0.0,0.0,0.0,0,213,0.5,0.5,0.0,5,0.0,0.0
Uninett2010,SM,3,B1,11,11,2,1,11,,0.0,inf,0.0,217,217,0.357299,3.148615,18.134011,3.148615,0.0,0.0,0.0,0,217,0.5,0.5,0.0,5,0.0,0.0
Uninett2010,SM,3,B1,12,12,12,0,12,,0.0,inf,0.0,183,183,0.0,16.339869,30.967967,16.339869,0.0,0.0,0.0,0,183,0.5,0.5,0.0,5,0.0,0.0
Uninett2010,SM,3,B1,13,12,12,0,13->15->27->67->4->11->12,,17.052426,inf,0.0,176,176,17.052426,16.339869,48.020393,16.339869,0.0,0.0,0.0,0,176,0.5,0.5,0.0,5,0.0,0.0
Uninett2010,SM,3,B1,14,12,12,0,14->13->15->27->67->4->11->12,,17.456292,inf,0.0,193,193,17.456292,16.339869,48.424259,16.339869,0.0,0.0,0.0,0,193,0.5,0.5,0.0,5,0.0,0.0
Uninett2010,SM,3,B1,15,12,12,0,15->27->67->4->11->12,,14.684947,inf,0.0,195,195,14.684947,16.339869,45.652914,16.339869,0.0,0.0,0.0,0,195,0.5,0.5,0.0,5,0.0,0.0
Uninett2010,SM,3,B1,16,12,12,0,16->9->68->2->57->12,,14.660099,inf,0.0,188,188,14.267606,16.339869,45.235573,16.339869,0.0,0.0,0.0,0,188,0.5,0.5,0.0,5,0.0,0.0
Uninett2010,SM,3,B1,17,12,11,1,17->18->42->4->11->12,,4.528884,inf,0.0,160,160,4.13686,111.111111,129.876068,111.111111,0.0,0.0,0.0,0,160,0.5,0.5,0.0,5,0.0,0.0
Uninett2010,SM,3,B1,18,12,11,1,18->42->1->4->11->12,,3.807045,inf,0.0,155,155,3.415021,111.111111,129.154229,111.111111,0.0,0.0,0.0,0,155.0,0.5,0.5,0.0,5,0.0,0.0
Uninett2010,SM,3,B1,19,12,12,0,19->50->51->6->11->12,,1.613292,inf,0.0,206,206,1.613292,16.339869,32.581259,16.339869,0.0,0.0,0.0,0,206,0.5,0.5,0.0,5,0.0,0.0
Uninett2010,SM,3,B1,20,12,12,0,20->19->50->51->6->11->12,,2.525959,inf,0.0,181,181,2.525959,16.339869,33.493925,16.339869,0.0,0.0,0.0,0,181,0.5,0.5,0.0,5,0.0,0.0
Uninett2010,SM,3,B1,21,11,11,0,21->50->51->6->11,,1.442156,inf,0.0,146,146,1.442156,111.111111,127.181365,111.111111,0.0,0.0,0.0,0,146,0.5,0.5,0.0,5,0.0,0.0
Uninett2010,SM,3,B1,22,11,11,0,22->23->50->51->6->11,,2.726411,inf,0.0,179,179,2.304621,111.111111,128.043829,111.111111,0.0,0.0,0.0,0,179,0.5,0.5,0.0,5,0.0,0.0
Uninett2010,SM,3,B1,23,11,11,0,23->50->51->6->11,,2.314263,inf,0.0,170,170,2.314263,111.111111,128.053471,111.111111,0.0,0.0,0.0,0,170,0.5,0.5,0.0,5,0.0,0.0
Uninett2010,SM,3,B1,24,11,2,1,24->42->4->11,,5.016936,inf,0.0,201,201,4.127053,3.148615,21.903765,3.148615,0.0,0.0,0.0,0,201,0.5,0.5,0.0,5,0.0,0.0
Uninett2010,SM,3,B1,25,11,11,0,25->24->23->4->11,,4.615366,inf,0.0,207,207,4.049883,111.111111,129.789092,111.111111,0.0,0.0,0.0,0,207,0.5,0.5,0.0,5,0.0,0.0
Uninett2010,SM,3,B1,26,11,2,1,26->24->23->50->51->6->11,,4.480179,inf,0.0,219,219,4.173391,3.148615,21.950104,3.148615,0.0,0.0,0.0,0,219,0.5,0.5,0.0,5,0.0,0.0
Uninett2010,SM,3,B1,27,11,11,0,27->67->4->11,,12.174667,inf,0.0,150,150,12.174667,111.111111,137.913876,111.111111,0.0,0.0,0.0,0,150.0,0.5,0.5,0.0,5,0.0,0.0
Uninett2010,SM,3,B1,28,11,11,0,28->12->11,,0.625462,inf,0.0,176,176,0.625462,111.111111,126.364671,111.111111,0.0,0.0,0.0,0,176,0.5,0.5,0.0,5,0.0,0.0
Uninett2010,SM,3,B1,29,10,10,0,29->34->30->10,,10.455167,inf,0.0,195,195,10.455167,1250.0,1275.083265,1250.0,0.0,0.0,0.0,0,195.0,0.5,0.5,0.0,5,0.0,0.0
Uninett2010,SM,3,B1,30,10,10,0,30->10,,0.53955,inf,0.0,170,170,0.53955,1250.0,1265.167648,1250.0,0.0,0.0,0.0,0,170,0.5,0.5,0.0,5,0.0,0.0
Uninett2010,SM,3,B1,31,10,10,0,31->30->10,,0.998306,inf,0.0,164,164,0.998306,1250.0,1265.626404,1250.0,0.0,0.0,0.0,0,164,0.5,0.5,0.0,5,0.0,0.0
Uninett2010,SM,3,B1,32,10,9,1,32->16->9->30->10,,4.657789,inf,0.0,180,180,2.771632,5000.0,5017.39973,5000.0,0.0,0.0,0.0,0,180,0.5,0.5,0.0,5,0.0,0.0
Uninett2010,SM,3,B1,33,10,10,0,33->38->40->10,,5.2953,inf,0.0,163,163,5.2953,1250.0,1269.923398,1250.0,0.0,0.0,0.0,0,163,0.5,0.5,0.0,5,0.0,0.0
Uninett2010,SM,3,B1,34,10,9,1,34->30->10,,10.455167,inf,0.0,142,142,11.262223,5000.0,5025.890321,5000.0,0.0,0.0,0.0,0,142.0,0.5,0.5,0.0,5,0.0,0.0
Uninett2010,SM,3,B1,35,10,10,0,35->67->27->10,,10.222941,inf,0.0,167,167,5.798492,1250.0,1270.42659,1250.0,0.0,0.0,0.0,0,167,0.5,0.5,0.0,5,0.0,0.0
Uninett2010,SM,3,B1,36,10,4,1,36->37->40->10,,3.428649,inf,0.0,216,216,7.003325,30.30303,51.934453,30.30303,0.0,0.0,0.0,0,216,0.5,0.5,0.0,5,0.0,0.0
Uninett2010,SM,3,B1,37,9,9,0,37->40->30->9,,4.613691,inf,0.0,171,171,4.613691,5000.0,5019.241788,5000.0,0.0,0.0,0.0,0,171,0.5,0.5,0.0,5,0.0,0.0
Uninett2010,SM,3,B1,38,9,9,0,38->40->30->9,,4.345203,inf,0.0,172,172,4.345203,5000.0,5018.9733,5000.0,0.0,0.0,0.0,0,172,0.5,0.5,0.0,5,0.0,0.0
Uninett2010,SM,3,B1,39,9,4,1,39->38->40->30->9,,4.345203,inf,0.0,195,195,7.594962,30.30303,52.52609,30.30303,0.0,0.0,0.0,0,195,0.5,0.5,0.0,5,0.0,0.0
Uninett2010,SM,3,B1,40,9,9,0,40->30->9,,3.260423,inf,0.0,197,197,3.260423,5000.0,5017.88852,5000.0,0.0,0.0,0.0,0,197,0.5,0.5,0.0,5,0.0,0.0
Uninett2010,SM,3,B1,41,9,9,0,41->18->43->67->27->9,,13.995682,inf,0.0,191,191,12.153042,5000.0,5026.781139,5000.0,0.0,0.0,0.0,0,191,0.5,0.5,0.0,5,0.0,0.0
Uninett2010,SM,3,B1,42,9,10,1,42->18->67->68->9,,12.198255,inf,0.0,190,190,10.812861,1250.0,1275.440959,1250.0,0.0,0.0,0.0,0,190.0,0.5,0.5,0.0,5,0.0,0.0
Uninett2010,SM,3,B1,43,9,9,0,43->67->68->9,,10.294779,inf,0.0,165,165,10.294779,5000.0,5024.922877,5000.0,0.0,0.0,0.0,0,165,0.5,0.5,0.0,5,0.0,0.0
Uninett2010,SM,3,B1,44,9,4,1,44->46->43->67->68->9,,11.442425,inf,0.0,227,227,5.110203,30.30303,50.041331,30.30303,0.0,0.0,0.0,0,227,0.5,0.5,0.0,5,0.0,0.0
Uninett2010,SM,3,B1,45,8,8,0,45->43->67->4->2->7->8,,7.578749,inf,0.0,184,184,6.474132,625.0,646.10223,625.0,0.0,0.0,0.0,0,184,0.5,0.5,0.0,5,0.0,0.0
Uninett2010,SM,3,B1,46,8,8,0,46->43->67->4->2->7->8,,7.348523,inf,0.0,203,203,6.438706,625.0,646.066804,625.0,0.0,0.0,0.0,0,203,0.5,0.5,0.0,5,0.0,0.0
Uninett2010,SM,3,B1,47,8,8,0,47->69->68->2->7->8,,5.967878,inf,0.0,178,178,5.967878,625.0,645.595976,625.0,0.0,0.0,0.0,0,178,0.5,0.5,0.0,5,0.0,0.0
Uninett2010,SM,3,B1,48,8,8,0,48->52->68->2->7->8,,5.06438,inf,0.0,165,165,5.06438,625.0,644.692478,625.0,0.0,0.0,0.0,0,165,0.5,0.5,0.0,5,0.0,0.0
Uninett2010,SM,3,B1,49,8,5,1,49->32->16->9->68->2->7->8,,16.350212,inf,0.0,189,189,16.350212,131.578947,162.557257,131.578947,0.0,0.0,0.0,0,189,0.5,0.5,0.0,5,0.0,0.0
Uninett2010,SM,3,B1,50,8,7,1,50->51->6->8,,1.081554,inf,0.0,150,150,1.265375,384.615385,400.508858,384.615385,0.0,0.0,0.0,0,150,0.5,0.5,0.0,5,0.0,0.0
Uninett2010,SM,3,B1,51,8,8,0,51->6->8,,0.904003,inf,0.0,211,211,0.904003,625.0,640.532101,625.0,0.0,0.0,0.0,0,211,0.5,0.5,0.0,5,0.0,0.0
Uninett2010,SM,3,B1,52,7,7,0,52->68->2->7,,4.380896,inf,0.0,180,180,4.380896,384.615385,403.624379,384.615385,0.0,0.0,0.0,0,180,0.5,0.5,0.0,5,0.0,0.0
Uninett2010,SM,3,B1,53,7,7,0,53->7,,0.0,inf,0.0,152,152,0.0,384.615385,399.243482,384.615385,0.0,0.0,0.0,0,152,0.5,0.5,0.0,5,0.0,0.0
Uninett2010,SM,3,B1,54,7,7,0,54->58->57->2->7,,1.146753,inf,0.0,165,165,1.146753,384.615385,400.390235,384.615385,0.0,0.0,0.0,0,165,0.5,0.5,0.0,5,0.0,0.0
Uninett2010,SM,3,B1,55,7,7,0,55->12->57->2->7,,1.778512,inf,0.0,168,168,1.38602,384.615385,400.629502,384.615385,0.0,0.0,0.0,0,168,0.5,0.5,0.0,5,0.0,0.0
Uninett2010,SM,3,B1,56,7,4,1,56->34->30->9->68->2->7,,23.258357,inf,0.0,189,189,20.448999,30.30303,65.380127,30.30303,0.0,0.0,0.0,0,189.0,0.5,0.5,0.0,5,0.0,0.0
Uninett2010,SM,3,B1,57,7,2,1,57->2->7,,0.908766,inf,0.0,199,199,0.730001,3.148615,18.506713,3.148615,0.0,0.0,0.0,0,199,0.5,0.5,0.0,5,0.0,0.0
Uninett2010,SM,3,B1,58,10,10,0,58->57->2->4->67->27->10,,14.267008,inf,0.0,138,138,11.399961,1250.0,1276.028059,1250.0,0.0,0.0,0.0,0,138,0.5,0.5,0.0,5,0.0,0.0
Uninett2010,SM,3,B1,59,7,4,1,59->1->2->7,,4.705696,inf,0.0,210,210,4.526931,30.30303,49.458059,30.30303,0.0,0.0,0.0,0,210,0.5,0.5,0.0,5,0.0,0.0
Uninett2010,SM,3,B1,60,6,6,0,60->59->1->50->51->6,,11.349255,inf,0.0,205,205,1.64662,86.206897,102.481614,86.206897,0.0,0.0,0.0,0,205,0.5,0.5,0.0,5,0.0,0.0
Uninett2010,SM,3,B1,61,6,4,1,61->34->30->9->27->67->4->11->6,,23.76002,inf,0.0,238,238,20.448999,30.30303,65.380127,30.30303,0.0,0.0,0.0,0,238,0.5,0.5,0.0,5,0.0,0.0
Uninett2010,SM,3,B1,62,6,6,0,62->41->18->42->4->11->6,,5.848391,inf,0.0,200,200,5.848391,86.206897,106.683385,86.206897,0.0,0.0,0.0,0,200,0.5,0.5,0.0,5,0.0,0.0
Uninett2010,SM,3,B1,63,6,6,0,63->34->30->9->68->67->4->11->6,,23.76002,inf,0.0,201,201,21.129428,86.206897,121.964422,86.206897,0.0,0.0,0.0,0,201,0.5,0.5,0.0,5,0.0,0.0
Uninett2010,SM,3,B1,64,7,7,0,64->38->68->2->7,,7.773727,inf,0.0,161,161,7.773727,384.615385,407.01721,384.615385,0.0,0.0,0.0,0,161,0.5,0.5,0.0,5,0.0,0.0
Uninett2010,SM,3,B1,65,8,7,1,65->66->3->4->2->7->8,,2.501943,inf,0.0,139,139,2.022986,384.615385,401.266468,384.615385,0.0,0.0,0.0,0,139,0.5,0.5,0.0,5,0.0,0.0
Uninett2010,SM,3,B1,66,6,6,0,66->3->4->11->6,,2.040974,inf,0.0,177,177,2.040974,86.206897,102.875968,86.206897,0.0,0.0,0.0,0,177,0.5,0.5,0.0,5,0.0,0.0
Uninett2010,SM,3,B1,67,6,6,0,67->4->11->6,,4.605011,inf,0.0,190,190,4.605011,86.206897,105.440005,86.206897,0.0,0.0,0.0,0,190.0,0.5,0.5,0.0,5,0.0,0.0
Uninett2010,SM,3,B1,68,6,6,0,68->67->4->11->6,,4.605011,inf,0.0,149,149,4.605011,86.206897,105.440005,86.206897,0.0,0.0,0.0,0,149.0,0.5,0.5,0.0,5,0.0,0.0
Uninett2010,SM,3,B1,69,5,5,0,69->68->2->7->8->5,,4.582306,42.146183,0.0,182,182,4.582306,131.578947,150.78935,131.578947,0.0,0.0,0.0,0,182.0,0.5,0.5,0.0,5,0.0,0.0
Uninett2010,SM,3,B1,70,5,5,0,70->69->68->2->7->8->5,,5.884185,43.448062,0.0,181,181,5.884185,131.578947,152.09123,131.578947,0.0,0.0,0.0,0,181,0.5,0.5,0.0,5,0.0,0.0
Uninett2010,SM,3,B1,71,5,5,0,71->72->73->74->1->2->7->8->5,,6.6902,44.254077,0.0,189,189,6.6902,131.578947,152.897245,131.578947,0.0,0.0,0.0,0,189,0.5,0.5,0.0,5,0.0,0.0
Uninett2010,SM,3,B1,72,5,5,0,72->73->74->1->2->7->8->5,,2.528768,40.092645,0.0,177,177,2.528768,131.578947,148.735813,131.578947,0.0,0.0,0.0,0,177,0.5,0.5,0.0,5,0.0,0.0
Uninett2010,SM,3,B1,73,5,8,1,73->74->1->2->7->8->5,,2.227223,39.7911,0.0,153,153,2.227223,625.0,641.855321,625.0,602.06422,0.0,0.0,0,153,0.5,0.5,0.0,5,0.0,0.0
Uninett2010,SM,3,B1,74,5,5,0,74->1->2->7->8->5,,1.420612,38.984489,0.0,177,177,1.420612,131.578947,147.627657,131.578947,0.0,0.0,0.0,0,177,0.5,0.5,0.0,5,0.0,0.0
Uninett2010,SM,3,B3,1,1,1,0,1,1,0.0,15.528512,0.0,195,195,0.0,inf,inf,inf,0.0,0.0,0.0,0,195.0,0.5,0.5,0.0,5,0.0,0.0
Uninett2010,SM,3,B3,2,2,2,0,2,2,0.0,15.494949,0.0,152,152,0.0,inf,inf,inf,0.0,0.0,0.0,0,152.0,0.5,0.5,0.0,5,0.0,0.0
Uninett2010,SM,3,B3,3,3,3,0,3,3,0.0,15.555225,0.0,227,227,0.0,1.289324,15.917422,1.289324,0.0,0.0,0.0,0,227,0.5,0.5,0.0,5,0.0,0.0
Uninett2010,SM,3,B3,4,4,4,0,4,4,0.0,15.53144,0.0,201,201,0.0,3.891051,18.519148,3.891051,0.0,0.0,0.0,0,201.0,0.5,0.5,0.0,5,0.0,0.0
Uninett2010,SM,3,B3,5,5,5,0,5,5,0.0,37.563877,0.0,203,203,0.0,inf,inf,inf,0.0,0.0,0.0,0,203,0.5,0.5,0.0,5,0.0,0.0
Uninett2010,SM,3,B3,6,6,6,0,6,6,0.0,inf,0.0,172,172,0.0,5.302227,19.930325,5.302227,0.0,0.0,0.0,0,172,0.5,0.5,0.0,5,0.0,0.0
Uninett2010,SM,3,B3,7,7,7,0,7,7,0.0,inf,0.0,188,188,0.0,3.793627,18.421724,3.793627,0.0,0.0,0.0,0,188,0.5,0.5,0.0,5,0.0,0.0
Uninett2010,SM,3,B3,8,8,8,0,8,8,0.0,inf,0.0,210,210,0.0,5.274262,19.902359,5.274262,0.0,0.0,0.0,0,210,0.5,0.5,0.0,5,0.0,0.0
Uninett2010,SM,3,B3,9,9,9,0,9,9,0.0,inf,0.0,165,165,0.0,2.420136,17.048233,2.420136,0.0,0.0,0.0,0,165.0,0.5,0.5,0.0,5,0.0,0.0
Uninett2010,SM,3,B3,10,10,10,0,10,10,0.0,inf,0.0,213,213,0.0,2.969121,17.597219,2.969121,0.0,0.0,0.0,0,213,0.5,0.5,0.0,5,0.0,0.0
Uninett2010,SM,3,B3,11,11,11,0,11,11,0.0,inf,0.0,217,217,0.0,4.149378,18.777475,4.149378,0.0,0.0,0.0,0,217,0.5,0.5,0.0,5,0.0,0.0
Uninett2010,SM,3,B3,12,12,12,0,12,12,0.0,inf,0.0,183,183,0.0,3.469813,18.09791,3.469813,0.0,0.0,0.0,0,183,0.5,0.5,0.0,5,0.0,0.0
Uninett2010,SM,3,B3,13,12,12,0,13->15->27->67->4->11->12,13->15->27->67->4->11->12,17.052426,inf,0.0,176,176,17.052426,3.469813,35.150337,3.469813,0.0,0.0,0.0,0,176,0.5,0.5,0.0,5,0.0,0.0
Uninett2010,SM,3,B3,14,12,12,0,14->13->15->27->67->4->11->12,14->13->15->27->67->4->11->12,17.456292,inf,0.0,193,193,17.456292,3.469813,35.554202,3.469813,0.0,0.0,0.0,0,193,0.5,0.5,0.0,5,0.0,0.0
Uninett2010,SM,3,B3,15,12,12,0,15->27->67->4->11->12,15->27->67->4->11->12,14.684947,inf,0.0,195,195,14.684947,3.469813,32.782857,3.469813,0.0,0.0,0.0,0,195,0.5,0.5,0.0,5,0.0,0.0
Uninett2010,SM,3,B3,16,12,12,0,16->9->68->2->57->12,16->9->27->67->4->11->12,14.660099,inf,0.0,188,188,14.267606,3.469813,32.365516,3.469813,0.0,0.0,0.0,0,188,0.5,0.5,0.0,5,0.0,0.0
Uninett2010,SM,3,B3,17,12,12,0,17->18->42->4->11->12,17->18->42->4->11->12,4.528884,inf,0.0,160,160,4.528884,3.469813,22.626794,3.469813,0.0,0.0,0.0,0,160,0.5,0.5,0.0,5,0.0,0.0
Uninett2010,SM,3,B3,18,12,4,1,18->42->1->4->11->12,18->42->4,3.807045,inf,0.0,155,155,3.057722,3.891051,21.57687,3.891051,0.0,0.0,0.0,0,155.0,0.5,0.5,0.0,5,0.0,0.0
Uninett2010,SM,3,B3,19,12,2,1,19->50->51->6->11->12,19->50->1->2,1.613292,inf,0.0,206,206,1.554849,inf,inf,inf,0.0,0.0,0.0,0,206,0.5,0.5,0.0,5,0.0,0.0
Uninett2010,SM,3,B3,20,12,1,1,20->19->50->51->6->11->12,20->19->50->1,2.525959,inf,0.0,181,181,2.467515,inf,inf,inf,0.0,0.0,0.0,0,181,0.5,0.5,0.0,5,0.0,0.0
Uninett2010,SM,3,B3,21,11,4,1,21->50->51->6->11,21->50->1->4,1.442156,inf,0.0,146,146,1.775737,3.891051,20.294885,3.891051,0.0,0.0,0.0,0,146,0.5,0.5,0.0,5,0.0,0.0
Uninett2010,SM,3,B3,22,11,11,0,22->23->50->51->6->11,22->20->19->50->51->6->11,2.726411,inf,0.0,179,179,2.304621,4.149378,21.082096,4.149378,0.0,0.0,0.0,0,179,0.5,0.5,0.0,5,0.0,0.0
Uninett2010,SM,3,B3,23,11,11,0,23->50->51->6->11,23->50->51->6->11,2.314263,inf,0.0,170,170,2.314263,4.149378,21.091738,4.149378,0.0,0.0,0.0,0,170,0.5,0.5,0.0,5,0.0,0.0
Uninett2010,SM,3,B3,24,11,1,1,24->42->4->11,24->23->4->1,5.016936,inf,0.0,201,201,4.127053,inf,inf,inf,0.0,0.0,0.0,0,201,0.5,0.5,0.0,5,0.0,0.0
Uninett2010,SM,3,B3,25,11,2,1,25->24->23->4->11,25->24->23->4->2,4.615366,inf,0.0,207,207,4.258067,inf,inf,inf,0.0,0.0,0.0,0,207,0.5,0.5,0.0,5,0.0,0.0
Uninett2010,SM,3,B3,26,11,11,0,26->24->23->50->51->6->11,26->24->23->50->51->6->11,4.480179,inf,0.0,219,219,4.480179,4.149378,23.257654,4.149378,0.0,0.0,0.0,0,219,0.5,0.5,0.0,5,0.0,0.0
Uninett2010,SM,3,B3,27,11,11,0,27->67->4->11,27->67->4->11,12.174667,inf,0.0,150,150,12.174667,4.149378,30.952142,4.149378,0.0,0.0,0.0,0,150.0,0.5,0.5,0.0,5,0.0,0.0
Uninett2010,SM,3,B3,28,11,11,0,28->12->11,28->12->11,0.625462,inf,0.0,176,176,0.625462,4.149378,19.402938,4.149378,0.0,0.0,0.0,0,176,0.5,0.5,0.0,5,0.0,0.0
Uninett2010,SM,3,B3,29,10,10,0,29->34->30->10,29->34->30->10,10.455167,inf,0.0,195,195,10.455167,2.969121,28.052386,2.969121,0.0,0.0,0.0,0,195.0,0.5,0.5,0.0,5,0.0,0.0
Uninett2010,SM,3,B3,30,10,10,0,30->10,30->10,0.53955,inf,0.0,170,170,0.53955,2.969121,18.136769,2.969121,0.0,0.0,0.0,0,170,0.5,0.5,0.0,5,0.0,0.0
Uninett2010,SM,3,B3,31,10,10,0,31->30->10,31->30->10,0.998306,inf,0.0,164,164,0.998306,2.969121,18.595525,2.969121,0.0,0.0,0.0,0,164,0.5,0.5,0.0,5,0.0,0.0
Uninett2010,SM,3,B3,32,10,10,0,32->16->9->30->10,32->16->9->27->10,4.657789,inf,0.0,180,180,4.253285,2.969121,21.850504,2.969121,0.0,0.0,0.0,0,180,0.5,0.5,0.0,5,0.0,0.0
Uninett2010,SM,3,B3,33,10,2,1,33->38->40->10,33->35->67->68->2,5.2953,inf,0.0,163,163,5.276277,inf,inf,inf,0.0,0.0,0.0,0,163,0.5,0.5,0.0,5,0.0,0.0
Uninett2010,SM,3,B3,34,10,10,0,34->30->10,34->30->10,10.455167,inf,0.0,142,142,10.455167,2.969121,28.052386,2.969121,0.0,0.0,0.0,0,142.0,0.5,0.5,0.0,5,0.0,0.0
Uninett2010,SM,3,B3,35,10,1,1,35->67->27->10,35->67->4->1,10.222941,inf,0.0,167,167,4.773085,inf,inf,inf,0.0,0.0,0.0,0,167,0.5,0.5,0.0,5,0.0,0.0
Uninett2010,SM,3,B3,36,10,4,1,36->37->40->10,36->67->4,3.428649,inf,0.0,216,216,7.003325,3.891051,25.522473,3.891051,0.0,0.0,0.0,0,216,0.5,0.5,0.0,5,0.0,0.0
Uninett2010,SM,3,B3,37,9,2,1,37->40->30->9,37->36->67->68->2,4.613691,inf,0.0,171,171,7.266298,inf,inf,inf,0.0,0.0,0.0,0,171,0.5,0.5,0.0,5,0.0,0.0
Uninett2010,SM,3,B3,38,9,4,1,38->40->30->9,38->68->67->4,4.345203,inf,0.0,172,172,7.594962,3.891051,26.11411,3.891051,0.0,0.0,0.0,0,172,0.5,0.5,0.0,5,0.0,0.0
Uninett2010,SM,3,B3,39,9,1,1,39->38->40->30->9,39->38->68->2->1,4.345203,inf,0.0,195,195,7.594962,inf,inf,inf,0.0,0.0,0.0,0,195,0.5,0.5,0.0,5,0.0,0.0
Uninett2010,SM,3,B3,40,9,9,0,40->30->9,40->30->9,3.260423,inf,0.0,197,197,3.260423,2.420136,20.308656,2.420136,0.0,0.0,0.0,0,197,0.5,0.5,0.0,5,0.0,0.0
Uninett2010,SM,3,B3,41,9,9,0,41->18->43->67->27->9,41->44->46->43->67->68->9,13.995682,inf,0.0,191,191,12.153042,2.420136,29.201275,2.420136,0.0,0.0,0.0,0,191,0.5,0.5,0.0,5,0.0,0.0
Uninett2010,SM,3,B3,42,9,9,0,42->18->67->68->9,42->18->67->68->9,12.198255,inf,0.0,190,190,12.198255,2.420136,29.246488,2.420136,0.0,0.0,0.0,0,190.0,0.5,0.5,0.0,5,0.0,0.0
Uninett2010,SM,3,B3,43,9,3,1,43->67->68->9,43->18->42->4->3,10.294779,inf,0.0,165,165,6.401055,1.289324,22.318477,1.289324,0.0,0.0,0.0,0,165,0.5,0.5,0.0,5,0.0,0.0
Uninett2010,SM,3,B3,44,9,9,0,44->46->43->67->68->9,44->46->43->67->68->9,11.442425,inf,0.0,227,227,11.442425,2.420136,28.490658,2.420136,0.0,0.0,0.0,0,227,0.5,0.5,0.0,5,0.0,0.0
Uninett2010,SM,3,B3,45,8,5,1,45->43->67->4->2->7->8,45->47->69->68->2->7->8->5,7.578749,inf,0.0,184,184,6.474132,inf,inf,inf,0.0,0.0,0.0,0,184,0.5,0.5,0.0,5,0.0,0.0
Uninett2010,SM,3,B3,46,8,5,1,46->43->67->4->2->7->8,46->43->18->42->1->2->7->8->5,7.348523,inf,0.0,203,203,6.438706,inf,inf,inf,0.0,0.0,0.0,0,203,0.5,0.5,0.0,5,0.0,0.0
Uninett2010,SM,3,B3,47,8,5,1,47->69->68->2->7->8,47->69->68->2->7->8->5,5.967878,inf,0.0,178,178,5.967878,inf,inf,inf,0.0,0.0,0.0,0,178,0.5,0.5,0.0,5,0.0,0.0
Uninett2010,SM,3,B3,48,8,5,1,48->52->68->2->7->8,48->52->68->2->7->8->5,5.06438,inf,0.0,165,165,5.06438,inf,inf,inf,0.0,0.0,0.0,0,165,0.5,0.5,0.0,5,0.0,0.0
Uninett2010,SM,3,B3,49,8,5,1,49->32->16->9->68->2->7->8,49->32->16->9->68->2->7->8->5,16.350212,inf,0.0,189,189,16.350212,inf,inf,inf,0.0,0.0,0.0,0,189,0.5,0.5,0.0,5,0.0,0.0
Uninett2010,SM,3,B3,50,8,5,1,50->51->6->8,50->51->6->8->5,1.081554,inf,0.0,150,150,1.081554,inf,inf,inf,0.0,0.0,0.0,0,150,0.5,0.5,0.0,5,0.0,0.0
Uninett2010,SM,3,B3,51,8,5,1,51->6->8,51->6->8->5,0.904003,inf,0.0,211,211,0.904003,inf,inf,inf,0.0,0.0,0.0,0,211,0.5,0.5,0.0,5,0.0,0.0
Uninett2010,SM,3,B3,52,7,7,0,52->68->2->7,52->68->2->7,4.380896,inf,0.0,180,180,4.380896,3.793627,22.802621,3.793627,0.0,0.0,0.0,0,180,0.5,0.5,0.0,5,0.0,0.0
Uninett2010,SM,3,B3,53,7,7,0,53->7,53->7,0.0,inf,0.0,152,152,0.0,3.793627,18.421724,3.793627,0.0,0.0,0.0,0,152,0.5,0.5,0.0,5,0.0,0.0
Uninett2010,SM,3,B3,54,7,7,0,54->58->57->2->7,54->58->57->2->7,1.146753,inf,0.0,165,165,1.146753,3.793627,19.568477,3.793627,0.0,0.0,0.0,0,165,0.5,0.5,0.0,5,0.0,0.0
Uninett2010,SM,3,B3,55,7,7,0,55->12->57->2->7,55->12->11->4->2->7,1.778512,inf,0.0,168,168,1.38602,3.793627,19.807744,3.793627,0.0,0.0,0.0,0,168,0.5,0.5,0.0,5,0.0,0.0
Uninett2010,SM,3,B3,56,7,7,0,56->34->30->9->68->2->7,56->34->30->40->37->36->67->68->2->7,23.258357,inf,0.0,189,189,20.627765,3.793627,39.049489,3.793627,0.0,0.0,0.0,0,189.0,0.5,0.5,0.0,5,0.0,0.0
Uninett2010,SM,3,B3,57,7,1,1,57->2->7,57->2->1,0.908766,inf,0.0,199,199,0.730001,inf,inf,inf,0.0,0.0,0.0,0,199,0.5,0.5,0.0,5,0.0,0.0
Uninett2010,SM,3,B3,58,10,3,1,58->57->2->4->67->27->10,58->57->2->4->3,14.267008,inf,0.0,138,138,1.952282,1.289324,17.869704,1.289324,0.0,0.0,0.0,0,138,0.5,0.5,0.0,5,0.0,0.0
Uninett2010,SM,3,B3,59,7,2,1,59->1->2->7,59->1->2,4.705696,inf,0.0,210,210,4.526931,inf,inf,inf,0.0,0.0,0.0,0,210,0.5,0.5,0.0,5,0.0,0.0
Uninett2010,SM,3,B3,60,6,6,0,60->59->1->50->51->6,60->58->57->12->11->6,11.349255,inf,0.0,205,205,1.64662,5.302227,21.576944,5.302227,0.0,0.0,0.0,0,205,0.5,0.5,0.0,5,0.0,0.0
Uninett2010,SM,3,B3,61,6,2,1,61->34->30->9->27->67->4->11->6,61->34->30->40->37->36->67->68->2,23.76002,inf,0.0,238,238,20.448999,inf,inf,inf,0.0,0.0,0.0,0,238,0.5,0.5,0.0,5,0.0,0.0
Uninett2010,SM,3,B3,62,6,6,0,62->41->18->42->4->11->6,62->41->18->42->4->11->6,5.848391,inf,0.0,200,200,5.848391,5.302227,25.778715,5.302227,0.0,0.0,0.0,0,200,0.5,0.5,0.0,5,0.0,0.0
Uninett2010,SM,3,B3,63,6,6,0,63->34->30->9->68->67->4->11->6,63->34->30->40->37->36->67->4->11->6,23.76002,inf,0.0,201,201,21.129428,5.302227,41.059753,5.302227,0.0,0.0,0.0,0,201,0.5,0.5,0.0,5,0.0,0.0
Uninett2010,SM,3,B3,64,7,4,1,64->38->68->2->7,64->38->68->67->4,7.773727,inf,0.0,161,161,7.594962,3.891051,26.11411,3.891051,0.0,0.0,0.0,0,161,0.5,0.5,0.0,5,0.0,0.0
Uninett2010,SM,3,B3,65,8,5,1,65->66->3->4->2->7->8,65->66->3->4->2->7->8->5,2.501943,inf,0.0,139,139,2.501943,inf,inf,inf,0.0,0.0,0.0,0,139,0.5,0.5,0.0,5,0.0,0.0
Uninett2010,SM,3,B3,66,6,1,1,66->3->4->11->6,66->3->4->1,2.040974,inf,0.0,177,177,1.360545,inf,inf,inf,0.0,0.0,0.0,0,177,0.5,0.5,0.0,5,0.0,0.0
Uninett2010,SM,3,B3,67,6,6,0,67->4->11->6,67->4->11->6,4.605011,inf,0.0,190,190,4.605011,5.302227,24.535336,5.302227,0.0,0.0,0.0,0,190.0,0.5,0.5,0.0,5,0.0,0.0
Uninett2010,SM,3,B3,68,6,6,0,68->67->4->11->6,68->67->4->11->6,4.605011,inf,0.0,149,149,4.605011,5.302227,24.535336,5.302227,0.0,0.0,0.0,0,149.0,0.5,0.5,0.0,5,0.0,0.0
Uninett2010,SM,3,B3,69,5,8,1,69->68->2->7->8->5,69->68->2->7->8,4.582306,42.146183,0.0,182,182,4.582306,5.274262,24.484665,5.274262,0.0,0.0,0.0,0,182.0,0.5,0.5,0.0,5,0.0,0.0
Uninett2010,SM,3,B3,70,5,8,1,70->69->68->2->7->8->5,70->69->68->2->7->8,5.884185,43.448062,0.0,181,181,5.884185,5.274262,25.786544,5.274262,0.0,0.0,0.0,0,181,0.5,0.5,0.0,5,0.0,0.0
Uninett2010,SM,3,B3,71,5,8,1,71->72->73->74->1->2->7->8->5,71->72->73->74->1->2->7->8,6.6902,44.254077,0.0,189,189,6.6902,5.274262,26.592559,5.274262,0.0,0.0,0.0,0,189,0.5,0.5,0.0,5,0.0,0.0
Uninett2010,SM,3,B3,72,5,8,1,72->73->74->1->2->7->8->5,72->73->74->1->2->7->8,2.528768,40.092645,0.0,177,177,2.528768,5.274262,22.431127,5.274262,0.0,0.0,0.0,0,177,0.5,0.5,0.0,5,0.0,0.0
Uninett2010,SM,3,B3,73,5,2,1,73->74->1->2->7->8->5,73->74->1->2,2.227223,39.7911,0.0,153,153,1.5695,inf,inf,inf,inf,0.0,0.0,0,153,0.5,0.5,0.0,5,0.0,0.0
Uninett2010,SM,3,B3,74,5,8,1,74->1->2->7->8->5,74->1->2->7->8,1.420612,38.984489,0.0,177,177,1.420612,5.274262,21.322971,5.274262,0.0,0.0,0.0,0,177,0.5,0.5,0.0,5,0.0,0.0
Uninett2010,SM,3,MCF_ARC,1,1,1,0,1,1,0.0,15.528512,0.0,195,195,0.0,9.839384,22.589881,7.961783,0.0,0.0,0.0,0,195.0,0.5,0.5,0.0,5,0.0,0.0
Uninett2010,SM,3,MCF_ARC,2,2,2,0,2,2,0.0,15.494949,0.0,152,152,0.0,9.657712,22.465088,7.836991,0.0,0.0,0.0,0,152.0,0.5,0.5,0.0,5,0.0,0.0
Uninett2010,SM,3,MCF_ARC,3,3,3,0,3,3,0.0,15.555225,0.0,227,227,0.0,0.928556,15.555225,0.927128,0.0,0.0,0.0,0,227,0.5,0.5,0.0,5,0.0,0.0
Uninett2010,SM,3,MCF_ARC,4,4,4,0,4,4,0.0,15.53144,0.0,201,201,0.0,8.448476,21.720296,7.092199,0.0,0.0,0.0,0,201.0,0.5,0.5,0.0,5,0.0,0.0
Uninett2010,SM,3,MCF_ARC,5,5,5,0,5,5,0.0,37.563877,0.0,203,203,0.0,4.797027,19.161189,4.533092,0.0,0.0,0.0,0,203,0.5,0.5,0.0,5,0.0,0.0
Uninett2010,SM,3,MCF_ARC,6,6,6,0,6,6,0.0,inf,0.0,172,172,0.0,5.712656,20.227202,5.599104,0.0,0.0,0.0,0,172,0.5,0.5,0.0,5,0.0,0.0
Uninett2010,SM,3,MCF_ARC,7,7,7,0,7,7,0.0,inf,0.0,188,188,0.0,13.654507,26.58982,11.961722,0.0,0.0,0.0,0,188,0.5,0.5,0.0,5,0.0,0.0
Uninett2010,SM,3,MCF_ARC,8,8,8,0,8,8,0.0,inf,0.0,210,210,0.0,12.382799,24.873999,10.245902,0.0,0.0,0.0,0,210,0.5,0.5,0.0,5,0.0,0.0
Uninett2010,SM,3,MCF_ARC,9,9,9,0,9,9,0.0,inf,0.0,165,165,0.0,14.213198,28.478513,13.850416,0.0,0.0,0.0,0,165.0,0.5,0.5,0.0,5,0.0,0.0
Uninett2010,SM,3,MCF_ARC,10,10,10,0,10,10,0.0,inf,0.0,213,213,0.0,14.059766,28.364361,13.736264,0.0,0.0,0.0,0,213,0.5,0.5,0.0,5,0.0,0.0
Uninett2010,SM,3,MCF_ARC,11,11,11,0,11,11,0.0,inf,0.0,217,217,0.0,10.947141,23.477655,8.849558,0.0,0.0,0.0,0,217,0.5,0.5,0.0,5,0.0,0.0
Uninett2010,SM,3,MCF_ARC,12,12,12,0,12,12,0.0,inf,0.0,183,183,0.0,10.166697,22.811404,8.183306,0.0,0.0,0.0,0,183,0.5,0.5,0.0,5,0.0,0.0
Uninett2010,SM,3,MCF_ARC,13,12,12,0,13->15->27->67->4->11->12,13->15->27->67->4->11->12,17.052426,inf,0.0,176,176,17.052426,10.166697,39.86383,8.183306,0.0,0.0,0.0,0,176,0.5,0.5,0.0,5,0.0,0.0
Uninett2010,SM,3,MCF_ARC,14,12,12,0,14->13->15->27->67->4->11->12,14->13->15->27->67->4->11->12,17.456292,inf,0.0,193,193,17.456292,10.166697,40.267696,8.183306,0.0,0.0,0.0,0,193,0.5,0.5,0.0,5,0.0,0.0
Uninett2010,SM,3,MCF_ARC,15,12,4,1,15->27->67->4->11->12,15->27->9->68->67->4,14.684947,inf,0.0,195,195,13.935624,8.448476,35.65592,7.092199,0.0,0.0,0.0,0,195,0.5,0.5,0.0,5,0.0,0.0
Uninett2010,SM,3,MCF_ARC,16,12,12,0,16->9->68->2->57->12,16->9->68->67->4->11->12,14.660099,inf,0.0,188,188,14.267606,10.166697,37.079009,8.183306,0.0,0.0,0.0,0,188,0.5,0.5,0.0,5,0.0,0.0
Uninett2010,SM,3,MCF_ARC,17,12,12,0,17->18->42->4->11->12,17->26->24->23->50->51->6->11->12,4.528884,inf,0.0,160,160,5.266033,10.166697,28.077437,8.183306,0.0,0.0,0.0,0,160,0.5,0.5,0.0,5,0.0,0.0
Uninett2010,SM,3,MCF_ARC,18,12,12,0,18->42->1->4->11->12,18->42->4->11->6,3.807045,inf,0.0,155,155,3.738151,10.166697,26.549554,8.183306,0.0,0.0,0.0,0,155.0,0.5,0.5,0.0,5,0.0,0.0
Uninett2010,SM,3,MCF_ARC,19,12,12,0,19->50->51->6->11->12,19->50->51->6->11->12,1.613292,inf,0.0,206,206,1.613292,10.166697,24.424696,8.183306,0.0,0.0,0.0,0,206,0.5,0.5,0.0,5,0.0,0.0
Uninett2010,SM,3,MCF_ARC,20,12,1,1,20->19->50->51->6->11->12,20->19->50->1,2.525959,inf,0.0,181,181,2.467515,9.839384,25.057396,7.961783,0.0,0.0,0.0,0,181,0.5,0.5,0.0,5,0.0,0.0
Uninett2010,SM,3,MCF_ARC,21,11,11,0,21->50->51->6->11,21->50->51->6->11,1.442156,inf,0.0,146,146,1.442156,10.947141,24.919811,8.849558,0.0,0.0,0.0,0,146,0.5,0.5,0.0,5,0.0,0.0
Uninett2010,SM,3,MCF_ARC,22,11,11,0,22->23->50->51->6->11,22->20->19->50->51->6->11,2.726411,inf,0.0,179,179,2.304621,10.947141,25.782276,8.849558,0.0,0.0,0.0,0,179,0.5,0.5,0.0,5,0.0,0.0
Uninett2010,SM,3,MCF_ARC,23,11,11,0,23->50->51->6->11,23->50->51->6->11,2.314263,inf,0.0,170,170,2.314263,10.947141,25.791918,8.849558,0.0,0.0,0.0,0,170,0.5,0.5,0.0,5,0.0,0.0
Uninett2010,SM,3,MCF_ARC,24,11,11,0,24->42->4->11,24->23->50->51->6->11,5.016936,inf,0.0,201,201,3.918869,10.947141,27.396524,8.849558,0.0,0.0,0.0,0,201,0.5,0.5,0.0,5,0.0,0.0
Uninett2010,SM,3,MCF_ARC,25,11,2,1,25->24->23->4->11,25->24->23->50->51->6->11->12->57->2,4.615366,inf,0.0,207,207,5.583723,9.657712,28.048811,7.836991,0.0,0.0,0.0,0,207,0.5,0.5,0.0,5,0.0,0.0
Uninett2010,SM,3,MCF_ARC,26,11,1,1,26->24->23->50->51->6->11,26->24->23->50->51->6->11->4->2->1,4.480179,inf,0.0,219,219,4.837477,9.839384,27.427358,7.961783,0.0,0.0,0.0,0,219,0.5,0.5,0.0,5,0.0,0.0
Uninett2010,SM,3,MCF_ARC,27,11,11,0,27->67->4->11,27->67->4->11,12.174667,inf,0.0,150,150,12.174667,10.947141,35.652322,8.849558,0.0,0.0,0.0,0,150.0,0.5,0.5,0.0,5,0.0,0.0
Uninett2010,SM,3,MCF_ARC,28,11,11,0,28->12->11,28->12->11,0.625462,inf,0.0,176,176,0.625462,10.947141,24.103117,8.849558,0.0,0.0,0.0,0,176,0.5,0.5,0.0,5,0.0,0.0
Uninett2010,SM,3,MCF_ARC,29,10,2,1,29->34->30->10,29->34->30->40->37->36->67->69->68->2,10.455167,inf,0.0,195,195,20.448999,9.657712,42.914088,7.836991,0.0,0.0,0.0,0,195.0,0.5,0.5,0.0,5,0.0,0.0
Uninett2010,SM,3,MCF_ARC,30,10,10,0,30->10,30->10,0.53955,inf,0.0,170,170,0.53955,14.059766,28.903912,13.736264,0.0,0.0,0.0,0,170,0.5,0.5,0.0,5,0.0,0.0
Uninett2010,SM,3,MCF_ARC,31,10,10,0,31->30->10,31->30->10,0.998306,inf,0.0,164,164,0.998306,14.059766,29.362668,13.736264,0.0,0.0,0.0,0,164,0.5,0.5,0.0,5,0.0,0.0
Uninett2010,SM,3,MCF_ARC,32,10,4,1,32->16->9->30->10,32->16->9->27->67->43->18->42->4,4.657789,inf,0.0,180,180,18.483171,8.448476,40.203467,7.092199,0.0,0.0,0.0,0,180,0.5,0.5,0.0,5,0.0,0.0
Uninett2010,SM,3,MCF_ARC,33,10,10,0,33->38->40->10,33->38->40->10,5.2953,inf,0.0,163,163,5.2953,14.059766,33.659661,13.736264,0.0,0.0,0.0,0,163,0.5,0.5,0.0,5,0.0,0.0
Uninett2010,SM,3,MCF_ARC,34,10,10,0,34->30->10,34->30->10,10.455167,inf,0.0,142,142,10.455167,14.059766,38.819529,13.736264,0.0,0.0,0.0,0,142.0,0.5,0.5,0.0,5,0.0,0.0
Uninett2010,SM,3,MCF_ARC,35,10,10,0,35->67->27->10,35->67->68->9->30->10,10.222941,inf,0.0,167,167,10.627445,14.059766,38.991806,13.736264,0.0,0.0,0.0,0,167,0.5,0.5,0.0,5,0.0,0.0
Uninett2010,SM,3,MCF_ARC,36,10,2,1,36->37->40->10,36->67->68->2,3.428649,inf,0.0,216,216,7.003325,9.657712,29.468413,7.836991,0.0,0.0,0.0,0,216,0.5,0.5,0.0,5,0.0,0.0
Uninett2010,SM,3,MCF_ARC,37,9,10,1,37->40->30->9,37->40->10,4.613691,inf,0.0,171,171,3.165676,14.059766,31.530037,13.736264,0.0,0.0,0.0,0,171,0.5,0.5,0.0,5,0.0,0.0
Uninett2010,SM,3,MCF_ARC,38,9,9,0,38->40->30->9,38->40->30->9,4.345203,inf,0.0,172,172,4.345203,14.213198,32.823716,13.850416,0.0,0.0,0.0,0,172,0.5,0.5,0.0,5,0.0,0.0
Uninett2010,SM,3,MCF_ARC,39,9,9,0,39->38->40->30->9,39->38->40->30->9,4.345203,inf,0.0,195,195,4.345203,14.213198,32.823716,13.850416,0.0,0.0,0.0,0,195,0.5,0.5,0.0,5,0.0,0.0
Uninett2010,SM,3,MCF_ARC,40,9,9,0,40->30->9,40->30->9,3.260423,inf,0.0,197,197,3.260423,14.213198,31.738936,13.850416,0.0,0.0,0.0,0,197,0.5,0.5,0.0,5,0.0,0.0
Uninett2010,SM,3,MCF_ARC,41,9,1,1,41->18->43->67->27->9,41->18->43->45->47->69->68->2->1,13.995682,inf,0.0,191,191,10.111762,9.839384,32.701643,7.961783,0.0,0.0,0.0,0,191,0.5,0.5,0.0,5,0.0,0.0
Uninett2010,SM,3,MCF_ARC,42,9,9,0,42->18->67->68->9,42->18->67->68->9,12.198255,inf,0.0,190,190,12.198255,14.213198,40.676768,13.850416,0.0,0.0,0.0,0,190.0,0.5,0.5,0.0,5,0.0,0.0
Uninett2010,SM,3,MCF_ARC,43,9,9,0,43->67->68->9,43->67->68->9,10.294779,inf,0.0,165,165,10.294779,14.213198,38.773292,13.850416,0.0,0.0,0.0,0,165,0.5,0.5,0.0,5,0.0,0.0
Uninett2010,SM,3,MCF_ARC,44,9,9,0,44->46->43->67->68->9,44->46->43->67->36->37->40->10->30->9,11.442425,inf,0.0,227,227,11.943187,14.213198,40.4217,13.850416,0.0,0.0,0.0,0,227,0.5,0.5,0.0,5,0.0,0.0
Uninett2010,SM,3,MCF_ARC,45,8,1,1,45->43->67->4->2->7->8,45->47->69->68->67->4->2->1,7.578749,inf,0.0,184,184,5.816409,9.839384,28.40629,7.961783,0.0,0.0,0.0,0,184,0.5,0.5,0.0,5,0.0,0.0
Uninett2010,SM,3,MCF_ARC,46,8,2,1,46->43->67->4->2->7->8,46->43->18->42->4->2,7.348523,inf,0.0,203,203,5.780983,9.657712,28.246071,7.836991,0.0,0.0,0.0,0,203,0.5,0.5,0.0,5,0.0,0.0
Uninett2010,SM,3,MCF_ARC,47,8,8,0,47->69->68->2->7->8,47->69->68->2->7->8,5.967878,inf,0.0,178,178,5.967878,12.382799,30.841878,10.245902,0.0,0.0,0.0,0,178,0.5,0.5,0.0,5,0.0,0.0
Uninett2010,SM,3,MCF_ARC,48,8,8,0,48->52->68->2->7->8,48->35->67->4->11->6->8,5.06438,inf,0.0,165,165,6.635949,12.382799,31.509949,10.245902,0.0,0.0,0.0,0,165,0.5,0.5,0.0,5,0.0,0.0
Uninett2010,SM,3,MCF_ARC,49,8,8,0,49->32->16->9->68->2->7->8,49->32->16->9->68->2->7->8,16.350212,inf,0.0,189,189,16.350212,12.382799,41.224211,10.245902,0.0,0.0,0.0,0,189,0.5,0.5,0.0,5,0.0,0.0
Uninett2010,SM,3,MCF_ARC,50,8,8,0,50->51->6->8,50->1->2->7->8,1.081554,inf,0.0,150,150,1.744333,12.382799,26.618332,10.245902,0.0,0.0,0.0,0,150,0.5,0.5,0.0,5,0.0,0.0
Uninett2010,SM,3,MCF_ARC,51,8,4,1,51->6->8,51->6->11->4,0.904003,inf,0.0,211,211,0.932777,8.448476,22.653073,7.092199,0.0,0.0,0.0,0,211,0.5,0.5,0.0,5,0.0,0.0
Uninett2010,SM,3,MCF_ARC,52,7,4,1,52->68->2->7,52->68->2->4,4.380896,inf,0.0,180,180,4.202131,8.448476,25.922427,7.092199,0.0,0.0,0.0,0,180,0.5,0.5,0.0,5,0.0,0.0
Uninett2010,SM,3,MCF_ARC,53,7,7,0,53->7,53->7,0.0,inf,0.0,152,152,0.0,13.654507,26.58982,11.961722,0.0,0.0,0.0,0,152,0.5,0.5,0.0,5,0.0,0.0
Uninett2010,SM,3,MCF_ARC,54,7,7,0,54->58->57->2->7,54->58->57->2->7,1.146753,inf,0.0,165,165,1.146753,13.654507,27.736573,11.961722,0.0,0.0,0.0,0,165,0.5,0.5,0.0,5,0.0,0.0
Uninett2010,SM,3,MCF_ARC,55,7,7,0,55->12->57->2->7,55->12->11->4->3->66->65->73->74->1->2->7,1.778512,inf,0.0,168,168,5.085668,13.654507,31.675488,11.961722,0.0,0.0,0.0,0,168,0.5,0.5,0.0,5,0.0,0.0
Uninett2010,SM,3,MCF_ARC,56,7,7,0,56->34->30->9->68->2->7,56->34->30->9->68->2->7,23.258357,inf,0.0,189,189,23.258357,13.654507,49.848177,11.961722,0.0,0.0,0.0,0,189.0,0.5,0.5,0.0,5,0.0,0.0
Uninett2010,SM,3,MCF_ARC,57,7,7,0,57->2->7,57->2->7,0.908766,inf,0.0,199,199,0.908766,13.654507,27.498586,11.961722,0.0,0.0,0.0,0,199,0.5,0.5,0.0,5,0.0,0.0
Uninett2010,SM,3,MCF_ARC,58,10,10,0,58->57->2->4->67->27->10,58->57->2->68->69->67->36->37->40->10,14.267008,inf,0.0,138,138,11.399961,14.059766,39.764322,13.736264,0.0,0.0,0.0,0,138,0.5,0.5,0.0,5,0.0,0.0
Uninett2010,SM,3,MCF_ARC,59,7,1,1,59->1->2->7,59->1,4.705696,inf,0.0,210,210,4.526931,9.839384,27.116812,7.961783,0.0,0.0,0.0,0,210,0.5,0.5,0.0,5,0.0,0.0
Uninett2010,SM,3,MCF_ARC,60,6,2,1,60->59->1->50->51->6,60->58->57->2,11.349255,inf,0.0,205,205,1.249651,9.657712,23.714739,7.836991,0.0,0.0,0.0,0,205,0.5,0.5,0.0,5,0.0,0.0
Uninett2010,SM,3,MCF_ARC,61,6,6,0,61->34->30->9->27->67->4->11->6,61->34->30->10->27->67->4->11->6,23.76002,inf,0.0,238,238,24.434617,5.712656,44.661819,5.599104,0.0,0.0,0.0,0,238,0.5,0.5,0.0,5,0.0,0.0
Uninett2010,SM,3,MCF_ARC,62,6,4,1,62->41->18->42->4->11->6,62->41->18->42->1->2->4,5.848391,inf,0.0,200,200,5.167962,8.448476,26.888258,7.092199,0.0,0.0,0.0,0,200,0.5,0.5,0.0,5,0.0,0.0
Uninett2010,SM,3,MCF_ARC,63,6,6,0,63->34->30->9->68->67->4->11->6,63->34->30->40->37->36->67->4->11->6,23.76002,inf,0.0,201,201,21.129428,5.712656,41.35663,5.599104,0.0,0.0,0.0,0,201,0.5,0.5,0.0,5,0.0,0.0
Uninett2010,SM,3,MCF_ARC,64,7,7,0,64->38->68->2->7,64->38->68->2->7,7.773727,inf,0.0,161,161,7.773727,13.654507,34.363547,11.961722,0.0,0.0,0.0,0,161,0.5,0.5,0.0,5,0.0,0.0
Uninett2010,SM,3,MCF_ARC,65,8,8,0,65->66->3->4->2->7->8,65->73->74->1->2->7->8,2.501943,inf,0.0,139,139,2.513151,12.382799,27.38715,10.245902,0.0,0.0,0.0,0,139,0.5,0.5,0.0,5,0.0,0.0
Uninett2010,SM,3,MCF_ARC,66,6,6,0,66->3->4->11->6,66->3->4->11->6,2.040974,inf,0.0,177,177,2.040974,5.712656,22.268176,5.599104,0.0,0.0,0.0,0,177,0.5,0.5,0.0,5,0.0,0.0
Uninett2010,SM,3,MCF_ARC,67,6,6,0,67->4->11->6,67->4->11->6,4.605011,inf,0.0,190,190,4.605011,5.712656,24.832213,5.599104,0.0,0.0,0.0,0,190.0,0.5,0.5,0.0,5,0.0,0.0
Uninett2010,SM,3,MCF_ARC,68,6,6,0,68->67->4->11->6,68->67->4->11->6,4.605011,inf,0.0,149,149,4.605011,5.712656,24.832213,5.599104,0.0,0.0,0.0,0,149.0,0.5,0.5,0.0,5,0.0,0.0
Uninett2010,SM,3,MCF_ARC,69,5,5,0,69->68->2->7->8->5,69->68->2->7->8->5,4.582306,42.146183,0.0,182,182,4.582306,4.797027,23.743495,4.533092,0.0,0.0,0.0,0,182.0,0.5,0.5,0.0,5,0.0,0.0
Uninett2010,SM,3,MCF_ARC,70,5,5,0,70->69->68->2->7->8->5,70->69->67->68->2->7->8->5,5.884185,43.448062,0.0,181,181,5.884185,4.797027,25.045374,4.533092,0.0,0.0,0.0,0,181,0.5,0.5,0.0,5,0.0,0.0
Uninett2010,SM,3,MCF_ARC,71,5,5,0,71->72->73->74->1->2->7->8->5,71->72->73->74->1->2->7->8->5,6.6902,44.254077,0.0,189,189,6.6902,4.797027,25.851389,4.533092,0.0,0.0,0.0,0,189,0.5,0.5,0.0,5,0.0,0.0
Uninett2010,SM,3,MCF_ARC,72,5,8,1,72->73->74->1->2->7->8->5,72->73->74->1->2->7->8,2.528768,40.092645,0.0,177,177,2.528768,12.382799,27.402767,10.245902,0.0,0.0,0.0,0,177,0.5,0.5,0.0,5,0.0,0.0
Uninett2010,SM,3,MCF_ARC,73,5,5,0,73->74->1->2->7->8->5,73->74->1->2->7->8->5,2.227223,39.7911,0.0,153,153,2.227223,4.797027,21.388412,4.533092,0.0,0.0,0.0,0,153,0.5,0.5,0.0,5,0.0,0.0
Uninett2010,SM,3,MCF_ARC,74,5,5,0,74->1->2->7->8->5,74->1->2->7->8->5,1.420612,38.984489,0.0,177,177,1.420612,4.797027,20.581801,4.533092,0.0,0.0,0.0,0,177,0.5,0.5,0.0,5,0.0,0.0
Uninett2010,SM,4,B1,1,1,1,0,1,,0.0,15.526086,0.0,184,184,0.0,1.423285,16.051383,1.423285,0.0,0.0,0.0,0,184.0,0.5,0.5,0.0,5,0.0,0.0
Uninett2010,SM,4,B1,2,2,2,0,2,,0.0,15.507915,0.0,161,161,0.0,8.156607,22.784704,8.156607,0.0,0.0,0.0,0,161.0,0.5,0.5,0.0,5,0.0,0.0
Uninett2010,SM,4,B1,3,3,3,0,3,,0.0,15.568301,0.0,234,234,0.0,0.940203,15.568301,0.940203,0.0,0.0,0.0,0,234,0.5,0.5,0.0,5,0.0,0.0
Uninett2010,SM,4,B1,4,4,1,1,4,,0.0,15.455638,0.0,194,194,0.0,1.423285,16.051383,1.423285,0.595744,0.0,0.0,0,194.0,0.5,0.5,0.0,5,0.0,0.0
Uninett2010,SM,4,B1,5,5,8,1,5,,0.0,inf,0.0,186,186,0.0,11.135857,25.763955,11.135857,0.0,0.0,0.0,0,186,0.5,0.5,0.0,5,0.0,0.0
Uninett2010,SM,4,B1,6,6,6,0,6,,0.0,inf,0.0,173,173,0.0,36.231884,50.859982,36.231884,0.0,0.0,0.0,0,173,0.5,0.5,0.0,5,0.0,0.0
Uninett2010,SM,4,B1,7,7,7,0,7,,0.0,inf,0.0,191,191,0.0,51.020408,65.648506,51.020408,0.0,0.0,0.0,0,191,0.5,0.5,0.0,5,0.0,0.0
Uninett2010,SM,4,B1,8,8,8,0,8,,0.0,inf,0.0,205,205,0.0,11.135857,25.763955,11.135857,0.0,0.0,0.0,0,205,0.5,0.5,0.0,5,0.0,0.0
Uninett2010,SM,4,B1,9,9,9,0,9,,0.0,inf,0.0,175,175,0.0,19.762846,34.390943,19.762846,0.0,0.0,0.0,0,175.0,0.5,0.5,0.0,5,0.0,0.0
Uninett2010,SM,4,B1,10,10,10,0,10,,0.0,inf,0.0,202,202,0.0,104.166667,118.794764,104.166667,0.0,0.0,0.0,0,202,0.5,0.5,0.0,5,0.0,0.0
Uninett2010,SM,4,B1,11,11,11,0,11,,0.0,inf,0.0,184,184,0.0,11.160714,25.788812,11.160714,0.0,0.0,0.0,0,184,0.5,0.5,0.0,5,0.0,0.0
Uninett2010,SM,4,B1,12,12,12,0,12,,0.0,inf,0.0,155,155,0.0,13.96648,28.594578,13.96648,0.0,0.0,0.0,0,155,0.5,0.5,0.0,5,0.0,0.0
Uninett2010,SM,4,B1,13,12,4,1,13->15->27->67->4->11->12,,17.052426,inf,0.0,183,183,16.303103,10.162602,41.093803,10.162602,0.0,0.0,0.0,0,183,0.5,0.5,0.0,5,0.0,0.0
Uninett2010,SM,4,B1,14,12,4,1,14->13->15->27->67->4->11->12,,17.456292,inf,0.0,178,178,16.706969,10.162602,41.497668,10.162602,0.0,0.0,0.0,0,178,0.5,0.5,0.0,5,0.0,0.0
Uninett2010,SM,4,B1,15,12,12,0,15->27->67->4->11->12,,14.684947,inf,0.0,175,175,14.684947,13.96648,43.279525,13.96648,0.0,0.0,0.0,0,175,0.5,0.5,0.0,5,0.0,0.0
Uninett2010,SM,4,B1,16,12,12,0,16->9->27->67->4->11->12,,14.267606,inf,0.0,176,176,14.267606,13.96648,42.862184,13.96648,0.0,0.0,0.0,0,176,0.5,0.5,0.0,5,0.0,0.0
Uninett2010,SM,4,B1,17,12,12,0,17->18->42->4->11->12,,4.528884,inf,0.0,208,208,4.528884,13.96648,33.123462,13.96648,0.0,0.0,0.0,0,208,0.5,0.5,0.0,5,0.0,0.0
Uninett2010,SM,4,B1,18,12,12,0,18->42->4->11->12,,3.807045,inf,0.0,176,176,3.807045,13.96648,32.401623,13.96648,0.0,0.0,0.0,0,176.0,0.5,0.5,0.0,5,0.0,0.0
Uninett2010,SM,4,B1,19,12,12,0,19->50->51->6->11->12,,1.613292,inf,0.0,159,159,1.613292,13.96648,30.20787,13.96648,0.0,0.0,0.0,0,159,0.5,0.5,0.0,5,0.0,0.0
Uninett2010,SM,4,B1,20,12,12,0,20->19->50->51->6->11->12,,2.525959,inf,0.0,177,177,2.525959,13.96648,31.120537,13.96648,0.0,0.0,0.0,0,177,0.5,0.5,0.0,5,0.0,0.0
Uninett2010,SM,4,B1,21,11,11,0,21->50->51->6->11,,1.442156,inf,0.0,212,212,1.442156,11.160714,27.230968,11.160714,0.0,0.0,0.0,0,212,0.5,0.5,0.0,5,0.0,0.0
Uninett2010,SM,4,B1,22,11,11,0,22->23->50->51->6->11,,2.726411,inf,0.0,144,144,2.304621,11.160714,28.093432,11.160714,0.0,0.0,0.0,0,144,0.5,0.5,0.0,5,0.0,0.0
Uninett2010,SM,4,B1,23,11,11,0,23->4->11,,2.879745,inf,0.0,150,150,2.314263,11.160714,28.103074,11.160714,0.0,0.0,0.0,0,150,0.5,0.5,0.0,5,0.0,0.0
Uninett2010,SM,4,B1,24,11,11,0,24->23->4->11,,4.484351,inf,0.0,109,109,3.918869,11.160714,29.707681,11.160714,0.0,0.0,0.0,0,109,0.5,0.5,0.0,5,0.0,0.0
Uninett2010,SM,4,B1,25,11,11,0,25->24->42->4->11,,5.14795,inf,0.0,209,209,4.049883,11.160714,29.838695,11.160714,0.0,0.0,0.0,0,209,0.5,0.5,0.0,5,0.0,0.0
Uninett2010,SM,4,B1,26,11,2,1,26->17->18->42->4->11,,4.53069,inf,0.0,200,200,4.173391,8.156607,26.958096,8.156607,0.0,0.0,0.0,0,200,0.5,0.5,0.0,5,0.0,0.0
Uninett2010,SM,4,B1,27,11,4,1,27->67->4->11,,12.174667,inf,0.0,186,186,11.817368,10.162602,36.608067,10.162602,0.0,0.0,0.0,0,186.0,0.5,0.5,0.0,5,0.0,0.0
Uninett2010,SM,4,B1,28,11,11,0,28->12->11,,0.625462,inf,0.0,200,200,0.625462,11.160714,26.414274,11.160714,0.0,0.0,0.0,0,200,0.5,0.5,0.0,5,0.0,0.0
Uninett2010,SM,4,B1,29,10,10,0,29->34->30->10,,10.455167,inf,0.0,169,169,10.455167,104.166667,129.249931,104.166667,0.0,0.0,0.0,0,169.0,0.5,0.5,0.0,5,0.0,0.0
Uninett2010,SM,4,B1,30,10,10,0,30->10,,0.53955,inf,0.0,227,227,0.53955,104.166667,119.334314,104.166667,0.0,0.0,0.0,0,227,0.5,0.5,0.0,5,0.0,0.0
Uninett2010,SM,4,B1,31,10,10,0,31->30->10,,0.998306,inf,0.0,162,162,0.998306,104.166667,119.793071,104.166667,0.0,0.0,0.0,0,162,0.5,0.5,0.0,5,0.0,0.0
Uninett2010,SM,4,B1,32,10,10,0,32->16->15->27->10,,5.460662,inf,0.0,196,196,4.253285,104.166667,123.048049,104.166667,0.0,0.0,0.0,0,196,0.5,0.5,0.0,5,0.0,0.0
Uninett2010,SM,4,B1,33,10,2,1,33->38->40->10,,5.2953,inf,0.0,174,174,5.276277,8.156607,28.060982,8.156607,0.0,0.0,0.0,0,174,0.5,0.5,0.0,5,0.0,0.0
Uninett2010,SM,4,B1,34,10,10,0,34->30->10,,10.455167,inf,0.0,182,182,10.455167,104.166667,129.249931,104.166667,0.0,0.0,0.0,0,182.0,0.5,0.5,0.0,5,0.0,0.0
Uninett2010,SM,4,B1,35,10,4,1,35->67->27->10,,10.222941,inf,0.0,202,202,4.773085,10.162602,29.563785,10.162602,0.0,0.0,0.0,0,202,0.5,0.5,0.0,5,0.0,0.0
Uninett2010,SM,4,B1,36,9,9,0,36->67->68->9,,10.971528,inf,0.0,209,209,4.876664,19.762846,39.267607,19.762846,0.0,0.0,0.0,0,209,0.5,0.5,0.0,5,0.0,0.0
Uninett2010,SM,4,B1,37,9,10,1,37->40->30->9,,4.613691,inf,0.0,150,150,3.165676,104.166667,121.96044,104.166667,0.0,0.0,0.0,0,150,0.5,0.5,0.0,5,0.0,0.0
Uninett2010,SM,4,B1,38,9,9,0,38->40->30->9,,4.345203,inf,0.0,217,217,4.345203,19.762846,38.736146,19.762846,0.0,0.0,0.0,0,217,0.5,0.5,0.0,5,0.0,0.0
Uninett2010,SM,4,B1,39,9,9,0,39->38->40->30->9,,4.345203,inf,0.0,184,184,4.345203,19.762846,38.736146,19.762846,0.0,0.0,0.0,0,184,0.5,0.5,0.0,5,0.0,0.0
Uninett2010,SM,4,B1,40,9,9,0,40->30->9,,3.260423,inf,0.0,149,149,3.260423,19.762846,37.651366,19.762846,0.0,0.0,0.0,0,149,0.5,0.5,0.0,5,0.0,0.0
Uninett2010,SM,4,B1,41,9,2,1,41->18->67->68->9,,13.54012,inf,0.0,212,212,4.399586,8.156607,27.184291,8.156607,0.0,0.0,0.0,0,212,0.5,0.5,0.0,5,0.0,0.0
Uninett2010,SM,4,B1,42,9,9,0,42->1->2->68->9,,14.87509,inf,0.0,162,162,12.198255,19.762846,46.589199,19.762846,0.0,0.0,0.0,0,162.0,0.5,0.5,0.0,5,0.0,0.0
Uninett2010,SM,4,B1,43,9,9,0,43->67->27->9,,10.294779,inf,0.0,151,151,10.294779,19.762846,44.685723,19.762846,0.0,0.0,0.0,0,151,0.5,0.5,0.0,5,0.0,0.0
Uninett2010,SM,4,B1,44,8,5,1,44->41->18->42->1->2->7->8,,5.767926,inf,0.0,210,210,5.767926,833.333333,853.729357,833.333333,0.0,0.0,0.0,0,210,0.5,0.5,0.0,5,0.0,0.0
Uninett2010,SM,4,B1,45,8,5,1,45->43->67->68->2->7->8,,7.578749,inf,0.0,174,174,6.474132,833.333333,854.435563,833.333333,0.0,0.0,0.0,0,174,0.5,0.5,0.0,5,0.0,0.0
Uninett2010,SM,4,B1,46,8,5,1,46->43->67->4->2->7->8,,7.348523,inf,0.0,195,195,6.438706,833.333333,854.400137,833.333333,0.0,0.0,0.0,0,195,0.5,0.5,0.0,5,0.0,0.0
Uninett2010,SM,4,B1,47,8,5,1,47->69->68->2->7->8,,5.967878,inf,0.0,215,215,5.967878,833.333333,853.929309,833.333333,0.0,0.0,0.0,0,215,0.5,0.5,0.0,5,0.0,0.0
Uninett2010,SM,4,B1,48,8,8,0,48->52->68->2->7->8,,5.06438,inf,0.0,156,156,5.06438,11.135857,30.828335,11.135857,0.0,0.0,0.0,0,156,0.5,0.5,0.0,5,0.0,0.0
Uninett2010,SM,4,B1,49,8,4,1,49->32->16->9->68->2->7->8,,16.350212,inf,0.0,170,170,15.692489,10.162602,40.483188,10.162602,0.0,0.0,0.0,0,170,0.5,0.5,0.0,5,0.0,0.0
Uninett2010,SM,4,B1,50,8,8,0,50->51->6->8,,1.081554,inf,0.0,213,213,1.081554,11.135857,26.845509,11.135857,0.0,0.0,0.0,0,213,0.5,0.5,0.0,5,0.0,0.0
Uninett2010,SM,4,B1,51,7,1,1,51->50->1->2->7,,1.442926,inf,0.0,217,217,0.932777,1.423285,16.98416,1.423285,0.0,0.0,0.0,0,217,0.5,0.5,0.0,5,0.0,0.0
Uninett2010,SM,4,B1,52,7,7,0,52->68->2->7,,4.380896,inf,0.0,158,158,4.380896,51.020408,70.029402,51.020408,0.0,0.0,0.0,0,158,0.5,0.5,0.0,5,0.0,0.0
Uninett2010,SM,4,B1,53,7,7,0,53->7,,0.0,inf,0.0,151,151,0.0,51.020408,65.648506,51.020408,0.0,0.0,0.0,0,151,0.5,0.5,0.0,5,0.0,0.0
Uninett2010,SM,4,B1,54,8,8,0,54->58->57->2->7->8,,1.62571,inf,0.0,148,148,1.62571,11.135857,27.389665,11.135857,0.0,0.0,0.0,0,148,0.5,0.5,0.0,5,0.0,0.0
Uninett2010,SM,4,B1,55,7,7,0,55->12->11->6->8->7,,2.303698,inf,0.0,159,159,1.38602,51.020408,67.034525,51.020408,0.0,0.0,0.0,0,159,0.5,0.5,0.0,5,0.0,0.0
Uninett2010,SM,4,B1,56,7,4,1,56->34->30->9->68->2->7,,23.258357,inf,0.0,180,180,20.448999,10.162602,45.239699,10.162602,0.0,0.0,0.0,0,180.0,0.5,0.5,0.0,5,0.0,0.0
Uninett2010,SM,4,B1,57,7,7,0,57->2->7,,0.908766,inf,0.0,123,123,0.908766,51.020408,66.557272,51.020408,0.0,0.0,0.0,0,123,0.5,0.5,0.0,5,0.0,0.0
Uninett2010,SM,4,B1,58,7,7,0,58->57->2->7,,1.146753,inf,0.0,150,150,1.146753,51.020408,66.795258,51.020408,0.0,0.0,0.0,0,150,0.5,0.5,0.0,5,0.0,0.0
Uninett2010,SM,4,B1,59,7,7,0,59->1->2->7,,4.705696,inf,0.0,177,177,4.705696,51.020408,70.354202,51.020408,0.0,0.0,0.0,0,177,0.5,0.5,0.0,5,0.0,0.0
Uninett2010,SM,4,B1,60,6,6,0,60->58->57->12->11->6,,1.64662,inf,0.0,167,167,1.64662,36.231884,52.506601,36.231884,0.0,0.0,0.0,0,167,0.5,0.5,0.0,5,0.0,0.0
Uninett2010,SM,4,B1,61,6,6,0,61->34->30->9->68->2->4->11->6,,23.76002,inf,0.0,183,183,21.129428,36.231884,71.98941,36.231884,0.0,0.0,0.0,0,183,0.5,0.5,0.0,5,0.0,0.0
Uninett2010,SM,4,B1,62,6,6,0,62->41->18->42->4->11->6,,5.848391,inf,0.0,139,139,5.848391,36.231884,56.708373,36.231884,0.0,0.0,0.0,0,139,0.5,0.5,0.0,5,0.0,0.0
Uninett2010,SM,4,B1,63,6,4,1,63->34->30->9->68->2->4->11->6,,23.76002,inf,0.0,205,205,20.448999,10.162602,45.239699,10.162602,0.0,0.0,0.0,0,205,0.5,0.5,0.0,5,0.0,0.0
Uninett2010,SM,4,B1,64,6,6,0,64->38->68->67->4->11->6,,8.275391,inf,0.0,176,176,8.275391,36.231884,59.135373,36.231884,0.0,0.0,0.0,0,176,0.5,0.5,0.0,5,0.0,0.0
Uninett2010,SM,4,B1,65,6,6,0,65->66->3->4->11->6,,2.524649,inf,0.0,198,198,2.524649,36.231884,53.384631,36.231884,0.0,0.0,0.0,0,198,0.5,0.5,0.0,5,0.0,0.0
Uninett2010,SM,4,B1,66,6,6,0,66->3->4->11->6,,2.040974,inf,0.0,234,234,2.040974,36.231884,52.900956,36.231884,0.0,0.0,0.0,0,234,0.5,0.5,0.0,5,0.0,0.0
Uninett2010,SM,4,B1,67,5,8,1,67->4->2->7->8->5,,4.582306,inf,0.0,202,202,4.582306,11.135857,30.346261,11.135857,0.0,0.0,0.0,0,202.0,0.5,0.5,0.0,5,0.0,0.0
Uninett2010,SM,4,B1,68,5,5,0,68->2->7->8->5,,4.582306,inf,0.0,209,209,4.582306,833.333333,852.543736,833.333333,0.0,0.0,0.0,0,209.0,0.5,0.5,0.0,5,0.0,0.0
Uninett2010,SM,4,B1,69,5,2,1,69->68->2->7->8->5,,4.582306,inf,0.0,223,223,3.924582,8.156607,26.709287,8.156607,0.0,0.0,0.0,0,223.0,0.5,0.5,0.0,5,0.0,0.0
Uninett2010,SM,4,B1,70,5,5,0,70->69->68->2->7->8->5,,5.884185,inf,0.0,152,152,5.884185,833.333333,853.845615,833.333333,0.0,0.0,0.0,0,152,0.5,0.5,0.0,5,0.0,0.0
Uninett2010,SM,4,B1,71,5,5,0,71->72->73->74->1->2->7->8->5,,6.6902,inf,0.0,211,211,6.6902,833.333333,854.651631,833.333333,0.0,0.0,0.0,0,211,0.5,0.5,0.0,5,0.0,0.0
Uninett2010,SM,4,B1,72,5,2,1,72->73->74->1->2->7->8->5,,2.528768,inf,0.0,205,205,1.871045,8.156607,24.655749,8.156607,0.0,0.0,0.0,0,205,0.5,0.5,0.0,5,0.0,0.0
Uninett2010,SM,4,B1,73,5,8,1,73->74->1->2->7->8->5,,2.227223,inf,0.0,149,149,2.227223,11.135857,27.991178,11.135857,0.0,0.0,0.0,0,149,0.5,0.5,0.0,5,0.0,0.0
Uninett2010,SM,4,B1,74,5,7,1,74->1->2->7->8->5,,1.420612,inf,0.0,169,169,0.941654,51.020408,66.59016,51.020408,0.0,0.0,0.0,0,169,0.5,0.5,0.0,5,0.0,0.0
Uninett2010,SM,4,B3,1,1,1,0,1,1,0.0,15.526086,0.0,184,184,0.0,2.9274,17.555498,2.9274,0.0,0.0,0.0,0,184.0,0.5,0.5,0.0,5,0.0,0.0
Uninett2010,SM,4,B3,2,2,2,0,2,2,0.0,15.507915,0.0,161,161,0.0,32.679739,47.307836,32.679739,0.0,0.0,0.0,0,161.0,0.5,0.5,0.0,5,0.0,0.0
Uninett2010,SM,4,B3,3,3,3,0,3,3,0.0,15.568301,0.0,234,234,0.0,0.940203,15.568301,0.940203,0.0,0.0,0.0,0,234,0.5,0.5,0.0,5,0.0,0.0
Uninett2010,SM,4,B3,4,4,4,0,4,4,0.0,15.455638,0.0,194,194,0.0,inf,inf,inf,0.0,0.0,0.0,0,194.0,0.5,0.5,0.0,5,0.0,0.0
Uninett2010,SM,4,B3,5,5,5,0,5,5,0.0,inf,0.0,186,186,0.0,inf,inf,inf,0.0,0.0,0.0,0,186,0.5,0.5,0.0,5,0.0,0.0
Uninett2010,SM,4,B3,6,6,6,0,6,6,0.0,inf,0.0,173,173,0.0,2.918856,17.546953,2.918856,0.0,0.0,0.0,0,173,0.5,0.5,0.0,5,0.0,0.0
Uninett2010,SM,4,B3,7,7,7,0,7,7,0.0,inf,0.0,191,191,0.0,5.387931,20.016029,5.387931,0.0,0.0,0.0,0,191,0.5,0.5,0.0,5,0.0,0.0
Uninett2010,SM,4,B3,8,8,8,0,8,8,0.0,inf,0.0,205,205,0.0,inf,inf,inf,0.0,0.0,0.0,0,205,0.5,0.5,0.0,5,0.0,0.0
Uninett2010,SM,4,B3,9,9,9,0,9,9,0.0,inf,0.0,175,175,0.0,3.779289,18.407387,3.779289,0.0,0.0,0.0,0,175.0,0.5,0.5,0.0,5,0.0,0.0
Uninett2010,SM,4,B3,10,10,10,0,10,10,0.0,inf,0.0,202,202,0.0,3.109453,17.73755,3.109453,0.0,0.0,0.0,0,202,0.5,0.5,0.0,5,0.0,0.0
Uninett2010,SM,4,B3,11,11,11,0,11,11,0.0,inf,0.0,184,184,0.0,4.280822,18.90892,4.280822,0.0,0.0,0.0,0,184,0.5,0.5,0.0,5,0.0,0.0
Uninett2010,SM,4,B3,12,12,12,0,12,12,0.0,inf,0.0,155,155,0.0,4.512635,19.140733,4.512635,0.0,0.0,0.0,0,155,0.5,0.5,0.0,5,0.0,0.0
Uninett2010,SM,4,B3,13,12,12,0,13->15->27->67->4->11->12,13->15->27->67->4->11->12,17.052426,inf,0.0,183,183,17.052426,4.512635,36.193159,4.512635,0.0,0.0,0.0,0,183,0.5,0.5,0.0,5,0.0,0.0
Uninett2010,SM,4,B3,14,12,12,0,14->13->15->27->67->4->11->12,14->13->15->27->67->4->11->12,17.456292,inf,0.0,178,178,17.456292,4.512635,36.597025,4.512635,0.0,0.0,0.0,0,178,0.5,0.5,0.0,5,0.0,0.0
Uninett2010,SM,4,B3,15,12,1,1,15->27->67->4->11->12,15->27->67->4->1,14.684947,inf,0.0,175,175,13.935624,2.9274,31.491122,2.9274,0.0,0.0,0.0,0,175,0.5,0.5,0.0,5,0.0,0.0
Uninett2010,SM,4,B3,16,12,12,0,16->9->27->67->4->11->12,16->9->27->67->4->11->12,14.267606,inf,0.0,176,176,14.267606,4.512635,33.408339,4.512635,0.0,0.0,0.0,0,176,0.5,0.5,0.0,5,0.0,0.0
Uninett2010,SM,4,B3,17,12,12,0,17->18->42->4->11->12,17->18->42->4->11->12,4.528884,inf,0.0,208,208,4.528884,4.512635,23.669617,4.512635,0.0,0.0,0.0,0,208,0.5,0.5,0.0,5,0.0,0.0
Uninett2010,SM,4,B3,18,12,12,0,18->42->4->11->12,18->42->4->11->12,3.807045,inf,0.0,176,176,3.807045,4.512635,22.947778,4.512635,0.0,0.0,0.0,0,176.0,0.5,0.5,0.0,5,0.0,0.0
Uninett2010,SM,4,B3,19,12,2,1,19->50->51->6->11->12,19->50->1->2,1.613292,inf,0.0,159,159,1.554849,32.679739,48.862685,32.679739,0.0,0.0,0.0,0,159,0.5,0.5,0.0,5,0.0,0.0
Uninett2010,SM,4,B3,20,12,4,1,20->19->50->51->6->11->12,20->19->50->1->4,2.525959,inf,0.0,177,177,2.467515,inf,inf,inf,0.0,0.0,0.0,0,177,0.5,0.5,0.0,5,0.0,0.0
Uninett2010,SM,4,B3,21,11,2,1,21->50->51->6->11,21->50->1->2,1.442156,inf,0.0,212,212,1.775737,32.679739,49.083573,32.679739,0.0,0.0,0.0,0,212,0.5,0.5,0.0,5,0.0,0.0
Uninett2010,SM,4,B3,22,11,11,0,22->23->50->51->6->11,22->20->19->50->51->6->11,2.726411,inf,0.0,144,144,2.304621,4.280822,21.21354,4.280822,0.0,0.0,0.0,0,144,0.5,0.5,0.0,5,0.0,0.0
Uninett2010,SM,4,B3,23,11,11,0,23->4->11,23->50->51->6->11,2.879745,inf,0.0,150,150,2.314263,4.280822,21.223182,4.280822,0.0,0.0,0.0,0,150,0.5,0.5,0.0,5,0.0,0.0
Uninett2010,SM,4,B3,24,11,1,1,24->23->4->11,24->23->4->1,4.484351,inf,0.0,109,109,4.127053,2.9274,21.682551,2.9274,0.0,0.0,0.0,0,109,0.5,0.5,0.0,5,0.0,0.0
Uninett2010,SM,4,B3,25,11,4,1,25->24->42->4->11,25->24->23->4,5.14795,inf,0.0,209,209,4.258067,inf,inf,inf,0.0,0.0,0.0,0,209,0.5,0.5,0.0,5,0.0,0.0
Uninett2010,SM,4,B3,26,11,11,0,26->17->18->42->4->11,26->24->23->50->51->6->11,4.53069,inf,0.0,200,200,4.480179,4.280822,23.389098,4.280822,0.0,0.0,0.0,0,200,0.5,0.5,0.0,5,0.0,0.0
Uninett2010,SM,4,B3,27,11,11,0,27->67->4->11,27->67->4->11,12.174667,inf,0.0,186,186,12.174667,4.280822,31.083586,4.280822,0.0,0.0,0.0,0,186.0,0.5,0.5,0.0,5,0.0,0.0
Uninett2010,SM,4,B3,28,11,11,0,28->12->11,28->12->11,0.625462,inf,0.0,200,200,0.625462,4.280822,19.534382,4.280822,0.0,0.0,0.0,0,200,0.5,0.5,0.0,5,0.0,0.0
Uninett2010,SM,4,B3,29,10,10,0,29->34->30->10,29->34->30->10,10.455167,inf,0.0,169,169,10.455167,3.109453,28.192718,3.109453,0.0,0.0,0.0,0,169.0,0.5,0.5,0.0,5,0.0,0.0
Uninett2010,SM,4,B3,30,10,10,0,30->10,30->10,0.53955,inf,0.0,227,227,0.53955,3.109453,18.277101,3.109453,0.0,0.0,0.0,0,227,0.5,0.5,0.0,5,0.0,0.0
Uninett2010,SM,4,B3,31,10,1,1,31->30->10,31->30->40->37->36->67->4->1,0.998306,inf,0.0,162,162,10.992139,2.9274,28.547637,2.9274,0.0,0.0,0.0,0,162,0.5,0.5,0.0,5,0.0,0.0
Uninett2010,SM,4,B3,32,10,10,0,32->16->15->27->10,32->16->9->27->10,5.460662,inf,0.0,196,196,4.253285,3.109453,21.990835,3.109453,0.0,0.0,0.0,0,196,0.5,0.5,0.0,5,0.0,0.0
Uninett2010,SM,4,B3,33,10,4,1,33->38->40->10,33->35->67->4,5.2953,inf,0.0,174,174,5.276277,inf,inf,inf,0.0,0.0,0.0,0,174,0.5,0.5,0.0,5,0.0,0.0
Uninett2010,SM,4,B3,34,10,10,0,34->30->10,34->30->10,10.455167,inf,0.0,182,182,10.455167,3.109453,28.192718,3.109453,0.0,0.0,0.0,0,182.0,0.5,0.5,0.0,5,0.0,0.0
Uninett2010,SM,4,B3,35,10,2,1,35->67->27->10,35->67->68->2,10.222941,inf,0.0,202,202,4.773085,32.679739,52.080922,32.679739,0.0,0.0,0.0,0,202,0.5,0.5,0.0,5,0.0,0.0
Uninett2010,SM,4,B3,36,9,4,1,36->67->68->9,36->67->4,10.971528,inf,0.0,209,209,7.003325,inf,inf,inf,0.0,0.0,0.0,0,209,0.5,0.5,0.0,5,0.0,0.0
Uninett2010,SM,4,B3,37,9,1,1,37->40->30->9,37->36->67->4->1,4.613691,inf,0.0,150,150,7.266298,2.9274,24.821796,2.9274,0.0,0.0,0.0,0,150,0.5,0.5,0.0,5,0.0,0.0
Uninett2010,SM,4,B3,38,9,2,1,38->40->30->9,38->68->2,4.345203,inf,0.0,217,217,7.594962,32.679739,54.902798,32.679739,0.0,0.0,0.0,0,217,0.5,0.5,0.0,5,0.0,0.0
Uninett2010,SM,4,B3,39,9,9,0,39->38->40->30->9,39->38->40->30->9,4.345203,inf,0.0,184,184,4.345203,3.779289,22.75259,3.779289,0.0,0.0,0.0,0,184,0.5,0.5,0.0,5,0.0,0.0
Uninett2010,SM,4,B3,40,9,9,0,40->30->9,40->30->9,3.260423,inf,0.0,149,149,3.260423,3.779289,21.66781,3.779289,0.0,0.0,0.0,0,149,0.5,0.5,0.0,5,0.0,0.0
Uninett2010,SM,4,B3,41,9,9,0,41->18->67->68->9,41->44->46->43->67->68->9,13.54012,inf,0.0,212,212,12.153042,3.779289,30.560429,3.779289,0.0,0.0,0.0,0,212,0.5,0.5,0.0,5,0.0,0.0
Uninett2010,SM,4,B3,42,9,9,0,42->1->2->68->9,42->18->67->68->9,14.87509,inf,0.0,162,162,12.198255,3.779289,30.605642,3.779289,0.0,0.0,0.0,0,162.0,0.5,0.5,0.0,5,0.0,0.0
Uninett2010,SM,4,B3,43,9,9,0,43->67->27->9,43->67->68->9,10.294779,inf,0.0,151,151,10.294779,3.779289,28.702166,3.779289,0.0,0.0,0.0,0,151,0.5,0.5,0.0,5,0.0,0.0
Uninett2010,SM,4,B3,44,8,5,1,44->41->18->42->1->2->7->8,44->41->18->42->1->2->7->8->5,5.767926,inf,0.0,210,210,5.767926,inf,inf,inf,0.0,0.0,0.0,0,210,0.5,0.5,0.0,5,0.0,0.0
Uninett2010,SM,4,B3,45,8,5,1,45->43->67->68->2->7->8,45->47->69->68->2->7->8->5,7.578749,inf,0.0,174,174,6.474132,inf,inf,inf,0.0,0.0,0.0,0,174,0.5,0.5,0.0,5,0.0,0.0
Uninett2010,SM,4,B3,46,8,5,1,46->43->67->4->2->7->8,46->43->18->42->1->2->7->8->5,7.348523,inf,0.0,195,195,6.438706,inf,inf,inf,0.0,0.0,0.0,0,195,0.5,0.5,0.0,5,0.0,0.0
Uninett2010,SM,4,B3,47,8,5,1,47->69->68->2->7->8,47->69->68->2->7->8->5,5.967878,inf,0.0,215,215,5.967878,inf,inf,inf,0.0,0.0,0.0,0,215,0.5,0.5,0.0,5,0.0,0.0
Uninett2010,SM,4,B3,48,8,5,1,48->52->68->2->7->8,48->52->68->2->7->8->5,5.06438,inf,0.0,156,156,5.06438,inf,inf,inf,0.0,0.0,0.0,0,156,0.5,0.5,0.0,5,0.0,0.0
Uninett2010,SM,4,B3,49,8,5,1,49->32->16->9->68->2->7->8,49->32->16->9->68->2->7->8->5,16.350212,inf,0.0,170,170,16.350212,inf,inf,inf,0.0,0.0,0.0,0,170,0.5,0.5,0.0,5,0.0,0.0
Uninett2010,SM,4,B3,50,8,4,1,50->51->6->8,50->1->4,1.081554,inf,0.0,213,213,1.08661,inf,inf,inf,0.0,0.0,0.0,0,213,0.5,0.5,0.0,5,0.0,0.0
Uninett2010,SM,4,B3,51,7,4,1,51->50->1->2->7,51->6->11->4,1.442926,inf,0.0,217,217,0.932777,inf,inf,inf,0.0,0.0,0.0,0,217,0.5,0.5,0.0,5,0.0,0.0
Uninett2010,SM,4,B3,52,7,7,0,52->68->2->7,52->68->2->7,4.380896,inf,0.0,158,158,4.380896,5.387931,24.396925,5.387931,0.0,0.0,0.0,0,158,0.5,0.5,0.0,5,0.0,0.0
Uninett2010,SM,4,B3,53,7,7,0,53->7,53->7,0.0,inf,0.0,151,151,0.0,5.387931,20.016029,5.387931,0.0,0.0,0.0,0,151,0.5,0.5,0.0,5,0.0,0.0
Uninett2010,SM,4,B3,54,8,5,1,54->58->57->2->7->8,54->58->57->2->7->8->5,1.62571,inf,0.0,148,148,1.62571,inf,inf,inf,0.0,0.0,0.0,0,148,0.5,0.5,0.0,5,0.0,0.0
Uninett2010,SM,4,B3,55,7,7,0,55->12->11->6->8->7,55->12->11->4->2->7,2.303698,inf,0.0,159,159,1.38602,5.387931,21.402048,5.387931,0.0,0.0,0.0,0,159,0.5,0.5,0.0,5,0.0,0.0
Uninett2010,SM,4,B3,56,7,7,0,56->34->30->9->68->2->7,56->34->30->40->37->36->67->68->2->7,23.258357,inf,0.0,180,180,20.627765,5.387931,40.643793,5.387931,0.0,0.0,0.0,0,180.0,0.5,0.5,0.0,5,0.0,0.0
Uninett2010,SM,4,B3,57,7,7,0,57->2->7,57->2->7,0.908766,inf,0.0,123,123,0.908766,5.387931,20.924795,5.387931,0.0,0.0,0.0,0,123,0.5,0.5,0.0,5,0.0,0.0
Uninett2010,SM,4,B3,58,7,7,0,58->57->2->7,58->57->2->7,1.146753,inf,0.0,150,150,1.146753,5.387931,21.162781,5.387931,0.0,0.0,0.0,0,150,0.5,0.5,0.0,5,0.0,0.0
Uninett2010,SM,4,B3,59,7,2,1,59->1->2->7,59->1->2,4.705696,inf,0.0,177,177,4.526931,32.679739,51.834767,32.679739,0.0,0.0,0.0,0,177,0.5,0.5,0.0,5,0.0,0.0
Uninett2010,SM,4,B3,60,6,6,0,60->58->57->12->11->6,60->58->57->12->11->6,1.64662,inf,0.0,167,167,1.64662,2.918856,19.193573,2.918856,0.0,0.0,0.0,0,167,0.5,0.5,0.0,5,0.0,0.0
Uninett2010,SM,4,B3,61,6,6,0,61->34->30->9->68->2->4->11->6,61->34->30->40->37->36->67->4->11->6,23.76002,inf,0.0,183,183,21.129428,2.918856,38.676382,2.918856,0.0,0.0,0.0,0,183,0.5,0.5,0.0,5,0.0,0.0
Uninett2010,SM,4,B3,62,6,2,1,62->41->18->42->4->11->6,62->41->18->42->1->2,5.848391,inf,0.0,139,139,5.167962,32.679739,52.475798,32.679739,0.0,0.0,0.0,0,139,0.5,0.5,0.0,5,0.0,0.0
Uninett2010,SM,4,B3,63,6,4,1,63->34->30->9->68->2->4->11->6,63->34->30->40->37->36->67->4,23.76002,inf,0.0,205,205,20.448999,inf,inf,inf,0.0,0.0,0.0,0,205,0.5,0.5,0.0,5,0.0,0.0
Uninett2010,SM,4,B3,64,6,1,1,64->38->68->67->4->11->6,64->38->68->2->1,8.275391,inf,0.0,176,176,7.594962,2.9274,25.15046,2.9274,0.0,0.0,0.0,0,176,0.5,0.5,0.0,5,0.0,0.0
Uninett2010,SM,4,B3,65,6,6,0,65->66->3->4->11->6,65->66->3->4->11->6,2.524649,inf,0.0,198,198,2.524649,2.918856,20.071603,2.918856,0.0,0.0,0.0,0,198,0.5,0.5,0.0,5,0.0,0.0
Uninett2010,SM,4,B3,66,6,6,0,66->3->4->11->6,66->3->4->11->6,2.040974,inf,0.0,234,234,2.040974,2.918856,19.587927,2.918856,0.0,0.0,0.0,0,234,0.5,0.5,0.0,5,0.0,0.0
Uninett2010,SM,4,B3,67,5,8,1,67->4->2->7->8->5,67->68->2->7->8,4.582306,inf,0.0,202,202,4.582306,inf,inf,inf,0.0,0.0,0.0,0,202.0,0.5,0.5,0.0,5,0.0,0.0
Uninett2010,SM,4,B3,68,5,8,1,68->2->7->8->5,68->2->7->8,4.582306,inf,0.0,209,209,4.582306,inf,inf,inf,0.0,0.0,0.0,0,209.0,0.5,0.5,0.0,5,0.0,0.0
Uninett2010,SM,4,B3,69,5,4,1,69->68->2->7->8->5,69->67->4,4.582306,inf,0.0,223,223,3.924582,inf,inf,inf,0.0,0.0,0.0,0,223.0,0.5,0.5,0.0,5,0.0,0.0
Uninett2010,SM,4,B3,70,5,8,1,70->69->68->2->7->8->5,70->69->68->2->7->8,5.884185,inf,0.0,152,152,5.884185,inf,inf,inf,0.0,0.0,0.0,0,152,0.5,0.5,0.0,5,0.0,0.0
Uninett2010,SM,4,B3,71,5,8,1,71->72->73->74->1->2->7->8->5,71->72->73->74->1->2->7->8,6.6902,inf,0.0,211,211,6.6902,inf,inf,inf,0.0,0.0,0.0,0,211,0.5,0.5,0.0,5,0.0,0.0
Uninett2010,SM,4,B3,72,5,8,1,72->73->74->1->2->7->8->5,72->73->74->1->2->7->8,2.528768,inf,0.0,205,205,2.528768,inf,inf,inf,0.0,0.0,0.0,0,205,0.5,0.5,0.0,5,0.0,0.0
Uninett2010,SM,4,B3,73,5,8,1,73->74->1->2->7->8->5,73->74->1->2->7->8,2.227223,inf,0.0,149,149,2.227223,inf,inf,inf,0.0,0.0,0.0,0,149,0.5,0.5,0.0,5,0.0,0.0
Uninett2010,SM,4,B3,74,5,8,1,74->1->2->7->8->5,74->1->2->7->8,1.420612,inf,0.0,169,169,1.420612,inf,inf,inf,0.0,0.0,0.0,0,169,0.5,0.5,0.0,5,0.0,0.0
Uninett2010,SM,4,MCF_ARC,1,1,1,0,1,1,0.0,15.526086,0.0,184,184,0.0,3.759462,18.365018,3.736921,0.0,0.0,0.0,0,184.0,0.5,0.5,0.0,5,0.0,0.0
Uninett2010,SM,4,MCF_ARC,2,2,2,0,2,2,0.0,15.507915,0.0,161,161,0.0,4.377432,18.80172,4.173623,0.0,0.0,0.0,0,161.0,0.5,0.5,0.0,5,0.0,0.0
Uninett2010,SM,4,MCF_ARC,3,3,3,0,3,3,0.0,15.568301,0.0,234,234,0.0,1.657302,16.27663,1.648533,0.0,0.0,0.0,0,234,0.5,0.5,0.0,5,0.0,0.0
Uninett2010,SM,4,MCF_ARC,4,4,4,0,4,4,0.0,15.455638,0.0,194,194,0.0,4.740945,19.1245,4.496403,0.0,0.0,0.0,0,194.0,0.5,0.5,0.0,5,0.0,0.0
Uninett2010,SM,4,MCF_ARC,5,5,5,0,5,5,0.0,inf,0.0,186,186,0.0,5.491583,20.027666,5.399568,0.0,0.0,0.0,0,186,0.5,0.5,0.0,5,0.0,0.0
Uninett2010,SM,4,MCF_ARC,6,6,6,0,6,6,0.0,inf,0.0,173,173,0.0,5.348527,19.740572,5.112474,0.0,0.0,0.0,0,173,0.5,0.5,0.0,5,0.0,0.0
Uninett2010,SM,4,MCF_ARC,7,7,7,0,7,7,0.0,inf,0.0,191,191,0.0,13.507664,26.310341,11.682243,0.0,0.0,0.0,0,191,0.5,0.5,0.0,5,0.0,0.0
Uninett2010,SM,4,MCF_ARC,8,8,8,0,8,8,0.0,inf,0.0,205,205,0.0,14.542023,28.752391,14.124294,0.0,0.0,0.0,0,205,0.5,0.5,0.0,5,0.0,0.0
Uninett2010,SM,4,MCF_ARC,9,9,9,0,9,9,0.0,inf,0.0,175,175,0.0,11.300629,23.752185,9.124088,0.0,0.0,0.0,0,175.0,0.5,0.5,0.0,5,0.0,0.0
Uninett2010,SM,4,MCF_ARC,10,10,10,0,10,10,0.0,inf,0.0,202,202,0.0,7.2544,21.138514,6.510417,0.0,0.0,0.0,0,202,0.5,0.5,0.0,5,0.0,0.0
Uninett2010,SM,4,MCF_ARC,11,11,11,0,11,11,0.0,inf,0.0,184,184,0.0,10.748871,23.278617,8.650519,0.0,0.0,0.0,0,184,0.5,0.5,0.0,5,0.0,0.0
Uninett2010,SM,4,MCF_ARC,12,12,12,0,12,12,0.0,inf,0.0,155,155,0.0,12.680026,25.198922,10.570825,0.0,0.0,0.0,0,155,0.5,0.5,0.0,5,0.0,0.0
Uninett2010,SM,4,MCF_ARC,13,12,12,0,13->15->27->67->4->11->12,13->15->27->67->4->11->12,17.052426,inf,0.0,183,183,17.052426,12.680026,42.251348,10.570825,0.0,0.0,0.0,0,183,0.5,0.5,0.0,5,0.0,0.0
Uninett2010,SM,4,MCF_ARC,14,12,12,0,14->13->15->27->67->4->11->12,14->13->15->27->67->4->11->12,17.456292,inf,0.0,178,178,17.456292,12.680026,42.655214,10.570825,0.0,0.0,0.0,0,178,0.5,0.5,0.0,5,0.0,0.0
Uninett2010,SM,4,MCF_ARC,15,12,12,0,15->27->67->4->11->12,15->27->9->68->67->4->11->12,14.684947,inf,0.0,175,175,14.684947,12.680026,39.883869,10.570825,0.0,0.0,0.0,0,175,0.5,0.5,0.0,5,0.0,0.0
Uninett2010,SM,4,MCF_ARC,16,12,12,0,16->9->27->67->4->11->12,16->9->27->67->4->11->12,14.267606,inf,0.0,176,176,14.267606,12.680026,39.466528,10.570825,0.0,0.0,0.0,0,176,0.5,0.5,0.0,5,0.0,0.0
Uninett2010,SM,4,MCF_ARC,17,12,4,1,17->18->42->4->11->12,17->18->42->4,4.528884,inf,0.0,208,208,3.779561,4.740945,22.904061,4.496403,0.0,0.0,0.0,0,208,0.5,0.5,0.0,5,0.0,0.0
Uninett2010,SM,4,MCF_ARC,18,12,1,1,18->42->4->11->12,18->42->1,3.807045,inf,0.0,176,176,3.057722,3.759462,21.42274,3.736921,0.0,0.0,0.0,0,176.0,0.5,0.5,0.0,5,0.0,0.0
Uninett2010,SM,4,MCF_ARC,19,12,12,0,19->50->51->6->11->12,19->50->51->6->11->12,1.613292,inf,0.0,159,159,1.613292,12.680026,26.812214,10.570825,0.0,0.0,0.0,0,159,0.5,0.5,0.0,5,0.0,0.0
Uninett2010,SM,4,MCF_ARC,20,12,12,0,20->19->50->51->6->11->12,20->19->50->51->6->11->12,2.525959,inf,0.0,177,177,2.525959,12.680026,27.724881,10.570825,0.0,0.0,0.0,0,177,0.5,0.5,0.0,5,0.0,0.0
Uninett2010,SM,4,MCF_ARC,21,11,2,1,21->50->51->6->11,21->50->51->6->11->4->1->2,1.442156,inf,0.0,212,212,1.799455,4.377432,20.601175,4.173623,0.0,0.0,0.0,0,212,0.5,0.5,0.0,5,0.0,0.0
Uninett2010,SM,4,MCF_ARC,22,11,11,0,22->23->50->51->6->11,22->20->19->50->51->6->11,2.726411,inf,0.0,144,144,2.304621,10.748871,25.583237,8.650519,0.0,0.0,0.0,0,144,0.5,0.5,0.0,5,0.0,0.0
Uninett2010,SM,4,MCF_ARC,23,11,11,0,23->4->11,23->50->51->6->11,2.879745,inf,0.0,150,150,2.314263,10.748871,25.592879,8.650519,0.0,0.0,0.0,0,150,0.5,0.5,0.0,5,0.0,0.0
Uninett2010,SM,4,MCF_ARC,24,11,11,0,24->23->4->11,24->23->50->51->6->11,4.484351,inf,0.0,109,109,3.918869,10.748871,27.197485,8.650519,0.0,0.0,0.0,0,109,0.5,0.5,0.0,5,0.0,0.0
Uninett2010,SM,4,MCF_ARC,25,11,11,0,25->24->42->4->11,25->24->23->50->51->6->11,5.14795,inf,0.0,209,209,4.049883,10.748871,27.3285,8.650519,0.0,0.0,0.0,0,209,0.5,0.5,0.0,5,0.0,0.0
Uninett2010,SM,4,MCF_ARC,26,11,11,0,26->17->18->42->4->11,26->24->23->50->51->6->11,4.53069,inf,0.0,200,200,4.480179,10.748871,27.758795,8.650519,0.0,0.0,0.0,0,200,0.5,0.5,0.0,5,0.0,0.0
Uninett2010,SM,4,MCF_ARC,27,11,11,0,27->67->4->11,27->67->4->11,12.174667,inf,0.0,186,186,12.174667,10.748871,35.453283,8.650519,0.0,0.0,0.0,0,186.0,0.5,0.5,0.0,5,0.0,0.0
Uninett2010,SM,4,MCF_ARC,28,11,4,1,28->12->11,28->12->11->4,0.625462,inf,0.0,200,200,0.982761,4.740945,20.107262,4.496403,0.0,0.0,0.0,0,200,0.5,0.5,0.0,5,0.0,0.0
Uninett2010,SM,4,MCF_ARC,29,10,10,0,29->34->30->10,29->34->30->10,10.455167,inf,0.0,169,169,10.455167,7.2544,31.593681,6.510417,0.0,0.0,0.0,0,169.0,0.5,0.5,0.0,5,0.0,0.0
Uninett2010,SM,4,MCF_ARC,30,10,10,0,30->10,30->10,0.53955,inf,0.0,227,227,0.53955,7.2544,21.678064,6.510417,0.0,0.0,0.0,0,227,0.5,0.5,0.0,5,0.0,0.0
Uninett2010,SM,4,MCF_ARC,31,10,10,0,31->30->10,31->30->10,0.998306,inf,0.0,162,162,0.998306,7.2544,22.136821,6.510417,0.0,0.0,0.0,0,162,0.5,0.5,0.0,5,0.0,0.0
Uninett2010,SM,4,MCF_ARC,32,10,7,1,32->16->15->27->10,32->16->9->68->2->7,5.460662,inf,0.0,196,196,14.767766,13.507664,41.078106,11.682243,0.0,0.0,0.0,0,196,0.5,0.5,0.0,5,0.0,0.0
Uninett2010,SM,4,MCF_ARC,33,10,4,1,33->38->40->10,33->38->68->2->4,5.2953,inf,0.0,174,174,9.993074,4.740945,29.117575,4.496403,0.0,0.0,0.0,0,174,0.5,0.5,0.0,5,0.0,0.0
Uninett2010,SM,4,MCF_ARC,34,10,10,0,34->30->10,34->30->10,10.455167,inf,0.0,182,182,10.455167,7.2544,31.593681,6.510417,0.0,0.0,0.0,0,182.0,0.5,0.5,0.0,5,0.0,0.0
Uninett2010,SM,4,MCF_ARC,35,10,10,0,35->67->27->10,35->33->38->40->10,10.222941,inf,0.0,202,202,5.798492,7.2544,26.937006,6.510417,0.0,0.0,0.0,0,202,0.5,0.5,0.0,5,0.0,0.0
Uninett2010,SM,4,MCF_ARC,36,9,4,1,36->67->68->9,36->67->4,10.971528,inf,0.0,209,209,7.003325,4.740945,26.127825,4.496403,0.0,0.0,0.0,0,209,0.5,0.5,0.0,5,0.0,0.0
Uninett2010,SM,4,MCF_ARC,37,9,9,0,37->40->30->9,37->40->30->9,4.613691,inf,0.0,150,150,4.613691,11.300629,28.365876,9.124088,0.0,0.0,0.0,0,150,0.5,0.5,0.0,5,0.0,0.0
Uninett2010,SM,4,MCF_ARC,38,9,9,0,38->40->30->9,38->40->10->27->9,4.345203,inf,0.0,217,217,4.378841,11.300629,28.131026,9.124088,0.0,0.0,0.0,0,217,0.5,0.5,0.0,5,0.0,0.0
Uninett2010,SM,4,MCF_ARC,39,9,9,0,39->38->40->30->9,39->38->40->30->9,4.345203,inf,0.0,184,184,4.345203,11.300629,28.097388,9.124088,0.0,0.0,0.0,0,184,0.5,0.5,0.0,5,0.0,0.0
Uninett2010,SM,4,MCF_ARC,40,9,9,0,40->30->9,40->30->9,3.260423,inf,0.0,149,149,3.260423,11.300629,27.012608,9.124088,0.0,0.0,0.0,0,149,0.5,0.5,0.0,5,0.0,0.0
Uninett2010,SM,4,MCF_ARC,41,9,7,1,41->18->67->68->9,41->18->42->4->2->7,13.54012,inf,0.0,212,212,4.578352,13.507664,30.888692,11.682243,0.0,0.0,0.0,0,212,0.5,0.5,0.0,5,0.0,0.0
Uninett2010,SM,4,MCF_ARC,42,9,9,0,42->1->2->68->9,42->18->67->68->9,14.87509,inf,0.0,162,162,12.198255,11.300629,35.95044,9.124088,0.0,0.0,0.0,0,162.0,0.5,0.5,0.0,5,0.0,0.0
Uninett2010,SM,4,MCF_ARC,43,9,9,0,43->67->27->9,43->67->68->9,10.294779,inf,0.0,151,151,10.294779,11.300629,34.046965,9.124088,0.0,0.0,0.0,0,151,0.5,0.5,0.0,5,0.0,0.0
Uninett2010,SM,4,MCF_ARC,44,8,8,0,44->41->18->42->1->2->7->8,44->41->18->42->1->2->7->8,5.767926,inf,0.0,210,210,5.767926,14.542023,34.520318,14.124294,0.0,0.0,0.0,0,210,0.5,0.5,0.0,5,0.0,0.0
Uninett2010,SM,4,MCF_ARC,45,8,8,0,45->43->67->68->2->7->8,45->47->69->68->2->7->8,7.578749,inf,0.0,174,174,6.474132,14.542023,35.226524,14.124294,0.0,0.0,0.0,0,174,0.5,0.5,0.0,5,0.0,0.0
Uninett2010,SM,4,MCF_ARC,46,8,4,1,46->43->67->4->2->7->8,46->43->18->42->4,7.348523,inf,0.0,195,195,5.780983,4.740945,24.905483,4.496403,0.0,0.0,0.0,0,195,0.5,0.5,0.0,5,0.0,0.0
Uninett2010,SM,4,MCF_ARC,47,8,8,0,47->69->68->2->7->8,47->69->68->2->7->8,5.967878,inf,0.0,215,215,5.967878,14.542023,34.72027,14.124294,0.0,0.0,0.0,0,215,0.5,0.5,0.0,5,0.0,0.0
Uninett2010,SM,4,MCF_ARC,48,8,8,0,48->52->68->2->7->8,48->52->68->2->7->8,5.06438,inf,0.0,156,156,5.06438,14.542023,33.816771,14.124294,0.0,0.0,0.0,0,156,0.5,0.5,0.0,5,0.0,0.0
Uninett2010,SM,4,MCF_ARC,49,8,8,0,49->32->16->9->68->2->7->8,49->32->16->9->68->2->7->8,16.350212,inf,0.0,170,170,16.350212,14.542023,45.102603,14.124294,0.0,0.0,0.0,0,170,0.5,0.5,0.0,5,0.0,0.0
Uninett2010,SM,4,MCF_ARC,50,8,1,1,50->51->6->8,50->1,1.081554,inf,0.0,213,213,1.08661,3.759462,19.451628,3.736921,0.0,0.0,0.0,0,213,0.5,0.5,0.0,5,0.0,0.0
Uninett2010,SM,4,MCF_ARC,51,7,2,1,51->50->1->2->7,51->6->8->7->2,1.442926,inf,0.0,217,217,1.561726,4.377432,20.363446,4.173623,0.0,0.0,0.0,0,217,0.5,0.5,0.0,5,0.0,0.0
Uninett2010,SM,4,MCF_ARC,52,7,1,1,52->68->2->7,52->68->2->1,4.380896,inf,0.0,158,158,4.202131,3.759462,22.567149,3.736921,0.0,0.0,0.0,0,158,0.5,0.5,0.0,5,0.0,0.0
Uninett2010,SM,4,MCF_ARC,53,7,7,0,53->7,53->7,0.0,inf,0.0,151,151,0.0,13.507664,26.310341,11.682243,0.0,0.0,0.0,0,151,0.5,0.5,0.0,5,0.0,0.0
Uninett2010,SM,4,MCF_ARC,54,8,8,0,54->58->57->2->7->8,54->58->57->2->7->8,1.62571,inf,0.0,148,148,1.62571,14.542023,30.378102,14.124294,0.0,0.0,0.0,0,148,0.5,0.5,0.0,5,0.0,0.0
Uninett2010,SM,4,MCF_ARC,55,7,7,0,55->12->11->6->8->7,55->12->11->4->2->7,2.303698,inf,0.0,159,159,1.38602,13.507664,27.69636,11.682243,0.0,0.0,0.0,0,159,0.5,0.5,0.0,5,0.0,0.0
Uninett2010,SM,4,MCF_ARC,56,7,7,0,56->34->30->9->68->2->7,56->34->30->40->37->36->67->68->2->7,23.258357,inf,0.0,180,180,20.627765,13.507664,46.938105,11.682243,0.0,0.0,0.0,0,180.0,0.5,0.5,0.0,5,0.0,0.0
Uninett2010,SM,4,MCF_ARC,57,7,7,0,57->2->7,57->2->7,0.908766,inf,0.0,123,123,0.908766,13.507664,27.219107,11.682243,0.0,0.0,0.0,0,123,0.5,0.5,0.0,5,0.0,0.0
Uninett2010,SM,4,MCF_ARC,58,7,1,1,58->57->2->7,58->57->2->1,1.146753,inf,0.0,150,150,0.967987,3.759462,19.333006,3.736921,0.0,0.0,0.0,0,150,0.5,0.5,0.0,5,0.0,0.0
Uninett2010,SM,4,MCF_ARC,59,7,2,1,59->1->2->7,59->1->2,4.705696,inf,0.0,177,177,4.526931,4.377432,23.328651,4.173623,0.0,0.0,0.0,0,177,0.5,0.5,0.0,5,0.0,0.0
Uninett2010,SM,4,MCF_ARC,60,6,6,0,60->58->57->12->11->6,60->58->57->12->11->6,1.64662,inf,0.0,167,167,1.64662,5.348527,21.387192,5.112474,0.0,0.0,0.0,0,167,0.5,0.5,0.0,5,0.0,0.0
Uninett2010,SM,4,MCF_ARC,61,6,6,0,61->34->30->9->68->2->4->11->6,61->34->30->40->37->36->67->4->11->6,23.76002,inf,0.0,183,183,21.129428,5.348527,40.87,5.112474,0.0,0.0,0.0,0,183,0.5,0.5,0.0,5,0.0,0.0
Uninett2010,SM,4,MCF_ARC,62,6,2,1,62->41->18->42->4->11->6,62->41->18->42->4->1->2,5.848391,inf,0.0,139,139,5.167962,4.377432,23.969682,4.173623,0.0,0.0,0.0,0,139,0.5,0.5,0.0,5,0.0,0.0
Uninett2010,SM,4,MCF_ARC,63,6,6,0,63->34->30->9->68->2->4->11->6,63->34->30->40->37->36->67->4->11->6,23.76002,inf,0.0,205,205,21.129428,5.348527,40.87,5.112474,0.0,0.0,0.0,0,205,0.5,0.5,0.0,5,0.0,0.0
Uninett2010,SM,4,MCF_ARC,64,6,6,0,64->38->68->67->4->11->6,64->38->33->35->67->4->11->6,8.275391,inf,0.0,176,176,8.354818,5.348527,28.09539,5.112474,0.0,0.0,0.0,0,176,0.5,0.5,0.0,5,0.0,0.0
Uninett2010,SM,4,MCF_ARC,65,6,6,0,65->66->3->4->11->6,65->66->3->4->11->6,2.524649,inf,0.0,198,198,2.524649,5.348527,22.265221,5.112474,0.0,0.0,0.0,0,198,0.5,0.5,0.0,5,0.0,0.0
Uninett2010,SM,4,MCF_ARC,66,6,3,1,66->3->4->11->6,66->3,2.040974,inf,0.0,234,234,0.37625,1.657302,16.652881,1.648533,0.0,0.0,0.0,0,234,0.5,0.5,0.0,5,0.0,0.0
Uninett2010,SM,4,MCF_ARC,67,5,5,0,67->4->2->7->8->5,67->68->2->7->8->5,4.582306,inf,0.0,202,202,4.582306,5.491583,24.609971,5.399568,0.0,0.0,0.0,0,202.0,0.5,0.5,0.0,5,0.0,0.0
Uninett2010,SM,4,MCF_ARC,68,5,5,0,68->2->7->8->5,68->2->7->8->5,4.582306,inf,0.0,209,209,4.582306,5.491583,24.609971,5.399568,0.0,0.0,0.0,0,209.0,0.5,0.5,0.0,5,0.0,0.0
Uninett2010,SM,4,MCF_ARC,69,5,3,1,69->68->2->7->8->5,69->67->4->3,4.582306,inf,0.0,223,223,4.908877,1.657302,21.185508,1.648533,0.0,0.0,0.0,0,223.0,0.5,0.5,0.0,5,0.0,0.0
Uninett2010,SM,4,MCF_ARC,70,5,2,1,70->69->68->2->7->8->5,70->69->68->67->4->2,5.884185,inf,0.0,152,152,5.226461,4.377432,24.028182,4.173623,0.0,0.0,0.0,0,152,0.5,0.5,0.0,5,0.0,0.0
Uninett2010,SM,4,MCF_ARC,71,5,5,0,71->72->73->74->1->2->7->8->5,71->72->73->74->1->2->7->8->5,6.6902,inf,0.0,211,211,6.6902,5.491583,26.717866,5.399568,0.0,0.0,0.0,0,211,0.5,0.5,0.0,5,0.0,0.0
Uninett2010,SM,4,MCF_ARC,72,5,5,0,72->73->74->1->2->7->8->5,72->73->74->1->2->7->8->5,2.528768,inf,0.0,205,205,2.528768,5.491583,22.556434,5.399568,0.0,0.0,0.0,0,205,0.5,0.5,0.0,5,0.0,0.0
Uninett2010,SM,4,MCF_ARC,73,5,1,1,73->74->1->2->7->8->5,73->74->1,2.227223,inf,0.0,149,149,1.5695,3.759462,19.934518,3.736921,0.0,0.0,0.0,0,149,0.5,0.5,0.0,5,0.0,0.0
Uninett2010,SM,4,MCF_ARC,74,5,5,0,74->1->2->7->8->5,74->1->2->7->8->5,1.420612,inf,0.0,169,169,1.420612,5.491583,21.448278,5.399568,0.0,0.0,0.0,0,169,0.5,0.5,0.0,5,0.0,0.0
AttMpls,SM,0,B1,1,1,1,0,1,,0.0,15.926956,0.0,154.0,154.0,0.0,1.7934,16.883956,1.7934,0.0,0.0,0.0,0,154.0,0.5,0.5,0.05,5,0.0,0.0
AttMpls,SM,0,B1,2,2,2,0,2,,0.0,20.208263,0.0,171.0,171.0,0.0,5.117707,20.208263,5.117707,0.0,0.0,0.0,0,171.0,0.5,0.5,0.05,5,0.0,0.0
AttMpls,SM,0,B1,3,3,3,0,3,,0.0,inf,0.0,163.0,163.0,0.0,9.881423,24.971978,9.881423,0.0,0.0,0.0,0,163.0,0.5,0.5,0.05,5,0.0,0.0
AttMpls,SM,0,B1,4,4,4,0,4,,0.0,inf,0.0,152.0,152.0,0.0,104.166667,119.257222,104.166667,0.0,0.0,0.0,0,152.0,0.5,0.5,0.05,5,0.0,0.0
AttMpls,SM,0,B1,5,4,1,1,5->8->7->4,,11.517401,inf,0.0,216.0,216.0,7.033591,1.7934,23.917547,1.7934,0.0,0.0,0.0,0,216.0,0.5,0.5,0.05,5,0.0,0.0
AttMpls,SM,0,B1,6,4,4,0,6->9->4,,10.84589,inf,0.0,179.0,179.0,10.84589,104.166667,130.103112,104.166667,0.0,0.0,0.0,0,179.0,0.5,0.5,0.05,5,0.0,0.0
AttMpls,SM,0,B1,7,4,1,1,7->4,,5.777645,inf,0.0,202.0,202.0,1.297604,1.7934,18.18156,1.7934,0.0,0.0,0.0,0,202.0,0.5,0.5,0.05,5,0.0,0.0
AttMpls,SM,0,B1,8,4,1,1,8->7->4,,7.771976,inf,0.0,220.0,220.0,3.288166,1.7934,20.172122,1.7934,0.0,0.0,0.0,0,220.0,0.5,0.5,0.05,5,0.0,0.0
AttMpls,SM,0,B1,9,4,4,0,9->4,,7.384926,inf,0.0,191.0,191.0,7.384926,104.166667,126.642148,104.166667,0.0,0.0,0.0,0,191.0,0.5,0.5,0.05,5,0.0,0.0
AttMpls,SM,0,B1,10,4,4,0,10->4,,7.919298,inf,0.0,183.0,183.0,7.919298,104.166667,127.17652,104.166667,0.0,0.0,0.0,0,183.0,0.5,0.5,0.05,5,0.0,0.0
AttMpls,SM,0,B1,11,4,4,0,11->14->10->4,,23.864029,inf,0.0,180.0,180.0,23.864029,104.166667,143.121251,104.166667,0.0,0.0,0.0,0,180.0,0.5,0.5,0.05,5,0.0,0.0
AttMpls,SM,0,B1,12,4,4,0,12->14->10->4,,20.354661,inf,0.0,121.0,121.0,20.354661,104.166667,139.611883,104.166667,0.0,0.0,0.0,0,121.0,0.5,0.5,0.05,5,0.0,0.0
AttMpls,SM,0,B1,13,3,3,0,13->14->10->3,,17.056511,inf,0.0,166.0,166.0,17.056511,9.881423,42.02849,9.881423,0.0,0.0,0.0,0,166.0,0.5,0.5,0.05,5,0.0,0.0
AttMpls,SM,0,B1,14,3,4,1,14->10->3,,12.999735,inf,0.0,147.0,147.0,16.735456,104.166667,135.992678,104.166667,0.0,0.0,0.0,0,147.0,0.5,0.5,0.05,5,0.0,0.0
AttMpls,SM,0,B1,15,3,4,1,15->6->10->3,,18.153713,inf,0.0,187.0,187.0,17.295344,104.166667,136.552566,104.166667,0.0,0.0,0.0,0,187.0,0.5,0.5,0.05,5,0.0,0.0
AttMpls,SM,0,B1,16,3,3,0,16->3,,14.790054,inf,0.0,184.0,184.0,14.790054,9.881423,39.762032,9.881423,0.0,0.0,0.0,0,184.0,0.5,0.5,0.05,5,0.0,0.0
AttMpls,SM,0,B1,17,3,3,0,17->3,,6.647635,inf,0.0,144.0,144.0,6.647635,9.881423,31.619613,9.881423,0.0,0.0,0.0,0,144.0,0.5,0.5,0.05,5,0.0,0.0
AttMpls,SM,0,B1,18,3,3,0,18->3,,29.905639,inf,0.0,165.0,165.0,29.905639,9.881423,54.877617,9.881423,0.0,0.0,0.0,0,165.0,0.5,0.5,0.05,5,0.0,0.0
AttMpls,SM,0,B1,19,3,3,0,19->22->3,,28.851836,inf,0.0,171.0,171.0,28.851836,9.881423,53.823814,9.881423,0.0,0.0,0.0,0,171.0,0.5,0.5,0.05,5,0.0,0.0
AttMpls,SM,0,B1,20,3,3,0,20->21->3,,30.289412,inf,0.0,193.0,193.0,30.289412,9.881423,55.26139,9.881423,0.0,0.0,0.0,0,193.0,0.5,0.5,0.05,5,0.0,0.0
AttMpls,SM,0,B1,21,2,2,0,21->3->1->2,,42.489166,62.697429,0.0,207.0,207.0,42.489166,5.117707,62.697429,5.117707,0.0,0.0,0.0,0,207.0,0.5,0.5,0.05,5,0.0,0.0
AttMpls,SM,0,B1,22,2,2,0,22->3->1->2,,34.799293,55.007555,0.0,179.0,179.0,34.799293,5.117707,55.007555,5.117707,0.0,0.0,0.0,0,179.0,0.5,0.5,0.05,5,0.0,0.0
AttMpls,SM,0,B1,23,2,2,0,23->14->6->8->1->2,,46.618555,66.826818,0.0,202.0,202.0,43.616324,5.117707,63.824587,5.117707,0.0,0.0,0.0,0,202.0,0.5,0.5,0.05,5,0.0,0.0
AttMpls,SM,0,B1,24,2,2,0,24->23->10->4->7->2,,45.410864,65.619126,0.0,185.0,185.0,45.410864,5.117707,65.619126,5.117707,0.0,0.0,0.0,0,185.0,0.5,0.5,0.05,5,0.0,0.0
AttMpls,SM,0,B1,25,2,2,0,25->23->10->4->7->2,,49.370951,69.579214,0.0,187.0,187.0,44.370132,5.117707,64.578395,5.117707,0.0,0.0,0.0,0,187.0,0.5,0.5,0.05,5,0.0,0.0
AttMpls,SM,0,B3,1,1,1,0,1,1,0.0,15.926956,0.0,154.0,154.0,0.0,19.011407,34.101962,19.011407,0.0,0.0,0.0,0,154.0,0.5,0.5,0.05,5,0.0,0.0
AttMpls,SM,0,B3,2,2,2,0,2,2,0.0,20.208263,0.0,171.0,171.0,0.0,2.621919,17.712475,2.621919,0.0,0.0,0.0,0,171.0,0.5,0.5,0.05,5,0.0,0.0
AttMpls,SM,0,B3,3,3,3,0,3,3,0.0,inf,0.0,163.0,163.0,0.0,5.202914,20.293469,5.202914,0.0,0.0,0.0,0,163.0,0.5,0.5,0.05,5,0.0,0.0
AttMpls,SM,0,B3,4,4,4,0,4,4,0.0,inf,0.0,152.0,152.0,0.0,4.208754,19.29931,4.208754,0.0,0.0,0.0,0,152.0,0.5,0.5,0.05,5,0.0,0.0
AttMpls,SM,0,B3,5,4,2,1,5->8->7->4,5->8->1->2,11.517401,inf,0.0,216.0,216.0,10.076141,2.621919,27.788615,2.621919,0.0,0.0,0.0,0,216.0,0.5,0.5,0.05,5,0.0,0.0
AttMpls,SM,0,B3,6,4,1,1,6->9->4,6->8->1,10.84589,inf,0.0,179.0,179.0,12.011096,19.011407,46.113058,19.011407,0.0,0.0,0.0,0,179.0,0.5,0.5,0.05,5,0.0,0.0
AttMpls,SM,0,B3,7,4,4,0,7->4,7->4,5.777645,inf,0.0,202.0,202.0,5.777645,4.208754,25.076955,4.208754,0.0,0.0,0.0,0,202.0,0.5,0.5,0.05,5,0.0,0.0
AttMpls,SM,0,B3,8,4,1,1,8->7->4,8->1,7.771976,inf,0.0,220.0,220.0,3.288166,19.011407,37.390129,19.011407,0.0,0.0,0.0,0,220.0,0.5,0.5,0.05,5,0.0,0.0
AttMpls,SM,0,B3,9,4,2,1,9->4,9->4->7->2,7.384926,inf,0.0,191.0,191.0,17.502144,2.621919,35.214619,2.621919,0.0,0.0,0.0,0,191.0,0.5,0.5,0.05,5,0.0,0.0
AttMpls,SM,0,B3,10,4,4,0,10->4,10->4,7.919298,inf,0.0,183.0,183.0,7.919298,4.208754,27.218608,4.208754,0.0,0.0,0.0,0,183.0,0.5,0.5,0.05,5,0.0,0.0
AttMpls,SM,0,B3,11,4,2,1,11->14->10->4,11->15->6->8->1->2,23.864029,inf,0.0,180.0,180.0,30.098257,2.621919,47.810732,2.621919,0.0,0.0,0.0,0,180.0,0.5,0.5,0.05,5,0.0,0.0
AttMpls,SM,0,B3,12,4,3,1,12->14->10->4,12->14->10->3,20.354661,inf,0.0,121.0,121.0,16.618941,5.202914,36.91241,5.202914,0.0,0.0,0.0,0,121.0,0.5,0.5,0.05,5,0.0,0.0
AttMpls,SM,0,B3,13,3,4,1,13->14->10->3,13->14->10->4,17.056511,inf,0.0,166.0,166.0,20.792232,4.208754,40.091542,4.208754,0.0,0.0,0.0,0,166.0,0.5,0.5,0.05,5,0.0,0.0
AttMpls,SM,0,B3,14,3,3,0,14->10->3,14->10->3,12.999735,inf,0.0,147.0,147.0,12.999735,5.202914,33.293204,5.202914,0.0,0.0,0.0,0,147.0,0.5,0.5,0.05,5,0.0,0.0
AttMpls,SM,0,B3,15,3,1,1,15->6->10->3,15->6->8->1,18.153713,inf,0.0,187.0,187.0,18.46055,19.011407,52.562512,19.011407,0.0,0.0,0.0,0,187.0,0.5,0.5,0.05,5,0.0,0.0
AttMpls,SM,0,B3,16,3,3,0,16->3,16->3,14.790054,inf,0.0,184.0,184.0,14.790054,5.202914,35.083523,5.202914,0.0,0.0,0.0,0,184.0,0.5,0.5,0.05,5,0.0,0.0
AttMpls,SM,0,B3,17,3,3,0,17->3,17->3,6.647635,inf,0.0,144.0,144.0,6.647635,5.202914,26.941104,5.202914,0.0,0.0,0.0,0,144.0,0.5,0.5,0.05,5,0.0,0.0
AttMpls,SM,0,B3,18,3,3,0,18->3,18->3,29.905639,inf,0.0,165.0,165.0,29.905639,5.202914,50.199108,5.202914,0.0,0.0,0.0,0,165.0,0.5,0.5,0.05,5,0.0,0.0
AttMpls,SM,0,B3,19,3,3,0,19->22->3,19->22->3,28.851836,inf,0.0,171.0,171.0,28.851836,5.202914,49.145305,5.202914,0.0,0.0,0.0,0,171.0,0.5,0.5,0.05,5,0.0,0.0
AttMpls,SM,0,B3,20,3,1,1,20->21->3,20->21->3->1,30.289412,inf,0.0,193.0,193.0,41.776841,19.011407,75.878803,19.011407,0.0,0.0,0.0,0,193.0,0.5,0.5,0.05,5,0.0,0.0
AttMpls,SM,0,B3,21,2,4,1,21->3->1->2,21->3->4,42.489166,62.697429,0.0,207.0,207.0,32.931944,4.208754,52.231254,4.208754,0.0,0.0,0.0,0,207.0,0.5,0.5,0.05,5,0.0,0.0
AttMpls,SM,0,B3,22,2,1,1,22->3->1->2,22->3->1,34.799293,55.007555,0.0,179.0,179.0,31.756743,19.011407,65.858705,19.011407,10.85115,0.0,0.0,0,179.0,0.5,0.5,0.05,5,0.0,0.0
AttMpls,SM,0,B3,23,2,4,1,23->14->6->8->1->2,23->10->4,46.618555,66.826818,0.0,202.0,202.0,33.499106,4.208754,52.798416,4.208754,0.0,0.0,0.0,0,202.0,0.5,0.5,0.05,5,0.0,0.0
AttMpls,SM,0,B3,24,2,1,1,24->23->10->4->7->2,24->23->10->4->7->1,45.410864,65.619126,0.0,185.0,185.0,42.368894,19.011407,76.470857,19.011407,10.85173,0.0,0.0,0,185.0,0.5,0.5,0.05,5,0.0,0.0
AttMpls,SM,0,B3,25,2,2,0,25->23->10->4->7->2,25->13->14->6->8->1->2,49.370951,69.579214,0.0,187.0,187.0,44.370132,2.621919,62.082607,2.621919,0.0,0.0,0.0,0,187.0,0.5,0.5,0.05,5,0.0,0.0
AttMpls,SM,0,MCF_ARC,1,1,1,0,1,1,0.0,15.926956,0.0,154.0,154.0,0.0,2.654342,17.724907,2.634352,0.0,0.0,0.0,0,154.0,0.5,0.5,0.05,5,0.0,0.0
AttMpls,SM,0,MCF_ARC,2,2,2,0,2,2,0.0,20.208263,0.0,171.0,171.0,0.0,5.328318,20.208263,5.117707,0.0,0.0,0.0,0,171.0,0.5,0.5,0.05,5,0.0,0.0
AttMpls,SM,0,MCF_ARC,3,3,3,0,3,3,0.0,inf,0.0,163.0,163.0,0.0,7.796057,21.884034,6.793478,0.0,0.0,0.0,0,163.0,0.5,0.5,0.05,5,0.0,0.0
AttMpls,SM,0,MCF_ARC,4,4,4,0,4,4,0.0,inf,0.0,152.0,152.0,0.0,8.518273,22.152702,7.062147,0.0,0.0,0.0,0,152.0,0.5,0.5,0.05,5,0.0,0.0
AttMpls,SM,0,MCF_ARC,5,4,1,1,5->8->7->4,5->8->1,11.517401,inf,0.0,216.0,216.0,7.033591,2.654342,24.758499,2.634352,0.0,0.0,0.0,0,216.0,0.5,0.5,0.05,5,0.0,0.0
AttMpls,SM,0,MCF_ARC,6,4,4,0,6->9->4,6->9->4,10.84589,inf,0.0,179.0,179.0,10.84589,8.518273,32.998592,7.062147,0.0,0.0,0.0,0,179.0,0.5,0.5,0.05,5,0.0,0.0
AttMpls,SM,0,MCF_ARC,7,4,4,0,7->4,7->4,5.777645,inf,0.0,202.0,202.0,5.777645,8.518273,27.930348,7.062147,0.0,0.0,0.0,0,202.0,0.5,0.5,0.05,5,0.0,0.0
AttMpls,SM,0,MCF_ARC,8,4,1,1,8->7->4,8->1,7.771976,inf,0.0,220.0,220.0,3.288166,2.654342,21.013074,2.634352,0.0,0.0,0.0,0,220.0,0.5,0.5,0.05,5,0.0,0.0
AttMpls,SM,0,MCF_ARC,9,4,4,0,9->4,9->4,7.384926,inf,0.0,191.0,191.0,7.384926,8.518273,29.537628,7.062147,0.0,0.0,0.0,0,191.0,0.5,0.5,0.05,5,0.0,0.0
AttMpls,SM,0,MCF_ARC,10,4,4,0,10->4,10->4,7.919298,inf,0.0,183.0,183.0,7.919298,8.518273,30.072001,7.062147,0.0,0.0,0.0,0,183.0,0.5,0.5,0.05,5,0.0,0.0
AttMpls,SM,0,MCF_ARC,11,4,4,0,11->14->10->4,11->14->10->4,23.864029,inf,0.0,180.0,180.0,23.864029,8.518273,46.016731,7.062147,0.0,0.0,0.0,0,180.0,0.5,0.5,0.05,5,0.0,0.0
AttMpls,SM,0,MCF_ARC,12,4,4,0,12->14->10->4,12->14->10->4,20.354661,inf,0.0,121.0,121.0,20.354661,8.518273,42.507364,7.062147,0.0,0.0,0.0,0,121.0,0.5,0.5,0.05,5,0.0,0.0
AttMpls,SM,0,MCF_ARC,13,3,3,0,13->14->10->3,13->14->10->3,17.056511,inf,0.0,166.0,166.0,17.056511,7.796057,38.940545,6.793478,0.0,0.0,0.0,0,166.0,0.5,0.5,0.05,5,0.0,0.0
AttMpls,SM,0,MCF_ARC,14,3,3,0,14->10->3,14->10->3,12.999735,inf,0.0,147.0,147.0,12.999735,7.796057,34.883769,6.793478,0.0,0.0,0.0,0,147.0,0.5,0.5,0.05,5,0.0,0.0
AttMpls,SM,0,MCF_ARC,15,3,1,1,15->6->10->3,15->6->8->1,18.153713,inf,0.0,187.0,187.0,18.46055,2.654342,36.185457,2.634352,0.0,0.0,0.0,0,187.0,0.5,0.5,0.05,5,0.0,0.0
AttMpls,SM,0,MCF_ARC,16,3,3,0,16->3,16->3,14.790054,inf,0.0,184.0,184.0,14.790054,7.796057,36.674088,6.793478,0.0,0.0,0.0,0,184.0,0.5,0.5,0.05,5,0.0,0.0
AttMpls,SM,0,MCF_ARC,17,3,3,0,17->3,17->3,6.647635,inf,0.0,144.0,144.0,6.647635,7.796057,28.531668,6.793478,0.0,0.0,0.0,0,144.0,0.5,0.5,0.05,5,0.0,0.0
AttMpls,SM,0,MCF_ARC,18,3,3,0,18->3,18->3,29.905639,inf,0.0,165.0,165.0,29.905639,7.796057,51.789672,6.793478,0.0,0.0,0.0,0,165.0,0.5,0.5,0.05,5,0.0,0.0
AttMpls,SM,0,MCF_ARC,19,3,3,0,19->22->3,19->22->3,28.851836,inf,0.0,171.0,171.0,28.851836,7.796057,50.73587,6.793478,0.0,0.0,0.0,0,171.0,0.5,0.5,0.05,5,0.0,0.0
AttMpls,SM,0,MCF_ARC,20,3,1,1,20->21->3,20->21->3->1,30.289412,inf,0.0,193.0,193.0,41.776841,2.654342,59.501748,2.634352,0.0,0.0,0.0,0,193.0,0.5,0.5,0.05,5,0.0,0.0
AttMpls,SM,0,MCF_ARC,21,2,2,0,21->3->1->2,21->3->1->2,42.489166,62.697429,0.0,207.0,207.0,42.489166,5.328318,62.697429,5.117707,0.0,0.0,0.0,0,207.0,0.5,0.5,0.05,5,0.0,0.0
AttMpls,SM,0,MCF_ARC,22,2,2,0,22->3->1->2,22->3->1->2,34.799293,55.007555,0.0,179.0,179.0,34.799293,5.328318,55.007555,5.117707,0.0,0.0,0.0,0,179.0,0.5,0.5,0.05,5,0.0,0.0
AttMpls,SM,0,MCF_ARC,23,2,2,0,23->14->6->8->1->2,23->10->4->7->2,46.618555,66.826818,0.0,202.0,202.0,43.616324,5.328318,63.824587,5.117707,0.0,0.0,0.0,0,202.0,0.5,0.5,0.05,5,0.0,0.0
AttMpls,SM,0,MCF_ARC,24,2,2,0,24->23->10->4->7->2,24->23->10->4->7->2,45.410864,65.619126,0.0,185.0,185.0,45.410864,5.328318,65.619126,5.117707,0.0,0.0,0.0,0,185.0,0.5,0.5,0.05,5,0.0,0.0
AttMpls,SM,0,MCF_ARC,25,2,2,0,25->23->10->4->7->2,25->23->10->4->7->2,49.370951,69.579214,0.0,187.0,187.0,49.370951,5.328318,69.579214,5.117707,0.0,0.0,0.0,0,187.0,0.5,0.5,0.05,5,0.0,0.0
AttMpls,SM,1,B1,1,1,1,0,1,,0.0,15.952476,0.0,191.0,191.0,0.0,2.158895,17.24945,2.158895,0.0,0.0,0.0,0,191.0,0.5,0.5,0.05,5,0.0,0.0
AttMpls,SM,1,B1,2,2,2,0,2,,0.0,18.37355,0.0,194.0,194.0,0.0,3.282994,18.37355,3.282994,0.0,0.0,0.0,0,194.0,0.5,0.5,0.05,5,0.0,0.0
AttMpls,SM,1,B1,3,3,3,0,3,,0.0,inf,0.0,165.0,165.0,0.0,111.111111,126.201667,111.111111,0.0,0.0,0.0,0,165.0,0.5,0.5,0.05,5,0.0,0.0
AttMpls,SM,1,B1,4,4,4,0,4,,0.0,inf,0.0,143.0,143.0,0.0,26.595745,41.6863,26.595745,0.0,0.0,0.0,0,143.0,0.5,0.5,0.05,5,0.0,0.0
AttMpls,SM,1,B1,5,4,1,1,5->8->7->4,,11.517401,inf,0.0,173.0,173.0,7.033591,2.158895,24.283041,2.158895,0.0,0.0,0.0,0,173.0,0.5,0.5,0.05,5,0.0,0.0
AttMpls,SM,1,B1,6,4,4,0,6->9->4,,10.84589,inf,0.0,202.0,202.0,10.84589,26.595745,52.53219,26.595745,0.0,0.0,0.0,0,202.0,0.5,0.5,0.05,5,0.0,0.0
AttMpls,SM,1,B1,7,4,1,1,7->4,,5.777645,inf,0.0,178.0,178.0,1.297604,2.158895,18.547054,2.158895,0.0,0.0,0.0,0,178.0,0.5,0.5,0.05,5,0.0,0.0
AttMpls,SM,1,B1,8,4,1,1,8->7->4,,7.771976,inf,0.0,217.0,217.0,3.288166,2.158895,20.537616,2.158895,0.0,0.0,0.0,0,217.0,0.5,0.5,0.05,5,0.0,0.0
AttMpls,SM,1,B1,9,4,4,0,9->4,,7.384926,inf,0.0,177.0,177.0,7.384926,26.595745,49.071226,26.595745,0.0,0.0,0.0,0,177.0,0.5,0.5,0.05,5,0.0,0.0
AttMpls,SM,1,B1,10,4,4,0,10->4,,7.919298,inf,0.0,140.0,140.0,7.919298,26.595745,49.605598,26.595745,0.0,0.0,0.0,0,140.0,0.5,0.5,0.05,5,0.0,0.0
AttMpls,SM,1,B1,11,4,4,0,11->14->10->4,,23.864029,inf,0.0,193.0,193.0,23.864029,26.595745,65.550329,26.595745,0.0,0.0,0.0,0,193.0,0.5,0.5,0.05,5,0.0,0.0
AttMpls,SM,1,B1,12,4,4,0,12->14->10->4,,20.354661,inf,0.0,207.0,207.0,20.354661,26.595745,62.040961,26.595745,0.0,0.0,0.0,0,207.0,0.5,0.5,0.05,5,0.0,0.0
AttMpls,SM,1,B1,13,3,3,0,13->14->10->3,,17.056511,inf,0.0,169.0,169.0,17.056511,111.111111,143.258178,111.111111,0.0,0.0,0.0,0,169.0,0.5,0.5,0.05,5,0.0,0.0
AttMpls,SM,1,B1,14,3,3,0,14->10->3,,12.999735,inf,0.0,206.0,206.0,12.999735,111.111111,139.201402,111.111111,0.0,0.0,0.0,0,206.0,0.5,0.5,0.05,5,0.0,0.0
AttMpls,SM,1,B1,15,3,1,1,15->6->10->3,,18.153713,inf,0.0,129.0,129.0,18.46055,2.158895,35.71,2.158895,0.0,0.0,0.0,0,129.0,0.5,0.5,0.05,5,0.0,0.0
AttMpls,SM,1,B1,16,3,3,0,16->3,,14.790054,inf,0.0,206.0,206.0,14.790054,111.111111,140.99172,111.111111,0.0,0.0,0.0,0,206.0,0.5,0.5,0.05,5,0.0,0.0
AttMpls,SM,1,B1,17,3,3,0,17->3,,6.647635,inf,0.0,114.0,114.0,6.647635,111.111111,132.849301,111.111111,0.0,0.0,0.0,0,114.0,0.5,0.5,0.05,5,0.0,0.0
AttMpls,SM,1,B1,18,3,3,0,18->3,,29.905639,inf,0.0,170.0,170.0,29.905639,111.111111,156.107305,111.111111,0.0,0.0,0.0,0,170.0,0.5,0.5,0.05,5,0.0,0.0
AttMpls,SM,1,B1,19,3,3,0,19->22->3,,28.851836,inf,0.0,193.0,193.0,28.851836,111.111111,155.053503,111.111111,0.0,0.0,0.0,0,193.0,0.5,0.5,0.05,5,0.0,0.0
AttMpls,SM,1,B1,20,3,4,1,20->21->3,,30.289412,inf,0.0,226.0,226.0,35.262169,26.595745,76.948469,26.595745,0.0,0.0,0.0,0,226.0,0.5,0.5,0.05,5,0.0,0.0
AttMpls,SM,1,B1,21,2,2,0,21->3->1->2,,42.489166,60.862716,0.0,213.0,213.0,42.489166,3.282994,60.862716,3.282994,0.0,0.0,0.0,0,213.0,0.5,0.5,0.05,5,0.0,0.0
AttMpls,SM,1,B1,22,2,2,0,22->3->1->2,,34.799293,53.172842,0.0,198.0,198.0,34.799293,3.282994,53.172842,3.282994,0.0,0.0,0.0,0,198.0,0.5,0.5,0.05,5,0.0,0.0
AttMpls,SM,1,B1,23,2,2,0,23->22->3->1->2,,44.124383,62.497933,0.0,239.0,239.0,43.616324,3.282994,61.989874,3.282994,0.0,0.0,0.0,0,239.0,0.5,0.5,0.05,5,0.0,0.0
AttMpls,SM,1,B1,24,2,2,0,24->23->10->4->7->2,,45.410864,63.784413,0.0,177.0,177.0,45.410864,3.282994,63.784413,3.282994,0.0,0.0,0.0,0,177.0,0.5,0.5,0.05,5,0.0,0.0
AttMpls,SM,1,B1,25,3,3,0,25->23->10->3,,35.518013,inf,0.0,160.0,160.0,30.703141,111.111111,156.904808,111.111111,0.0,0.0,0.0,0,160.0,0.5,0.5,0.05,5,0.0,0.0
AttMpls,SM,1,B3,1,1,1,0,1,1,0.0,15.952476,0.0,191.0,191.0,0.0,36.764706,51.855261,36.764706,0.0,0.0,0.0,0,191.0,0.5,0.5,0.05,5,0.0,0.0
AttMpls,SM,1,B3,2,2,2,0,2,2,0.0,18.37355,0.0,194.0,194.0,0.0,3.282994,18.37355,3.282994,0.0,0.0,0.0,0,194.0,0.5,0.5,0.05,5,0.0,0.0
AttMpls,SM,1,B3,3,3,3,0,3,3,0.0,inf,0.0,165.0,165.0,0.0,4.651163,19.741718,4.651163,0.0,0.0,0.0,0,165.0,0.5,0.5,0.05,5,0.0,0.0
AttMpls,SM,1,B3,4,4,4,0,4,4,0.0,inf,0.0,143.0,143.0,0.0,3.736921,18.827476,3.736921,0.0,0.0,0.0,0,143.0,0.5,0.5,0.05,5,0.0,0.0
AttMpls,SM,1,B3,5,4,4,0,5->8->7->4,5->8->7->4,11.517401,inf,0.0,173.0,173.0,11.517401,3.736921,30.344878,3.736921,0.0,0.0,0.0,0,173.0,0.5,0.5,0.05,5,0.0,0.0
AttMpls,SM,1,B3,6,4,1,1,6->9->4,6->8->1,10.84589,inf,0.0,202.0,202.0,12.011096,36.764706,63.866357,36.764706,0.0,0.0,0.0,0,202.0,0.5,0.5,0.05,5,0.0,0.0
AttMpls,SM,1,B3,7,4,4,0,7->4,7->4,5.777645,inf,0.0,178.0,178.0,5.777645,3.736921,24.605121,3.736921,0.0,0.0,0.0,0,178.0,0.5,0.5,0.05,5,0.0,0.0
AttMpls,SM,1,B3,8,4,4,0,8->7->4,8->7->4,7.771976,inf,0.0,217.0,217.0,7.771976,3.736921,26.599453,3.736921,0.0,0.0,0.0,0,217.0,0.5,0.5,0.05,5,0.0,0.0
AttMpls,SM,1,B3,9,4,1,1,9->4,9->4->7->1,7.384926,inf,0.0,177.0,177.0,14.460175,36.764706,66.315436,36.764706,0.0,0.0,0.0,0,177.0,0.5,0.5,0.05,5,0.0,0.0
AttMpls,SM,1,B3,10,4,4,0,10->4,10->4,7.919298,inf,0.0,140.0,140.0,7.919298,3.736921,26.746775,3.736921,0.0,0.0,0.0,0,140.0,0.5,0.5,0.05,5,0.0,0.0
AttMpls,SM,1,B3,11,4,1,1,11->14->10->4,11->15->6->8->1,23.864029,inf,0.0,193.0,193.0,27.055708,36.764706,78.910969,36.764706,0.0,0.0,0.0,0,193.0,0.5,0.5,0.05,5,0.0,0.0
AttMpls,SM,1,B3,12,4,4,0,12->14->10->4,12->14->10->4,20.354661,inf,0.0,207.0,207.0,20.354661,3.736921,39.182138,3.736921,0.0,0.0,0.0,0,207.0,0.5,0.5,0.05,5,0.0,0.0
AttMpls,SM,1,B3,13,3,3,0,13->14->10->3,13->14->10->3,17.056511,inf,0.0,169.0,169.0,17.056511,4.651163,36.79823,4.651163,0.0,0.0,0.0,0,169.0,0.5,0.5,0.05,5,0.0,0.0
AttMpls,SM,1,B3,14,3,1,1,14->10->3,14->6->8->1,12.999735,inf,0.0,206.0,206.0,23.624176,36.764706,75.479438,36.764706,0.0,0.0,0.0,0,206.0,0.5,0.5,0.05,5,0.0,0.0
AttMpls,SM,1,B3,15,3,1,1,15->6->10->3,15->6->8->1,18.153713,inf,0.0,129.0,129.0,18.46055,36.764706,70.315811,36.764706,0.0,0.0,0.0,0,129.0,0.5,0.5,0.05,5,0.0,0.0
AttMpls,SM,1,B3,16,3,3,0,16->3,16->3,14.790054,inf,0.0,206.0,206.0,14.790054,4.651163,34.531772,4.651163,0.0,0.0,0.0,0,206.0,0.5,0.5,0.05,5,0.0,0.0
AttMpls,SM,1,B3,17,3,3,0,17->3,17->3,6.647635,inf,0.0,114.0,114.0,6.647635,4.651163,26.389353,4.651163,0.0,0.0,0.0,0,114.0,0.5,0.5,0.05,5,0.0,0.0
AttMpls,SM,1,B3,18,3,3,0,18->3,18->3,29.905639,inf,0.0,170.0,170.0,29.905639,4.651163,49.647357,4.651163,0.0,0.0,0.0,0,170.0,0.5,0.5,0.05,5,0.0,0.0
AttMpls,SM,1,B3,19,3,3,0,19->22->3,19->22->3,28.851836,inf,0.0,193.0,193.0,28.851836,4.651163,48.593554,4.651163,0.0,0.0,0.0,0,193.0,0.5,0.5,0.05,5,0.0,0.0
AttMpls,SM,1,B3,20,3,1,1,20->21->3,20->21->3->1,30.289412,inf,0.0,226.0,226.0,41.776841,36.764706,93.632102,36.764706,0.0,0.0,0.0,0,226.0,0.5,0.5,0.05,5,0.0,0.0
AttMpls,SM,1,B3,21,2,2,0,21->3->1->2,21->3->1->2,42.489166,60.862716,0.0,213.0,213.0,42.489166,3.282994,60.862716,3.282994,0.0,0.0,0.0,0,213.0,0.5,0.5,0.05,5,0.0,0.0
AttMpls,SM,1,B3,22,2,2,0,22->3->1->2,22->3->1->2,34.799293,53.172842,0.0,198.0,198.0,34.799293,3.282994,53.172842,3.282994,0.0,0.0,0.0,0,198.0,0.5,0.5,0.05,5,0.0,0.0
AttMpls,SM,1,B3,23,2,2,0,23->22->3->1->2,23->10->4->7->2,44.124383,62.497933,0.0,239.0,239.0,43.616324,3.282994,61.989874,3.282994,0.0,0.0,0.0,0,239.0,0.5,0.5,0.05,5,0.0,0.0
AttMpls,SM,1,B3,24,2,2,0,24->23->10->4->7->2,24->23->10->4->7->2,45.410864,63.784413,0.0,177.0,177.0,45.410864,3.282994,63.784413,3.282994,0.0,0.0,0.0,0,177.0,0.5,0.5,0.05,5,0.0,0.0
AttMpls,SM,1,B3,25,3,3,0,25->23->10->3,25->13->14->10->3,35.518013,inf,0.0,160.0,160.0,30.703141,4.651163,50.444859,4.651163,0.0,0.0,0.0,0,160.0,0.5,0.5,0.05,5,0.0,0.0
AttMpls,SM,1,MCF_ARC,1,1,1,0,1,1,0.0,15.952476,0.0,191.0,191.0,0.0,3.299093,18.324708,3.234153,0.0,0.0,0.0,0,191.0,0.5,0.5,0.05,5,0.0,0.0
AttMpls,SM,1,MCF_ARC,2,2,2,0,2,2,0.0,18.37355,0.0,194.0,194.0,0.0,3.350851,18.37355,3.282994,0.0,0.0,0.0,0,194.0,0.5,0.5,0.05,5,0.0,0.0
AttMpls,SM,1,MCF_ARC,3,3,3,0,3,3,0.0,inf,0.0,165.0,165.0,0.0,13.057292,26.718462,11.627907,0.0,0.0,0.0,0,165.0,0.5,0.5,0.05,5,0.0,0.0
AttMpls,SM,1,MCF_ARC,4,4,4,0,4,4,0.0,inf,0.0,143.0,143.0,0.0,10.829745,23.816559,8.726003,0.0,0.0,0.0,0,143.0,0.5,0.5,0.05,5,0.0,0.0
AttMpls,SM,1,MCF_ARC,5,4,4,0,5->8->7->4,5->8->7->4,11.517401,inf,0.0,173.0,173.0,11.517401,10.829745,35.33396,8.726003,0.0,0.0,0.0,0,173.0,0.5,0.5,0.05,5,0.0,0.0
AttMpls,SM,1,MCF_ARC,6,4,1,1,6->9->4,6->8->1,10.84589,inf,0.0,202.0,202.0,12.011096,3.299093,30.335804,3.234153,0.0,0.0,0.0,0,202.0,0.5,0.5,0.05,5,0.0,0.0
AttMpls,SM,1,MCF_ARC,7,4,4,0,7->4,7->4,5.777645,inf,0.0,178.0,178.0,5.777645,10.829745,29.594204,8.726003,0.0,0.0,0.0,0,178.0,0.5,0.5,0.05,5,0.0,0.0
AttMpls,SM,1,MCF_ARC,8,4,1,1,8->7->4,8->1,7.771976,inf,0.0,217.0,217.0,3.288166,3.299093,21.612874,3.234153,0.0,0.0,0.0,0,217.0,0.5,0.5,0.05,5,0.0,0.0
AttMpls,SM,1,MCF_ARC,9,4,4,0,9->4,9->4,7.384926,inf,0.0,177.0,177.0,7.384926,10.829745,31.201485,8.726003,0.0,0.0,0.0,0,177.0,0.5,0.5,0.05,5,0.0,0.0
AttMpls,SM,1,MCF_ARC,10,4,4,0,10->4,10->4,7.919298,inf,0.0,140.0,140.0,7.919298,10.829745,31.735857,8.726003,0.0,0.0,0.0,0,140.0,0.5,0.5,0.05,5,0.0,0.0
AttMpls,SM,1,MCF_ARC,11,4,4,0,11->14->10->4,11->14->6->8->7->4,23.864029,inf,0.0,193.0,193.0,35.23656,10.829745,59.053119,8.726003,0.0,0.0,0.0,0,193.0,0.5,0.5,0.05,5,0.0,0.0
AttMpls,SM,1,MCF_ARC,12,4,4,0,12->14->10->4,12->14->10->3->4,20.354661,inf,0.0,207.0,207.0,21.591698,10.829745,45.408257,8.726003,0.0,0.0,0.0,0,207.0,0.5,0.5,0.05,5,0.0,0.0
AttMpls,SM,1,MCF_ARC,13,3,3,0,13->14->10->3,13->12->14->10->3,17.056511,inf,0.0,169.0,169.0,19.67465,13.057292,46.393112,11.627907,0.0,0.0,0.0,0,169.0,0.5,0.5,0.05,5,0.0,0.0
AttMpls,SM,1,MCF_ARC,14,3,1,1,14->10->3,14->9->10->3->1,12.999735,inf,0.0,206.0,206.0,29.68059,3.299093,48.005298,3.234153,0.0,0.0,0.0,0,206.0,0.5,0.5,0.05,5,0.0,0.0
AttMpls,SM,1,MCF_ARC,15,3,3,0,15->6->10->3,15->6->10->17->3,18.153713,inf,0.0,129.0,129.0,24.499328,13.057292,51.21779,11.627907,0.0,0.0,0.0,0,129.0,0.5,0.5,0.05,5,0.0,0.0
AttMpls,SM,1,MCF_ARC,16,3,3,0,16->3,16->3,14.790054,inf,0.0,206.0,206.0,14.790054,13.057292,41.508516,11.627907,0.0,0.0,0.0,0,206.0,0.5,0.5,0.05,5,0.0,0.0
AttMpls,SM,1,MCF_ARC,17,3,3,0,17->3,17->3,6.647635,inf,0.0,114.0,114.0,6.647635,13.057292,33.366097,11.627907,0.0,0.0,0.0,0,114.0,0.5,0.5,0.05,5,0.0,0.0
AttMpls,SM,1,MCF_ARC,18,3,3,0,18->3,18->16->3,29.905639,inf,0.0,170.0,170.0,30.075745,13.057292,56.794208,11.627907,0.0,0.0,0.0,0,170.0,0.5,0.5,0.05,5,0.0,0.0
AttMpls,SM,1,MCF_ARC,19,3,3,0,19->22->3,19->22->3,28.851836,inf,0.0,193.0,193.0,28.851836,13.057292,55.570298,11.627907,0.0,0.0,0.0,0,193.0,0.5,0.5,0.05,5,0.0,0.0
AttMpls,SM,1,MCF_ARC,20,3,1,1,20->21->3,20->21->3->1,30.289412,inf,0.0,226.0,226.0,41.776841,3.299093,60.101549,3.234153,0.0,0.0,0.0,0,226.0,0.5,0.5,0.05,5,0.0,0.0
AttMpls,SM,1,MCF_ARC,21,2,2,0,21->3->1->2,21->18->16->17->10->4->7->2,42.489166,60.862716,0.0,213.0,213.0,57.065168,3.350851,75.438717,3.282994,0.0,0.0,0.0,0,213.0,0.5,0.5,0.05,5,0.0,0.0
AttMpls,SM,1,MCF_ARC,22,2,2,0,22->3->1->2,22->3->10->4->7->2,34.799293,53.172842,0.0,198.0,198.0,42.489408,3.350851,60.862958,3.282994,0.0,0.0,0.0,0,198.0,0.5,0.5,0.05,5,0.0,0.0
AttMpls,SM,1,MCF_ARC,23,2,2,0,23->22->3->1->2,23->18->3->1->2,44.124383,62.497933,0.0,239.0,239.0,50.026064,3.350851,68.399614,3.282994,0.0,0.0,0.0,0,239.0,0.5,0.5,0.05,5,0.0,0.0
AttMpls,SM,1,MCF_ARC,24,2,2,0,24->23->10->4->7->2,24->23->18->14->10->4->7->2,45.410864,63.784413,0.0,177.0,177.0,58.10674,3.350851,76.480289,3.282994,0.0,0.0,0.0,0,177.0,0.5,0.5,0.05,5,0.0,0.0
AttMpls,SM,1,MCF_ARC,25,3,3,0,25->23->10->3,25->23->22->3,35.518013,inf,0.0,160.0,160.0,35.349032,13.057292,62.067495,11.627907,0.0,0.0,0.0,0,160.0,0.5,0.5,0.05,5,0.0,0.0
AttMpls,SM,2,B1,1,1,1,0,1,,0.0,15.987417,0.0,185.0,185.0,0.0,1.901141,16.991696,1.901141,0.0,0.0,0.0,0,185.0,0.5,0.5,0.05,5,0.0,0.0
AttMpls,SM,2,B1,2,2,2,0,2,,0.0,18.428339,0.0,153.0,153.0,0.0,3.337784,18.428339,3.337784,0.0,0.0,0.0,0,153.0,0.5,0.5,0.05,5,0.0,0.0
AttMpls,SM,2,B1,3,3,3,0,3,,0.0,inf,0.0,218.0,218.0,0.0,166.666667,181.757222,166.666667,0.0,0.0,0.0,0,218.0,0.5,0.5,0.05,5,0.0,0.0
AttMpls,SM,2,B1,4,4,4,0,4,,0.0,inf,0.0,177.0,177.0,0.0,24.875622,39.966177,24.875622,0.0,0.0,0.0,0,177.0,0.5,0.5,0.05,5,0.0,0.0
AttMpls,SM,2,B1,5,4,1,1,5->8->7->4,,11.517401,inf,0.0,202.0,202.0,7.033591,1.901141,24.025287,1.901141,0.0,0.0,0.0,0,202.0,0.5,0.5,0.05,5,0.0,0.0
AttMpls,SM,2,B1,6,4,4,0,6->9->4,,10.84589,inf,0.0,161.0,161.0,10.84589,24.875622,50.812067,24.875622,0.0,0.0,0.0,0,161.0,0.5,0.5,0.05,5,0.0,0.0
AttMpls,SM,2,B1,7,4,4,0,7->4,,5.777645,inf,0.0,157.0,157.0,5.777645,24.875622,45.743823,24.875622,0.0,0.0,0.0,0,157.0,0.5,0.5,0.05,5,0.0,0.0
AttMpls,SM,2,B1,8,4,1,1,8->7->4,,7.771976,inf,0.0,178.0,178.0,3.288166,1.901141,20.279862,1.901141,0.0,0.0,0.0,0,178.0,0.5,0.5,0.05,5,0.0,0.0
AttMpls,SM,2,B1,9,4,4,0,9->4,,7.384926,inf,0.0,161.0,161.0,7.384926,24.875622,47.351103,24.875622,0.0,0.0,0.0,0,161.0,0.5,0.5,0.05,5,0.0,0.0
AttMpls,SM,2,B1,10,4,4,0,10->4,,7.919298,inf,0.0,166.0,166.0,7.919298,24.875622,47.885476,24.875622,0.0,0.0,0.0,0,166.0,0.5,0.5,0.05,5,0.0,0.0
AttMpls,SM,2,B1,11,4,4,0,11->14->10->4,,23.864029,inf,0.0,243.0,243.0,23.864029,24.875622,63.830206,24.875622,0.0,0.0,0.0,0,243.0,0.5,0.5,0.05,5,0.0,0.0
AttMpls,SM,2,B1,12,4,4,0,12->14->10->4,,20.354661,inf,0.0,180.0,180.0,20.354661,24.875622,60.320839,24.875622,0.0,0.0,0.0,0,180.0,0.5,0.5,0.05,5,0.0,0.0
AttMpls,SM,2,B1,13,3,3,0,13->14->17->3,,17.998556,inf,0.0,166.0,166.0,17.056511,166.666667,198.813734,166.666667,0.0,0.0,0.0,0,166.0,0.5,0.5,0.05,5,0.0,0.0
AttMpls,SM,2,B1,14,3,3,0,14->10->3,,12.999735,inf,0.0,175.0,175.0,12.999735,166.666667,194.756957,166.666667,0.0,0.0,0.0,0,175.0,0.5,0.5,0.05,5,0.0,0.0
AttMpls,SM,2,B1,15,3,3,0,15->6->10->3,,18.153713,inf,0.0,197.0,197.0,18.153713,166.666667,199.910935,166.666667,0.0,0.0,0.0,0,197.0,0.5,0.5,0.05,5,0.0,0.0
AttMpls,SM,2,B1,16,3,3,0,16->3,,14.790054,inf,0.0,218.0,218.0,14.790054,166.666667,196.547276,166.666667,0.0,0.0,0.0,0,218.0,0.5,0.5,0.05,5,0.0,0.0
AttMpls,SM,2,B1,17,3,3,0,17->3,,6.647635,inf,0.0,166.0,166.0,6.647635,166.666667,188.404857,166.666667,0.0,0.0,0.0,0,166.0,0.5,0.5,0.05,5,0.0,0.0
AttMpls,SM,2,B1,18,3,1,1,18->3,,29.905639,inf,0.0,209.0,209.0,41.393068,1.901141,58.384764,1.901141,0.0,0.0,0.0,0,209.0,0.5,0.5,0.05,5,0.0,0.0
AttMpls,SM,2,B1,19,3,3,0,19->22->3,,28.851836,inf,0.0,154.0,154.0,28.851836,166.666667,210.609058,166.666667,0.0,0.0,0.0,0,154.0,0.5,0.5,0.05,5,0.0,0.0
AttMpls,SM,2,B1,20,2,2,0,20->21->3->1->2,,44.81939,63.24773,0.0,245.0,245.0,44.81939,3.337784,63.24773,3.337784,0.0,0.0,0.0,0,245.0,0.5,0.5,0.05,5,0.0,0.0
AttMpls,SM,2,B1,21,4,4,0,21->3->4,,32.931944,inf,0.0,130.0,130.0,32.931944,24.875622,72.898122,24.875622,0.0,0.0,0.0,0,130.0,0.5,0.5,0.05,5,0.0,0.0
AttMpls,SM,2,B1,22,2,2,0,22->3->1->2,,34.799293,53.227632,0.0,174.0,174.0,34.799293,3.337784,53.227632,3.337784,0.0,0.0,0.0,0,174.0,0.5,0.5,0.05,5,0.0,0.0
AttMpls,SM,2,B1,23,2,2,0,23->10->3->1->2,,44.293364,62.721703,0.0,152.0,152.0,43.616324,3.337784,62.044663,3.337784,0.0,0.0,0.0,0,152.0,0.5,0.5,0.05,5,0.0,0.0
AttMpls,SM,2,B1,24,2,2,0,24->23->10->4->7->2,,45.410864,63.839203,0.0,159.0,159.0,45.410864,3.337784,63.839203,3.337784,0.0,0.0,0.0,0,159.0,0.5,0.5,0.05,5,0.0,0.0
AttMpls,SM,2,B1,25,2,2,0,25->23->10->4->7->2,,49.370951,67.799291,0.0,167.0,167.0,44.370132,3.337784,62.798471,3.337784,0.0,0.0,0.0,0,167.0,0.5,0.5,0.05,5,0.0,0.0
AttMpls,SM,2,B3,1,1,1,0,1,1,0.0,15.987417,0.0,185.0,185.0,0.0,7.29927,22.389826,7.29927,0.0,0.0,0.0,0,185.0,0.5,0.5,0.05,5,0.0,0.0
AttMpls,SM,2,B3,2,2,2,0,2,2,0.0,18.428339,0.0,153.0,153.0,0.0,3.337784,18.428339,3.337784,0.0,0.0,0.0,0,153.0,0.5,0.5,0.05,5,0.0,0.0
AttMpls,SM,2,B3,3,3,3,0,3,3,0.0,inf,0.0,218.0,218.0,0.0,5.91716,21.007715,5.91716,0.0,0.0,0.0,0,218.0,0.5,0.5,0.05,5,0.0,0.0
AttMpls,SM,2,B3,4,4,4,0,4,4,0.0,inf,0.0,177.0,177.0,0.0,3.756574,18.84713,3.756574,0.0,0.0,0.0,0,177.0,0.5,0.5,0.05,5,0.0,0.0
AttMpls,SM,2,B3,5,4,1,1,5->8->7->4,5->8->1,11.517401,inf,0.0,202.0,202.0,7.033591,7.29927,29.423417,7.29927,0.0,0.0,0.0,0,202.0,0.5,0.5,0.05,5,0.0,0.0
AttMpls,SM,2,B3,6,4,1,1,6->9->4,6->8->1,10.84589,inf,0.0,161.0,161.0,12.011096,7.29927,34.400921,7.29927,0.0,0.0,0.0,0,161.0,0.5,0.5,0.05,5,0.0,0.0
AttMpls,SM,2,B3,7,4,4,0,7->4,7->4,5.777645,inf,0.0,157.0,157.0,5.777645,3.756574,24.624775,3.756574,0.0,0.0,0.0,0,157.0,0.5,0.5,0.05,5,0.0,0.0
AttMpls,SM,2,B3,8,4,4,0,8->7->4,8->7->4,7.771976,inf,0.0,178.0,178.0,7.771976,3.756574,26.619106,3.756574,0.0,0.0,0.0,0,178.0,0.5,0.5,0.05,5,0.0,0.0
AttMpls,SM,2,B3,9,4,4,0,9->4,9->4,7.384926,inf,0.0,161.0,161.0,7.384926,3.756574,26.232055,3.756574,0.0,0.0,0.0,0,161.0,0.5,0.5,0.05,5,0.0,0.0
AttMpls,SM,2,B3,10,4,4,0,10->4,10->4,7.919298,inf,0.0,166.0,166.0,7.919298,3.756574,26.766428,3.756574,0.0,0.0,0.0,0,166.0,0.5,0.5,0.05,5,0.0,0.0
AttMpls,SM,2,B3,11,4,1,1,11->14->10->4,11->15->6->8->1,23.864029,inf,0.0,243.0,243.0,27.055708,7.29927,49.445534,7.29927,0.0,0.0,0.0,0,243.0,0.5,0.5,0.05,5,0.0,0.0
AttMpls,SM,2,B3,12,4,4,0,12->14->10->4,12->14->10->4,20.354661,inf,0.0,180.0,180.0,20.354661,3.756574,39.201791,3.756574,0.0,0.0,0.0,0,180.0,0.5,0.5,0.05,5,0.0,0.0
AttMpls,SM,2,B3,13,3,3,0,13->14->17->3,13->14->10->3,17.998556,inf,0.0,166.0,166.0,17.056511,5.91716,38.064227,5.91716,0.0,0.0,0.0,0,166.0,0.5,0.5,0.05,5,0.0,0.0
AttMpls,SM,2,B3,14,3,1,1,14->10->3,14->6->8->1,12.999735,inf,0.0,175.0,175.0,23.624176,7.29927,46.014002,7.29927,0.0,0.0,0.0,0,175.0,0.5,0.5,0.05,5,0.0,0.0
AttMpls,SM,2,B3,15,3,1,1,15->6->10->3,15->6->8->1,18.153713,inf,0.0,197.0,197.0,18.46055,7.29927,40.850375,7.29927,0.0,0.0,0.0,0,197.0,0.5,0.5,0.05,5,0.0,0.0
AttMpls,SM,2,B3,16,3,3,0,16->3,16->3,14.790054,inf,0.0,218.0,218.0,14.790054,5.91716,35.797769,5.91716,0.0,0.0,0.0,0,218.0,0.5,0.5,0.05,5,0.0,0.0
AttMpls,SM,2,B3,17,3,3,0,17->3,17->3,6.647635,inf,0.0,166.0,166.0,6.647635,5.91716,27.65535,5.91716,0.0,0.0,0.0,0,166.0,0.5,0.5,0.05,5,0.0,0.0
AttMpls,SM,2,B3,18,3,3,0,18->3,18->3,29.905639,inf,0.0,209.0,209.0,29.905639,5.91716,50.913354,5.91716,0.0,0.0,0.0,0,209.0,0.5,0.5,0.05,5,0.0,0.0
AttMpls,SM,2,B3,19,3,3,0,19->22->3,19->22->3,28.851836,inf,0.0,154.0,154.0,28.851836,5.91716,49.859551,5.91716,0.0,0.0,0.0,0,154.0,0.5,0.5,0.05,5,0.0,0.0
AttMpls,SM,2,B3,20,2,2,0,20->21->3->1->2,20->21->3->1->2,44.81939,63.24773,0.0,245.0,245.0,44.81939,3.337784,63.24773,3.337784,0.0,0.0,0.0,0,245.0,0.5,0.5,0.05,5,0.0,0.0
AttMpls,SM,2,B3,21,4,4,0,21->3->4,21->3->4,32.931944,inf,0.0,130.0,130.0,32.931944,3.756574,51.779074,3.756574,0.0,0.0,0.0,0,130.0,0.5,0.5,0.05,5,0.0,0.0
AttMpls,SM,2,B3,22,2,2,0,22->3->1->2,22->3->1->2,34.799293,53.227632,0.0,174.0,174.0,34.799293,3.337784,53.227632,3.337784,0.0,0.0,0.0,0,174.0,0.5,0.5,0.05,5,0.0,0.0
AttMpls,SM,2,B3,23,2,2,0,23->10->3->1->2,23->10->4->7->2,44.293364,62.721703,0.0,152.0,152.0,43.616324,3.337784,62.044663,3.337784,0.0,0.0,0.0,0,152.0,0.5,0.5,0.05,5,0.0,0.0
AttMpls,SM,2,B3,24,2,2,0,24->23->10->4->7->2,24->23->10->4->7->2,45.410864,63.839203,0.0,159.0,159.0,45.410864,3.337784,63.839203,3.337784,0.0,0.0,0.0,0,159.0,0.5,0.5,0.05,5,0.0,0.0
AttMpls,SM,2,B3,25,2,2,0,25->23->10->4->7->2,25->13->14->6->8->1->2,49.370951,67.799291,0.0,167.0,167.0,44.370132,3.337784,62.798471,3.337784,0.0,0.0,0.0,0,167.0,0.5,0.5,0.05,5,0.0,0.0
AttMpls,SM,2,MCF_ARC,1,1,1,0,1,1,0.0,15.987417,0.0,185.0,185.0,0.0,4.304333,19.205782,4.115226,0.0,0.0,0.0,0,185.0,0.5,0.5,0.05,5,0.0,0.0
AttMpls,SM,2,MCF_ARC,2,2,2,0,2,2,0.0,18.428339,0.0,153.0,153.0,0.0,3.387644,18.428339,3.337784,0.0,0.0,0.0,0,153.0,0.5,0.5,0.05,5,0.0,0.0
AttMpls,SM,2,MCF_ARC,3,3,3,0,3,3,0.0,inf,0.0,218.0,218.0,0.0,4.722123,19.554841,4.464286,0.0,0.0,0.0,0,218.0,0.5,0.5,0.05,5,0.0,0.0
AttMpls,SM,2,MCF_ARC,4,4,4,0,4,4,0.0,inf,0.0,177.0,177.0,0.0,11.469671,24.596259,9.505703,0.0,0.0,0.0,0,177.0,0.5,0.5,0.05,5,0.0,0.0
AttMpls,SM,2,MCF_ARC,5,4,1,1,5->8->7->4,5->8->1,11.517401,inf,0.0,202.0,202.0,7.033591,4.304333,26.239373,4.115226,0.0,0.0,0.0,0,202.0,0.5,0.5,0.05,5,0.0,0.0
AttMpls,SM,2,MCF_ARC,6,4,4,0,6->9->4,6->9->4,10.84589,inf,0.0,161.0,161.0,10.84589,11.469671,35.442149,9.505703,0.0,0.0,0.0,0,161.0,0.5,0.5,0.05,5,0.0,0.0
AttMpls,SM,2,MCF_ARC,7,4,4,0,7->4,7->4,5.777645,inf,0.0,157.0,157.0,5.777645,11.469671,30.373904,9.505703,0.0,0.0,0.0,0,157.0,0.5,0.5,0.05,5,0.0,0.0
AttMpls,SM,2,MCF_ARC,8,4,4,0,8->7->4,8->7->4,7.771976,inf,0.0,178.0,178.0,7.771976,11.469671,32.368235,9.505703,0.0,0.0,0.0,0,178.0,0.5,0.5,0.05,5,0.0,0.0
AttMpls,SM,2,MCF_ARC,9,4,4,0,9->4,9->4,7.384926,inf,0.0,161.0,161.0,7.384926,11.469671,31.981185,9.505703,0.0,0.0,0.0,0,161.0,0.5,0.5,0.05,5,0.0,0.0
AttMpls,SM,2,MCF_ARC,10,4,4,0,10->4,10->4,7.919298,inf,0.0,166.0,166.0,7.919298,11.469671,32.515557,9.505703,0.0,0.0,0.0,0,166.0,0.5,0.5,0.05,5,0.0,0.0
AttMpls,SM,2,MCF_ARC,11,4,1,1,11->14->10->4,11->14->10->3->1,23.864029,inf,0.0,243.0,243.0,31.615737,4.304333,50.821519,4.115226,0.0,0.0,0.0,0,243.0,0.5,0.5,0.05,5,0.0,0.0
AttMpls,SM,2,MCF_ARC,12,4,4,0,12->14->10->4,12->14->10->4,20.354661,inf,0.0,180.0,180.0,20.354661,11.469671,44.95092,9.505703,0.0,0.0,0.0,0,180.0,0.5,0.5,0.05,5,0.0,0.0
AttMpls,SM,2,MCF_ARC,13,3,3,0,13->14->17->3,13->14->10->3,17.998556,inf,0.0,166.0,166.0,17.056511,4.722123,36.611353,4.464286,0.0,0.0,0.0,0,166.0,0.5,0.5,0.05,5,0.0,0.0
AttMpls,SM,2,MCF_ARC,14,3,3,0,14->10->3,14->10->3,12.999735,inf,0.0,175.0,175.0,12.999735,4.722123,32.554576,4.464286,0.0,0.0,0.0,0,175.0,0.5,0.5,0.05,5,0.0,0.0
AttMpls,SM,2,MCF_ARC,15,3,3,0,15->6->10->3,15->6->10->3,18.153713,inf,0.0,197.0,197.0,18.153713,4.722123,37.708554,4.464286,0.0,0.0,0.0,0,197.0,0.5,0.5,0.05,5,0.0,0.0
AttMpls,SM,2,MCF_ARC,16,3,1,1,16->3,16->3->1,14.790054,inf,0.0,218.0,218.0,26.277483,4.304333,45.483265,4.115226,0.0,0.0,0.0,0,218.0,0.5,0.5,0.05,5,0.0,0.0
AttMpls,SM,2,MCF_ARC,17,3,3,0,17->3,17->3,6.647635,inf,0.0,166.0,166.0,6.647635,4.722123,26.202476,4.464286,0.0,0.0,0.0,0,166.0,0.5,0.5,0.05,5,0.0,0.0
AttMpls,SM,2,MCF_ARC,18,3,1,1,18->3,18->3->1,29.905639,inf,0.0,209.0,209.0,41.393068,4.304333,60.59885,4.115226,0.0,0.0,0.0,0,209.0,0.5,0.5,0.05,5,0.0,0.0
AttMpls,SM,2,MCF_ARC,19,3,3,0,19->22->3,19->22->3,28.851836,inf,0.0,154.0,154.0,28.851836,4.722123,48.406677,4.464286,0.0,0.0,0.0,0,154.0,0.5,0.5,0.05,5,0.0,0.0
AttMpls,SM,2,MCF_ARC,20,2,2,0,20->21->3->1->2,20->21->3->1->2,44.81939,63.24773,0.0,245.0,245.0,44.81939,3.387644,63.24773,3.337784,0.0,0.0,0.0,0,245.0,0.5,0.5,0.05,5,0.0,0.0
AttMpls,SM,2,MCF_ARC,21,4,4,0,21->3->4,21->3->4,32.931944,inf,0.0,130.0,130.0,32.931944,11.469671,57.528203,9.505703,0.0,0.0,0.0,0,130.0,0.5,0.5,0.05,5,0.0,0.0
AttMpls,SM,2,MCF_ARC,22,2,2,0,22->3->1->2,22->3->1->2,34.799293,53.227632,0.0,174.0,174.0,34.799293,3.387644,53.227632,3.337784,0.0,0.0,0.0,0,174.0,0.5,0.5,0.05,5,0.0,0.0
AttMpls,SM,2,MCF_ARC,23,2,2,0,23->10->3->1->2,23->10->4->7->2,44.293364,62.721703,0.0,152.0,152.0,43.616324,3.387644,62.044663,3.337784,0.0,0.0,0.0,0,152.0,0.5,0.5,0.05,5,0.0,0.0
AttMpls,SM,2,MCF_ARC,24,2,2,0,24->23->10->4->7->2,24->23->14->9->4->7->1->2,45.410864,63.839203,0.0,159.0,159.0,49.185191,3.387644,67.61353,3.337784,0.0,0.0,0.0,0,159.0,0.5,0.5,0.05,5,0.0,0.0
AttMpls,SM,2,MCF_ARC,25,2,2,0,25->23->10->4->7->2,25->13->14->10->4->7->1->2,49.370951,67.799291,0.0,167.0,167.0,44.55666,3.387644,62.985,3.337784,0.0,0.0,0.0,0,167.0,0.5,0.5,0.05,5,0.0,0.0
AttMpls,SM,3,B1,1,1,1,0,1,,0.0,15.952476,0.0,195.0,195.0,0.0,2.745744,17.8363,2.745744,0.0,0.0,0.0,0,195.0,0.5,0.5,0.05,5,0.0,0.0
AttMpls,SM,3,B1,2,2,2,0,2,,0.0,18.421668,0.0,152.0,152.0,0.0,3.331113,18.421668,3.331113,0.0,0.0,0.0,0,152.0,0.5,0.5,0.05,5,0.0,0.0
AttMpls,SM,3,B1,3,3,3,0,3,,0.0,inf,0.0,227.0,227.0,0.0,22.123894,37.214449,22.123894,0.0,0.0,0.0,0,227.0,0.5,0.5,0.05,5,0.0,0.0
AttMpls,SM,3,B1,4,4,4,0,4,,0.0,inf,0.0,201.0,201.0,0.0,14.326648,29.417203,14.326648,0.0,0.0,0.0,0,201.0,0.5,0.5,0.05,5,0.0,0.0
AttMpls,SM,3,B1,5,4,1,1,5->8->7->4,,11.517401,inf,0.0,203.0,203.0,7.033591,2.745744,24.869891,2.745744,0.0,0.0,0.0,0,203.0,0.5,0.5,0.05,5,0.0,0.0
AttMpls,SM,3,B1,6,4,4,0,6->9->4,,10.84589,inf,0.0,172.0,172.0,10.84589,14.326648,40.263093,14.326648,0.0,0.0,0.0,0,172.0,0.5,0.5,0.05,5,0.0,0.0
AttMpls,SM,3,B1,7,4,1,1,7->4,,5.777645,inf,0.0,188.0,188.0,1.297604,2.745744,19.133904,2.745744,0.0,0.0,0.0,0,188.0,0.5,0.5,0.05,5,0.0,0.0
AttMpls,SM,3,B1,8,4,1,1,8->7->4,,7.771976,inf,0.0,210.0,210.0,3.288166,2.745744,21.124466,2.745744,0.0,0.0,0.0,0,210.0,0.5,0.5,0.05,5,0.0,0.0
AttMpls,SM,3,B1,9,4,4,0,9->4,,7.384926,inf,0.0,165.0,165.0,7.384926,14.326648,36.802129,14.326648,0.0,0.0,0.0,0,165.0,0.5,0.5,0.05,5,0.0,0.0
AttMpls,SM,3,B1,10,4,4,0,10->4,,7.919298,inf,0.0,213.0,213.0,7.919298,14.326648,37.336501,14.326648,0.0,0.0,0.0,0,213.0,0.5,0.5,0.05,5,0.0,0.0
AttMpls,SM,3,B1,11,4,4,0,11->14->10->4,,23.864029,inf,0.0,217.0,217.0,23.864029,14.326648,53.281232,14.326648,0.0,0.0,0.0,0,217.0,0.5,0.5,0.05,5,0.0,0.0
AttMpls,SM,3,B1,12,3,4,1,12->14->10->3,,16.618941,inf,0.0,183.0,183.0,20.354661,14.326648,49.771864,14.326648,0.0,0.0,0.0,0,183.0,0.5,0.5,0.05,5,0.0,0.0
AttMpls,SM,3,B1,13,4,4,0,13->14->10->4,,20.792232,inf,0.0,176.0,176.0,20.792232,14.326648,50.209435,14.326648,0.0,0.0,0.0,0,176.0,0.5,0.5,0.05,5,0.0,0.0
AttMpls,SM,3,B1,14,3,3,0,14->10->3,,12.999735,inf,0.0,193.0,193.0,12.999735,22.123894,50.214185,22.123894,0.0,0.0,0.0,0,193.0,0.5,0.5,0.05,5,0.0,0.0
AttMpls,SM,3,B1,15,3,1,1,15->6->10->3,,18.153713,inf,0.0,195.0,195.0,18.46055,2.745744,36.296849,2.745744,0.0,0.0,0.0,0,195.0,0.5,0.5,0.05,5,0.0,0.0
AttMpls,SM,3,B1,16,3,3,0,16->3,,14.790054,inf,0.0,188.0,188.0,14.790054,22.123894,52.004503,22.123894,0.0,0.0,0.0,0,188.0,0.5,0.5,0.05,5,0.0,0.0
AttMpls,SM,3,B1,17,3,3,0,17->3,,6.647635,inf,0.0,160.0,160.0,6.647635,22.123894,43.862084,22.123894,0.0,0.0,0.0,0,160.0,0.5,0.5,0.05,5,0.0,0.0
AttMpls,SM,3,B1,18,3,3,0,18->3,,29.905639,inf,0.0,155.0,155.0,29.905639,22.123894,67.120088,22.123894,0.0,0.0,0.0,0,155.0,0.5,0.5,0.05,5,0.0,0.0
AttMpls,SM,3,B1,19,3,3,0,19->22->3,,28.851836,inf,0.0,206.0,206.0,28.851836,22.123894,66.066285,22.123894,0.0,0.0,0.0,0,206.0,0.5,0.5,0.05,5,0.0,0.0
AttMpls,SM,3,B1,20,3,3,0,20->21->3,,30.289412,inf,0.0,181.0,181.0,30.289412,22.123894,67.503861,22.123894,0.0,0.0,0.0,0,181.0,0.5,0.5,0.05,5,0.0,0.0
AttMpls,SM,3,B1,21,2,2,0,21->3->1->2,,42.489166,60.910834,0.0,146.0,146.0,42.489166,3.331113,60.910834,3.331113,0.0,0.0,0.0,0,146.0,0.5,0.5,0.05,5,0.0,0.0
AttMpls,SM,3,B1,22,2,2,0,22->3->1->2,,34.799293,53.220961,0.0,179.0,179.0,34.799293,3.331113,53.220961,3.331113,0.0,0.0,0.0,0,179.0,0.5,0.5,0.05,5,0.0,0.0
AttMpls,SM,3,B1,23,2,2,0,23->18->3->1->2,,50.026064,68.447732,0.0,170.0,170.0,43.616324,3.331113,62.037992,3.331113,0.0,0.0,0.0,0,170.0,0.5,0.5,0.05,5,0.0,0.0
AttMpls,SM,3,B1,24,2,2,0,24->23->10->4->7->2,,45.410864,63.832532,0.0,201.0,201.0,45.410864,3.331113,63.832532,3.331113,0.0,0.0,0.0,0,201.0,0.5,0.5,0.05,5,0.0,0.0
AttMpls,SM,3,B1,25,2,2,0,25->23->10->4->7->2,,49.370951,67.79262,0.0,207.0,207.0,44.370132,3.331113,62.7918,3.331113,0.0,0.0,0.0,0,207.0,0.5,0.5,0.05,5,0.0,0.0
AttMpls,SM,3,B3,1,1,1,0,1,1,0.0,15.952476,0.0,195.0,195.0,0.0,36.764706,51.855261,36.764706,0.0,0.0,0.0,0,195.0,0.5,0.5,0.05,5,0.0,0.0
AttMpls,SM,3,B3,2,2,2,0,2,2,0.0,18.421668,0.0,152.0,152.0,0.0,3.331113,18.421668,3.331113,0.0,0.0,0.0,0,152.0,0.5,0.5,0.05,5,0.0,0.0
AttMpls,SM,3,B3,3,3,3,0,3,3,0.0,inf,0.0,227.0,227.0,0.0,4.480287,19.570842,4.480287,0.0,0.0,0.0,0,227.0,0.5,0.5,0.05,5,0.0,0.0
AttMpls,SM,3,B3,4,4,4,0,4,4,0.0,inf,0.0,201.0,201.0,0.0,4.370629,19.461185,4.370629,0.0,0.0,0.0,0,201.0,0.5,0.5,0.05,5,0.0,0.0
AttMpls,SM,3,B3,5,4,4,0,5->8->7->4,5->8->7->4,11.517401,inf,0.0,203.0,203.0,11.517401,4.370629,30.978586,4.370629,0.0,0.0,0.0,0,203.0,0.5,0.5,0.05,5,0.0,0.0
AttMpls,SM,3,B3,6,4,1,1,6->9->4,6->8->1,10.84589,inf,0.0,172.0,172.0,12.011096,36.764706,63.866357,36.764706,0.0,0.0,0.0,0,172.0,0.5,0.5,0.05,5,0.0,0.0
AttMpls,SM,3,B3,7,4,1,1,7->4,7->1,5.777645,inf,0.0,188.0,188.0,1.297604,36.764706,53.152866,36.764706,0.0,0.0,0.0,0,188.0,0.5,0.5,0.05,5,0.0,0.0
AttMpls,SM,3,B3,8,4,4,0,8->7->4,8->7->4,7.771976,inf,0.0,210.0,210.0,7.771976,4.370629,27.233161,4.370629,0.0,0.0,0.0,0,210.0,0.5,0.5,0.05,5,0.0,0.0
AttMpls,SM,3,B3,9,4,4,0,9->4,9->4,7.384926,inf,0.0,165.0,165.0,7.384926,4.370629,26.846111,4.370629,0.0,0.0,0.0,0,165.0,0.5,0.5,0.05,5,0.0,0.0
AttMpls,SM,3,B3,10,4,4,0,10->4,10->4,7.919298,inf,0.0,213.0,213.0,7.919298,4.370629,27.380483,4.370629,0.0,0.0,0.0,0,213.0,0.5,0.5,0.05,5,0.0,0.0
AttMpls,SM,3,B3,11,4,1,1,11->14->10->4,11->15->6->8->1,23.864029,inf,0.0,217.0,217.0,27.055708,36.764706,78.910969,36.764706,0.0,0.0,0.0,0,217.0,0.5,0.5,0.05,5,0.0,0.0
AttMpls,SM,3,B3,12,3,3,0,12->14->10->3,12->14->10->3,16.618941,inf,0.0,183.0,183.0,16.618941,4.480287,36.189783,4.480287,0.0,0.0,0.0,0,183.0,0.5,0.5,0.05,5,0.0,0.0
AttMpls,SM,3,B3,13,4,4,0,13->14->10->4,13->14->10->4,20.792232,inf,0.0,176.0,176.0,20.792232,4.370629,40.253417,4.370629,0.0,0.0,0.0,0,176.0,0.5,0.5,0.05,5,0.0,0.0
AttMpls,SM,3,B3,14,3,3,0,14->10->3,14->10->3,12.999735,inf,0.0,193.0,193.0,12.999735,4.480287,32.570577,4.480287,0.0,0.0,0.0,0,193.0,0.5,0.5,0.05,5,0.0,0.0
AttMpls,SM,3,B3,15,3,1,1,15->6->10->3,15->6->8->1,18.153713,inf,0.0,195.0,195.0,18.46055,36.764706,70.315811,36.764706,0.0,0.0,0.0,0,195.0,0.5,0.5,0.05,5,0.0,0.0
AttMpls,SM,3,B3,16,3,3,0,16->3,16->3,14.790054,inf,0.0,188.0,188.0,14.790054,4.480287,34.360896,4.480287,0.0,0.0,0.0,0,188.0,0.5,0.5,0.05,5,0.0,0.0
AttMpls,SM,3,B3,17,3,3,0,17->3,17->3,6.647635,inf,0.0,160.0,160.0,6.647635,4.480287,26.218477,4.480287,0.0,0.0,0.0,0,160.0,0.5,0.5,0.05,5,0.0,0.0
AttMpls,SM,3,B3,18,3,1,1,18->3,18->3->1,29.905639,inf,0.0,155.0,155.0,41.393068,36.764706,93.248329,36.764706,0.0,0.0,0.0,0,155.0,0.5,0.5,0.05,5,0.0,0.0
AttMpls,SM,3,B3,19,3,1,1,19->22->3,19->22->3->1,28.851836,inf,0.0,206.0,206.0,40.339265,36.764706,92.194526,36.764706,0.0,0.0,0.0,0,206.0,0.5,0.5,0.05,5,0.0,0.0
AttMpls,SM,3,B3,20,3,3,0,20->21->3,20->21->3,30.289412,inf,0.0,181.0,181.0,30.289412,4.480287,49.860254,4.480287,0.0,0.0,0.0,0,181.0,0.5,0.5,0.05,5,0.0,0.0
AttMpls,SM,3,B3,21,2,2,0,21->3->1->2,21->3->1->2,42.489166,60.910834,0.0,146.0,146.0,42.489166,3.331113,60.910834,3.331113,0.0,0.0,0.0,0,146.0,0.5,0.5,0.05,5,0.0,0.0
AttMpls,SM,3,B3,22,2,2,0,22->3->1->2,22->3->1->2,34.799293,53.220961,0.0,179.0,179.0,34.799293,3.331113,53.220961,3.331113,0.0,0.0,0.0,0,179.0,0.5,0.5,0.05,5,0.0,0.0
AttMpls,SM,3,B3,23,2,2,0,23->18->3->1->2,23->10->4->7->2,50.026064,68.447732,0.0,170.0,170.0,43.616324,3.331113,62.037992,3.331113,0.0,0.0,0.0,0,170.0,0.5,0.5,0.05,5,0.0,0.0
AttMpls,SM,3,B3,24,2,2,0,24->23->10->4->7->2,24->23->10->4->7->2,45.410864,63.832532,0.0,201.0,201.0,45.410864,3.331113,63.832532,3.331113,0.0,0.0,0.0,0,201.0,0.5,0.5,0.05,5,0.0,0.0
AttMpls,SM,3,B3,25,2,2,0,25->23->10->4->7->2,25->13->14->6->8->1->2,49.370951,67.79262,0.0,207.0,207.0,44.370132,3.331113,62.7918,3.331113,0.0,0.0,0.0,0,207.0,0.5,0.5,0.05,5,0.0,0.0
AttMpls,SM,3,MCF_ARC,1,1,1,0,1,1,0.0,15.952476,0.0,195.0,195.0,0.0,3.115863,18.128223,3.037667,0.0,0.0,0.0,0,195.0,0.5,0.5,0.05,5,0.0,0.0
AttMpls,SM,3,MCF_ARC,2,2,2,0,2,2,0.0,18.421668,0.0,152.0,152.0,0.0,3.379492,18.421668,3.331113,0.0,0.0,0.0,0,152.0,0.5,0.5,0.05,5,0.0,0.0
AttMpls,SM,3,MCF_ARC,3,3,3,0,3,3,0.0,inf,0.0,227.0,227.0,0.0,14.720873,29.753312,14.662757,0.0,0.0,0.0,0,227.0,0.5,0.5,0.05,5,0.0,0.0
AttMpls,SM,3,MCF_ARC,4,4,4,0,4,4,0.0,inf,0.0,201.0,201.0,0.0,13.369276,27.315494,12.224939,0.0,0.0,0.0,0,201.0,0.5,0.5,0.05,5,0.0,0.0
AttMpls,SM,3,MCF_ARC,5,4,4,0,5->8->7->4,5->8->7->4,11.517401,inf,0.0,203.0,203.0,11.517401,13.369276,38.832896,12.224939,0.0,0.0,0.0,0,203.0,0.5,0.5,0.05,5,0.0,0.0
AttMpls,SM,3,MCF_ARC,6,4,4,0,6->9->4,6->9->4,10.84589,inf,0.0,172.0,172.0,10.84589,13.369276,38.161384,12.224939,0.0,0.0,0.0,0,172.0,0.5,0.5,0.05,5,0.0,0.0
AttMpls,SM,3,MCF_ARC,7,4,4,0,7->4,7->4,5.777645,inf,0.0,188.0,188.0,5.777645,13.369276,33.09314,12.224939,0.0,0.0,0.0,0,188.0,0.5,0.5,0.05,5,0.0,0.0
AttMpls,SM,3,MCF_ARC,8,4,4,0,8->7->4,8->1->2->7->4,7.771976,inf,0.0,210.0,210.0,16.447934,13.369276,43.763429,12.224939,0.0,0.0,0.0,0,210.0,0.5,0.5,0.05,5,0.0,0.0
AttMpls,SM,3,MCF_ARC,9,4,4,0,9->4,9->4,7.384926,inf,0.0,165.0,165.0,7.384926,13.369276,34.70042,12.224939,0.0,0.0,0.0,0,165.0,0.5,0.5,0.05,5,0.0,0.0
AttMpls,SM,3,MCF_ARC,10,4,1,1,10->4,10->17->3->1,7.919298,inf,0.0,213.0,213.0,22.016622,3.115863,40.144844,3.037667,0.0,0.0,0.0,0,213.0,0.5,0.5,0.05,5,0.0,0.0
AttMpls,SM,3,MCF_ARC,11,4,1,1,11->14->10->4,11->14->6->5->8->7->1,23.864029,inf,0.0,217.0,217.0,31.49998,3.115863,49.628202,3.037667,0.0,0.0,0.0,0,217.0,0.5,0.5,0.05,5,0.0,0.0
AttMpls,SM,3,MCF_ARC,12,3,3,0,12->14->10->3,12->13->14->10->3,16.618941,inf,0.0,183.0,183.0,20.112221,14.720873,49.865533,14.662757,0.0,0.0,0.0,0,183.0,0.5,0.5,0.05,5,0.0,0.0
AttMpls,SM,3,MCF_ARC,13,4,4,0,13->14->10->4,13->12->14->9->4,20.792232,inf,0.0,176.0,176.0,23.995939,13.369276,51.311433,12.224939,0.0,0.0,0.0,0,176.0,0.5,0.5,0.05,5,0.0,0.0
AttMpls,SM,3,MCF_ARC,14,3,3,0,14->10->3,14->6->10->3,12.999735,inf,0.0,193.0,193.0,23.31734,14.720873,53.070652,14.662757,0.0,0.0,0.0,0,193.0,0.5,0.5,0.05,5,0.0,0.0
AttMpls,SM,3,MCF_ARC,15,3,1,1,15->6->10->3,15->6->8->7->1,18.153713,inf,0.0,195.0,195.0,18.464319,3.115863,36.592541,3.037667,0.0,0.0,0.0,0,195.0,0.5,0.5,0.05,5,0.0,0.0
AttMpls,SM,3,MCF_ARC,16,3,3,0,16->3,16->22->3,14.790054,inf,0.0,188.0,188.0,26.252153,14.720873,56.005465,14.662757,0.0,0.0,0.0,0,188.0,0.5,0.5,0.05,5,0.0,0.0
AttMpls,SM,3,MCF_ARC,17,3,3,0,17->3,17->3,6.647635,inf,0.0,160.0,160.0,6.647635,14.720873,36.400947,14.662757,0.0,0.0,0.0,0,160.0,0.5,0.5,0.05,5,0.0,0.0
AttMpls,SM,3,MCF_ARC,18,3,3,0,18->3,18->3,29.905639,inf,0.0,155.0,155.0,29.905639,14.720873,59.658951,14.662757,0.0,0.0,0.0,0,155.0,0.5,0.5,0.05,5,0.0,0.0
AttMpls,SM,3,MCF_ARC,19,3,1,1,19->22->3,19->18->3->1,28.851836,inf,0.0,206.0,206.0,42.600774,3.115863,60.728997,3.037667,0.0,0.0,0.0,0,206.0,0.5,0.5,0.05,5,0.0,0.0
AttMpls,SM,3,MCF_ARC,20,3,3,0,20->21->3,20->21->3,30.289412,inf,0.0,181.0,181.0,30.289412,14.720873,60.042724,14.662757,0.0,0.0,0.0,0,181.0,0.5,0.5,0.05,5,0.0,0.0
AttMpls,SM,3,MCF_ARC,21,2,2,0,21->3->1->2,21->3->7->2,42.489166,60.910834,0.0,146.0,146.0,43.018452,3.379492,61.44012,3.331113,0.0,0.0,0.0,0,146.0,0.5,0.5,0.05,5,0.0,0.0
AttMpls,SM,3,MCF_ARC,22,2,2,0,22->3->1->2,22->19->18->14->10->4->7->2,34.799293,53.220961,0.0,179.0,179.0,60.511982,3.379492,78.93365,3.331113,0.0,0.0,0.0,0,179.0,0.5,0.5,0.05,5,0.0,0.0
AttMpls,SM,3,MCF_ARC,23,2,2,0,23->18->3->1->2,23->10->4->7->1->2,50.026064,68.447732,0.0,170.0,170.0,43.616905,3.379492,62.038573,3.331113,0.0,0.0,0.0,0,170.0,0.5,0.5,0.05,5,0.0,0.0
AttMpls,SM,3,MCF_ARC,24,2,2,0,24->23->10->4->7->2,24->23->22->3->1->2,45.410864,63.832532,0.0,201.0,201.0,45.918923,3.379492,64.340591,3.331113,0.0,0.0,0.0,0,201.0,0.5,0.5,0.05,5,0.0,0.0
AttMpls,SM,3,MCF_ARC,25,2,2,0,25->23->10->4->7->2,25->23->10->4->7->2,49.370951,67.79262,0.0,207.0,207.0,49.370951,3.379492,67.79262,3.331113,0.0,0.0,0.0,0,207.0,0.5,0.5,0.05,5,0.0,0.0
AttMpls,SM,4,B1,1,1,1,0,1,,0.0,15.98469,0.0,184.0,184.0,0.0,1.86428,16.954836,1.86428,0.0,0.0,0.0,0,184.0,0.5,0.5,0.05,5,0.0,0.0
AttMpls,SM,4,B1,2,2,2,0,2,,0.0,19.100179,0.0,161.0,161.0,0.0,4.009623,19.100179,4.009623,0.0,0.0,0.0,0,161.0,0.5,0.5,0.05,5,0.0,0.0
AttMpls,SM,4,B1,3,3,3,0,3,,0.0,inf,0.0,234.0,234.0,0.0,46.728972,61.819527,46.728972,0.0,0.0,0.0,0,234.0,0.5,0.5,0.05,5,0.0,0.0
AttMpls,SM,4,B1,4,4,4,0,4,,0.0,inf,0.0,194.0,194.0,0.0,138.888889,153.979444,138.888889,0.0,0.0,0.0,0,194.0,0.5,0.5,0.05,5,0.0,0.0
AttMpls,SM,4,B1,5,4,1,1,5->8->7->4,,11.517401,inf,0.0,186.0,186.0,7.033591,1.86428,23.988427,1.86428,0.0,0.0,0.0,0,186.0,0.5,0.5,0.05,5,0.0,0.0
AttMpls,SM,4,B1,6,4,4,0,6->9->4,,10.84589,inf,0.0,173.0,173.0,10.84589,138.888889,164.825334,138.888889,0.0,0.0,0.0,0,173.0,0.5,0.5,0.05,5,0.0,0.0
AttMpls,SM,4,B1,7,4,1,1,7->4,,5.777645,inf,0.0,191.0,191.0,1.297604,1.86428,18.25244,1.86428,0.0,0.0,0.0,0,191.0,0.5,0.5,0.05,5,0.0,0.0
AttMpls,SM,4,B1,8,4,1,1,8->7->4,,7.771976,inf,0.0,205.0,205.0,3.288166,1.86428,20.243002,1.86428,0.0,0.0,0.0,0,205.0,0.5,0.5,0.05,5,0.0,0.0
AttMpls,SM,4,B1,9,4,4,0,9->4,,7.384926,inf,0.0,175.0,175.0,7.384926,138.888889,161.36437,138.888889,0.0,0.0,0.0,0,175.0,0.5,0.5,0.05,5,0.0,0.0
AttMpls,SM,4,B1,10,4,4,0,10->4,,7.919298,inf,0.0,202.0,202.0,7.919298,138.888889,161.898743,138.888889,0.0,0.0,0.0,0,202.0,0.5,0.5,0.05,5,0.0,0.0
AttMpls,SM,4,B1,11,4,4,0,11->14->10->4,,23.864029,inf,0.0,184.0,184.0,23.864029,138.888889,177.843473,138.888889,0.0,0.0,0.0,0,184.0,0.5,0.5,0.05,5,0.0,0.0
AttMpls,SM,4,B1,12,4,4,0,12->14->10->4,,20.354661,inf,0.0,155.0,155.0,20.354661,138.888889,174.334106,138.888889,0.0,0.0,0.0,0,155.0,0.5,0.5,0.05,5,0.0,0.0
AttMpls,SM,4,B1,13,3,3,0,13->14->10->3,,17.056511,inf,0.0,183.0,183.0,17.056511,46.728972,78.876039,46.728972,0.0,0.0,0.0,0,183.0,0.5,0.5,0.05,5,0.0,0.0
AttMpls,SM,4,B1,14,3,3,0,14->10->3,,12.999735,inf,0.0,178.0,178.0,12.999735,46.728972,74.819263,46.728972,0.0,0.0,0.0,0,178.0,0.5,0.5,0.05,5,0.0,0.0
AttMpls,SM,4,B1,15,3,3,0,15->6->10->3,,18.153713,inf,0.0,175.0,175.0,18.153713,46.728972,79.973241,46.728972,0.0,0.0,0.0,0,175.0,0.5,0.5,0.05,5,0.0,0.0
AttMpls,SM,4,B1,16,3,3,0,16->3,,14.790054,inf,0.0,176.0,176.0,14.790054,46.728972,76.609581,46.728972,0.0,0.0,0.0,0,176.0,0.5,0.5,0.05,5,0.0,0.0
AttMpls,SM,4,B1,17,3,4,1,17->3,,6.647635,inf,0.0,208.0,208.0,11.620391,138.888889,165.599836,138.888889,0.0,0.0,0.0,0,208.0,0.5,0.5,0.05,5,0.0,0.0
AttMpls,SM,4,B1,18,3,3,0,18->3,,29.905639,inf,0.0,176.0,176.0,29.905639,46.728972,91.725166,46.728972,0.0,0.0,0.0,0,176.0,0.5,0.5,0.05,5,0.0,0.0
AttMpls,SM,4,B1,19,3,3,0,19->22->3,,28.851836,inf,0.0,159.0,159.0,28.851836,46.728972,90.671363,46.728972,0.0,0.0,0.0,0,159.0,0.5,0.5,0.05,5,0.0,0.0
AttMpls,SM,4,B1,20,2,2,0,20->21->3->1->2,,44.81939,63.919569,0.0,177.0,177.0,44.81939,4.009623,63.919569,4.009623,0.0,0.0,0.0,0,177.0,0.5,0.5,0.05,5,0.0,0.0
AttMpls,SM,4,B1,21,2,2,0,21->3->7->1->2,,43.019032,62.119211,0.0,212.0,212.0,42.489166,4.009623,61.589345,4.009623,0.0,0.0,0.0,0,212.0,0.5,0.5,0.05,5,0.0,0.0
AttMpls,SM,4,B1,22,2,2,0,22->3->1->2,,34.799293,53.899471,0.0,144.0,144.0,34.799293,4.009623,53.899471,4.009623,0.0,0.0,0.0,0,144.0,0.5,0.5,0.05,5,0.0,0.0
AttMpls,SM,4,B1,23,2,2,0,23->10->4->7->2,,43.616324,62.716503,0.0,150.0,150.0,43.616324,4.009623,62.716503,4.009623,0.0,0.0,0.0,0,150.0,0.5,0.5,0.05,5,0.0,0.0
AttMpls,SM,4,B1,24,3,4,1,24->23->22->3,,31.388944,inf,0.0,109.0,109.0,35.293645,138.888889,189.27309,138.888889,0.0,0.0,0.0,0,109.0,0.5,0.5,0.05,5,0.0,0.0
AttMpls,SM,4,B1,25,2,2,0,25->23->18->3->1->2,,55.780691,74.88087,0.0,209.0,209.0,44.370132,4.009623,63.470311,4.009623,0.0,0.0,0.0,0,209.0,0.5,0.5,0.05,5,0.0,0.0
AttMpls,SM,4,B3,1,1,1,0,1,1,0.0,15.98469,0.0,184.0,184.0,0.0,11.990408,27.080963,11.990408,0.0,0.0,0.0,0,184.0,0.5,0.5,0.05,5,0.0,0.0
AttMpls,SM,4,B3,2,2,2,0,2,2,0.0,19.100179,0.0,161.0,161.0,0.0,4.009623,19.100179,4.009623,0.0,0.0,0.0,0,161.0,0.5,0.5,0.05,5,0.0,0.0
AttMpls,SM,4,B3,3,3,3,0,3,3,0.0,inf,0.0,234.0,234.0,0.0,5.09165,20.182205,5.09165,0.0,0.0,0.0,0,234.0,0.5,0.5,0.05,5,0.0,0.0
AttMpls,SM,4,B3,4,4,4,0,4,4,0.0,inf,0.0,194.0,194.0,0.0,3.506311,18.596867,3.506311,0.0,0.0,0.0,0,194.0,0.5,0.5,0.05,5,0.0,0.0
AttMpls,SM,4,B3,5,4,1,1,5->8->7->4,5->8->1,11.517401,inf,0.0,186.0,186.0,7.033591,11.990408,34.114554,11.990408,0.0,0.0,0.0,0,186.0,0.5,0.5,0.05,5,0.0,0.0
AttMpls,SM,4,B3,6,4,1,1,6->9->4,6->8->1,10.84589,inf,0.0,173.0,173.0,12.011096,11.990408,39.092059,11.990408,0.0,0.0,0.0,0,173.0,0.5,0.5,0.05,5,0.0,0.0
AttMpls,SM,4,B3,7,4,4,0,7->4,7->4,5.777645,inf,0.0,191.0,191.0,5.777645,3.506311,24.374512,3.506311,0.0,0.0,0.0,0,191.0,0.5,0.5,0.05,5,0.0,0.0
AttMpls,SM,4,B3,8,4,4,0,8->7->4,8->7->4,7.771976,inf,0.0,205.0,205.0,7.771976,3.506311,26.368843,3.506311,0.0,0.0,0.0,0,205.0,0.5,0.5,0.05,5,0.0,0.0
AttMpls,SM,4,B3,9,4,4,0,9->4,9->4,7.384926,inf,0.0,175.0,175.0,7.384926,3.506311,25.981793,3.506311,0.0,0.0,0.0,0,175.0,0.5,0.5,0.05,5,0.0,0.0
AttMpls,SM,4,B3,10,4,4,0,10->4,10->4,7.919298,inf,0.0,202.0,202.0,7.919298,3.506311,26.516165,3.506311,0.0,0.0,0.0,0,202.0,0.5,0.5,0.05,5,0.0,0.0
AttMpls,SM,4,B3,11,4,1,1,11->14->10->4,11->15->6->8->1,23.864029,inf,0.0,184.0,184.0,27.055708,11.990408,54.136671,11.990408,0.0,0.0,0.0,0,184.0,0.5,0.5,0.05,5,0.0,0.0
AttMpls,SM,4,B3,12,4,4,0,12->14->10->4,12->14->10->4,20.354661,inf,0.0,155.0,155.0,20.354661,3.506311,38.951528,3.506311,0.0,0.0,0.0,0,155.0,0.5,0.5,0.05,5,0.0,0.0
AttMpls,SM,4,B3,13,3,3,0,13->14->10->3,13->14->10->3,17.056511,inf,0.0,183.0,183.0,17.056511,5.09165,37.238717,5.09165,0.0,0.0,0.0,0,183.0,0.5,0.5,0.05,5,0.0,0.0
AttMpls,SM,4,B3,14,3,3,0,14->10->3,14->10->3,12.999735,inf,0.0,178.0,178.0,12.999735,5.09165,33.18194,5.09165,0.0,0.0,0.0,0,178.0,0.5,0.5,0.05,5,0.0,0.0
AttMpls,SM,4,B3,15,3,1,1,15->6->10->3,15->6->8->1,18.153713,inf,0.0,175.0,175.0,18.46055,11.990408,45.541513,11.990408,0.0,0.0,0.0,0,175.0,0.5,0.5,0.05,5,0.0,0.0
AttMpls,SM,4,B3,16,3,3,0,16->3,16->3,14.790054,inf,0.0,176.0,176.0,14.790054,5.09165,34.972259,5.09165,0.0,0.0,0.0,0,176.0,0.5,0.5,0.05,5,0.0,0.0
AttMpls,SM,4,B3,17,3,1,1,17->3,17->3->1,6.647635,inf,0.0,208.0,208.0,18.135064,11.990408,45.216027,11.990408,0.0,0.0,0.0,0,208.0,0.5,0.5,0.05,5,0.0,0.0
AttMpls,SM,4,B3,18,3,3,0,18->3,18->3,29.905639,inf,0.0,176.0,176.0,29.905639,5.09165,50.087844,5.09165,0.0,0.0,0.0,0,176.0,0.5,0.5,0.05,5,0.0,0.0
AttMpls,SM,4,B3,19,3,3,0,19->22->3,19->22->3,28.851836,inf,0.0,159.0,159.0,28.851836,5.09165,49.034041,5.09165,0.0,0.0,0.0,0,159.0,0.5,0.5,0.05,5,0.0,0.0
AttMpls,SM,4,B3,20,2,2,0,20->21->3->1->2,20->21->3->1->2,44.81939,63.919569,0.0,177.0,177.0,44.81939,4.009623,63.919569,4.009623,0.0,0.0,0.0,0,177.0,0.5,0.5,0.05,5,0.0,0.0
AttMpls,SM,4,B3,21,2,2,0,21->3->7->1->2,21->3->1->2,43.019032,62.119211,0.0,212.0,212.0,42.489166,4.009623,61.589345,4.009623,0.0,0.0,0.0,0,212.0,0.5,0.5,0.05,5,0.0,0.0
AttMpls,SM,4,B3,22,2,2,0,22->3->1->2,22->3->1->2,34.799293,53.899471,0.0,144.0,144.0,34.799293,4.009623,53.899471,4.009623,0.0,0.0,0.0,0,144.0,0.5,0.5,0.05,5,0.0,0.0
AttMpls,SM,4,B3,23,2,2,0,23->10->4->7->2,23->10->4->7->2,43.616324,62.716503,0.0,150.0,150.0,43.616324,4.009623,62.716503,4.009623,0.0,0.0,0.0,0,150.0,0.5,0.5,0.05,5,0.0,0.0
AttMpls,SM,4,B3,24,3,1,1,24->23->22->3,24->23->10->4->7->1,31.388944,inf,0.0,109.0,109.0,42.368894,11.990408,69.449858,11.990408,0.0,0.0,0.0,0,109.0,0.5,0.5,0.05,5,0.0,0.0
AttMpls,SM,4,B3,25,2,2,0,25->23->18->3->1->2,25->13->14->6->8->1->2,55.780691,74.88087,0.0,209.0,209.0,44.370132,4.009623,63.470311,4.009623,0.0,0.0,0.0,0,209.0,0.5,0.5,0.05,5,0.0,0.0
CrlNetworkServices,SM,0,B1,1,1,1,0,1,,0.0,25.907486,0.0,154.0,154.0,0.0,1.515152,26.630245,1.515152,0.0,0.0,0.0,0,154.0,0.5,0.5,0.05,5,0.0,0.0
CrlNetworkServices,SM,0,B1,2,2,2,0,2,,0.0,26.340884,0.0,171.0,171.0,0.0,2.142245,27.257338,2.142245,0.0,0.0,0.0,0,171.0,0.5,0.5,0.05,5,0.0,0.0
CrlNetworkServices,SM,0,B1,3,3,3,0,3,,0.0,inf,0.0,163.0,163.0,0.0,277.777778,302.892871,277.777778,0.0,0.0,0.0,0,163.0,0.5,0.5,0.05,5,0.0,0.0
CrlNetworkServices,SM,0,B1,4,4,3,1,4,,0.0,inf,0.0,152.0,152.0,1.428477,277.777778,304.321349,277.777778,0.0,0.0,0.0,0,152.0,0.5,0.5,0.05,5,0.0,0.0
CrlNetworkServices,SM,0,B1,5,5,5,0,5,,0.0,inf,0.0,216.0,216.0,0.0,73.529412,98.644505,73.529412,0.0,0.0,0.0,0,216.0,0.5,0.5,0.05,5,0.0,0.0
CrlNetworkServices,SM,0,B1,6,5,5,0,6->5,,3.055709,inf,0.0,179.0,179.0,3.055709,73.529412,101.700214,73.529412,0.0,0.0,0.0,0,179.0,0.5,0.5,0.05,5,0.0,0.0
CrlNetworkServices,SM,0,B1,7,5,2,1,7->8->5,,4.110837,inf,0.0,202.0,202.0,9.448297,2.142245,36.705635,2.142245,0.0,0.0,0.0,0,202.0,0.5,0.5,0.05,5,0.0,0.0
CrlNetworkServices,SM,0,B1,8,5,5,0,8->5,,1.18294,inf,0.0,220.0,220.0,1.18294,73.529412,99.827445,73.529412,0.0,0.0,0.0,0,220.0,0.5,0.5,0.05,5,0.0,0.0
CrlNetworkServices,SM,0,B1,9,5,5,0,9->7->8->5,,15.723917,inf,0.0,191.0,191.0,15.723917,73.529412,114.368423,73.529412,0.0,0.0,0.0,0,191.0,0.5,0.5,0.05,5,0.0,0.0
CrlNetworkServices,SM,0,B1,10,5,5,0,10->9->7->8->5,,21.444883,inf,0.0,183.0,183.0,21.444883,73.529412,120.089388,73.529412,0.0,0.0,0.0,0,183.0,0.5,0.5,0.05,5,0.0,0.0
CrlNetworkServices,SM,0,B1,11,5,5,0,11->14->7->8->5,,16.808552,inf,0.0,180.0,180.0,16.808552,73.529412,115.453057,73.529412,0.0,0.0,0.0,0,180.0,0.5,0.5,0.05,5,0.0,0.0
CrlNetworkServices,SM,0,B1,12,5,5,0,12->11->14->7->8->5,,25.748452,inf,0.0,121.0,121.0,25.748452,73.529412,124.392957,73.529412,0.0,0.0,0.0,0,121.0,0.5,0.5,0.05,5,0.0,0.0
CrlNetworkServices,SM,0,B1,13,5,5,0,13->9->7->8->5,,22.414991,inf,0.0,166.0,166.0,22.414991,73.529412,121.059496,73.529412,0.0,0.0,0.0,0,166.0,0.5,0.5,0.05,5,0.0,0.0
CrlNetworkServices,SM,0,B1,14,5,2,1,14->7->8->5,,12.926994,inf,0.0,147.0,147.0,18.264454,2.142245,45.521793,2.142245,0.0,0.0,0.0,0,147.0,0.5,0.5,0.05,5,0.0,0.0
CrlNetworkServices,SM,0,B1,15,4,4,0,15->19->10->9->7->2->1->4,,43.719809,inf,0.0,187.0,187.0,39.725528,31.25,96.090621,31.25,0.0,0.0,0.0,0,187.0,0.5,0.5,0.05,5,0.0,0.0
CrlNetworkServices,SM,0,B1,16,4,4,0,16->17->18->19->10->9->7->2->1->4,,43.969447,inf,0.0,184.0,184.0,43.969447,31.25,100.334541,31.25,0.0,0.0,0.0,0,184.0,0.5,0.5,0.05,5,0.0,0.0
CrlNetworkServices,SM,0,B1,17,4,4,0,17->18->19->10->9->7->2->1->4,,42.671843,inf,0.0,144.0,144.0,42.671843,31.25,99.036936,31.25,0.0,0.0,0.0,0,144.0,0.5,0.5,0.05,5,0.0,0.0
CrlNetworkServices,SM,0,B1,18,4,4,0,18->19->10->9->7->2->1->4,,41.227288,inf,0.0,165.0,165.0,41.227288,31.25,97.592382,31.25,0.0,0.0,0.0,0,165.0,0.5,0.5,0.05,5,0.0,0.0
CrlNetworkServices,SM,0,B1,19,4,4,0,19->10->9->7->2->1->4,,40.65525,inf,0.0,171.0,171.0,40.65525,31.25,97.020344,31.25,0.0,0.0,0.0,0,171.0,0.5,0.5,0.05,5,0.0,0.0
CrlNetworkServices,SM,0,B1,20,4,1,1,20->14->7->2->1->4,,32.575515,inf,0.0,193.0,193.0,27.760874,1.515152,54.391119,1.515152,0.0,0.0,0.0,0,193.0,0.5,0.5,0.05,5,0.0,0.0
CrlNetworkServices,SM,0,B1,21,4,1,1,21->20->14->7->2->1->4,,36.42164,inf,0.0,207.0,207.0,31.607,1.515152,58.237245,1.515152,0.0,0.0,0.0,0,207.0,0.5,0.5,0.05,5,0.0,0.0
CrlNetworkServices,SM,0,B1,22,4,4,0,22->21->20->14->7->2->1->4,,37.873776,inf,0.0,179.0,179.0,37.873776,31.25,94.238869,31.25,0.0,0.0,0.0,0,179.0,0.5,0.5,0.05,5,0.0,0.0
CrlNetworkServices,SM,0,B1,23,3,1,1,23->22->21->20->14->7->2->1->4->3,,48.16928,inf,0.0,202.0,202.0,41.926162,1.515152,68.556407,1.515152,0.0,0.0,0.0,0,202.0,0.5,0.5,0.05,5,0.0,0.0
CrlNetworkServices,SM,0,B1,24,4,4,0,24->25->3->4,,6.737257,inf,0.0,185.0,185.0,6.737257,31.25,63.102351,31.25,0.0,0.0,0.0,0,185.0,0.5,0.5,0.05,5,0.0,0.0
CrlNetworkServices,SM,0,B1,25,3,3,0,25->3,,0.387956,inf,0.0,187.0,187.0,0.387956,277.777778,303.280827,277.777778,0.0,0.0,0.0,0,187.0,0.5,0.5,0.05,5,0.0,0.0
CrlNetworkServices,SM,0,B1,26,3,3,0,26->27->28->32->33->24->25->3,,16.959936,inf,0.0,154.0,154.0,16.959936,277.777778,319.852808,277.777778,0.0,0.0,0.0,0,154.0,0.5,0.5,0.05,5,0.0,0.0
CrlNetworkServices,SM,0,B1,27,3,4,1,27->28->32->33->24->25->3,,14.629712,inf,0.0,169.0,169.0,16.058189,31.25,72.423283,31.25,0.0,0.0,0.0,0,169.0,0.5,0.5,0.05,5,0.0,0.0
CrlNetworkServices,SM,0,B1,28,3,3,0,28->32->33->24->25->3,,6.762363,inf,0.0,190.0,190.0,6.762363,277.777778,309.655235,277.777778,0.0,0.0,0.0,0,190.0,0.5,0.5,0.05,5,0.0,0.0
CrlNetworkServices,SM,0,B1,29,3,3,0,29->28->32->33->24->25->3,,7.837924,inf,0.0,162.0,162.0,7.837924,277.777778,310.730796,277.777778,0.0,0.0,0.0,0,162.0,0.5,0.5,0.05,5,0.0,0.0
CrlNetworkServices,SM,0,B1,30,3,3,0,30->29->28->32->33->24->25->3,,8.552987,inf,0.0,194.0,194.0,8.552987,277.777778,311.445858,277.777778,0.0,0.0,0.0,0,194.0,0.5,0.5,0.05,5,0.0,0.0
CrlNetworkServices,SM,0,B1,31,3,3,0,31->33->24->25->3,,48.866149,inf,0.0,156.0,156.0,48.866149,277.777778,351.75902,277.777778,0.0,0.0,0.0,0,156.0,0.5,0.5,0.05,5,0.0,0.0
CrlNetworkServices,SM,0,B1,32,2,2,0,32->33->24->25->3->4->1->2,,17.775714,44.116598,0.0,211.0,211.0,17.775714,2.142245,45.033052,2.142245,0.0,0.0,0.0,0,211.0,0.5,0.5,0.05,5,0.0,0.0
CrlNetworkServices,SM,0,B1,33,2,2,0,33->24->25->3->4->1->2,,17.534375,43.875259,0.0,195.0,195.0,17.534375,2.142245,44.791714,2.142245,0.0,0.0,0.0,0,195.0,0.5,0.5,0.05,5,0.0,0.0
CrlNetworkServices,SM,0,B3,1,1,1,0,1,1,0.0,25.907486,0.0,154.0,154.0,0.0,5.0,30.115093,5.0,0.0,0.0,0.0,0,154.0,0.5,0.5,0.05,5,0.0,0.0
CrlNetworkServices,SM,0,B3,2,2,2,0,2,2,0.0,26.340884,0.0,171.0,171.0,0.0,4.409171,29.524264,4.409171,0.0,0.0,0.0,0,171.0,0.5,0.5,0.05,5,0.0,0.0
CrlNetworkServices,SM,0,B3,3,3,3,0,3,3,0.0,inf,0.0,163.0,163.0,0.0,5.33049,30.445584,5.33049,0.0,0.0,0.0,0,163.0,0.5,0.5,0.05,5,0.0,0.0
CrlNetworkServices,SM,0,B3,4,4,4,0,4,4,0.0,inf,0.0,152.0,152.0,0.0,4.237288,29.352382,4.237288,0.0,0.0,0.0,0,152.0,0.5,0.5,0.05,5,0.0,0.0
CrlNetworkServices,SM,0,B3,5,5,5,0,5,5,0.0,inf,0.0,216.0,216.0,0.0,3.071253,28.186346,3.071253,0.0,0.0,0.0,0,216.0,0.5,0.5,0.05,5,0.0,0.0
CrlNetworkServices,SM,0,B3,6,5,5,0,6->5,6->5,3.055709,inf,0.0,179.0,179.0,3.055709,3.071253,31.242056,3.071253,0.0,0.0,0.0,0,179.0,0.5,0.5,0.05,5,0.0,0.0
CrlNetworkServices,SM,0,B3,7,5,2,1,7->8->5,7->2,4.110837,inf,0.0,202.0,202.0,9.448297,4.409171,38.972561,4.409171,0.0,0.0,0.0,0,202.0,0.5,0.5,0.05,5,0.0,0.0
CrlNetworkServices,SM,0,B3,8,5,5,0,8->5,8->5,1.18294,inf,0.0,220.0,220.0,1.18294,3.071253,29.369287,3.071253,0.0,0.0,0.0,0,220.0,0.5,0.5,0.05,5,0.0,0.0
CrlNetworkServices,SM,0,B3,9,5,1,1,9->7->8->5,9->7->2->1,15.723917,inf,0.0,191.0,191.0,26.374219,5.0,56.489313,5.0,0.0,0.0,0.0,0,191.0,0.5,0.5,0.05,5,0.0,0.0
CrlNetworkServices,SM,0,B3,10,5,5,0,10->9->7->8->5,10->9->7->8->5,21.444883,inf,0.0,183.0,183.0,21.444883,3.071253,49.631229,3.071253,0.0,0.0,0.0,0,183.0,0.5,0.5,0.05,5,0.0,0.0
CrlNetworkServices,SM,0,B3,11,5,5,0,11->14->7->8->5,11->14->7->8->5,16.808552,inf,0.0,180.0,180.0,16.808552,3.071253,44.994899,3.071253,0.0,0.0,0.0,0,180.0,0.5,0.5,0.05,5,0.0,0.0
CrlNetworkServices,SM,0,B3,12,5,1,1,12->11->14->7->8->5,12->33->24->25->3->4->1,25.748452,inf,0.0,121.0,121.0,27.507225,5.0,57.622318,5.0,0.0,0.0,0.0,0,121.0,0.5,0.5,0.05,5,0.0,0.0
CrlNetworkServices,SM,0,B3,13,5,5,0,13->9->7->8->5,13->9->7->8->5,22.414991,inf,0.0,166.0,166.0,22.414991,3.071253,50.601337,3.071253,0.0,0.0,0.0,0,166.0,0.5,0.5,0.05,5,0.0,0.0
CrlNetworkServices,SM,0,B3,14,5,3,1,14->7->8->5,14->7->2->1->4->3,12.926994,inf,0.0,147.0,147.0,29.820414,5.33049,60.265998,5.33049,0.0,0.0,0.0,0,147.0,0.5,0.5,0.05,5,0.0,0.0
CrlNetworkServices,SM,0,B3,15,4,1,1,15->19->10->9->7->2->1->4,15->22->21->20->14->7->2->1,43.719809,inf,0.0,187.0,187.0,34.910887,5.0,65.02598,5.0,0.0,0.0,0.0,0,187.0,0.5,0.5,0.05,5,0.0,0.0
CrlNetworkServices,SM,0,B3,16,4,4,0,16->17->18->19->10->9->7->2->1->4,16->17->18->19->10->9->7->2->1->4,43.969447,inf,0.0,184.0,184.0,43.969447,4.237288,73.321829,4.237288,0.0,0.0,0.0,0,184.0,0.5,0.5,0.05,5,0.0,0.0
CrlNetworkServices,SM,0,B3,17,4,4,0,17->18->19->10->9->7->2->1->4,17->18->19->10->9->7->2->1->4,42.671843,inf,0.0,144.0,144.0,42.671843,4.237288,72.024225,4.237288,0.0,0.0,0.0,0,144.0,0.5,0.5,0.05,5,0.0,0.0
CrlNetworkServices,SM,0,B3,18,4,4,0,18->19->10->9->7->2->1->4,18->19->10->9->7->2->1->4,41.227288,inf,0.0,165.0,165.0,41.227288,4.237288,70.57967,4.237288,0.0,0.0,0.0,0,165.0,0.5,0.5,0.05,5,0.0,0.0
CrlNetworkServices,SM,0,B3,19,4,4,0,19->10->9->7->2->1->4,19->10->9->7->2->1->4,40.65525,inf,0.0,171.0,171.0,40.65525,4.237288,70.007632,4.237288,0.0,0.0,0.0,0,171.0,0.5,0.5,0.05,5,0.0,0.0
CrlNetworkServices,SM,0,B3,20,4,2,1,20->14->7->2->1->4,20->14->7->2,32.575515,inf,0.0,193.0,193.0,22.448032,4.409171,51.972297,4.409171,0.0,0.0,0.0,0,193.0,0.5,0.5,0.05,5,0.0,0.0
CrlNetworkServices,SM,0,B3,21,4,1,1,21->20->14->7->2->1->4,21->20->14->7->2->1,36.42164,inf,0.0,207.0,207.0,31.607,5.0,61.722093,5.0,0.0,0.0,0.0,0,207.0,0.5,0.5,0.05,5,0.0,0.0
CrlNetworkServices,SM,0,B3,22,4,4,0,22->21->20->14->7->2->1->4,22->21->20->14->7->2->1->4,37.873776,inf,0.0,179.0,179.0,37.873776,4.237288,67.226158,4.237288,0.0,0.0,0.0,0,179.0,0.5,0.5,0.05,5,0.0,0.0
CrlNetworkServices,SM,0,B3,23,3,1,1,23->22->21->20->14->7->2->1->4->3,23->22->21->20->14->7->2->1,48.16928,inf,0.0,202.0,202.0,41.926162,5.0,72.041256,5.0,0.0,0.0,0.0,0,202.0,0.5,0.5,0.05,5,0.0,0.0
CrlNetworkServices,SM,0,B3,24,4,4,0,24->25->3->4,24->25->3->4,6.737257,inf,0.0,185.0,185.0,6.737257,4.237288,36.089639,4.237288,0.0,0.0,0.0,0,185.0,0.5,0.5,0.05,5,0.0,0.0
CrlNetworkServices,SM,0,B3,25,3,3,0,25->3,25->3,0.387956,inf,0.0,187.0,187.0,0.387956,5.33049,30.83354,5.33049,0.0,0.0,0.0,0,187.0,0.5,0.5,0.05,5,0.0,0.0
CrlNetworkServices,SM,0,B3,26,3,1,1,26->27->28->32->33->24->25->3,26->27->28->32->33->24->25->3->4->1,16.959936,inf,0.0,154.0,154.0,23.203054,5.0,53.318148,5.0,0.0,0.0,0.0,0,154.0,0.5,0.5,0.05,5,0.0,0.0
CrlNetworkServices,SM,0,B3,27,3,3,0,27->28->32->33->24->25->3,27->28->32->33->24->25->3,14.629712,inf,0.0,169.0,169.0,14.629712,5.33049,45.075296,5.33049,0.0,0.0,0.0,0,169.0,0.5,0.5,0.05,5,0.0,0.0
CrlNetworkServices,SM,0,B3,28,3,3,0,28->32->33->24->25->3,28->32->33->24->25->3,6.762363,inf,0.0,190.0,190.0,6.762363,5.33049,37.207947,5.33049,0.0,0.0,0.0,0,190.0,0.5,0.5,0.05,5,0.0,0.0
CrlNetworkServices,SM,0,B3,29,3,3,0,29->28->32->33->24->25->3,29->28->32->33->24->25->3,7.837924,inf,0.0,162.0,162.0,7.837924,5.33049,38.283508,5.33049,0.0,0.0,0.0,0,162.0,0.5,0.5,0.05,5,0.0,0.0
CrlNetworkServices,SM,0,B3,30,3,2,1,30->29->28->32->33->24->25->3,30->29->28->32->33->24->25->3->4->1->2,8.552987,inf,0.0,194.0,194.0,20.108947,4.409171,49.633211,4.409171,0.0,0.0,0.0,0,194.0,0.5,0.5,0.05,5,0.0,0.0
CrlNetworkServices,SM,0,B3,31,3,3,0,31->33->24->25->3,31->33->24->25->3,48.866149,inf,0.0,156.0,156.0,48.866149,5.33049,79.311733,5.33049,0.0,0.0,0.0,0,156.0,0.5,0.5,0.05,5,0.0,0.0
CrlNetworkServices,SM,0,B3,32,2,2,0,32->33->24->25->3->4->1->2,32->33->24->25->3->4->1->2,17.775714,44.116598,0.0,211.0,211.0,17.775714,4.409171,47.299978,4.409171,0.0,0.0,0.0,0,211.0,0.5,0.5,0.05,5,0.0,0.0
CrlNetworkServices,SM,0,B3,33,2,2,0,33->24->25->3->4->1->2,33->24->25->3->4->1->2,17.534375,43.875259,0.0,195.0,195.0,17.534375,4.409171,47.05864,4.409171,0.0,0.0,0.0,0,195.0,0.5,0.5,0.05,5,0.0,0.0
CrlNetworkServices,SM,0,MCF_ARC,1,1,1,0,1,1,0.0,25.907486,0.0,154.0,154.0,0.0,2.144618,27.229258,2.114165,0.0,0.0,0.0,0,154.0,0.5,0.5,0.05,5,0.0,0.0
CrlNetworkServices,SM,0,MCF_ARC,2,2,2,0,2,2,0.0,26.340884,0.0,171.0,171.0,0.0,2.554376,27.654453,2.53936,0.0,0.0,0.0,0,171.0,0.5,0.5,0.05,5,0.0,0.0
CrlNetworkServices,SM,0,MCF_ARC,3,3,3,0,3,3,0.0,inf,0.0,163.0,163.0,0.0,8.464835,32.127716,7.012623,0.0,0.0,0.0,0,163.0,0.5,0.5,0.05,5,0.0,0.0
CrlNetworkServices,SM,0,MCF_ARC,4,4,4,0,4,4,0.0,inf,0.0,152.0,152.0,0.0,13.413832,37.615093,12.5,0.0,0.0,0.0,0,152.0,0.5,0.5,0.05,5,0.0,0.0
CrlNetworkServices,SM,0,MCF_ARC,5,5,5,0,5,5,0.0,inf,0.0,216.0,216.0,0.0,12.668523,36.662438,11.547344,0.0,0.0,0.0,0,216.0,0.5,0.5,0.05,5,0.0,0.0
CrlNetworkServices,SM,0,MCF_ARC,6,5,5,0,6->5,6->5,3.055709,inf,0.0,179.0,179.0,3.055709,12.668523,39.718147,11.547344,0.0,0.0,0.0,0,179.0,0.5,0.5,0.05,5,0.0,0.0
CrlNetworkServices,SM,0,MCF_ARC,7,5,2,1,7->8->5,7->2,4.110837,inf,0.0,202.0,202.0,9.448297,2.554376,37.10275,2.53936,0.0,0.0,0.0,0,202.0,0.5,0.5,0.05,5,0.0,0.0
CrlNetworkServices,SM,0,MCF_ARC,8,5,2,1,8->5,8->7->2,1.18294,inf,0.0,220.0,220.0,12.376193,2.554376,40.030647,2.53936,0.0,0.0,0.0,0,220.0,0.5,0.5,0.05,5,0.0,0.0
CrlNetworkServices,SM,0,MCF_ARC,9,5,5,0,9->7->8->5,9->7->8->5,15.723917,inf,0.0,191.0,191.0,15.723917,12.668523,52.386355,11.547344,0.0,0.0,0.0,0,191.0,0.5,0.5,0.05,5,0.0,0.0
CrlNetworkServices,SM,0,MCF_ARC,10,5,5,0,10->9->7->8->5,10->9->7->8->5,21.444883,inf,0.0,183.0,183.0,21.444883,12.668523,58.10732,11.547344,0.0,0.0,0.0,0,183.0,0.5,0.5,0.05,5,0.0,0.0
CrlNetworkServices,SM,0,MCF_ARC,11,5,5,0,11->14->7->8->5,11->14->7->8->5,16.808552,inf,0.0,180.0,180.0,16.808552,12.668523,53.47099,11.547344,0.0,0.0,0.0,0,180.0,0.5,0.5,0.05,5,0.0,0.0
CrlNetworkServices,SM,0,MCF_ARC,12,5,5,0,12->11->14->7->8->5,12->11->14->7->8->5,25.748452,inf,0.0,121.0,121.0,25.748452,12.668523,62.410889,11.547344,0.0,0.0,0.0,0,121.0,0.5,0.5,0.05,5,0.0,0.0
CrlNetworkServices,SM,0,MCF_ARC,13,5,5,0,13->9->7->8->5,13->9->7->8->5,22.414991,inf,0.0,166.0,166.0,22.414991,12.668523,59.077429,11.547344,0.0,0.0,0.0,0,166.0,0.5,0.5,0.05,5,0.0,0.0
CrlNetworkServices,SM,0,MCF_ARC,14,5,5,0,14->7->8->5,14->7->8->5,12.926994,inf,0.0,147.0,147.0,12.926994,12.668523,49.589432,11.547344,0.0,0.0,0.0,0,147.0,0.5,0.5,0.05,5,0.0,0.0
CrlNetworkServices,SM,0,MCF_ARC,15,4,1,1,15->19->10->9->7->2->1->4,15->22->21->20->14->7->2->1,43.719809,inf,0.0,187.0,187.0,34.910887,2.144618,62.140145,2.114165,0.0,0.0,0.0,0,187.0,0.5,0.5,0.05,5,0.0,0.0
CrlNetworkServices,SM,0,MCF_ARC,16,4,4,0,16->17->18->19->10->9->7->2->1->4,16->17->18->19->10->9->7->2->1->4,43.969447,inf,0.0,184.0,184.0,43.969447,13.413832,81.584541,12.5,0.0,0.0,0.0,0,184.0,0.5,0.5,0.05,5,0.0,0.0
CrlNetworkServices,SM,0,MCF_ARC,17,4,4,0,17->18->19->10->9->7->2->1->4,17->18->19->10->9->7->2->1->4,42.671843,inf,0.0,144.0,144.0,42.671843,13.413832,80.286936,12.5,0.0,0.0,0.0,0,144.0,0.5,0.5,0.05,5,0.0,0.0
CrlNetworkServices,SM,0,MCF_ARC,18,4,4,0,18->19->10->9->7->2->1->4,18->19->10->9->7->2->1->4,41.227288,inf,0.0,165.0,165.0,41.227288,13.413832,78.842382,12.5,0.0,0.0,0.0,0,165.0,0.5,0.5,0.05,5,0.0,0.0
CrlNetworkServices,SM,0,MCF_ARC,19,4,4,0,19->10->9->7->2->1->4,19->10->9->7->2->1->4,40.65525,inf,0.0,171.0,171.0,40.65525,13.413832,78.270344,12.5,0.0,0.0,0.0,0,171.0,0.5,0.5,0.05,5,0.0,0.0
CrlNetworkServices,SM,0,MCF_ARC,20,4,1,1,20->14->7->2->1->4,20->14->7->2->1,32.575515,inf,0.0,193.0,193.0,27.760874,2.144618,54.990132,2.114165,0.0,0.0,0.0,0,193.0,0.5,0.5,0.05,5,0.0,0.0
CrlNetworkServices,SM,0,MCF_ARC,21,4,1,1,21->20->14->7->2->1->4,21->20->14->7->2->1,36.42164,inf,0.0,207.0,207.0,31.607,2.144618,58.836258,2.114165,0.0,0.0,0.0,0,207.0,0.5,0.5,0.05,5,0.0,0.0
CrlNetworkServices,SM,0,MCF_ARC,22,4,4,0,22->21->20->14->7->2->1->4,22->21->20->14->7->2->1->4,37.873776,inf,0.0,179.0,179.0,37.873776,13.413832,75.488869,12.5,0.0,0.0,0.0,0,179.0,0.5,0.5,0.05,5,0.0,0.0
CrlNetworkServices,SM,0,MCF_ARC,23,3,1,1,23->22->21->20->14->7->2->1->4->3,23->22->21->20->14->7->2->1,48.16928,inf,0.0,202.0,202.0,41.926162,2.144618,69.155421,2.114165,0.0,0.0,0.0,0,202.0,0.5,0.5,0.05,5,0.0,0.0
CrlNetworkServices,SM,0,MCF_ARC,24,4,4,0,24->25->3->4,24->25->3->4,6.737257,inf,0.0,185.0,185.0,6.737257,13.413832,44.352351,12.5,0.0,0.0,0.0,0,185.0,0.5,0.5,0.05,5,0.0,0.0
CrlNetworkServices,SM,0,MCF_ARC,25,3,3,0,25->3,25->3,0.387956,inf,0.0,187.0,187.0,0.387956,8.464835,32.515672,7.012623,0.0,0.0,0.0,0,187.0,0.5,0.5,0.05,5,0.0,0.0
CrlNetworkServices,SM,0,MCF_ARC,26,3,3,0,26->27->28->32->33->24->25->3,26->27->28->32->33->24->25->3,16.959936,inf,0.0,154.0,154.0,16.959936,8.464835,49.087652,7.012623,0.0,0.0,0.0,0,154.0,0.5,0.5,0.05,5,0.0,0.0
CrlNetworkServices,SM,0,MCF_ARC,27,3,3,0,27->28->32->33->24->25->3,27->28->32->33->24->25->3,14.629712,inf,0.0,169.0,169.0,14.629712,8.464835,46.757428,7.012623,0.0,0.0,0.0,0,169.0,0.5,0.5,0.05,5,0.0,0.0
CrlNetworkServices,SM,0,MCF_ARC,28,3,3,0,28->32->33->24->25->3,28->32->33->24->25->3,6.762363,inf,0.0,190.0,190.0,6.762363,8.464835,38.89008,7.012623,0.0,0.0,0.0,0,190.0,0.5,0.5,0.05,5,0.0,0.0
CrlNetworkServices,SM,0,MCF_ARC,29,3,3,0,29->28->32->33->24->25->3,29->28->32->33->24->25->3,7.837924,inf,0.0,162.0,162.0,7.837924,8.464835,39.965641,7.012623,0.0,0.0,0.0,0,162.0,0.5,0.5,0.05,5,0.0,0.0
CrlNetworkServices,SM,0,MCF_ARC,30,3,3,0,30->29->28->32->33->24->25->3,30->29->28->32->33->24->25->3,8.552987,inf,0.0,194.0,194.0,8.552987,8.464835,40.680703,7.012623,0.0,0.0,0.0,0,194.0,0.5,0.5,0.05,5,0.0,0.0
CrlNetworkServices,SM,0,MCF_ARC,31,3,4,1,31->33->24->25->3,31->33->24->25->3->4,48.866149,inf,0.0,156.0,156.0,50.294626,13.413832,87.90972,12.5,0.0,0.0,0.0,0,156.0,0.5,0.5,0.05,5,0.0,0.0
CrlNetworkServices,SM,0,MCF_ARC,32,2,2,0,32->33->24->25->3->4->1->2,32->33->24->25->3->4->1->2,17.775714,44.116598,0.0,211.0,211.0,17.775714,2.554376,45.430167,2.53936,0.0,0.0,0.0,0,211.0,0.5,0.5,0.05,5,0.0,0.0
CrlNetworkServices,SM,0,MCF_ARC,33,2,2,0,33->24->25->3->4->1->2,33->24->25->3->4->1->2,17.534375,43.875259,0.0,195.0,195.0,17.534375,2.554376,45.188829,2.53936,0.0,0.0,0.0,0,195.0,0.5,0.5,0.05,5,0.0,0.0
CrlNetworkServices,SM,1,B1,1,1,1,0,1,,0.0,25.920376,0.0,191.0,191.0,0.0,1.773679,26.888772,1.773679,0.0,0.0,0.0,0,191.0,0.5,0.5,0.05,5,0.0,0.0
CrlNetworkServices,SM,1,B1,2,2,2,0,2,,0.0,26.635312,0.0,194.0,194.0,0.0,3.30251,28.417603,3.30251,0.0,0.0,0.0,0,194.0,0.5,0.5,0.05,5,0.0,0.0
CrlNetworkServices,SM,1,B1,3,3,3,0,3,,0.0,inf,0.0,165.0,165.0,0.0,6.385696,31.500789,6.385696,0.0,0.0,0.0,0,165.0,0.5,0.5,0.05,5,0.0,0.0
CrlNetworkServices,SM,1,B1,4,4,4,0,4,,0.0,inf,0.0,143.0,143.0,0.0,84.745763,109.860856,84.745763,0.0,0.0,0.0,0,143.0,0.5,0.5,0.05,5,0.0,0.0
CrlNetworkServices,SM,1,B1,5,5,5,0,5,,0.0,inf,0.0,173.0,173.0,0.0,555.555556,580.670649,555.555556,0.0,0.0,0.0,0,173.0,0.5,0.5,0.05,5,0.0,0.0
CrlNetworkServices,SM,1,B1,6,5,5,0,6->5,,3.055709,inf,0.0,202.0,202.0,3.055709,555.555556,583.726358,555.555556,0.0,0.0,0.0,0,202.0,0.5,0.5,0.05,5,0.0,0.0
CrlNetworkServices,SM,1,B1,7,5,2,1,7->8->5,,4.110837,inf,0.0,178.0,178.0,9.448297,3.30251,37.8659,3.30251,0.0,0.0,0.0,0,178.0,0.5,0.5,0.05,5,0.0,0.0
CrlNetworkServices,SM,1,B1,8,5,5,0,8->5,,1.18294,inf,0.0,217.0,217.0,1.18294,555.555556,581.853589,555.555556,0.0,0.0,0.0,0,217.0,0.5,0.5,0.05,5,0.0,0.0
CrlNetworkServices,SM,1,B1,9,5,2,1,9->7->8->5,,15.723917,inf,0.0,177.0,177.0,21.061378,3.30251,49.478981,3.30251,0.0,0.0,0.0,0,177.0,0.5,0.5,0.05,5,0.0,0.0
CrlNetworkServices,SM,1,B1,10,5,5,0,10->9->7->8->5,,21.444883,inf,0.0,140.0,140.0,21.444883,555.555556,602.115532,555.555556,0.0,0.0,0.0,0,140.0,0.5,0.5,0.05,5,0.0,0.0
CrlNetworkServices,SM,1,B1,11,5,5,0,11->14->7->8->5,,16.808552,inf,0.0,193.0,193.0,16.808552,555.555556,597.479201,555.555556,0.0,0.0,0.0,0,193.0,0.5,0.5,0.05,5,0.0,0.0
CrlNetworkServices,SM,1,B1,12,5,5,0,12->11->14->7->8->5,,25.748452,inf,0.0,207.0,207.0,25.748452,555.555556,606.419101,555.555556,0.0,0.0,0.0,0,207.0,0.5,0.5,0.05,5,0.0,0.0
CrlNetworkServices,SM,1,B1,13,5,5,0,13->9->7->8->5,,22.414991,inf,0.0,169.0,169.0,22.414991,555.555556,603.08564,555.555556,0.0,0.0,0.0,0,169.0,0.5,0.5,0.05,5,0.0,0.0
CrlNetworkServices,SM,1,B1,14,4,4,0,14->7->2->1->4,,28.391937,inf,0.0,206.0,206.0,28.391937,84.745763,138.252793,84.745763,0.0,0.0,0.0,0,206.0,0.5,0.5,0.05,5,0.0,0.0
CrlNetworkServices,SM,1,B1,15,4,4,0,15->19->10->9->7->2->1->4,,43.719809,inf,0.0,129.0,129.0,39.725528,84.745763,149.586384,84.745763,0.0,0.0,0.0,0,129.0,0.5,0.5,0.05,5,0.0,0.0
CrlNetworkServices,SM,1,B1,16,4,4,0,16->17->18->19->10->9->7->2->1->4,,43.969447,inf,0.0,206.0,206.0,43.969447,84.745763,153.830303,84.745763,0.0,0.0,0.0,0,206.0,0.5,0.5,0.05,5,0.0,0.0
CrlNetworkServices,SM,1,B1,17,5,5,0,17->18->19->10->9->7->8->5,,27.2069,inf,0.0,114.0,114.0,27.2069,555.555556,607.877549,555.555556,0.0,0.0,0.0,0,114.0,0.5,0.5,0.05,5,0.0,0.0
CrlNetworkServices,SM,1,B1,18,4,4,0,18->19->10->9->7->2->1->4,,41.227288,inf,0.0,170.0,170.0,41.227288,84.745763,151.088145,84.745763,0.0,0.0,0.0,0,170.0,0.5,0.5,0.05,5,0.0,0.0
CrlNetworkServices,SM,1,B1,19,4,4,0,19->10->9->7->2->1->4,,40.65525,inf,0.0,193.0,193.0,40.65525,84.745763,150.516106,84.745763,0.0,0.0,0.0,0,193.0,0.5,0.5,0.05,5,0.0,0.0
CrlNetworkServices,SM,1,B1,20,4,1,1,20->14->7->2->1->4,,32.575515,inf,0.0,226.0,226.0,27.760874,1.773679,54.649646,1.773679,0.0,0.0,0.0,0,226.0,0.5,0.5,0.05,5,0.0,0.0
CrlNetworkServices,SM,1,B1,21,4,1,1,21->20->14->7->2->1->4,,36.42164,inf,0.0,213.0,213.0,31.607,1.773679,58.495772,1.773679,0.0,0.0,0.0,0,213.0,0.5,0.5,0.05,5,0.0,0.0
CrlNetworkServices,SM,1,B1,22,4,4,0,22->21->20->14->7->2->1->4,,37.873776,inf,0.0,198.0,198.0,37.873776,84.745763,147.734632,84.745763,0.0,0.0,0.0,0,198.0,0.5,0.5,0.05,5,0.0,0.0
CrlNetworkServices,SM,1,B1,23,3,1,1,23->22->21->20->14->7->2->1->4->3,,48.16928,inf,0.0,239.0,239.0,41.926162,1.773679,68.814934,1.773679,0.0,0.0,0.0,0,239.0,0.5,0.5,0.05,5,0.0,0.0
CrlNetworkServices,SM,1,B1,24,3,3,0,24->25->3,,5.30878,inf,0.0,177.0,177.0,5.30878,6.385696,36.809569,6.385696,0.0,0.0,0.0,0,177.0,0.5,0.5,0.05,5,0.0,0.0
CrlNetworkServices,SM,1,B1,25,3,4,1,25->3,,0.387956,inf,0.0,160.0,160.0,1.816433,84.745763,111.67729,84.745763,0.0,0.0,0.0,0,160.0,0.5,0.5,0.05,5,0.0,0.0
CrlNetworkServices,SM,1,B1,26,3,3,0,26->27->28->32->33->24->25->3,,16.959936,inf,0.0,160.0,160.0,16.959936,6.385696,48.460726,6.385696,0.0,0.0,0.0,0,160.0,0.5,0.5,0.05,5,0.0,0.0
CrlNetworkServices,SM,1,B1,27,3,3,0,27->28->32->33->24->25->3,,14.629712,inf,0.0,193.0,193.0,14.629712,6.385696,46.130501,6.385696,0.0,0.0,0.0,0,193.0,0.5,0.5,0.05,5,0.0,0.0
CrlNetworkServices,SM,1,B1,28,3,3,0,28->32->33->24->25->3,,6.762363,inf,0.0,197.0,197.0,6.762363,6.385696,38.263153,6.385696,0.0,0.0,0.0,0,197.0,0.5,0.5,0.05,5,0.0,0.0
CrlNetworkServices,SM,1,B1,29,3,3,0,29->28->32->33->24->25->3,,7.837924,inf,0.0,203.0,203.0,7.837924,6.385696,39.338714,6.385696,0.0,0.0,0.0,0,203.0,0.5,0.5,0.05,5,0.0,0.0
CrlNetworkServices,SM,1,B1,30,3,3,0,30->29->28->32->33->24->25->3,,8.552987,inf,0.0,222.0,222.0,8.552987,6.385696,40.053776,6.385696,0.0,0.0,0.0,0,222.0,0.5,0.5,0.05,5,0.0,0.0
CrlNetworkServices,SM,1,B1,31,2,2,0,31->33->24->25->3->4->1->2,,60.422109,87.057421,0.0,146.0,146.0,60.422109,3.30251,88.839712,3.30251,0.0,0.0,0.0,0,146.0,0.5,0.5,0.05,5,0.0,0.0
CrlNetworkServices,SM,1,B1,32,2,2,0,32->33->24->25->3->4->1->2,,17.775714,44.411026,0.0,188.0,188.0,17.775714,3.30251,46.193317,3.30251,0.0,0.0,0.0,0,188.0,0.5,0.5,0.05,5,0.0,0.0
CrlNetworkServices,SM,1,B1,33,2,2,0,33->24->25->3->4->1->2,,17.534375,44.169687,0.0,231.0,231.0,17.534375,3.30251,45.951978,3.30251,0.0,0.0,0.0,0,231.0,0.5,0.5,0.05,5,0.0,0.0
CrlNetworkServices,SM,1,B3,1,1,1,0,1,1,0.0,25.920376,0.0,191.0,191.0,0.0,inf,inf,inf,0.0,0.0,0.0,0,191.0,0.5,0.5,0.05,5,0.0,0.0
CrlNetworkServices,SM,1,B3,2,2,2,0,2,2,0.0,26.635312,0.0,194.0,194.0,0.0,5.688282,30.803376,5.688282,0.0,0.0,0.0,0,194.0,0.5,0.5,0.05,5,0.0,0.0
CrlNetworkServices,SM,1,B3,3,3,3,0,3,3,0.0,inf,0.0,165.0,165.0,0.0,2.64131,27.756404,2.64131,0.0,0.0,0.0,0,165.0,0.5,0.5,0.05,5,0.0,0.0
CrlNetworkServices,SM,1,B3,4,4,4,0,4,4,0.0,inf,0.0,143.0,143.0,0.0,3.324468,28.439562,3.324468,0.0,0.0,0.0,0,143.0,0.5,0.5,0.05,5,0.0,0.0
CrlNetworkServices,SM,1,B3,5,5,5,0,5,5,0.0,inf,0.0,173.0,173.0,0.0,5.353319,30.468412,5.353319,0.0,0.0,0.0,0,173.0,0.5,0.5,0.05,5,0.0,0.0
CrlNetworkServices,SM,1,B3,6,5,5,0,6->5,6->5,3.055709,inf,0.0,202.0,202.0,3.055709,5.353319,33.524122,5.353319,0.0,0.0,0.0,0,202.0,0.5,0.5,0.05,5,0.0,0.0
CrlNetworkServices,SM,1,B3,7,5,5,0,7->8->5,7->8->5,4.110837,inf,0.0,178.0,178.0,4.110837,5.353319,34.579249,5.353319,0.0,0.0,0.0,0,178.0,0.5,0.5,0.05,5,0.0,0.0
CrlNetworkServices,SM,1,B3,8,5,5,0,8->5,8->5,1.18294,inf,0.0,217.0,217.0,1.18294,5.353319,31.651353,5.353319,0.0,0.0,0.0,0,217.0,0.5,0.5,0.05,5,0.0,0.0
CrlNetworkServices,SM,1,B3,9,5,5,0,9->7->8->5,9->7->8->5,15.723917,inf,0.0,177.0,177.0,15.723917,5.353319,46.19233,5.353319,0.0,0.0,0.0,0,177.0,0.5,0.5,0.05,5,0.0,0.0
CrlNetworkServices,SM,1,B3,10,5,1,1,10->9->7->8->5,10->9->7->2->1,21.444883,inf,0.0,140.0,140.0,32.095185,inf,inf,inf,0.0,0.0,0.0,0,140.0,0.5,0.5,0.05,5,0.0,0.0
CrlNetworkServices,SM,1,B3,11,5,2,1,11->14->7->8->5,11->14->7->2,16.808552,inf,0.0,193.0,193.0,22.146012,5.688282,52.949388,5.688282,0.0,0.0,0.0,0,193.0,0.5,0.5,0.05,5,0.0,0.0
CrlNetworkServices,SM,1,B3,12,5,1,1,12->11->14->7->8->5,12->33->24->25->3->4->1,25.748452,inf,0.0,207.0,207.0,27.507225,inf,inf,inf,0.0,0.0,0.0,0,207.0,0.5,0.5,0.05,5,0.0,0.0
CrlNetworkServices,SM,1,B3,13,5,5,0,13->9->7->8->5,13->9->7->8->5,22.414991,inf,0.0,169.0,169.0,22.414991,5.353319,52.883403,5.353319,0.0,0.0,0.0,0,169.0,0.5,0.5,0.05,5,0.0,0.0
CrlNetworkServices,SM,1,B3,14,4,4,0,14->7->2->1->4,14->7->2->1->4,28.391937,inf,0.0,206.0,206.0,28.391937,3.324468,56.831498,3.324468,0.0,0.0,0.0,0,206.0,0.5,0.5,0.05,5,0.0,0.0
CrlNetworkServices,SM,1,B3,15,4,1,1,15->19->10->9->7->2->1->4,15->22->21->20->14->7->2->1,43.719809,inf,0.0,129.0,129.0,34.910887,inf,inf,inf,0.0,0.0,0.0,0,129.0,0.5,0.5,0.05,5,0.0,0.0
CrlNetworkServices,SM,1,B3,16,4,4,0,16->17->18->19->10->9->7->2->1->4,16->17->18->19->10->9->7->2->1->4,43.969447,inf,0.0,206.0,206.0,43.969447,3.324468,72.409009,3.324468,0.0,0.0,0.0,0,206.0,0.5,0.5,0.05,5,0.0,0.0
CrlNetworkServices,SM,1,B3,17,5,5,0,17->18->19->10->9->7->8->5,17->18->19->10->9->7->8->5,27.2069,inf,0.0,114.0,114.0,27.2069,5.353319,57.675313,5.353319,0.0,0.0,0.0,0,114.0,0.5,0.5,0.05,5,0.0,0.0
CrlNetworkServices,SM,1,B3,18,4,4,0,18->19->10->9->7->2->1->4,18->19->10->9->7->2->1->4,41.227288,inf,0.0,170.0,170.0,41.227288,3.324468,69.66685,3.324468,0.0,0.0,0.0,0,170.0,0.5,0.5,0.05,5,0.0,0.0
CrlNetworkServices,SM,1,B3,19,4,4,0,19->10->9->7->2->1->4,19->10->9->7->2->1->4,40.65525,inf,0.0,193.0,193.0,40.65525,3.324468,69.094812,3.324468,0.0,0.0,0.0,0,193.0,0.5,0.5,0.05,5,0.0,0.0
CrlNetworkServices,SM,1,B3,20,4,1,1,20->14->7->2->1->4,20->14->7->2->1,32.575515,inf,0.0,226.0,226.0,27.760874,inf,inf,inf,0.0,0.0,0.0,0,226.0,0.5,0.5,0.05,5,0.0,0.0
CrlNetworkServices,SM,1,B3,21,4,2,1,21->20->14->7->2->1->4,21->20->14->7->2,36.42164,inf,0.0,213.0,213.0,26.294158,5.688282,57.097533,5.688282,0.0,0.0,0.0,0,213.0,0.5,0.5,0.05,5,0.0,0.0
CrlNetworkServices,SM,1,B3,22,4,4,0,22->21->20->14->7->2->1->4,22->21->20->14->7->2->1->4,37.873776,inf,0.0,198.0,198.0,37.873776,3.324468,66.313338,3.324468,0.0,0.0,0.0,0,198.0,0.5,0.5,0.05,5,0.0,0.0
CrlNetworkServices,SM,1,B3,23,3,1,1,23->22->21->20->14->7->2->1->4->3,23->22->21->20->14->7->2->1,48.16928,inf,0.0,239.0,239.0,41.926162,inf,inf,inf,0.0,0.0,0.0,0,239.0,0.5,0.5,0.05,5,0.0,0.0
CrlNetworkServices,SM,1,B3,24,3,3,0,24->25->3,24->25->3,5.30878,inf,0.0,177.0,177.0,5.30878,2.64131,33.065183,2.64131,0.0,0.0,0.0,0,177.0,0.5,0.5,0.05,5,0.0,0.0
CrlNetworkServices,SM,1,B3,25,3,3,0,25->3,25->3,0.387956,inf,0.0,160.0,160.0,0.387956,2.64131,28.14436,2.64131,0.0,0.0,0.0,0,160.0,0.5,0.5,0.05,5,0.0,0.0
CrlNetworkServices,SM,1,B3,26,3,1,1,26->27->28->32->33->24->25->3,26->27->28->32->33->24->25->3->4->1,16.959936,inf,0.0,160.0,160.0,23.203054,inf,inf,inf,0.0,0.0,0.0,0,160.0,0.5,0.5,0.05,5,0.0,0.0
CrlNetworkServices,SM,1,B3,27,3,3,0,27->28->32->33->24->25->3,27->28->32->33->24->25->3,14.629712,inf,0.0,193.0,193.0,14.629712,2.64131,42.386116,2.64131,0.0,0.0,0.0,0,193.0,0.5,0.5,0.05,5,0.0,0.0
CrlNetworkServices,SM,1,B3,28,3,3,0,28->32->33->24->25->3,28->32->33->24->25->3,6.762363,inf,0.0,197.0,197.0,6.762363,2.64131,34.518767,2.64131,0.0,0.0,0.0,0,197.0,0.5,0.5,0.05,5,0.0,0.0
CrlNetworkServices,SM,1,B3,29,3,3,0,29->28->32->33->24->25->3,29->28->32->33->24->25->3,7.837924,inf,0.0,203.0,203.0,7.837924,2.64131,35.594328,2.64131,0.0,0.0,0.0,0,203.0,0.5,0.5,0.05,5,0.0,0.0
CrlNetworkServices,SM,1,B3,30,3,2,1,30->29->28->32->33->24->25->3,30->29->28->32->33->24->25->3->4->1->2,8.552987,inf,0.0,222.0,222.0,20.108947,5.688282,50.912322,5.688282,0.0,0.0,0.0,0,222.0,0.5,0.5,0.05,5,0.0,0.0
CrlNetworkServices,SM,1,B3,31,2,1,1,31->33->24->25->3->4->1->2,31->33->24->25->3->4->1,60.422109,87.057421,0.0,146.0,146.0,55.109267,inf,inf,inf,inf,0.0,0.0,0,146.0,0.5,0.5,0.05,5,0.0,0.0
CrlNetworkServices,SM,1,B3,32,2,2,0,32->33->24->25->3->4->1->2,32->33->24->25->3->4->1->2,17.775714,44.411026,0.0,188.0,188.0,17.775714,5.688282,48.579089,5.688282,0.0,0.0,0.0,0,188.0,0.5,0.5,0.05,5,0.0,0.0
CrlNetworkServices,SM,1,B3,33,2,2,0,33->24->25->3->4->1->2,33->24->25->3->4->1->2,17.534375,44.169687,0.0,231.0,231.0,17.534375,5.688282,48.337751,5.688282,0.0,0.0,0.0,0,231.0,0.5,0.5,0.05,5,0.0,0.0
CrlNetworkServices,SM,1,MCF_ARC,1,1,1,0,1,1,0.0,25.920376,0.0,191.0,191.0,0.0,1.788914,26.888772,1.773679,0.0,0.0,0.0,0,191.0,0.5,0.5,0.05,5,0.0,0.0
CrlNetworkServices,SM,1,MCF_ARC,2,2,2,0,2,2,0.0,26.635312,0.0,194.0,194.0,0.0,6.251435,30.90213,5.787037,0.0,0.0,0.0,0,194.0,0.5,0.5,0.05,5,0.0,0.0
CrlNetworkServices,SM,1,MCF_ARC,3,3,3,0,3,3,0.0,inf,0.0,165.0,165.0,0.0,12.579638,36.530619,11.415525,0.0,0.0,0.0,0,165.0,0.5,0.5,0.05,5,0.0,0.0
CrlNetworkServices,SM,1,MCF_ARC,4,4,4,0,4,4,0.0,inf,0.0,143.0,143.0,0.0,13.348034,37.491331,12.376238,0.0,0.0,0.0,0,143.0,0.5,0.5,0.05,5,0.0,0.0
CrlNetworkServices,SM,1,MCF_ARC,5,5,5,0,5,5,0.0,inf,0.0,173.0,173.0,0.0,9.41405,32.702347,7.587253,0.0,0.0,0.0,0,173.0,0.5,0.5,0.05,5,0.0,0.0
CrlNetworkServices,SM,1,MCF_ARC,6,5,5,0,6->5,6->5,3.055709,inf,0.0,202.0,202.0,3.055709,9.41405,35.758056,7.587253,0.0,0.0,0.0,0,202.0,0.5,0.5,0.05,5,0.0,0.0
CrlNetworkServices,SM,1,MCF_ARC,7,5,2,1,7->8->5,7->2,4.110837,inf,0.0,178.0,178.0,9.448297,6.251435,40.350427,5.787037,0.0,0.0,0.0,0,178.0,0.5,0.5,0.05,5,0.0,0.0
CrlNetworkServices,SM,1,MCF_ARC,8,5,5,0,8->5,8->5,1.18294,inf,0.0,217.0,217.0,1.18294,9.41405,33.885287,7.587253,0.0,0.0,0.0,0,217.0,0.5,0.5,0.05,5,0.0,0.0
CrlNetworkServices,SM,1,MCF_ARC,9,5,5,0,9->7->8->5,9->7->8->5,15.723917,inf,0.0,177.0,177.0,15.723917,9.41405,48.426264,7.587253,0.0,0.0,0.0,0,177.0,0.5,0.5,0.05,5,0.0,0.0
CrlNetworkServices,SM,1,MCF_ARC,10,5,5,0,10->9->7->8->5,10->9->7->8->5,21.444883,inf,0.0,140.0,140.0,21.444883,9.41405,54.14723,7.587253,0.0,0.0,0.0,0,140.0,0.5,0.5,0.05,5,0.0,0.0
CrlNetworkServices,SM,1,MCF_ARC,11,5,2,1,11->14->7->8->5,11->14->7->2,16.808552,inf,0.0,193.0,193.0,22.146012,6.251435,53.048143,5.787037,0.0,0.0,0.0,0,193.0,0.5,0.5,0.05,5,0.0,0.0
CrlNetworkServices,SM,1,MCF_ARC,12,5,5,0,12->11->14->7->8->5,12->11->14->7->8->5,25.748452,inf,0.0,207.0,207.0,25.748452,9.41405,58.450798,7.587253,0.0,0.0,0.0,0,207.0,0.5,0.5,0.05,5,0.0,0.0
CrlNetworkServices,SM,1,MCF_ARC,13,5,5,0,13->9->7->8->5,13->9->7->8->5,22.414991,inf,0.0,169.0,169.0,22.414991,9.41405,55.117338,7.587253,0.0,0.0,0.0,0,169.0,0.5,0.5,0.05,5,0.0,0.0
CrlNetworkServices,SM,1,MCF_ARC,14,4,4,0,14->7->2->1->4,14->7->2->1->4,28.391937,inf,0.0,206.0,206.0,28.391937,13.348034,65.883268,12.376238,0.0,0.0,0.0,0,206.0,0.5,0.5,0.05,5,0.0,0.0
CrlNetworkServices,SM,1,MCF_ARC,15,4,3,1,15->19->10->9->7->2->1->4,15->22->21->20->14->7->2->1->4->3,43.719809,inf,0.0,129.0,129.0,41.154005,12.579638,77.684624,11.415525,0.0,0.0,0.0,0,129.0,0.5,0.5,0.05,5,0.0,0.0
CrlNetworkServices,SM,1,MCF_ARC,16,4,4,0,16->17->18->19->10->9->7->2->1->4,16->17->18->19->10->9->7->2->1->4,43.969447,inf,0.0,206.0,206.0,43.969447,13.348034,81.460778,12.376238,0.0,0.0,0.0,0,206.0,0.5,0.5,0.05,5,0.0,0.0
CrlNetworkServices,SM,1,MCF_ARC,17,5,2,1,17->18->19->10->9->7->8->5,17->18->19->10->9->7->2,27.2069,inf,0.0,114.0,114.0,32.54436,6.251435,63.446491,5.787037,0.0,0.0,0.0,0,114.0,0.5,0.5,0.05,5,0.0,0.0
CrlNetworkServices,SM,1,MCF_ARC,18,4,3,1,18->19->10->9->7->2->1->4,18->19->10->9->7->2->1->4->3,41.227288,inf,0.0,170.0,170.0,42.655766,12.579638,79.186384,11.415525,0.0,0.0,0.0,0,170.0,0.5,0.5,0.05,5,0.0,0.0
CrlNetworkServices,SM,1,MCF_ARC,19,4,4,0,19->10->9->7->2->1->4,19->10->9->7->2->1->4,40.65525,inf,0.0,193.0,193.0,40.65525,13.348034,78.146581,12.376238,0.0,0.0,0.0,0,193.0,0.5,0.5,0.05,5,0.0,0.0
CrlNetworkServices,SM,1,MCF_ARC,20,4,1,1,20->14->7->2->1->4,20->14->7->2->1,32.575515,inf,0.0,226.0,226.0,27.760874,1.788914,54.649646,1.773679,0.0,0.0,0.0,0,226.0,0.5,0.5,0.05,5,0.0,0.0
CrlNetworkServices,SM,1,MCF_ARC,21,4,1,1,21->20->14->7->2->1->4,21->20->14->7->2->1,36.42164,inf,0.0,213.0,213.0,31.607,1.788914,58.495772,1.773679,0.0,0.0,0.0,0,213.0,0.5,0.5,0.05,5,0.0,0.0
CrlNetworkServices,SM,1,MCF_ARC,22,4,4,0,22->21->20->14->7->2->1->4,22->21->20->14->7->2->1->4,37.873776,inf,0.0,198.0,198.0,37.873776,13.348034,75.365107,12.376238,0.0,0.0,0.0,0,198.0,0.5,0.5,0.05,5,0.0,0.0
CrlNetworkServices,SM,1,MCF_ARC,23,3,1,1,23->22->21->20->14->7->2->1->4->3,23->22->21->20->14->7->2->1,48.16928,inf,0.0,239.0,239.0,41.926162,1.788914,68.814934,1.773679,0.0,0.0,0.0,0,239.0,0.5,0.5,0.05,5,0.0,0.0
CrlNetworkServices,SM,1,MCF_ARC,24,3,3,0,24->25->3,24->25->3,5.30878,inf,0.0,177.0,177.0,5.30878,12.579638,41.839398,11.415525,0.0,0.0,0.0,0,177.0,0.5,0.5,0.05,5,0.0,0.0
CrlNetworkServices,SM,1,MCF_ARC,25,3,3,0,25->3,25->3,0.387956,inf,0.0,160.0,160.0,0.387956,12.579638,36.918575,11.415525,0.0,0.0,0.0,0,160.0,0.5,0.5,0.05,5,0.0,0.0
CrlNetworkServices,SM,1,MCF_ARC,26,3,3,0,26->27->28->32->33->24->25->3,26->27->28->32->33->24->25->3,16.959936,inf,0.0,160.0,160.0,16.959936,12.579638,53.490555,11.415525,0.0,0.0,0.0,0,160.0,0.5,0.5,0.05,5,0.0,0.0
CrlNetworkServices,SM,1,MCF_ARC,27,3,4,1,27->28->32->33->24->25->3,27->28->32->33->24->25->3->4,14.629712,inf,0.0,193.0,193.0,16.058189,13.348034,53.54952,12.376238,0.0,0.0,0.0,0,193.0,0.5,0.5,0.05,5,0.0,0.0
CrlNetworkServices,SM,1,MCF_ARC,28,3,4,1,28->32->33->24->25->3,28->32->33->24->25->3->4,6.762363,inf,0.0,197.0,197.0,8.190841,13.348034,45.682172,12.376238,0.0,0.0,0.0,0,197.0,0.5,0.5,0.05,5,0.0,0.0
CrlNetworkServices,SM,1,MCF_ARC,29,3,3,0,29->28->32->33->24->25->3,29->28->32->33->24->25->3,7.837924,inf,0.0,203.0,203.0,7.837924,12.579638,44.368543,11.415525,0.0,0.0,0.0,0,203.0,0.5,0.5,0.05,5,0.0,0.0
CrlNetworkServices,SM,1,MCF_ARC,30,3,3,0,30->29->28->32->33->24->25->3,30->29->28->32->33->24->25->3,8.552987,inf,0.0,222.0,222.0,8.552987,12.579638,45.083605,11.415525,0.0,0.0,0.0,0,222.0,0.5,0.5,0.05,5,0.0,0.0
CrlNetworkServices,SM,1,MCF_ARC,31,2,2,0,31->33->24->25->3->4->1->2,31->33->24->25->3->4->1->2,60.422109,87.057421,0.0,146.0,146.0,60.422109,6.251435,91.324239,5.787037,0.0,0.0,0.0,0,146.0,0.5,0.5,0.05,5,0.0,0.0
CrlNetworkServices,SM,1,MCF_ARC,32,2,2,0,32->33->24->25->3->4->1->2,32->33->24->25->3->4->1->2,17.775714,44.411026,0.0,188.0,188.0,17.775714,6.251435,48.677844,5.787037,0.0,0.0,0.0,0,188.0,0.5,0.5,0.05,5,0.0,0.0
CrlNetworkServices,SM,1,MCF_ARC,33,2,2,0,33->24->25->3->4->1->2,33->24->25->3->4->1->2,17.534375,44.169687,0.0,231.0,231.0,17.534375,6.251435,48.436506,5.787037,0.0,0.0,0.0,0,231.0,0.5,0.5,0.05,5,0.0,0.0
CrlNetworkServices,SM,2,B1,1,1,1,0,1,,0.0,25.96327,0.0,185.0,185.0,0.0,1.779359,26.894453,1.779359,0.0,0.0,0.0,0,185.0,0.5,0.5,0.05,5,0.0,0.0
CrlNetworkServices,SM,2,B1,2,2,2,0,2,,0.0,26.472682,0.0,153.0,153.0,0.0,2.471577,27.58667,2.471577,0.0,0.0,0.0,0,153.0,0.5,0.5,0.05,5,0.0,0.0
CrlNetworkServices,SM,2,B1,3,3,3,0,3,,0.0,inf,0.0,218.0,218.0,0.0,111.111111,136.226205,111.111111,0.0,0.0,0.0,0,218.0,0.5,0.5,0.05,5,0.0,0.0
CrlNetworkServices,SM,2,B1,4,4,4,0,4,,0.0,inf,0.0,177.0,177.0,0.0,20.746888,45.861981,20.746888,0.0,0.0,0.0,0,177.0,0.5,0.5,0.05,5,0.0,0.0
CrlNetworkServices,SM,2,B1,5,5,5,0,5,,0.0,inf,0.0,202.0,202.0,0.0,12.195122,37.310215,12.195122,0.0,0.0,0.0,0,202.0,0.5,0.5,0.05,5,0.0,0.0
CrlNetworkServices,SM,2,B1,6,5,5,0,6->5,,3.055709,inf,0.0,161.0,161.0,3.055709,12.195122,40.365925,12.195122,0.0,0.0,0.0,0,161.0,0.5,0.5,0.05,5,0.0,0.0
CrlNetworkServices,SM,2,B1,7,5,5,0,7->8->5,,4.110837,inf,0.0,157.0,157.0,4.110837,12.195122,41.421052,12.195122,0.0,0.0,0.0,0,157.0,0.5,0.5,0.05,5,0.0,0.0
CrlNetworkServices,SM,2,B1,8,5,5,0,8->5,,1.18294,inf,0.0,178.0,178.0,1.18294,12.195122,38.493155,12.195122,0.0,0.0,0.0,0,178.0,0.5,0.5,0.05,5,0.0,0.0
CrlNetworkServices,SM,2,B1,9,5,5,0,9->7->8->5,,15.723917,inf,0.0,161.0,161.0,15.723917,12.195122,53.034133,12.195122,0.0,0.0,0.0,0,161.0,0.5,0.5,0.05,5,0.0,0.0
CrlNetworkServices,SM,2,B1,10,5,2,1,10->9->7->8->5,,21.444883,inf,0.0,166.0,166.0,26.782343,2.471577,54.369013,2.471577,0.0,0.0,0.0,0,166.0,0.5,0.5,0.05,5,0.0,0.0
CrlNetworkServices,SM,2,B1,11,5,5,0,11->14->7->8->5,,16.808552,inf,0.0,243.0,243.0,16.808552,12.195122,54.118767,12.195122,0.0,0.0,0.0,0,243.0,0.5,0.5,0.05,5,0.0,0.0
CrlNetworkServices,SM,2,B1,12,5,5,0,12->11->14->7->8->5,,25.748452,inf,0.0,180.0,180.0,25.748452,12.195122,63.058667,12.195122,0.0,0.0,0.0,0,180.0,0.5,0.5,0.05,5,0.0,0.0
CrlNetworkServices,SM,2,B1,13,5,2,1,13->9->7->8->5,,22.414991,inf,0.0,166.0,166.0,27.752451,2.471577,55.339121,2.471577,0.0,0.0,0.0,0,166.0,0.5,0.5,0.05,5,0.0,0.0
CrlNetworkServices,SM,2,B1,14,4,1,1,14->7->2->1->4,,28.391937,inf,0.0,175.0,175.0,23.577296,1.779359,50.471749,1.779359,0.0,0.0,0.0,0,175.0,0.5,0.5,0.05,5,0.0,0.0
CrlNetworkServices,SM,2,B1,15,4,1,1,15->19->10->9->7->2->1->4,,43.719809,inf,0.0,197.0,197.0,34.910887,1.779359,61.80534,1.779359,0.0,0.0,0.0,0,197.0,0.5,0.5,0.05,5,0.0,0.0
CrlNetworkServices,SM,2,B1,16,4,4,0,16->17->18->19->10->9->7->2->1->4,,43.969447,inf,0.0,218.0,218.0,43.969447,20.746888,89.831429,20.746888,0.0,0.0,0.0,0,218.0,0.5,0.5,0.05,5,0.0,0.0
CrlNetworkServices,SM,2,B1,17,4,4,0,17->18->19->10->9->7->2->1->4,,42.671843,inf,0.0,166.0,166.0,42.671843,20.746888,88.533824,20.746888,0.0,0.0,0.0,0,166.0,0.5,0.5,0.05,5,0.0,0.0
CrlNetworkServices,SM,2,B1,18,4,4,0,18->19->10->9->7->2->1->4,,41.227288,inf,0.0,209.0,209.0,41.227288,20.746888,87.08927,20.746888,0.0,0.0,0.0,0,209.0,0.5,0.5,0.05,5,0.0,0.0
CrlNetworkServices,SM,2,B1,19,4,4,0,19->10->9->7->2->1->4,,40.65525,inf,0.0,154.0,154.0,40.65525,20.746888,86.517232,20.746888,0.0,0.0,0.0,0,154.0,0.5,0.5,0.05,5,0.0,0.0
CrlNetworkServices,SM,2,B1,20,4,1,1,20->14->7->2->1->4,,32.575515,inf,0.0,245.0,245.0,27.760874,1.779359,54.655327,1.779359,0.0,0.0,0.0,0,245.0,0.5,0.5,0.05,5,0.0,0.0
CrlNetworkServices,SM,2,B1,21,4,4,0,21->20->14->7->2->1->4,,36.42164,inf,0.0,130.0,130.0,36.42164,20.746888,82.283622,20.746888,0.0,0.0,0.0,0,130.0,0.5,0.5,0.05,5,0.0,0.0
CrlNetworkServices,SM,2,B1,22,4,4,0,22->21->20->14->7->2->1->4,,37.873776,inf,0.0,174.0,174.0,37.873776,20.746888,83.735757,20.746888,0.0,0.0,0.0,0,174.0,0.5,0.5,0.05,5,0.0,0.0
CrlNetworkServices,SM,2,B1,23,3,3,0,23->22->21->20->14->7->2->1->4->3,,48.16928,inf,0.0,152.0,152.0,48.16928,111.111111,184.395485,111.111111,0.0,0.0,0.0,0,152.0,0.5,0.5,0.05,5,0.0,0.0
CrlNetworkServices,SM,2,B1,24,3,3,0,24->25->3,,5.30878,inf,0.0,159.0,159.0,5.30878,111.111111,141.534984,111.111111,0.0,0.0,0.0,0,159.0,0.5,0.5,0.05,5,0.0,0.0
CrlNetworkServices,SM,2,B1,25,3,3,0,25->3,,0.387956,inf,0.0,167.0,167.0,0.387956,111.111111,136.614161,111.111111,0.0,0.0,0.0,0,167.0,0.5,0.5,0.05,5,0.0,0.0
CrlNetworkServices,SM,2,B1,26,3,3,0,26->27->28->32->33->24->25->3,,16.959936,inf,0.0,160.0,160.0,16.959936,111.111111,153.186141,111.111111,0.0,0.0,0.0,0,160.0,0.5,0.5,0.05,5,0.0,0.0
CrlNetworkServices,SM,2,B1,27,3,3,0,27->28->32->33->24->25->3,,14.629712,inf,0.0,180.0,180.0,14.629712,111.111111,150.855917,111.111111,0.0,0.0,0.0,0,180.0,0.5,0.5,0.05,5,0.0,0.0
CrlNetworkServices,SM,2,B1,28,3,3,0,28->32->33->24->25->3,,6.762363,inf,0.0,197.0,197.0,6.762363,111.111111,142.988568,111.111111,0.0,0.0,0.0,0,197.0,0.5,0.5,0.05,5,0.0,0.0
CrlNetworkServices,SM,2,B1,29,3,3,0,29->30->31->33->24->25->3,,91.48075,inf,0.0,122.0,122.0,7.837924,111.111111,144.064129,111.111111,0.0,0.0,0.0,0,122.0,0.5,0.5,0.05,5,0.0,0.0
CrlNetworkServices,SM,2,B1,30,3,4,1,30->29->28->32->33->24->25->3,,8.552987,inf,0.0,219.0,219.0,9.981464,20.746888,55.843445,20.746888,0.0,0.0,0.0,0,219.0,0.5,0.5,0.05,5,0.0,0.0
CrlNetworkServices,SM,2,B1,31,2,2,0,31->33->24->25->3->4->1->2,,60.422109,86.894791,0.0,183.0,183.0,60.422109,2.471577,88.008779,2.471577,0.0,0.0,0.0,0,183.0,0.5,0.5,0.05,5,0.0,0.0
CrlNetworkServices,SM,2,B1,32,2,2,0,32->33->24->25->3->4->1->2,,17.775714,44.248396,0.0,171.0,171.0,17.775714,2.471577,45.362384,2.471577,0.0,0.0,0.0,0,171.0,0.5,0.5,0.05,5,0.0,0.0
CrlNetworkServices,SM,2,B1,33,2,2,0,33->24->25->3->4->1->2,,17.534375,44.007057,0.0,166.0,166.0,17.534375,2.471577,45.121045,2.471577,0.0,0.0,0.0,0,166.0,0.5,0.5,0.05,5,0.0,0.0
CrlNetworkServices,SM,2,B3,1,1,1,0,1,1,0.0,25.96327,0.0,185.0,185.0,0.0,333.333333,358.448427,333.333333,0.0,0.0,0.0,0,185.0,0.5,0.5,0.05,5,0.0,0.0
CrlNetworkServices,SM,2,B3,2,2,2,0,2,2,0.0,26.472682,0.0,153.0,153.0,0.0,3.82263,28.937723,3.82263,0.0,0.0,0.0,0,153.0,0.5,0.5,0.05,5,0.0,0.0
CrlNetworkServices,SM,2,B3,3,3,3,0,3,3,0.0,inf,0.0,218.0,218.0,0.0,5.291005,30.406099,5.291005,0.0,0.0,0.0,0,218.0,0.5,0.5,0.05,5,0.0,0.0
CrlNetworkServices,SM,2,B3,4,4,4,0,4,4,0.0,inf,0.0,177.0,177.0,0.0,3.103662,28.218756,3.103662,0.0,0.0,0.0,0,177.0,0.5,0.5,0.05,5,0.0,0.0
CrlNetworkServices,SM,2,B3,5,5,5,0,5,5,0.0,inf,0.0,202.0,202.0,0.0,3.030303,28.145396,3.030303,0.0,0.0,0.0,0,202.0,0.5,0.5,0.05,5,0.0,0.0
CrlNetworkServices,SM,2,B3,6,5,5,0,6->5,6->5,3.055709,inf,0.0,161.0,161.0,3.055709,3.030303,31.201106,3.030303,0.0,0.0,0.0,0,161.0,0.5,0.5,0.05,5,0.0,0.0
CrlNetworkServices,SM,2,B3,7,5,1,1,7->8->5,7->2->1,4.110837,inf,0.0,157.0,157.0,14.761139,333.333333,373.209565,333.333333,0.0,0.0,0.0,0,157.0,0.5,0.5,0.05,5,0.0,0.0
CrlNetworkServices,SM,2,B3,8,5,5,0,8->5,8->5,1.18294,inf,0.0,178.0,178.0,1.18294,3.030303,29.328336,3.030303,0.0,0.0,0.0,0,178.0,0.5,0.5,0.05,5,0.0,0.0
CrlNetworkServices,SM,2,B3,9,5,5,0,9->7->8->5,9->7->8->5,15.723917,inf,0.0,161.0,161.0,15.723917,3.030303,43.869314,3.030303,0.0,0.0,0.0,0,161.0,0.5,0.5,0.05,5,0.0,0.0
CrlNetworkServices,SM,2,B3,10,5,5,0,10->9->7->8->5,10->9->7->8->5,21.444883,inf,0.0,166.0,166.0,21.444883,3.030303,49.590279,3.030303,0.0,0.0,0.0,0,166.0,0.5,0.5,0.05,5,0.0,0.0
CrlNetworkServices,SM,2,B3,11,5,2,1,11->14->7->8->5,11->14->7->2,16.808552,inf,0.0,243.0,243.0,22.146012,3.82263,51.083736,3.82263,0.0,0.0,0.0,0,243.0,0.5,0.5,0.05,5,0.0,0.0
CrlNetworkServices,SM,2,B3,12,5,1,1,12->11->14->7->8->5,12->33->24->25->3->4->1,25.748452,inf,0.0,180.0,180.0,27.507225,333.333333,385.955652,333.333333,0.0,0.0,0.0,0,180.0,0.5,0.5,0.05,5,0.0,0.0
CrlNetworkServices,SM,2,B3,13,5,5,0,13->9->7->8->5,13->9->7->8->5,22.414991,inf,0.0,166.0,166.0,22.414991,3.030303,50.560387,3.030303,0.0,0.0,0.0,0,166.0,0.5,0.5,0.05,5,0.0,0.0
CrlNetworkServices,SM,2,B3,14,4,4,0,14->7->2->1->4,14->7->2->1->4,28.391937,inf,0.0,175.0,175.0,28.391937,3.103662,56.610693,3.103662,0.0,0.0,0.0,0,175.0,0.5,0.5,0.05,5,0.0,0.0
CrlNetworkServices,SM,2,B3,15,4,4,0,15->19->10->9->7->2->1->4,15->22->21->20->14->7->2->1->4,43.719809,inf,0.0,197.0,197.0,39.725528,3.103662,67.944284,3.103662,0.0,0.0,0.0,0,197.0,0.5,0.5,0.05,5,0.0,0.0
CrlNetworkServices,SM,2,B3,16,4,2,1,16->17->18->19->10->9->7->2->1->4,16->17->18->19->10->9->7->2,43.969447,inf,0.0,218.0,218.0,33.841965,3.82263,62.779688,3.82263,0.0,0.0,0.0,0,218.0,0.5,0.5,0.05,5,0.0,0.0
CrlNetworkServices,SM,2,B3,17,4,4,0,17->18->19->10->9->7->2->1->4,17->18->19->10->9->7->2->1->4,42.671843,inf,0.0,166.0,166.0,42.671843,3.103662,70.890599,3.103662,0.0,0.0,0.0,0,166.0,0.5,0.5,0.05,5,0.0,0.0
CrlNetworkServices,SM,2,B3,18,4,1,1,18->19->10->9->7->2->1->4,18->19->10->9->7->2->1,41.227288,inf,0.0,209.0,209.0,36.412648,333.333333,394.861074,333.333333,0.0,0.0,0.0,0,209.0,0.5,0.5,0.05,5,0.0,0.0
CrlNetworkServices,SM,2,B3,19,4,4,0,19->10->9->7->2->1->4,19->10->9->7->2->1->4,40.65525,inf,0.0,154.0,154.0,40.65525,3.103662,68.874006,3.103662,0.0,0.0,0.0,0,154.0,0.5,0.5,0.05,5,0.0,0.0
CrlNetworkServices,SM,2,B3,20,4,1,1,20->14->7->2->1->4,20->14->7->2->1,32.575515,inf,0.0,245.0,245.0,27.760874,333.333333,386.209301,333.333333,0.0,0.0,0.0,0,245.0,0.5,0.5,0.05,5,0.0,0.0
CrlNetworkServices,SM,2,B3,21,4,4,0,21->20->14->7->2->1->4,21->20->14->7->2->1->4,36.42164,inf,0.0,130.0,130.0,36.42164,3.103662,64.640396,3.103662,0.0,0.0,0.0,0,130.0,0.5,0.5,0.05,5,0.0,0.0
CrlNetworkServices,SM,2,B3,22,4,4,0,22->21->20->14->7->2->1->4,22->21->20->14->7->2->1->4,37.873776,inf,0.0,174.0,174.0,37.873776,3.103662,66.092532,3.103662,0.0,0.0,0.0,0,174.0,0.5,0.5,0.05,5,0.0,0.0
CrlNetworkServices,SM,2,B3,23,3,3,0,23->22->21->20->14->7->2->1->4->3,23->22->21->20->14->7->2->1->4->3,48.16928,inf,0.0,152.0,152.0,48.16928,5.291005,78.575379,5.291005,0.0,0.0,0.0,0,152.0,0.5,0.5,0.05,5,0.0,0.0
CrlNetworkServices,SM,2,B3,24,3,3,0,24->25->3,24->25->3,5.30878,inf,0.0,159.0,159.0,5.30878,5.291005,35.714879,5.291005,0.0,0.0,0.0,0,159.0,0.5,0.5,0.05,5,0.0,0.0
CrlNetworkServices,SM,2,B3,25,3,3,0,25->3,25->3,0.387956,inf,0.0,167.0,167.0,0.387956,5.291005,30.794055,5.291005,0.0,0.0,0.0,0,167.0,0.5,0.5,0.05,5,0.0,0.0
CrlNetworkServices,SM,2,B3,26,3,3,0,26->27->28->32->33->24->25->3,26->27->28->32->33->24->25->3,16.959936,inf,0.0,160.0,160.0,16.959936,5.291005,47.366035,5.291005,0.0,0.0,0.0,0,160.0,0.5,0.5,0.05,5,0.0,0.0
CrlNetworkServices,SM,2,B3,27,3,2,1,27->28->32->33->24->25->3,27->28->32->33->24->25->3->4->1->2,14.629712,inf,0.0,180.0,180.0,26.185672,3.82263,55.123395,3.82263,0.0,0.0,0.0,0,180.0,0.5,0.5,0.05,5,0.0,0.0
CrlNetworkServices,SM,2,B3,28,3,3,0,28->32->33->24->25->3,28->32->33->24->25->3,6.762363,inf,0.0,197.0,197.0,6.762363,5.291005,37.168462,5.291005,0.0,0.0,0.0,0,197.0,0.5,0.5,0.05,5,0.0,0.0
CrlNetworkServices,SM,2,B3,29,3,3,0,29->30->31->33->24->25->3,29->28->32->33->24->25->3,91.48075,inf,0.0,122.0,122.0,7.837924,5.291005,38.244023,5.291005,0.0,0.0,0.0,0,122.0,0.5,0.5,0.05,5,0.0,0.0
CrlNetworkServices,SM,2,B3,30,3,1,1,30->29->28->32->33->24->25->3,30->29->28->32->33->24->25->3->4->1,8.552987,inf,0.0,219.0,219.0,14.796105,333.333333,373.244531,333.333333,0.0,0.0,0.0,0,219.0,0.5,0.5,0.05,5,0.0,0.0
CrlNetworkServices,SM,2,B3,31,2,2,0,31->33->24->25->3->4->1->2,31->33->24->25->3->4->1->2,60.422109,86.894791,0.0,183.0,183.0,60.422109,3.82263,89.359832,3.82263,0.0,0.0,0.0,0,183.0,0.5,0.5,0.05,5,0.0,0.0
CrlNetworkServices,SM,2,B3,32,2,2,0,32->33->24->25->3->4->1->2,32->33->24->25->3->4->1->2,17.775714,44.248396,0.0,171.0,171.0,17.775714,3.82263,46.713437,3.82263,0.0,0.0,0.0,0,171.0,0.5,0.5,0.05,5,0.0,0.0
CrlNetworkServices,SM,2,B3,33,2,1,1,33->24->25->3->4->1->2,33->24->25->3->4->1,17.534375,44.007057,0.0,166.0,166.0,12.221533,333.333333,370.66996,333.333333,326.662903,0.0,0.0,0,166.0,0.5,0.5,0.05,5,0.0,0.0
CrlNetworkServices,SM,2,MCF_ARC,1,1,1,0,1,1,0.0,25.96327,0.0,185.0,185.0,0.0,3.134685,28.173197,3.058104,0.0,0.0,0.0,0,185.0,0.5,0.5,0.05,5,0.0,0.0
CrlNetworkServices,SM,2,MCF_ARC,2,2,2,0,2,2,0.0,26.472682,0.0,153.0,153.0,0.0,2.54872,27.642899,2.527806,0.0,0.0,0.0,0,153.0,0.5,0.5,0.05,5,0.0,0.0
CrlNetworkServices,SM,2,MCF_ARC,3,3,3,0,3,3,0.0,inf,0.0,218.0,218.0,0.0,12.682015,35.984659,10.869565,0.0,0.0,0.0,0,218.0,0.5,0.5,0.05,5,0.0,0.0
CrlNetworkServices,SM,2,MCF_ARC,4,4,4,0,4,4,0.0,inf,0.0,177.0,177.0,0.0,5.06034,30.110098,4.995005,0.0,0.0,0.0,0,177.0,0.5,0.5,0.05,5,0.0,0.0
CrlNetworkServices,SM,2,MCF_ARC,5,5,5,0,5,5,0.0,inf,0.0,202.0,202.0,0.0,12.76524,36.104104,10.989011,0.0,0.0,0.0,0,202.0,0.5,0.5,0.05,5,0.0,0.0
CrlNetworkServices,SM,2,MCF_ARC,6,5,2,1,6->5,6->7->2,3.055709,inf,0.0,161.0,161.0,13.067502,2.54872,40.710402,2.527806,0.0,0.0,0.0,0,161.0,0.5,0.5,0.05,5,0.0,0.0
CrlNetworkServices,SM,2,MCF_ARC,7,5,5,0,7->8->5,7->8->5,4.110837,inf,0.0,157.0,157.0,4.110837,12.76524,40.214941,10.989011,0.0,0.0,0.0,0,157.0,0.5,0.5,0.05,5,0.0,0.0
CrlNetworkServices,SM,2,MCF_ARC,8,5,5,0,8->5,8->5,1.18294,inf,0.0,178.0,178.0,1.18294,12.76524,37.287044,10.989011,0.0,0.0,0.0,0,178.0,0.5,0.5,0.05,5,0.0,0.0
CrlNetworkServices,SM,2,MCF_ARC,9,5,5,0,9->7->8->5,9->7->8->5,15.723917,inf,0.0,161.0,161.0,15.723917,12.76524,51.828022,10.989011,0.0,0.0,0.0,0,161.0,0.5,0.5,0.05,5,0.0,0.0
CrlNetworkServices,SM,2,MCF_ARC,10,5,5,0,10->9->7->8->5,10->9->7->8->5,21.444883,inf,0.0,166.0,166.0,21.444883,12.76524,57.548987,10.989011,0.0,0.0,0.0,0,166.0,0.5,0.5,0.05,5,0.0,0.0
CrlNetworkServices,SM,2,MCF_ARC,11,5,5,0,11->14->7->8->5,11->14->7->8->5,16.808552,inf,0.0,243.0,243.0,16.808552,12.76524,52.912657,10.989011,0.0,0.0,0.0,0,243.0,0.5,0.5,0.05,5,0.0,0.0
CrlNetworkServices,SM,2,MCF_ARC,12,5,2,1,12->11->14->7->8->5,12->11->14->7->2,25.748452,inf,0.0,180.0,180.0,31.085912,2.54872,58.728811,2.527806,0.0,0.0,0.0,0,180.0,0.5,0.5,0.05,5,0.0,0.0
CrlNetworkServices,SM,2,MCF_ARC,13,5,5,0,13->9->7->8->5,13->9->7->8->5,22.414991,inf,0.0,166.0,166.0,22.414991,12.76524,58.519095,10.989011,0.0,0.0,0.0,0,166.0,0.5,0.5,0.05,5,0.0,0.0
CrlNetworkServices,SM,2,MCF_ARC,14,4,4,0,14->7->2->1->4,14->7->2->1->4,28.391937,inf,0.0,175.0,175.0,28.391937,5.06034,58.502035,4.995005,0.0,0.0,0.0,0,175.0,0.5,0.5,0.05,5,0.0,0.0
CrlNetworkServices,SM,2,MCF_ARC,15,4,4,0,15->19->10->9->7->2->1->4,15->22->21->20->14->7->2->1->4,43.719809,inf,0.0,197.0,197.0,39.725528,5.06034,69.835626,4.995005,0.0,0.0,0.0,0,197.0,0.5,0.5,0.05,5,0.0,0.0
CrlNetworkServices,SM,2,MCF_ARC,16,4,1,1,16->17->18->19->10->9->7->2->1->4,16->17->18->19->10->9->7->2->1,43.969447,inf,0.0,218.0,218.0,39.154806,3.134685,67.328004,3.058104,0.0,0.0,0.0,0,218.0,0.5,0.5,0.05,5,0.0,0.0
CrlNetworkServices,SM,2,MCF_ARC,17,4,4,0,17->18->19->10->9->7->2->1->4,17->18->19->10->9->7->2->1->4,42.671843,inf,0.0,166.0,166.0,42.671843,5.06034,72.781941,4.995005,0.0,0.0,0.0,0,166.0,0.5,0.5,0.05,5,0.0,0.0
CrlNetworkServices,SM,2,MCF_ARC,18,4,1,1,18->19->10->9->7->2->1->4,18->19->10->9->7->2->1,41.227288,inf,0.0,209.0,209.0,36.412648,3.134685,64.585845,3.058104,0.0,0.0,0.0,0,209.0,0.5,0.5,0.05,5,0.0,0.0
CrlNetworkServices,SM,2,MCF_ARC,19,4,4,0,19->10->9->7->2->1->4,19->10->9->7->2->1->4,40.65525,inf,0.0,154.0,154.0,40.65525,5.06034,70.765349,4.995005,0.0,0.0,0.0,0,154.0,0.5,0.5,0.05,5,0.0,0.0
CrlNetworkServices,SM,2,MCF_ARC,20,4,1,1,20->14->7->2->1->4,20->14->7->2->1,32.575515,inf,0.0,245.0,245.0,27.760874,3.134685,55.934071,3.058104,0.0,0.0,0.0,0,245.0,0.5,0.5,0.05,5,0.0,0.0
CrlNetworkServices,SM,2,MCF_ARC,21,4,4,0,21->20->14->7->2->1->4,21->20->14->7->2->1->4,36.42164,inf,0.0,130.0,130.0,36.42164,5.06034,66.531739,4.995005,0.0,0.0,0.0,0,130.0,0.5,0.5,0.05,5,0.0,0.0
CrlNetworkServices,SM,2,MCF_ARC,22,4,4,0,22->21->20->14->7->2->1->4,22->21->20->14->7->2->1->4,37.873776,inf,0.0,174.0,174.0,37.873776,5.06034,67.983874,4.995005,0.0,0.0,0.0,0,174.0,0.5,0.5,0.05,5,0.0,0.0
CrlNetworkServices,SM,2,MCF_ARC,23,3,3,0,23->22->21->20->14->7->2->1->4->3,23->22->21->20->14->11->12->33->24->25->3,48.16928,inf,0.0,152.0,152.0,52.43443,12.682015,88.419089,10.869565,0.0,0.0,0.0,0,152.0,0.5,0.5,0.05,5,0.0,0.0
CrlNetworkServices,SM,2,MCF_ARC,24,3,3,0,24->25->3,24->25->3,5.30878,inf,0.0,159.0,159.0,5.30878,12.682015,41.293438,10.869565,0.0,0.0,0.0,0,159.0,0.5,0.5,0.05,5,0.0,0.0
CrlNetworkServices,SM,2,MCF_ARC,25,3,3,0,25->3,25->3,0.387956,inf,0.0,167.0,167.0,0.387956,12.682015,36.372615,10.869565,0.0,0.0,0.0,0,167.0,0.5,0.5,0.05,5,0.0,0.0
CrlNetworkServices,SM,2,MCF_ARC,26,3,3,0,26->27->28->32->33->24->25->3,26->27->28->32->33->24->25->3,16.959936,inf,0.0,160.0,160.0,16.959936,12.682015,52.944595,10.869565,0.0,0.0,0.0,0,160.0,0.5,0.5,0.05,5,0.0,0.0
CrlNetworkServices,SM,2,MCF_ARC,27,3,1,1,27->28->32->33->24->25->3,27->28->32->33->24->25->3->4->1,14.629712,inf,0.0,180.0,180.0,20.87283,3.134685,49.046028,3.058104,0.0,0.0,0.0,0,180.0,0.5,0.5,0.05,5,0.0,0.0
CrlNetworkServices,SM,2,MCF_ARC,28,3,3,0,28->32->33->24->25->3,28->32->33->24->25->3,6.762363,inf,0.0,197.0,197.0,6.762363,12.682015,42.747022,10.869565,0.0,0.0,0.0,0,197.0,0.5,0.5,0.05,5,0.0,0.0
CrlNetworkServices,SM,2,MCF_ARC,29,3,4,1,29->30->31->33->24->25->3,29->28->32->33->24->25->3->4,91.48075,inf,0.0,122.0,122.0,9.266402,5.06034,39.3765,4.995005,0.0,0.0,0.0,0,122.0,0.5,0.5,0.05,5,0.0,0.0
CrlNetworkServices,SM,2,MCF_ARC,30,3,3,0,30->29->28->32->33->24->25->3,30->29->28->32->33->24->25->3,8.552987,inf,0.0,219.0,219.0,8.552987,12.682015,44.537645,10.869565,0.0,0.0,0.0,0,219.0,0.5,0.5,0.05,5,0.0,0.0
CrlNetworkServices,SM,2,MCF_ARC,31,2,2,0,31->33->24->25->3->4->1->2,31->33->24->25->3->4->1->2,60.422109,86.894791,0.0,183.0,183.0,60.422109,2.54872,88.065008,2.527806,0.0,0.0,0.0,0,183.0,0.5,0.5,0.05,5,0.0,0.0
CrlNetworkServices,SM,2,MCF_ARC,32,2,2,0,32->33->24->25->3->4->1->2,32->28->27->26->20->14->7->2,17.775714,44.248396,0.0,171.0,171.0,61.147402,2.54872,88.790302,2.527806,0.0,0.0,0.0,0,171.0,0.5,0.5,0.05,5,0.0,0.0
CrlNetworkServices,SM,2,MCF_ARC,33,2,2,0,33->24->25->3->4->1->2,33->24->25->3->4->1->2,17.534375,44.007057,0.0,166.0,166.0,17.534375,2.54872,45.177274,2.527806,0.0,0.0,0.0,0,166.0,0.5,0.5,0.05,5,0.0,0.0
CrlNetworkServices,SM,3,B1,1,1,1,0,1,,0.0,25.936786,0.0,195.0,195.0,0.0,2.262443,27.377537,2.262443,0.0,0.0,0.0,0,195.0,0.5,0.5,0.05,5,0.0,0.0
CrlNetworkServices,SM,3,B1,2,2,2,0,2,,0.0,26.443115,0.0,152.0,152.0,0.0,2.427184,27.542278,2.427184,0.0,0.0,0.0,0,152.0,0.5,0.5,0.05,5,0.0,0.0
CrlNetworkServices,SM,3,B1,3,3,3,0,3,,0.0,inf,0.0,227.0,227.0,0.0,58.823529,83.938623,58.823529,0.0,0.0,0.0,0,227.0,0.5,0.5,0.05,5,0.0,0.0
CrlNetworkServices,SM,3,B1,4,4,4,0,4,,0.0,inf,0.0,201.0,201.0,0.0,10.10101,35.216104,10.10101,0.0,0.0,0.0,0,201.0,0.5,0.5,0.05,5,0.0,0.0
CrlNetworkServices,SM,3,B1,5,5,5,0,5,,0.0,inf,0.0,203.0,203.0,0.0,38.461538,63.576632,38.461538,0.0,0.0,0.0,0,203.0,0.5,0.5,0.05,5,0.0,0.0
CrlNetworkServices,SM,3,B1,6,5,5,0,6->5,,3.055709,inf,0.0,172.0,172.0,3.055709,38.461538,66.632341,38.461538,0.0,0.0,0.0,0,172.0,0.5,0.5,0.05,5,0.0,0.0
CrlNetworkServices,SM,3,B1,7,5,5,0,7->8->5,,4.110837,inf,0.0,188.0,188.0,4.110837,38.461538,67.687469,38.461538,0.0,0.0,0.0,0,188.0,0.5,0.5,0.05,5,0.0,0.0
CrlNetworkServices,SM,3,B1,8,5,5,0,8->5,,1.18294,inf,0.0,210.0,210.0,1.18294,38.461538,64.759572,38.461538,0.0,0.0,0.0,0,210.0,0.5,0.5,0.05,5,0.0,0.0
CrlNetworkServices,SM,3,B1,9,5,2,1,9->7->8->5,,15.723917,inf,0.0,165.0,165.0,21.061378,2.427184,48.603655,2.427184,0.0,0.0,0.0,0,165.0,0.5,0.5,0.05,5,0.0,0.0
CrlNetworkServices,SM,3,B1,10,5,5,0,10->9->7->8->5,,21.444883,inf,0.0,213.0,213.0,21.444883,38.461538,85.021515,38.461538,0.0,0.0,0.0,0,213.0,0.5,0.5,0.05,5,0.0,0.0
CrlNetworkServices,SM,3,B1,11,5,5,0,11->14->7->8->5,,16.808552,inf,0.0,217.0,217.0,16.808552,38.461538,80.385184,38.461538,0.0,0.0,0.0,0,217.0,0.5,0.5,0.05,5,0.0,0.0
CrlNetworkServices,SM,3,B1,12,5,5,0,12->11->14->7->8->5,,25.748452,inf,0.0,183.0,183.0,25.748452,38.461538,89.325084,38.461538,0.0,0.0,0.0,0,183.0,0.5,0.5,0.05,5,0.0,0.0
CrlNetworkServices,SM,3,B1,13,5,2,1,13->9->7->8->5,,22.414991,inf,0.0,176.0,176.0,27.752451,2.427184,55.294729,2.427184,0.0,0.0,0.0,0,176.0,0.5,0.5,0.05,5,0.0,0.0
CrlNetworkServices,SM,3,B1,14,4,1,1,14->7->2->1->4,,28.391937,inf,0.0,193.0,193.0,23.577296,2.262443,50.954833,2.262443,0.0,0.0,0.0,0,193.0,0.5,0.5,0.05,5,0.0,0.0
CrlNetworkServices,SM,3,B1,15,4,1,1,15->19->10->9->7->2->1->4,,43.719809,inf,0.0,195.0,195.0,34.910887,2.262443,62.288424,2.262443,0.0,0.0,0.0,0,195.0,0.5,0.5,0.05,5,0.0,0.0
CrlNetworkServices,SM,3,B1,16,4,4,0,16->17->18->19->10->9->7->2->1->4,,43.969447,inf,0.0,188.0,188.0,43.969447,10.10101,79.185551,10.10101,0.0,0.0,0.0,0,188.0,0.5,0.5,0.05,5,0.0,0.0
CrlNetworkServices,SM,3,B1,17,4,4,0,17->18->19->10->9->7->2->1->4,,42.671843,inf,0.0,160.0,160.0,42.671843,10.10101,77.887947,10.10101,0.0,0.0,0.0,0,160.0,0.5,0.5,0.05,5,0.0,0.0
CrlNetworkServices,SM,3,B1,18,4,4,0,18->19->10->9->7->2->1->4,,41.227288,inf,0.0,155.0,155.0,41.227288,10.10101,76.443392,10.10101,0.0,0.0,0.0,0,155.0,0.5,0.5,0.05,5,0.0,0.0
CrlNetworkServices,SM,3,B1,19,4,1,1,19->10->9->7->2->1->4,,40.65525,inf,0.0,206.0,206.0,35.84061,2.262443,63.218146,2.262443,0.0,0.0,0.0,0,206.0,0.5,0.5,0.05,5,0.0,0.0
CrlNetworkServices,SM,3,B1,20,4,1,1,20->14->7->2->1->4,,32.575515,inf,0.0,181.0,181.0,27.760874,2.262443,55.138411,2.262443,0.0,0.0,0.0,0,181.0,0.5,0.5,0.05,5,0.0,0.0
CrlNetworkServices,SM,3,B1,21,4,4,0,21->20->14->7->2->1->4,,36.42164,inf,0.0,146.0,146.0,36.42164,10.10101,71.637744,10.10101,0.0,0.0,0.0,0,146.0,0.5,0.5,0.05,5,0.0,0.0
CrlNetworkServices,SM,3,B1,22,4,4,0,22->21->20->14->7->2->1->4,,37.873776,inf,0.0,179.0,179.0,37.873776,10.10101,73.08988,10.10101,0.0,0.0,0.0,0,179.0,0.5,0.5,0.05,5,0.0,0.0
CrlNetworkServices,SM,3,B1,23,3,4,1,23->22->21->20->14->7->2->1->4->3,,48.16928,inf,0.0,170.0,170.0,46.740803,10.10101,81.956907,10.10101,0.0,0.0,0.0,0,170.0,0.5,0.5,0.05,5,0.0,0.0
CrlNetworkServices,SM,3,B1,24,3,3,0,24->25->3,,5.30878,inf,0.0,201.0,201.0,5.30878,58.823529,89.247403,58.823529,0.0,0.0,0.0,0,201.0,0.5,0.5,0.05,5,0.0,0.0
CrlNetworkServices,SM,3,B1,25,3,3,0,25->3,,0.387956,inf,0.0,207.0,207.0,0.387956,58.823529,84.326579,58.823529,0.0,0.0,0.0,0,207.0,0.5,0.5,0.05,5,0.0,0.0
CrlNetworkServices,SM,3,B1,26,3,3,0,26->20->14->7->2->1->4->3,,61.96318,inf,0.0,219.0,219.0,16.959936,58.823529,100.898559,58.823529,0.0,0.0,0.0,0,219.0,0.5,0.5,0.05,5,0.0,0.0
CrlNetworkServices,SM,3,B1,27,3,4,1,27->28->32->33->24->25->3,,14.629712,inf,0.0,150.0,150.0,16.058189,10.10101,51.274293,10.10101,0.0,0.0,0.0,0,150.0,0.5,0.5,0.05,5,0.0,0.0
CrlNetworkServices,SM,3,B1,28,3,3,0,28->32->33->24->25->3,,6.762363,inf,0.0,176.0,176.0,6.762363,58.823529,90.700986,58.823529,0.0,0.0,0.0,0,176.0,0.5,0.5,0.05,5,0.0,0.0
CrlNetworkServices,SM,3,B1,29,3,3,0,29->28->32->33->24->25->3,,7.837924,inf,0.0,195.0,195.0,7.837924,58.823529,91.776547,58.823529,0.0,0.0,0.0,0,195.0,0.5,0.5,0.05,5,0.0,0.0
CrlNetworkServices,SM,3,B1,30,3,3,0,30->29->28->32->33->24->25->3,,8.552987,inf,0.0,170.0,170.0,8.552987,58.823529,92.491609,58.823529,0.0,0.0,0.0,0,170.0,0.5,0.5,0.05,5,0.0,0.0
CrlNetworkServices,SM,3,B1,31,2,2,0,31->33->24->25->3->4->1->2,,60.422109,86.865224,0.0,164.0,164.0,60.422109,2.427184,87.964387,2.427184,0.0,0.0,0.0,0,164.0,0.5,0.5,0.05,5,0.0,0.0
CrlNetworkServices,SM,3,B1,32,2,2,0,32->28->27->26->20->14->7->2,,61.147402,87.590517,0.0,180.0,180.0,17.775714,2.427184,45.317992,2.427184,0.0,0.0,0.0,0,180.0,0.5,0.5,0.05,5,0.0,0.0
CrlNetworkServices,SM,3,B1,33,2,2,0,33->12->11->14->7->2,,46.371603,72.814718,0.0,163.0,163.0,17.534375,2.427184,45.076653,2.427184,0.0,0.0,0.0,0,163.0,0.5,0.5,0.05,5,0.0,0.0
CrlNetworkServices,SM,3,B3,1,1,1,0,1,1,0.0,25.936786,0.0,195.0,195.0,0.0,inf,inf,inf,0.0,0.0,0.0,0,195.0,0.5,0.5,0.05,5,0.0,0.0
CrlNetworkServices,SM,3,B3,2,2,2,0,2,2,0.0,26.443115,0.0,152.0,152.0,0.0,3.367003,28.482097,3.367003,0.0,0.0,0.0,0,152.0,0.5,0.5,0.05,5,0.0,0.0
CrlNetworkServices,SM,3,B3,3,3,3,0,3,3,0.0,inf,0.0,227.0,227.0,0.0,3.663004,28.778097,3.663004,0.0,0.0,0.0,0,227.0,0.5,0.5,0.05,5,0.0,0.0
CrlNetworkServices,SM,3,B3,4,4,4,0,4,4,0.0,inf,0.0,201.0,201.0,0.0,4.424779,29.539872,4.424779,0.0,0.0,0.0,0,201.0,0.5,0.5,0.05,5,0.0,0.0
CrlNetworkServices,SM,3,B3,5,5,5,0,5,5,0.0,inf,0.0,203.0,203.0,0.0,4.0,29.115093,4.0,0.0,0.0,0.0,0,203.0,0.5,0.5,0.05,5,0.0,0.0
CrlNetworkServices,SM,3,B3,6,5,5,0,6->5,6->5,3.055709,inf,0.0,172.0,172.0,3.055709,4.0,32.170803,4.0,0.0,0.0,0.0,0,172.0,0.5,0.5,0.05,5,0.0,0.0
CrlNetworkServices,SM,3,B3,7,5,5,0,7->8->5,7->8->5,4.110837,inf,0.0,188.0,188.0,4.110837,4.0,33.22593,4.0,0.0,0.0,0.0,0,188.0,0.5,0.5,0.05,5,0.0,0.0
CrlNetworkServices,SM,3,B3,8,5,5,0,8->5,8->5,1.18294,inf,0.0,210.0,210.0,1.18294,4.0,30.298033,4.0,0.0,0.0,0.0,0,210.0,0.5,0.5,0.05,5,0.0,0.0
CrlNetworkServices,SM,3,B3,9,5,1,1,9->7->8->5,9->7->2->1,15.723917,inf,0.0,165.0,165.0,26.374219,inf,inf,inf,0.0,0.0,0.0,0,165.0,0.5,0.5,0.05,5,0.0,0.0
CrlNetworkServices,SM,3,B3,10,5,5,0,10->9->7->8->5,10->9->7->8->5,21.444883,inf,0.0,213.0,213.0,21.444883,4.0,50.559976,4.0,0.0,0.0,0.0,0,213.0,0.5,0.5,0.05,5,0.0,0.0
CrlNetworkServices,SM,3,B3,11,5,2,1,11->14->7->8->5,11->14->7->2,16.808552,inf,0.0,217.0,217.0,22.146012,3.367003,50.628109,3.367003,0.0,0.0,0.0,0,217.0,0.5,0.5,0.05,5,0.0,0.0
CrlNetworkServices,SM,3,B3,12,5,1,1,12->11->14->7->8->5,12->33->24->25->3->4->1,25.748452,inf,0.0,183.0,183.0,27.507225,inf,inf,inf,0.0,0.0,0.0,0,183.0,0.5,0.5,0.05,5,0.0,0.0
CrlNetworkServices,SM,3,B3,13,5,5,0,13->9->7->8->5,13->9->7->8->5,22.414991,inf,0.0,176.0,176.0,22.414991,4.0,51.530084,4.0,0.0,0.0,0.0,0,176.0,0.5,0.5,0.05,5,0.0,0.0
CrlNetworkServices,SM,3,B3,14,4,4,0,14->7->2->1->4,14->7->2->1->4,28.391937,inf,0.0,193.0,193.0,28.391937,4.424779,57.931809,4.424779,0.0,0.0,0.0,0,193.0,0.5,0.5,0.05,5,0.0,0.0
CrlNetworkServices,SM,3,B3,15,4,2,1,15->19->10->9->7->2->1->4,15->22->21->20->14->7->2,43.719809,inf,0.0,195.0,195.0,29.598045,3.367003,58.080142,3.367003,0.0,0.0,0.0,0,195.0,0.5,0.5,0.05,5,0.0,0.0
CrlNetworkServices,SM,3,B3,16,4,4,0,16->17->18->19->10->9->7->2->1->4,16->17->18->19->10->9->7->2->1->4,43.969447,inf,0.0,188.0,188.0,43.969447,4.424779,73.509319,4.424779,0.0,0.0,0.0,0,188.0,0.5,0.5,0.05,5,0.0,0.0
CrlNetworkServices,SM,3,B3,17,4,4,0,17->18->19->10->9->7->2->1->4,17->18->19->10->9->7->2->1->4,42.671843,inf,0.0,160.0,160.0,42.671843,4.424779,72.211715,4.424779,0.0,0.0,0.0,0,160.0,0.5,0.5,0.05,5,0.0,0.0
CrlNetworkServices,SM,3,B3,18,4,4,0,18->19->10->9->7->2->1->4,18->19->10->9->7->2->1->4,41.227288,inf,0.0,155.0,155.0,41.227288,4.424779,70.767161,4.424779,0.0,0.0,0.0,0,155.0,0.5,0.5,0.05,5,0.0,0.0
CrlNetworkServices,SM,3,B3,19,4,1,1,19->10->9->7->2->1->4,19->10->9->7->2->1,40.65525,inf,0.0,206.0,206.0,35.84061,inf,inf,inf,0.0,0.0,0.0,0,206.0,0.5,0.5,0.05,5,0.0,0.0
CrlNetworkServices,SM,3,B3,20,4,1,1,20->14->7->2->1->4,20->14->7->2->1,32.575515,inf,0.0,181.0,181.0,27.760874,inf,inf,inf,0.0,0.0,0.0,0,181.0,0.5,0.5,0.05,5,0.0,0.0
CrlNetworkServices,SM,3,B3,21,4,4,0,21->20->14->7->2->1->4,21->20->14->7->2->1->4,36.42164,inf,0.0,146.0,146.0,36.42164,4.424779,65.961513,4.424779,0.0,0.0,0.0,0,146.0,0.5,0.5,0.05,5,0.0,0.0
CrlNetworkServices,SM,3,B3,22,4,4,0,22->21->20->14->7->2->1->4,22->21->20->14->7->2->1->4,37.873776,inf,0.0,179.0,179.0,37.873776,4.424779,67.413648,4.424779,0.0,0.0,0.0,0,179.0,0.5,0.5,0.05,5,0.0,0.0
CrlNetworkServices,SM,3,B3,23,3,3,0,23->22->21->20->14->7->2->1->4->3,23->22->21->20->14->7->2->1->4->3,48.16928,inf,0.0,170.0,170.0,48.16928,3.663004,76.947377,3.663004,0.0,0.0,0.0,0,170.0,0.5,0.5,0.05,5,0.0,0.0
CrlNetworkServices,SM,3,B3,24,3,3,0,24->25->3,24->25->3,5.30878,inf,0.0,201.0,201.0,5.30878,3.663004,34.086877,3.663004,0.0,0.0,0.0,0,201.0,0.5,0.5,0.05,5,0.0,0.0
CrlNetworkServices,SM,3,B3,25,3,2,1,25->3,25->3->4->1->2,0.387956,inf,0.0,207.0,207.0,11.943916,3.367003,40.426013,3.367003,0.0,0.0,0.0,0,207.0,0.5,0.5,0.05,5,0.0,0.0
CrlNetworkServices,SM,3,B3,26,3,1,1,26->20->14->7->2->1->4->3,26->27->28->32->33->24->25->3->4->1,61.96318,inf,0.0,219.0,219.0,23.203054,inf,inf,inf,0.0,0.0,0.0,0,219.0,0.5,0.5,0.05,5,0.0,0.0
CrlNetworkServices,SM,3,B3,27,3,1,1,27->28->32->33->24->25->3,27->28->32->33->24->25->3->4->1,14.629712,inf,0.0,150.0,150.0,20.87283,inf,inf,inf,0.0,0.0,0.0,0,150.0,0.5,0.5,0.05,5,0.0,0.0
CrlNetworkServices,SM,3,B3,28,3,3,0,28->32->33->24->25->3,28->32->33->24->25->3,6.762363,inf,0.0,176.0,176.0,6.762363,3.663004,35.540461,3.663004,0.0,0.0,0.0,0,176.0,0.5,0.5,0.05,5,0.0,0.0
CrlNetworkServices,SM,3,B3,29,3,3,0,29->28->32->33->24->25->3,29->28->32->33->24->25->3,7.837924,inf,0.0,195.0,195.0,7.837924,3.663004,36.616021,3.663004,0.0,0.0,0.0,0,195.0,0.5,0.5,0.05,5,0.0,0.0
CrlNetworkServices,SM,3,B3,30,3,3,0,30->29->28->32->33->24->25->3,30->29->28->32->33->24->25->3,8.552987,inf,0.0,170.0,170.0,8.552987,3.663004,37.331084,3.663004,0.0,0.0,0.0,0,170.0,0.5,0.5,0.05,5,0.0,0.0
CrlNetworkServices,SM,3,B3,31,2,2,0,31->33->24->25->3->4->1->2,31->33->24->25->3->4->1->2,60.422109,86.865224,0.0,164.0,164.0,60.422109,3.367003,88.904206,3.367003,0.0,0.0,0.0,0,164.0,0.5,0.5,0.05,5,0.0,0.0
CrlNetworkServices,SM,3,B3,32,2,2,0,32->28->27->26->20->14->7->2,32->33->24->25->3->4->1->2,61.147402,87.590517,0.0,180.0,180.0,17.775714,3.367003,46.25781,3.367003,0.0,0.0,0.0,0,180.0,0.5,0.5,0.05,5,0.0,0.0
CrlNetworkServices,SM,3,B3,33,2,1,1,33->12->11->14->7->2,33->24->25->3->4->1,46.371603,72.814718,0.0,163.0,163.0,12.221533,inf,inf,inf,inf,0.0,0.0,0,163.0,0.5,0.5,0.05,5,0.0,0.0
CrlNetworkServices,SM,3,MCF_ARC,1,1,1,0,1,1,0.0,25.936786,0.0,195.0,195.0,0.0,2.596923,27.679196,2.564103,0.0,0.0,0.0,0,195.0,0.5,0.5,0.05,5,0.0,0.0
CrlNetworkServices,SM,3,MCF_ARC,2,2,2,0,2,2,0.0,26.443115,0.0,152.0,152.0,0.0,2.789526,27.839889,2.724796,0.0,0.0,0.0,0,152.0,0.5,0.5,0.05,5,0.0,0.0
CrlNetworkServices,SM,3,MCF_ARC,3,3,3,0,3,3,0.0,inf,0.0,227.0,227.0,0.0,13.43428,37.615093,12.5,0.0,0.0,0.0,0,227.0,0.5,0.5,0.05,5,0.0,0.0
CrlNetworkServices,SM,3,MCF_ARC,4,4,4,0,4,4,0.0,inf,0.0,201.0,201.0,0.0,12.660116,36.47873,11.363636,0.0,0.0,0.0,0,201.0,0.5,0.5,0.05,5,0.0,0.0
CrlNetworkServices,SM,3,MCF_ARC,5,5,5,0,5,5,0.0,inf,0.0,203.0,203.0,0.0,14.133241,39.1996,14.084507,0.0,0.0,0.0,0,203.0,0.5,0.5,0.05,5,0.0,0.0
CrlNetworkServices,SM,3,MCF_ARC,6,5,5,0,6->5,6->7->8->5,3.055709,inf,0.0,172.0,172.0,7.730042,14.133241,46.929643,14.084507,0.0,0.0,0.0,0,172.0,0.5,0.5,0.05,5,0.0,0.0
CrlNetworkServices,SM,3,MCF_ARC,7,5,5,0,7->8->5,7->8->5,4.110837,inf,0.0,188.0,188.0,4.110837,14.133241,43.310437,14.084507,0.0,0.0,0.0,0,188.0,0.5,0.5,0.05,5,0.0,0.0
CrlNetworkServices,SM,3,MCF_ARC,8,5,2,1,8->5,8->7->2,1.18294,inf,0.0,210.0,210.0,12.376193,2.789526,40.216082,2.724796,0.0,0.0,0.0,0,210.0,0.5,0.5,0.05,5,0.0,0.0
CrlNetworkServices,SM,3,MCF_ARC,9,5,5,0,9->7->8->5,9->7->8->5,15.723917,inf,0.0,165.0,165.0,15.723917,14.133241,54.923518,14.084507,0.0,0.0,0.0,0,165.0,0.5,0.5,0.05,5,0.0,0.0
CrlNetworkServices,SM,3,MCF_ARC,10,5,5,0,10->9->7->8->5,10->9->7->6->5,21.444883,inf,0.0,213.0,213.0,24.008961,14.133241,63.208561,14.084507,0.0,0.0,0.0,0,213.0,0.5,0.5,0.05,5,0.0,0.0
CrlNetworkServices,SM,3,MCF_ARC,11,5,5,0,11->14->7->8->5,11->14->7->8->5,16.808552,inf,0.0,217.0,217.0,16.808552,14.133241,56.008153,14.084507,0.0,0.0,0.0,0,217.0,0.5,0.5,0.05,5,0.0,0.0
CrlNetworkServices,SM,3,MCF_ARC,12,5,5,0,12->11->14->7->8->5,12->11->14->7->8->5,25.748452,inf,0.0,183.0,183.0,25.748452,14.133241,64.948052,14.084507,0.0,0.0,0.0,0,183.0,0.5,0.5,0.05,5,0.0,0.0
CrlNetworkServices,SM,3,MCF_ARC,13,5,2,1,13->9->7->8->5,13->9->7->2,22.414991,inf,0.0,176.0,176.0,27.752451,2.789526,55.59234,2.724796,0.0,0.0,0.0,0,176.0,0.5,0.5,0.05,5,0.0,0.0
CrlNetworkServices,SM,3,MCF_ARC,14,4,3,1,14->7->2->1->4,14->7->2->1->4->3,28.391937,inf,0.0,193.0,193.0,29.820414,13.43428,67.435508,12.5,0.0,0.0,0.0,0,193.0,0.5,0.5,0.05,5,0.0,0.0
CrlNetworkServices,SM,3,MCF_ARC,15,4,1,1,15->19->10->9->7->2->1->4,15->22->21->20->14->7->2->1,43.719809,inf,0.0,195.0,195.0,34.910887,2.596923,62.590083,2.564103,0.0,0.0,0.0,0,195.0,0.5,0.5,0.05,5,0.0,0.0
CrlNetworkServices,SM,3,MCF_ARC,16,4,4,0,16->17->18->19->10->9->7->2->1->4,16->17->18->19->10->9->7->2->1->4,43.969447,inf,0.0,188.0,188.0,43.969447,12.660116,80.448177,11.363636,0.0,0.0,0.0,0,188.0,0.5,0.5,0.05,5,0.0,0.0
CrlNetworkServices,SM,3,MCF_ARC,17,4,4,0,17->18->19->10->9->7->2->1->4,17->18->19->10->9->7->2->1->4,42.671843,inf,0.0,160.0,160.0,42.671843,12.660116,79.150573,11.363636,0.0,0.0,0.0,0,160.0,0.5,0.5,0.05,5,0.0,0.0
CrlNetworkServices,SM,3,MCF_ARC,18,4,4,0,18->19->10->9->7->2->1->4,18->19->10->9->7->2->1->4,41.227288,inf,0.0,155.0,155.0,41.227288,12.660116,77.706018,11.363636,0.0,0.0,0.0,0,155.0,0.5,0.5,0.05,5,0.0,0.0
CrlNetworkServices,SM,3,MCF_ARC,19,4,1,1,19->10->9->7->2->1->4,19->10->9->7->2->1,40.65525,inf,0.0,206.0,206.0,35.84061,2.596923,63.519806,2.564103,0.0,0.0,0.0,0,206.0,0.5,0.5,0.05,5,0.0,0.0
CrlNetworkServices,SM,3,MCF_ARC,20,4,4,0,20->14->7->2->1->4,20->14->7->2->1->4,32.575515,inf,0.0,181.0,181.0,32.575515,12.660116,69.054244,11.363636,0.0,0.0,0.0,0,181.0,0.5,0.5,0.05,5,0.0,0.0
CrlNetworkServices,SM,3,MCF_ARC,21,4,4,0,21->20->14->7->2->1->4,21->20->14->7->2->1->4,36.42164,inf,0.0,146.0,146.0,36.42164,12.660116,72.90037,11.363636,0.0,0.0,0.0,0,146.0,0.5,0.5,0.05,5,0.0,0.0
CrlNetworkServices,SM,3,MCF_ARC,22,4,4,0,22->21->20->14->7->2->1->4,22->21->20->14->7->2->1->4,37.873776,inf,0.0,179.0,179.0,37.873776,12.660116,74.352506,11.363636,0.0,0.0,0.0,0,179.0,0.5,0.5,0.05,5,0.0,0.0
CrlNetworkServices,SM,3,MCF_ARC,23,3,3,0,23->22->21->20->14->7->2->1->4->3,23->22->15->19->10->9->7->2->1->4->3,48.16928,inf,0.0,170.0,170.0,55.867065,13.43428,93.482158,12.5,0.0,0.0,0.0,0,170.0,0.5,0.5,0.05,5,0.0,0.0
CrlNetworkServices,SM,3,MCF_ARC,24,3,3,0,24->25->3,24->25->3,5.30878,inf,0.0,201.0,201.0,5.30878,13.43428,42.923873,12.5,0.0,0.0,0.0,0,201.0,0.5,0.5,0.05,5,0.0,0.0
CrlNetworkServices,SM,3,MCF_ARC,25,3,1,1,25->3,25->3->4->1,0.387956,inf,0.0,207.0,207.0,6.631074,2.596923,34.31027,2.564103,0.0,0.0,0.0,0,207.0,0.5,0.5,0.05,5,0.0,0.0
CrlNetworkServices,SM,3,MCF_ARC,26,3,1,1,26->20->14->7->2->1->4->3,26->27->28->32->33->24->25->3->4->1,61.96318,inf,0.0,219.0,219.0,23.203054,2.596923,50.88225,2.564103,0.0,0.0,0.0,0,219.0,0.5,0.5,0.05,5,0.0,0.0
CrlNetworkServices,SM,3,MCF_ARC,27,3,4,1,27->28->32->33->24->25->3,27->28->32->33->24->25->3->4,14.629712,inf,0.0,150.0,150.0,16.058189,12.660116,52.536919,11.363636,0.0,0.0,0.0,0,150.0,0.5,0.5,0.05,5,0.0,0.0
CrlNetworkServices,SM,3,MCF_ARC,28,3,3,0,28->32->33->24->25->3,28->32->33->24->25->3,6.762363,inf,0.0,176.0,176.0,6.762363,13.43428,44.377457,12.5,0.0,0.0,0.0,0,176.0,0.5,0.5,0.05,5,0.0,0.0
CrlNetworkServices,SM,3,MCF_ARC,29,3,3,0,29->28->32->33->24->25->3,29->28->32->33->24->25->3,7.837924,inf,0.0,195.0,195.0,7.837924,13.43428,45.453018,12.5,0.0,0.0,0.0,0,195.0,0.5,0.5,0.05,5,0.0,0.0
CrlNetworkServices,SM,3,MCF_ARC,30,3,3,0,30->29->28->32->33->24->25->3,30->29->28->32->33->24->25->3,8.552987,inf,0.0,170.0,170.0,8.552987,13.43428,46.16808,12.5,0.0,0.0,0.0,0,170.0,0.5,0.5,0.05,5,0.0,0.0
CrlNetworkServices,SM,3,MCF_ARC,31,2,2,0,31->33->24->25->3->4->1->2,31->33->12->11->14->7->2,60.422109,86.865224,0.0,164.0,164.0,89.259337,2.789526,117.099226,2.724796,0.0,0.0,0.0,0,164.0,0.5,0.5,0.05,5,0.0,0.0
CrlNetworkServices,SM,3,MCF_ARC,32,2,2,0,32->28->27->26->20->14->7->2,32->33->24->25->3->4->1->2,61.147402,87.590517,0.0,180.0,180.0,17.775714,2.789526,45.615603,2.724796,0.0,0.0,0.0,0,180.0,0.5,0.5,0.05,5,0.0,0.0
CrlNetworkServices,SM,3,MCF_ARC,33,2,2,0,33->12->11->14->7->2,33->32->28->27->26->20->14->7->2,46.371603,72.814718,0.0,163.0,163.0,61.388741,2.789526,89.22863,2.724796,0.0,0.0,0.0,0,163.0,0.5,0.5,0.05,5,0.0,0.0
CrlNetworkServices,SM,4,B1,1,1,1,0,1,,0.0,25.942908,0.0,184.0,184.0,0.0,1.639344,26.754438,1.639344,0.0,0.0,0.0,0,184.0,0.5,0.5,0.05,5,0.0,0.0
CrlNetworkServices,SM,4,B1,2,2,2,0,2,,0.0,26.276534,0.0,161.0,161.0,0.0,2.020202,27.135295,2.020202,0.0,0.0,0.0,0,161.0,0.5,0.5,0.05,5,0.0,0.0
CrlNetworkServices,SM,4,B1,3,3,3,0,3,,0.0,inf,0.0,234.0,234.0,0.0,200.0,225.115093,200.0,0.0,0.0,0.0,0,234.0,0.5,0.5,0.05,5,0.0,0.0
CrlNetworkServices,SM,4,B1,4,4,4,0,4,,0.0,inf,0.0,194.0,194.0,0.0,714.285714,739.400808,714.285714,0.0,0.0,0.0,0,194.0,0.5,0.5,0.05,5,0.0,0.0
CrlNetworkServices,SM,4,B1,5,5,5,0,5,,0.0,inf,0.0,186.0,186.0,0.0,64.935065,90.050158,64.935065,0.0,0.0,0.0,0,186.0,0.5,0.5,0.05,5,0.0,0.0
CrlNetworkServices,SM,4,B1,6,5,5,0,6->5,,3.055709,inf,0.0,173.0,173.0,3.055709,64.935065,93.105868,64.935065,0.0,0.0,0.0,0,173.0,0.5,0.5,0.05,5,0.0,0.0
CrlNetworkServices,SM,4,B1,7,5,2,1,7->8->5,,4.110837,inf,0.0,191.0,191.0,9.448297,2.020202,36.583592,2.020202,0.0,0.0,0.0,0,191.0,0.5,0.5,0.05,5,0.0,0.0
CrlNetworkServices,SM,4,B1,8,5,5,0,8->5,,1.18294,inf,0.0,205.0,205.0,1.18294,64.935065,91.233098,64.935065,0.0,0.0,0.0,0,205.0,0.5,0.5,0.05,5,0.0,0.0
CrlNetworkServices,SM,4,B1,9,5,2,1,9->7->8->5,,15.723917,inf,0.0,175.0,175.0,21.061378,2.020202,48.196673,2.020202,0.0,0.0,0.0,0,175.0,0.5,0.5,0.05,5,0.0,0.0
CrlNetworkServices,SM,4,B1,10,5,5,0,10->9->7->8->5,,21.444883,inf,0.0,202.0,202.0,21.444883,64.935065,111.495041,64.935065,0.0,0.0,0.0,0,202.0,0.5,0.5,0.05,5,0.0,0.0
CrlNetworkServices,SM,4,B1,11,5,5,0,11->14->7->8->5,,16.808552,inf,0.0,184.0,184.0,16.808552,64.935065,106.85871,64.935065,0.0,0.0,0.0,0,184.0,0.5,0.5,0.05,5,0.0,0.0
CrlNetworkServices,SM,4,B1,12,5,5,0,12->11->14->7->8->5,,25.748452,inf,0.0,155.0,155.0,25.748452,64.935065,115.79861,64.935065,0.0,0.0,0.0,0,155.0,0.5,0.5,0.05,5,0.0,0.0
CrlNetworkServices,SM,4,B1,13,5,5,0,13->9->7->8->5,,22.414991,inf,0.0,183.0,183.0,22.414991,64.935065,112.465149,64.935065,0.0,0.0,0.0,0,183.0,0.5,0.5,0.05,5,0.0,0.0
CrlNetworkServices,SM,4,B1,14,4,1,1,14->7->2->1->4,,28.391937,inf,0.0,178.0,178.0,23.577296,1.639344,50.331734,1.639344,0.0,0.0,0.0,0,178.0,0.5,0.5,0.05,5,0.0,0.0
CrlNetworkServices,SM,4,B1,15,4,4,0,15->19->10->9->7->2->1->4,,43.719809,inf,0.0,175.0,175.0,39.725528,714.285714,779.126335,714.285714,0.0,0.0,0.0,0,175.0,0.5,0.5,0.05,5,0.0,0.0
CrlNetworkServices,SM,4,B1,16,4,4,0,16->17->18->19->10->9->7->2->1->4,,43.969447,inf,0.0,176.0,176.0,43.969447,714.285714,783.370255,714.285714,0.0,0.0,0.0,0,176.0,0.5,0.5,0.05,5,0.0,0.0
CrlNetworkServices,SM,4,B1,17,4,1,1,17->18->19->10->9->7->2->1->4,,42.671843,inf,0.0,208.0,208.0,37.857202,1.639344,64.61164,1.639344,0.0,0.0,0.0,0,208.0,0.5,0.5,0.05,5,0.0,0.0
CrlNetworkServices,SM,4,B1,18,4,4,0,18->19->10->9->7->2->1->4,,41.227288,inf,0.0,176.0,176.0,41.227288,714.285714,780.628096,714.285714,0.0,0.0,0.0,0,176.0,0.5,0.5,0.05,5,0.0,0.0
CrlNetworkServices,SM,4,B1,19,5,5,0,19->10->9->7->8->5,,25.190308,inf,0.0,159.0,159.0,25.190308,64.935065,115.240466,64.935065,0.0,0.0,0.0,0,159.0,0.5,0.5,0.05,5,0.0,0.0
CrlNetworkServices,SM,4,B1,20,4,4,0,20->14->7->2->1->4,,32.575515,inf,0.0,177.0,177.0,32.575515,714.285714,771.976322,714.285714,0.0,0.0,0.0,0,177.0,0.5,0.5,0.05,5,0.0,0.0
CrlNetworkServices,SM,4,B1,21,4,1,1,21->20->14->7->2->1->4,,36.42164,inf,0.0,212.0,212.0,31.607,1.639344,58.361437,1.639344,0.0,0.0,0.0,0,212.0,0.5,0.5,0.05,5,0.0,0.0
CrlNetworkServices,SM,4,B1,22,4,4,0,22->21->20->14->7->2->1->4,,37.873776,inf,0.0,144.0,144.0,37.873776,714.285714,777.274584,714.285714,0.0,0.0,0.0,0,144.0,0.5,0.5,0.05,5,0.0,0.0
CrlNetworkServices,SM,4,B1,23,4,4,0,23->22->21->20->14->7->2->1->4,,46.740803,inf,0.0,150.0,150.0,46.740803,714.285714,786.141611,714.285714,0.0,0.0,0.0,0,150.0,0.5,0.5,0.05,5,0.0,0.0
CrlNetworkServices,SM,4,B1,24,3,4,1,24->25->3,,5.30878,inf,0.0,109.0,109.0,6.737257,714.285714,746.138065,714.285714,0.0,0.0,0.0,0,109.0,0.5,0.5,0.05,5,0.0,0.0
CrlNetworkServices,SM,4,B1,25,3,3,0,25->3,,0.387956,inf,0.0,209.0,209.0,0.387956,200.0,225.503049,200.0,0.0,0.0,0.0,0,209.0,0.5,0.5,0.05,5,0.0,0.0
CrlNetworkServices,SM,4,B1,26,3,4,1,26->27->28->32->33->24->25->3,,16.959936,inf,0.0,200.0,200.0,18.388414,714.285714,757.789221,714.285714,0.0,0.0,0.0,0,200.0,0.5,0.5,0.05,5,0.0,0.0
CrlNetworkServices,SM,4,B1,27,3,3,0,27->28->32->33->24->25->3,,14.629712,inf,0.0,186.0,186.0,14.629712,200.0,239.744805,200.0,0.0,0.0,0.0,0,186.0,0.5,0.5,0.05,5,0.0,0.0
CrlNetworkServices,SM,4,B1,28,3,3,0,28->32->33->24->25->3,,6.762363,inf,0.0,200.0,200.0,6.762363,200.0,231.877457,200.0,0.0,0.0,0.0,0,200.0,0.5,0.5,0.05,5,0.0,0.0
CrlNetworkServices,SM,4,B1,29,3,3,0,29->28->32->33->24->25->3,,7.837924,inf,0.0,169.0,169.0,7.837924,200.0,232.953018,200.0,0.0,0.0,0.0,0,169.0,0.5,0.5,0.05,5,0.0,0.0
CrlNetworkServices,SM,4,B1,30,3,3,0,30->29->28->32->33->24->25->3,,8.552987,inf,0.0,227.0,227.0,8.552987,200.0,233.66808,200.0,0.0,0.0,0.0,0,227.0,0.5,0.5,0.05,5,0.0,0.0
CrlNetworkServices,SM,4,B1,31,3,3,0,31->33->24->25->3,,48.866149,inf,0.0,162.0,162.0,48.866149,200.0,273.981242,200.0,0.0,0.0,0.0,0,162.0,0.5,0.5,0.05,5,0.0,0.0
CrlNetworkServices,SM,4,B1,32,2,2,0,32->33->24->25->3->4->1->2,,17.775714,44.052247,0.0,196.0,196.0,17.775714,2.020202,44.911009,2.020202,0.0,0.0,0.0,0,196.0,0.5,0.5,0.05,5,0.0,0.0
CrlNetworkServices,SM,4,B1,33,2,2,0,33->24->25->3->4->1->2,,17.534375,43.810909,0.0,174.0,174.0,17.534375,2.020202,44.669671,2.020202,0.0,0.0,0.0,0,174.0,0.5,0.5,0.05,5,0.0,0.0
CrlNetworkServices,SM,4,B3,1,1,1,0,1,1,0.0,25.942908,0.0,184.0,184.0,0.0,7.194245,32.309338,7.194245,0.0,0.0,0.0,0,184.0,0.5,0.5,0.05,5,0.0,0.0
CrlNetworkServices,SM,4,B3,2,2,2,0,2,2,0.0,26.276534,0.0,161.0,161.0,0.0,4.132231,29.247325,4.132231,0.0,0.0,0.0,0,161.0,0.5,0.5,0.05,5,0.0,0.0
CrlNetworkServices,SM,4,B3,3,3,3,0,3,3,0.0,inf,0.0,234.0,234.0,0.0,4.149378,29.264471,4.149378,0.0,0.0,0.0,0,234.0,0.5,0.5,0.05,5,0.0,0.0
CrlNetworkServices,SM,4,B3,4,4,4,0,4,4,0.0,inf,0.0,194.0,194.0,0.0,4.359198,29.474291,4.359198,0.0,0.0,0.0,0,194.0,0.5,0.5,0.05,5,0.0,0.0
CrlNetworkServices,SM,4,B3,5,5,5,0,5,5,0.0,inf,0.0,186.0,186.0,0.0,3.631082,28.746175,3.631082,0.0,0.0,0.0,0,186.0,0.5,0.5,0.05,5,0.0,0.0
CrlNetworkServices,SM,4,B3,6,5,4,1,6->5,6->7->2->1->4,3.055709,inf,0.0,173.0,173.0,23.194985,4.359198,52.669276,4.359198,0.0,0.0,0.0,0,173.0,0.5,0.5,0.05,5,0.0,0.0
CrlNetworkServices,SM,4,B3,7,5,1,1,7->8->5,7->2->1,4.110837,inf,0.0,191.0,191.0,14.761139,7.194245,47.070477,7.194245,0.0,0.0,0.0,0,191.0,0.5,0.5,0.05,5,0.0,0.0
CrlNetworkServices,SM,4,B3,8,5,4,1,8->5,8->7->2->1->4,1.18294,inf,0.0,205.0,205.0,22.503676,4.359198,51.977967,4.359198,0.0,0.0,0.0,0,205.0,0.5,0.5,0.05,5,0.0,0.0
CrlNetworkServices,SM,4,B3,9,5,4,1,9->7->8->5,9->7->2->1->4,15.723917,inf,0.0,175.0,175.0,31.18886,4.359198,60.663151,4.359198,0.0,0.0,0.0,0,175.0,0.5,0.5,0.05,5,0.0,0.0
CrlNetworkServices,SM,4,B3,10,5,2,1,10->9->7->8->5,10->9->7->2,21.444883,inf,0.0,202.0,202.0,26.782343,4.132231,56.029668,4.132231,0.0,0.0,0.0,0,202.0,0.5,0.5,0.05,5,0.0,0.0
CrlNetworkServices,SM,4,B3,11,5,4,1,11->14->7->8->5,11->12->33->24->25->3->4,16.808552,inf,0.0,184.0,184.0,31.632484,4.359198,61.106775,4.359198,0.0,0.0,0.0,0,184.0,0.5,0.5,0.05,5,0.0,0.0
CrlNetworkServices,SM,4,B3,12,5,1,1,12->11->14->7->8->5,12->33->24->25->3->4->1,25.748452,inf,0.0,155.0,155.0,27.507225,7.194245,59.816563,7.194245,0.0,0.0,0.0,0,155.0,0.5,0.5,0.05,5,0.0,0.0
CrlNetworkServices,SM,4,B3,13,5,4,1,13->9->7->8->5,13->9->7->2->1->4,22.414991,inf,0.0,183.0,183.0,37.879934,4.359198,67.354225,4.359198,0.0,0.0,0.0,0,183.0,0.5,0.5,0.05,5,0.0,0.0
CrlNetworkServices,SM,4,B3,14,4,5,1,14->7->2->1->4,14->7->8->5,28.391937,inf,0.0,178.0,178.0,12.926994,3.631082,41.67317,3.631082,0.0,0.0,0.0,0,178.0,0.5,0.5,0.05,5,0.0,0.0
CrlNetworkServices,SM,4,B3,15,4,1,1,15->19->10->9->7->2->1->4,15->22->21->20->14->7->2->1,43.719809,inf,0.0,175.0,175.0,34.910887,7.194245,67.220225,7.194245,0.0,0.0,0.0,0,175.0,0.5,0.5,0.05,5,0.0,0.0
CrlNetworkServices,SM,4,B3,16,4,5,1,16->17->18->19->10->9->7->2->1->4,16->17->18->19->10->9->7->8->5,43.969447,inf,0.0,176.0,176.0,28.504504,3.631082,57.25068,3.631082,0.0,0.0,0.0,0,176.0,0.5,0.5,0.05,5,0.0,0.0
CrlNetworkServices,SM,4,B3,17,4,2,1,17->18->19->10->9->7->2->1->4,17->18->19->10->9->7->2,42.671843,inf,0.0,208.0,208.0,32.54436,4.132231,61.791685,4.132231,0.0,0.0,0.0,0,208.0,0.5,0.5,0.05,5,0.0,0.0
CrlNetworkServices,SM,4,B3,18,4,5,1,18->19->10->9->7->2->1->4,18->19->10->9->7->8->5,41.227288,inf,0.0,176.0,176.0,25.762346,3.631082,54.508521,3.631082,0.0,0.0,0.0,0,176.0,0.5,0.5,0.05,5,0.0,0.0
CrlNetworkServices,SM,4,B3,19,5,4,1,19->10->9->7->8->5,19->10->9->7->2->1->4,25.190308,inf,0.0,159.0,159.0,40.65525,4.359198,70.129542,4.359198,0.0,0.0,0.0,0,159.0,0.5,0.5,0.05,5,0.0,0.0
CrlNetworkServices,SM,4,B3,20,4,5,1,20->14->7->2->1->4,20->14->7->8->5,32.575515,inf,0.0,177.0,177.0,17.110572,3.631082,45.856747,3.631082,0.0,0.0,0.0,0,177.0,0.5,0.5,0.05,5,0.0,0.0
CrlNetworkServices,SM,4,B3,21,4,1,1,21->20->14->7->2->1->4,21->20->14->7->2->1,36.42164,inf,0.0,212.0,212.0,31.607,7.194245,63.916338,7.194245,0.0,0.0,0.0,0,212.0,0.5,0.5,0.05,5,0.0,0.0
CrlNetworkServices,SM,4,B3,22,4,5,1,22->21->20->14->7->2->1->4,22->21->20->14->7->8->5,37.873776,inf,0.0,144.0,144.0,22.408833,3.631082,51.155009,3.631082,0.0,0.0,0.0,0,144.0,0.5,0.5,0.05,5,0.0,0.0
CrlNetworkServices,SM,4,B3,23,4,5,1,23->22->21->20->14->7->2->1->4,23->22->21->20->14->7->8->5,46.740803,inf,0.0,150.0,150.0,31.27586,3.631082,60.022036,3.631082,0.0,0.0,0.0,0,150.0,0.5,0.5,0.05,5,0.0,0.0
CrlNetworkServices,SM,4,B3,24,3,1,1,24->25->3,24->25->3->4->1,5.30878,inf,0.0,109.0,109.0,11.551898,7.194245,43.861236,7.194245,0.0,0.0,0.0,0,109.0,0.5,0.5,0.05,5,0.0,0.0
CrlNetworkServices,SM,4,B3,25,3,2,1,25->3,25->3->4->1->2,0.387956,inf,0.0,209.0,209.0,11.943916,4.132231,41.191241,4.132231,0.0,0.0,0.0,0,209.0,0.5,0.5,0.05,5,0.0,0.0
CrlNetworkServices,SM,4,B3,26,3,3,0,26->27->28->32->33->24->25->3,26->27->28->32->33->24->25->3,16.959936,inf,0.0,200.0,200.0,16.959936,4.149378,46.224407,4.149378,0.0,0.0,0.0,0,200.0,0.5,0.5,0.05,5,0.0,0.0
CrlNetworkServices,SM,4,B3,27,3,3,0,27->28->32->33->24->25->3,27->28->32->33->24->25->3,14.629712,inf,0.0,186.0,186.0,14.629712,4.149378,43.894183,4.149378,0.0,0.0,0.0,0,186.0,0.5,0.5,0.05,5,0.0,0.0
CrlNetworkServices,SM,4,B3,28,3,3,0,28->32->33->24->25->3,28->32->33->24->25->3,6.762363,inf,0.0,200.0,200.0,6.762363,4.149378,36.026834,4.149378,0.0,0.0,0.0,0,200.0,0.5,0.5,0.05,5,0.0,0.0
CrlNetworkServices,SM,4,B3,29,3,3,0,29->28->32->33->24->25->3,29->28->32->33->24->25->3,7.837924,inf,0.0,169.0,169.0,7.837924,4.149378,37.102395,4.149378,0.0,0.0,0.0,0,169.0,0.5,0.5,0.05,5,0.0,0.0
CrlNetworkServices,SM,4,B3,30,3,1,1,30->29->28->32->33->24->25->3,30->29->28->32->33->24->25->3->4->1,8.552987,inf,0.0,227.0,227.0,14.796105,7.194245,47.105443,7.194245,0.0,0.0,0.0,0,227.0,0.5,0.5,0.05,5,0.0,0.0
CrlNetworkServices,SM,4,B3,31,3,3,0,31->33->24->25->3,31->33->24->25->3,48.866149,inf,0.0,162.0,162.0,48.866149,4.149378,78.13062,4.149378,0.0,0.0,0.0,0,162.0,0.5,0.5,0.05,5,0.0,0.0
CrlNetworkServices,SM,4,B3,32,2,2,0,32->33->24->25->3->4->1->2,32->33->24->25->3->4->1->2,17.775714,44.052247,0.0,196.0,196.0,17.775714,4.132231,47.023038,4.132231,0.0,0.0,0.0,0,196.0,0.5,0.5,0.05,5,0.0,0.0
CrlNetworkServices,SM,4,B3,33,2,2,0,33->24->25->3->4->1->2,33->24->25->3->4->1->2,17.534375,43.810909,0.0,174.0,174.0,17.534375,4.132231,46.7817,4.132231,0.0,0.0,0.0,0,174.0,0.5,0.5,0.05,5,0.0,0.0
